Fecha procesado,2026-04-15 16:51:47
Fecha y Hora,2026-04-15 15:19:13
Medidor,VGM_GAUSSMETER
Firmware,AL-PRG-0VGM-01 4.01
Muestras por punto,5
T estabilizacion (s),2.5
Velocidad (mm/min),1000
Sigma (automatico),1.0
Archivo origen,Measurement_Parallelepiped_150x150x150_15.csv

X,Y,Z,Time (s),x axis (gauss),y axis (gauss),z axis (gauss),Magnitude (gauss)
-75.0,-75.0,-75.0,0.75,-32.85480350398293,466.4470130997343,-15.521301293892838,467.85701309973444
-60.0,-75.0,-75.0,0.75,-40.81163466053649,461.7383653394635,-18.882179547381984,463.91836533946343
-45.0,-75.0,-75.0,0.75,-37.487890881874996,464.09748755732284,-14.050877782140523,465.81803244416847
-30.0,-75.0,-75.0,0.75,-35.352986900265535,465.99381420791843,-12.710000000000003,467.5038142079184
-15.0,-75.0,-75.0,0.75,-34.09706357422205,467.49358226159865,-12.585923326043478,468.9035822615986
0.0,-75.0,-75.0,0.75,-33.074571086314435,468.10973753396195,-12.651947601062115,469.439737533962
15.0,-75.0,-75.0,0.75,-31.872179547381982,467.9084662884386,-12.652442013420032,469.1584662884386
30.0,-75.0,-75.0,0.75,-30.037013099734473,467.0918466520869,-13.047326040260096,468.2318466520869
45.0,-75.0,-75.0,0.75,-27.384621560802017,465.78789088187494,-14.514339139994565,466.81142266898604
60.0,-75.0,-75.0,0.75,-24.07597380053106,464.7275579865799,-20.25582237706832,465.78755798657994
75.0,-75.0,-75.0,0.75,-21.831634660536483,465.397063574222,-34.035630811635876,467.1435822615986
75.0,-60.0,-75.0,0.75,-21.83244201342003,464.59457108631443,-19.709021268884314,465.5210392992034
60.0,-60.0,-75.0,0.75,-25.978365339463508,466.2867306789269,-13.363269321072977,467.19673067892694
45.0,-60.0,-75.0,0.75,-29.36509601839053,467.76805239893787,-11.945166447647512,468.8375075120923
30.0,-60.0,-75.0,0.75,-31.489999999999995,468.76516644764746,-12.24706357422205,469.97516644764744
15.0,-60.0,-75.0,0.75,-32.69005047448758,469.30103929920335,-12.804076673956521,470.6110392992034
0.0,-60.0,-75.0,0.75,-33.25,469.2848840268401,-12.983531787111025,470.63488402684004
-15.0,-60.0,-75.0,0.75,-33.69397572498136,468.86701309973444,-12.629455113154505,470.23701309973444
-30.0,-60.0,-75.0,0.75,-34.40402619946894,467.94090830185866,-12.041039299203412,469.3509083018586
-45.0,-60.0,-75.0,0.75,-35.92999999999999,466.4995055876421,-11.855923326043477,468.02950558764206
-60.0,-60.0,-75.0,0.75,-38.68054488684549,464.26189712657447,-13.485973800531058,466.0618971265745
-75.0,-60.0,-75.0,0.75,-42.3083653394635,461.3302824208074,-19.893410883366464,463.68973753396193
-75.0,-45.0,-75.0,0.75,-39.2494551131545,463.5643391399946,-15.501947601062113,465.4743391399946
-60.0,-45.0,-75.0,0.75,-36.42217954738198,466.146730678927,-12.54,467.72727556577246
-45.0,-45.0,-75.0,0.75,-34.432986900265526,467.63896070079653,-12.268698234758538,469.0589607007966
-30.0,-45.0,-75.0,0.75,-33.43597380053105,468.62402619946886,-13.07,469.99402619946886
-15.0,-45.0,-75.0,0.75,-33.09831486497593,469.19592332604344,-13.941897126574533,470.56537843919784
0.0,-45.0,-75.0,0.75,-32.955973800531055,469.46493450132766,-14.34402619946894,470.8349345013276
15.0,-45.0,-75.0,0.75,-32.76597380053105,469.46999999999997,-14.154026199468941,470.81999999999994
30.0,-45.0,-75.0,0.75,-32.16701309973447,469.2445710863144,-13.447013099734468,470.53457108631443
45.0,-45.0,-75.0,0.75,-30.681685135024065,468.6002319463198,-12.593531787111024,469.7702319463199
60.0,-45.0,-75.0,0.75,-27.981897126574538,467.3940766739565,-12.419999999999998,468.3940766739565
75.0,-45.0,-75.0,0.75,-24.205065498672354,465.41940463866683,-14.830413889500784,466.27940463866685
75.0,-30.0,-75.0,0.75,-26.757557986579965,466.0140766739565,-14.132442013420029,466.9940766739565
60.0,-30.0,-75.0,0.75,-29.642986900265523,467.6599999999999,-13.367013099734468,468.77999999999986
45.0,-30.0,-75.0,0.75,-31.48,468.52145318870424,-13.970544886845497,469.78145318870406
30.0,-30.0,-75.0,0.75,-32.374026199468936,468.8414027142166,-14.782442013420031,470.18140271421663
15.0,-30.0,-75.0,0.75,-32.79108977369099,468.86727556577245,-15.36272443422748,470.25727556577255
0.0,-30.0,-75.0,0.75,-32.73760846106754,468.8560242750186,-15.4794551131545,470.2460242750186
-15.0,-30.0,-75.0,0.75,-32.75999999999999,468.70701309973447,-15.085973800531056,470.08701309973446
-30.0,-30.0,-75.0,0.75,-32.869455113154494,468.4610392992033,-14.306468212888976,469.8210392992034
-45.0,-30.0,-75.0,0.75,-33.36869823475853,467.90999999999997,-13.445711334493009,469.28999999999996
-60.0,-30.0,-75.0,0.75,-34.68353178711102,466.8389607007966,-13.187013099734472,468.30896070079655
-75.0,-30.0,-75.0,0.75,-36.60239153893245,464.930827307653,-14.36787092710559,466.58729552054183
-75.0,-15.0,-75.0,0.75,-34.49298690026553,465.6654289136855,-14.611634660536486,467.16542891368556
-60.0,-15.0,-75.0,0.75,-33.413794253149064,467.11841581395106,-14.171897126574535,468.518415813951
-45.0,-15.0,-75.0,0.75,-32.77108977369099,467.8612512907538,-14.582442013420028,469.23125129075385
-30.0,-15.0,-75.0,0.75,-32.46646821288898,468.1135317871109,-15.21293642577795,469.483531787111
-15.0,-15.0,-75.0,0.75,-32.40706357422205,468.1570130997344,-15.789999999999997,469.5370130997345
0.0,-15.0,-75.0,0.75,-32.562442013420025,468.2818971265745,-16.119999999999997,469.6818971265744
15.0,-15.0,-75.0,0.75,-32.59,468.3450654986724,-16.1,469.7450654986723
30.0,-15.0,-75.0,0.75,-32.38999999999999,468.3210897736909,-15.782986900265529,469.70108977369097
45.0,-15.0,-75.0,0.75,-31.86651868737655,468.14542891368546,-15.230544886845497,469.4689607007966
60.0,-15.0,-75.0,0.75,-30.75054488684549,467.5985468112958,-14.731089773690993,468.8385468112957
75.0,-15.0,-75.0,0.75,-28.946518687376557,466.30919264711633,-14.89701309973447,467.4391926471164
75.0,0.0,-75.0,0.75,-30.74108977369099,466.3671140487096,-15.981897126574534,467.64711404870957
60.0,0.0,-75.0,0.75,-31.699999999999996,467.47,-16.027013099734468,468.80999999999995
45.0,0.0,-75.0,0.75,-32.199091698141295,467.95194760106216,-16.237013099734465,469.3319476010621
30.0,0.0,-75.0,0.75,-32.36592332604348,468.0729869002655,-16.376518687376553,469.47298690026554
15.0,0.0,-75.0,0.75,-32.47940463866693,468.08054488684553,-16.4394551131545,469.4905448868455
0.0,0.0,-75.0,0.75,-32.52,467.91103929920337,-16.34,469.3210392992034
-15.0,0.0,-75.0,0.75,-32.43940463866692,467.93727556577255,-16.10597380053106,469.3337437786614
-30.0,0.0,-75.0,0.75,-32.33869823475854,468.02348131262335,-15.771089773690992,469.40348131262346
-45.0,0.0,-75.0,0.75,-32.40298690026552,467.8942886655069,-15.417063574222048,469.2642886655069
-60.0,0.0,-75.0,0.75,-32.547013099734464,467.41919264711635,-15.14651868737655,468.7891926471164
-75.0,0.0,-75.0,0.75,-32.71298690026553,466.1934308381358,-15.209455113154503,467.5834308381358
-75.0,15.0,-75.0,0.75,-31.11158418604891,466.45755798657996,-15.664884026840067,467.74755798658
-60.0,15.0,-75.0,0.75,-31.817063574222047,467.7135012673928,-16.052230021869562,469.0635012673928
-45.0,15.0,-75.0,0.75,-32.21184665208696,468.104621560802,-16.16701309973447,469.484621560802
-30.0,15.0,-75.0,0.75,-32.39641773840139,468.16646821288896,-16.196518687376553,469.556468212889
-15.0,15.0,-75.0,0.75,-32.49537843919798,468.113269321073,-16.254571086314435,469.513269321073
0.0,15.0,-75.0,0.75,-32.49999999999999,468.0884158139511,-16.402986900265528,469.49841581395106
15.0,15.0,-75.0,0.75,-32.451089773690995,468.11054488684545,-16.5694551131545,469.52054488684547
30.0,15.0,-75.0,0.75,-32.37542891368555,468.17423819101936,-16.68132172001086,469.5842381910193
45.0,15.0,-75.0,0.75,-32.33239153893245,468.0334813126234,-16.828910226309006,469.44348131262336
60.0,15.0,-75.0,0.75,-32.477820452618005,467.5349345013276,-17.033148417328416,468.96493450132755
75.0,15.0,-75.0,0.75,-32.4469626252469,466.4559233260434,-16.987608461067545,467.8859233260434
75.0,30.0,-75.0,0.75,-33.99940463866692,466.40716452319714,-18.012936425777948,467.9871645231972
60.0,30.0,-75.0,0.75,-33.256417738401396,467.695973800531,-18.112986900265525,469.22244201342005
45.0,30.0,-75.0,0.75,-32.678102873425466,468.3176084610675,-17.664076673956522,469.78760846106746
30.0,30.0,-75.0,0.9999999999999998,-32.42103929920341,468.55566086000533,-17.087557986579966,469.9826739597399
15.0,30.0,-75.0,0.75,-32.44994952551242,468.60516644764755,-16.70075687839596,470.02163466053645
0.0,30.0,-75.0,0.75,-32.50244201342003,468.60542891368544,-16.482986900265526,470.01542891368547
-15.0,30.0,-75.0,0.75,-32.616569161864135,468.65701309973446,-16.428910226309004,470.0705448868455
-30.0,30.0,-75.0,0.75,-32.468960700796586,468.72597380053105,-16.625973800531057,470.1359738005311
-45.0,30.0,-75.0,0.75,-31.999455113154504,468.66488402684007,-16.937507512092385,470.05488402683994
-60.0,30.0,-75.0,0.75,-31.0262562213385,468.081352239729,-16.937608461067548,469.411352239729
-75.0,30.0,-75.0,0.75,-29.44792140159317,466.7661047978757,-16.094026199468942,467.96610479787574
-75.0,45.0,-75.0,0.75,-27.714026199468936,466.8970130997344,-16.167013099734472,467.99701309973443
-60.0,45.0,-75.0,0.75,-30.141301765241455,468.49696262524685,-17.895923326043476,469.80343083813574
-45.0,45.0,-75.0,0.75,-31.656185792081516,469.2942886655069,-17.97,470.6942886655069
-30.0,45.0,-75.0,0.75,-32.43348131262344,469.5740766739564,-17.521089773690992,471.0140766739565
-15.0,45.0,-75.0,0.9999999999999998,-32.70994952551242,469.5819476010621,-17.13353178711102,471.028415813951
0.0,45.0,-75.0,0.75,-32.60661963635171,469.56189712657454,-17.0394551131545,470.9954289136855
15.0,45.0,-75.0,0.75,-32.610544886845496,469.35189712657456,-17.358910226309007,470.8018971265746
30.0,45.0,-75.0,0.75,-32.739999999999995,469.1870130997344,-17.99402619946894,470.6670130997344
45.0,45.0,-75.0,0.75,-33.32005047448758,468.66724504605435,-18.86651868737655,470.22724504605424
60.0,45.0,-75.0,0.75,-34.36075687839596,467.68924312160397,-19.32,469.33924312160406
75.0,45.0,-75.0,0.75,-35.836468212888974,466.0865186873765,-18.736518687376552,467.83651868737644
75.0,60.0,-75.0,0.75,-37.6980019244503,465.35140271421653,-18.598466288438665,467.24140271421663
60.0,60.0,-75.0,0.75,-35.72054488684549,467.2527244342274,-20.208910226309005,469.04272443422747
45.0,60.0,-75.0,0.75,-34.20561038551786,468.6524924879075,-19.894571086314436,470.3130373747531
30.0,60.0,-75.0,0.75,-33.34239153893245,469.52005047448745,-19.052936425777947,471.08005047448756
15.0,60.0,-75.0,0.75,-32.964621560802016,470.0718971265745,-18.30755798657997,471.57244201342
0.0,60.0,-75.0,0.75,-32.93054488684549,470.32724504605426,-17.99054488684549,471.8172450460543
-15.0,60.0,-75.0,0.75,-32.72511597315994,470.3411907226661,-18.12293642577795,471.82119072266613
-30.0,60.0,-75.0,0.75,-32.21049441235791,470.165378439198,-18.638102873425463,471.63239153893244
-45.0,60.0,-75.0,0.75,-31.034571086314436,469.5745710863144,-19.010544886845498,470.97511597315986
-60.0,60.0,-75.0,0.75,-28.744571086314437,468.46163466053645,-18.300544886845497,469.6916346605364
-75.0,60.0,-75.0,0.75,-25.604621560802016,466.68249248790755,-14.667063574222048,467.6124924879077
-75.0,75.0,-75.0,0.75,-23.961089773690993,466.508910226309,-9.551089773690993,467.218910226309
-60.0,75.0,-75.0,0.75,-27.185903371274073,467.7710698189215,-16.882634050201098,468.85998004523054
-45.0,75.0,-75.0,0.75,-29.989999999999995,469.02085782737106,-19.270494412357916,470.37085782737114
-30.0,75.0,-75.0,0.75,-31.741897126574532,469.8835822615986,-19.552986900265527,471.3535822615985
-15.0,75.0,-75.0,0.75,-32.565872851555895,470.3748335523525,-19.22646821288897,471.8848335523524
0.0,75.0,-75.0,0.75,-33.05537843919797,470.475146492878,-19.09,472.0151464928781
15.0,75.0,-75.0,0.75,-33.377658935555125,470.09483355235244,-19.3894551131545,471.6748335523524
30.0,75.0,-75.0,0.75,-34.11,469.3016346605365,-19.981089773690993,470.9616346605365
45.0,75.0,-75.0,0.75,-35.37753803181056,468.0368011081839,-20.505378439197983,469.8162562213385
60.0,75.0,-75.0,0.75,-37.46015142346273,466.32782045261797,-19.858859751821427,468.247820452618
75.0,75.0,-75.0,0.75,-39.5467811534146,464.4321290728943,-16.01295638054735,466.3821290728944
75.0,75.0,-60.0,0.75,-34.45,468.1404439378704,-17.155428913685558,469.71044393787037
60.0,75.0,-60.0,0.75,-35.33706357422205,467.98706357422196,-18.649999999999995,469.68706357422207
45.0,75.0,-60.0,0.75,-34.92701309973447,468.572179547382,-19.22353178711102,470.262179547382
30.0,75.0,-60.0,0.75,-34.14402619946893,469.18005047448753,-19.182391538932453,470.8100504744876
15.0,75.0,-60.0,0.75,-33.51706357422205,469.8181028734254,-18.95651868737655,471.38810287342534
0.0,75.0,-60.0,0.75,-32.85576180898059,470.0729869002655,-18.756518687376552,471.5865186873765
-15.0,75.0,-60.0,0.75,-32.2105448868455,470.1118971265745,-18.666468212888976,471.5818971265745
-30.0,75.0,-60.0,0.75,-31.470544886845495,469.8929869002655,-18.550544886845497,471.3029869002656
-45.0,75.0,-60.0,0.75,-30.545872851555895,469.70945511315443,-18.06701309973447,471.0394551131545
-60.0,75.0,-60.0,0.75,-29.819999999999997,469.8516346605365,-16.93891022630901,471.10054488684546
-75.0,75.0,-60.0,0.75,-30.46379425314907,471.37369330417386,-14.734853507121887,472.5836933041739
-75.0,60.0,-60.0,0.75,-29.386468212888975,468.3700504744875,-15.42971757919255,469.5400504744876
-60.0,60.0,-60.0,0.75,-29.81542891368556,468.5240261994689,-17.169455113154502,469.78402619946894
-45.0,60.0,-60.0,0.75,-30.846468212888972,468.91140271421654,-18.019999999999996,470.26140271421656
-30.0,60.0,-60.0,0.75,-31.745378439197985,469.2250654986723,-18.23706357422205,470.64506549867235
-15.0,60.0,-60.0,0.75,-32.3135822615986,469.43483355235253,-18.27592332604348,470.89483355235245
0.0,60.0,-60.0,0.75,-32.72,469.3738142079185,-18.33108977369099,470.86381420791844
15.0,60.0,-60.0,0.75,-33.09298690026553,469.1489607007966,-18.565973800531054,470.67896070079655
30.0,60.0,-60.0,0.75,-33.51711404870963,468.700595361333,-18.91701309973447,470.270595361333
45.0,60.0,-60.0,0.75,-34.16836533946351,468.0889607007966,-19.178102873425463,469.7189607007965
60.0,60.0,-60.0,0.75,-34.730544886845486,467.27483355235245,-18.980544886845493,468.9448335523524
75.0,60.0,-60.0,0.75,-34.480544886845486,466.62755798657986,-17.93457108631444,468.23755798658
75.0,45.0,-60.0,0.75,-33.7994551131545,466.28158418604886,-17.88457108631444,467.84158418604886
60.0,45.0,-60.0,0.75,-33.828910226309,467.0764682128889,-18.433531787111026,468.6564682128888
45.0,45.0,-60.0,0.75,-33.38896070079658,467.8740261994689,-18.41,469.424026199469
30.0,45.0,-60.0,0.75,-33.06646821288897,468.31407667395655,-18.100544886845494,469.8240766739565
15.0,45.0,-60.0,0.75,-32.71919264711646,468.730262466038,-17.764621560802016,470.2008073528835
0.0,45.0,-60.0,0.75,-32.53353178711102,468.7972755657725,-17.52755798657997,470.24727556577244
-15.0,45.0,-60.0,0.75,-32.22108977369099,468.783037374753,-17.4394551131545,470.20358226159857
-30.0,45.0,-60.0,0.75,-31.859949525512416,468.8118971265744,-17.45353178711102,470.21189712657446
-45.0,45.0,-60.0,0.75,-31.21516644764751,468.46158418604887,-17.36353178711102,469.8151159731599
-60.0,45.0,-60.0,0.75,-30.324026199468936,467.9640261994689,-16.86701309973447,469.24402619946886
-75.0,45.0,-60.0,0.75,-29.62727556577251,467.257820452618,-15.63,468.4478204526179
-75.0,30.0,-60.0,0.75,-30.315711334493006,466.5430373747531,-15.641634660536488,467.783037374753
-60.0,30.0,-60.0,0.75,-30.920645835820643,467.370595361333,-16.448910226309007,468.6741271484441
-45.0,30.0,-60.0,0.75,-31.565378439197982,467.8651664476474,-16.75701309973447,469.2251664476475
-30.0,30.0,-60.0,0.75,-32.03244201342004,468.2383653394635,-16.849999999999998,469.62836533946347
-15.0,30.0,-60.0,0.75,-32.27896070079658,468.3371140487095,-16.899455113154502,469.74711404870953
0.0,30.0,-60.0,0.75,-32.35298690026553,468.29158418604885,-16.984076673956523,469.71158418604887
15.0,30.0,-60.0,0.75,-32.48293642577794,468.1840261994689,-17.21836533946351,469.6234813126235
30.0,30.0,-60.0,0.75,-32.612986900265525,468.06701309973437,-17.48,469.52701309973446
45.0,30.0,-60.0,0.75,-32.74114024817856,467.5811402481786,-17.72054488684549,469.0546720352895
60.0,30.0,-60.0,0.75,-32.93755798657996,466.9486982347586,-17.842442013420033,468.4457113344929
75.0,30.0,-60.0,0.75,-32.967013099734466,466.09108977369095,-17.572986900265526,467.58108977369096
75.0,15.0,-60.0,0.75,-32.166750633696424,465.9694551131544,-16.995166447647513,467.37999999999994
60.0,15.0,-60.0,0.75,-32.35999999999999,466.82085782737107,-17.052442013420034,468.2508578273711
45.0,15.0,-60.0,0.75,-32.40940463866692,467.35163466053643,-16.98706357422205,468.77810287342544
30.0,15.0,-60.0,0.75,-32.47999999999999,467.6189607007966,-16.84,469.0389607007965
15.0,15.0,-60.0,0.75,-32.46402619946894,467.855973800531,-16.687013099734468,469.275973800531
0.0,15.0,-60.0,0.75,-32.45815334791304,467.90755798658,-16.518052398937883,469.31755798657997
-15.0,15.0,-60.0,0.75,-32.46701309973447,467.86755798658,-16.439999999999998,469.27755798657995
-30.0,15.0,-60.0,0.75,-32.40348131262344,467.7508073528836,-16.326468212888972,469.1508073528835
-45.0,15.0,-60.0,0.75,-32.13462156080202,467.53651868737654,-16.160544886845493,468.9165186873766
-60.0,15.0,-60.0,0.75,-31.79,466.92402619946887,-15.917013099734472,468.27402619946884
-75.0,15.0,-60.0,0.75,-31.462391538932447,466.00303737475315,-15.523481312623442,467.313037374753
-75.0,0.0,-60.0,0.75,-32.455923326043475,465.74561038551775,-15.457013099734471,467.12561038551775
-60.0,0.0,-60.0,0.75,-32.48005047448758,466.6818971265745,-15.500544886845496,468.06189712657454
-45.0,0.0,-60.0,0.75,-32.45597380053106,467.24407667395644,-15.675923326043478,468.62407667395644
-30.0,0.0,-60.0,0.75,-32.48293642577794,467.53358226159855,-15.897063574222049,468.92358226159854
-15.0,0.0,-60.0,0.75,-32.45488402684007,467.678153347913,-16.136468212888975,469.07815334791303
0.0,0.0,-60.0,0.75,-32.39646821288897,467.74542891368554,-16.325923326043476,469.1454289136855
15.0,0.0,-60.0,0.75,-32.37184665208696,467.7904944123579,-16.436468212888975,469.1904944123579
30.0,0.0,-60.0,0.75,-32.18696262524689,467.67080735288357,-16.470494412357915,469.06080735288356
45.0,0.0,-60.0,0.75,-31.80701309973447,467.38745703760475,-16.43592332604348,468.7474570376047
60.0,0.0,-60.0,0.75,-31.458910226309005,466.83108977369096,-16.45,468.17108977369094
75.0,0.0,-60.0,0.75,-31.084833552352485,465.9171140487096,-16.592986900265526,467.2465691618641
75.0,-15.0,-60.0,0.75,-30.0294551131545,465.97293642577785,-16.11542891368556,467.2129364257779
60.0,-15.0,-60.0,0.75,-30.638698234758536,466.88140271421656,-15.632986900265529,468.1414027142166
45.0,-15.0,-60.0,0.75,-31.407557986579963,467.5070130997344,-15.649455113154504,468.8170130997344
30.0,-15.0,-60.0,0.75,-31.902179547381987,467.7910392992034,-15.76859728578338,469.1410392992034
15.0,-15.0,-60.0,0.75,-32.26163466053649,467.938910226309,-15.790544886845495,469.3089102263089
0.0,-15.0,-60.0,0.75,-32.501089773690985,467.94732604026,-15.774076673956522,469.3373260402601
-15.0,-15.0,-60.0,0.75,-32.562391538932445,467.8239757249813,-15.582936425777948,469.2104439378703
-30.0,-15.0,-60.0,0.75,-32.723037374753105,467.46542891368546,-15.224571086314437,468.8554289136855
-45.0,-15.0,-60.0,0.75,-32.94353178711102,467.0478709271057,-14.952230021869562,468.438415813951
-60.0,-15.0,-60.0,0.75,-33.20407667395652,466.44348131262336,-14.880544886845495,467.85348131262344
-75.0,-15.0,-60.0,0.75,-33.38815334791304,465.4316346605365,-15.218910226309005,466.8716346605364
-75.0,-30.0,-60.0,0.75,-34.51,465.25566086000543,-15.400544886845497,466.7856608600054
-60.0,-30.0,-60.0,0.75,-34.20298690026553,466.2289607007966,-14.500544886845494,467.69896070079653
-45.0,-30.0,-60.0,0.75,-33.65646821288897,467.04651868737665,-14.378910226309005,468.47651868737654
-30.0,-30.0,-60.0,0.75,-33.2094551131545,467.61994952551237,-14.620494412357917,469.01994952551235
-15.0,-30.0,-60.0,0.75,-32.88706357422205,467.95592332604343,-14.909999999999998,469.3459233260434
0.0,-30.0,-60.0,0.75,-32.60999999999999,468.17384472763666,-15.090544886845498,469.5438447276366
15.0,-30.0,-60.0,0.75,-32.28646821288897,468.278910226309,-15.063531787111023,469.628910226309
30.0,-30.0,-60.0,0.75,-31.727063574222047,468.0286477602709,-14.871089773690992,469.3321795473819
45.0,-30.0,-60.0,0.75,-30.90407667395652,467.7100504744875,-14.707326040260098,468.9600504744875
60.0,-30.0,-60.0,0.75,-29.98836533946351,466.9989607007966,-14.812986900265528,468.18896070079654
75.0,-30.0,-60.0,0.75,-29.220544886845488,466.1310897736909,-15.760544886845494,467.311089773691
75.0,-45.0,-60.0,0.75,-28.87379425314907,466.9202119915504,-16.21782045261801,468.08966710470503
60.0,-45.0,-60.0,0.75,-29.267063574222053,467.3416346605364,-14.542986900265529,468.48163466053643
45.0,-45.0,-60.0,0.75,-30.4594551131545,467.8904138895006,-14.094571086314437,469.0904138895008
30.0,-45.0,-60.0,0.75,-31.460544886845497,468.25516644764747,-14.179455113154502,469.515711334493
15.0,-45.0,-60.0,0.75,-32.19625622133851,468.50026246603807,-14.324076673956522,469.820262466038
0.0,-45.0,-60.0,0.75,-32.79348131262344,468.4259738005311,-14.419455113154502,469.78597380053094
-15.0,-45.0,-60.0,0.75,-33.252986900265526,468.1775075120923,-14.225166447647512,469.5675075120924
-30.0,-45.0,-60.0,0.75,-33.759455113154495,467.647820452618,-13.928415813951087,469.0678204526179
-45.0,-45.0,-60.0,0.75,-34.40815334791304,466.903037374753,-13.90407667395652,468.37303737475304
-60.0,-45.0,-60.0,0.75,-35.21701309973447,466.0810392992033,-14.492986900265528,467.63103929920334
-75.0,-45.0,-60.0,0.75,-35.47108977369099,465.19163466053647,-16.229999999999997,466.82163466053646
-75.0,-60.0,-60.0,0.75,-35.56298690026553,465.94488402684004,-17.829999999999995,467.63488402684004
-60.0,-60.0,-60.0,0.75,-35.90353178711102,466.0834813126234,-15.159999999999997,467.70348131262335
-45.0,-60.0,-60.0,0.75,-35.14298690026553,466.85571133449287,-13.872986900265525,468.37571133449296
-30.0,-60.0,-60.0,0.75,-34.27542891368556,467.66914217262877,-13.632986900265529,469.1191421726288
-15.0,-60.0,-60.0,0.75,-33.52701309973447,468.2799999999999,-13.668960700796585,469.67
0.0,-60.0,-60.0,0.75,-32.83999999999999,468.63194760106205,-13.755973800531056,469.9789607007965
15.0,-60.0,-60.0,0.75,-32.02592332604348,468.70815334791297,-13.709999999999999,469.998153347913
30.0,-60.0,-60.0,0.75,-31.059999999999995,468.61457108631447,-13.752986900265528,469.8345710863144
45.0,-60.0,-60.0,0.75,-29.918910226309006,468.30683162790217,-14.015923326043476,469.4668316279022
60.0,-60.0,-60.0,0.75,-29.031846652086955,468.2408578273711,-15.112391538932451,469.3803129405256
75.0,-60.0,-60.0,0.75,-30.12986900265529,469.2649345013276,-17.701947601062113,470.55792140159315
75.0,-75.0,-60.0,0.75,-36.36864776027096,475.9330373747531,-19.712986900265523,477.7230373747531
60.0,-75.0,-60.0,0.75,-30.97518640241691,471.27784040738726,-16.95843576872049,472.5983852942329
45.0,-75.0,-60.0,0.75,-30.36,469.81031294052553,-15.18,471.0303129405256
30.0,-75.0,-60.0,0.75,-31.16348131262344,469.4384662884387,-14.318647760270958,470.68547938817306
15.0,-75.0,-60.0,0.75,-32.110544886845496,469.292179547382,-13.978910226309006,470.5921795473818
0.0,-75.0,-60.0,0.75,-33.15,469.1040261994688,-13.887013099734471,470.47402619946894
-15.0,-75.0,-60.0,0.75,-34.1194551131545,468.68511597315995,-13.93108977369099,470.1251159731599
-30.0,-75.0,-60.0,0.75,-34.944076673956516,468.1910392992034,-14.23298690026553,469.70103929920344
-45.0,-75.0,-60.0,0.75,-35.80542891368556,467.7813017652415,-15.113481312623446,469.39130176524145
-60.0,-75.0,-60.0,0.75,-36.06158418604891,467.8322300218695,-17.038960700796583,469.52223002186946
-75.0,-75.0,-60.0,0.75,-33.69244201342003,470.0767811534146,-20.062442013420032,471.7067811534145
-75.0,-75.0,-45.0,0.75,-34.55049441235792,467.3016346605365,-9.30859728578338,468.66163466053644
-60.0,-75.0,-45.0,0.75,-35.43597380053106,467.3299999999999,-12.145973800531058,468.8229869002655
-45.0,-75.0,-45.0,0.75,-35.27651868737655,467.6146720352896,-12.886518687376553,469.11467203528963
-30.0,-75.0,-45.0,0.75,-34.72,468.0129869002655,-13.145923326043476,469.4794551131545
-15.0,-75.0,-45.0,0.75,-33.9,468.4845710863144,-13.253531787111024,469.89457108631433
0.0,-75.0,-45.0,0.75,-33.086518687376554,468.82293642577787,-13.296468212888975,470.1729364257779
15.0,-75.0,-45.0,0.75,-32.07054488684549,469.1049039816094,-13.207013099734471,470.3849039816094
30.0,-75.0,-45.0,0.75,-31.057557986579965,469.41488402684007,-12.960544886845495,470.61488402684
45.0,-75.0,-45.0,0.75,-30.229999999999997,469.48189712657455,-12.396468212888974,470.6118971265746
60.0,-75.0,-45.0,0.75,-30.046236266569103,469.64914217262884,-10.966750633696424,470.7291421726289
75.0,-75.0,-45.0,0.75,-30.576468212888976,470.07059536133295,-6.6935822615986025,471.110595361333
75.0,-60.0,-45.0,0.75,-29.663531787111026,467.9451159731599,-12.417769978130433,469.0451159731599
60.0,-60.0,-45.0,0.75,-29.63696262524689,467.85592332604335,-13.51,468.9859233260434
45.0,-60.0,-45.0,0.75,-30.170494412357915,467.9900504744875,-13.757557986579966,469.16005047448755
30.0,-60.0,-45.0,0.75,-31.049999999999994,468.13298690026545,-13.89,469.3629869002655
15.0,-60.0,-45.0,0.75,-32.004571086314435,468.24542891368554,-14.014026199468942,469.5454289136855
0.0,-60.0,-45.0,0.75,-32.84651868737655,468.120262466038,-14.038960700796583,469.4802624660381
-15.0,-60.0,-45.0,0.75,-33.523531787111025,467.7673260402601,-13.982129072894407,469.1673260402601
-30.0,-60.0,-45.0,0.75,-34.2105448868455,467.2345710863144,-13.86272443422748,468.68457108631446
-45.0,-60.0,-45.0,0.75,-34.77163466053649,466.6415841860488,-13.887557986579967,468.1321290728944
-60.0,-60.0,-45.0,0.75,-34.99701309973447,466.13896070079653,-13.862986900265525,467.6489607007965
-75.0,-60.0,-45.0,0.75,-34.42,465.7900504744876,-13.26701309973447,467.24005047448753
-75.0,-45.0,-45.0,0.75,-34.194076673956516,465.18217954738185,-14.357820452618009,466.6521795473818
-60.0,-45.0,-45.0,0.75,-34.43,465.67999999999995,-14.391039299203412,467.1699999999999
-45.0,-45.0,-45.0,0.75,-34.20656916186413,466.3815841860488,-14.309455113154502,467.8515841860488
-30.0,-45.0,-45.0,0.75,-33.73103929920342,466.98457108631436,-14.367376514747674,468.4145710863145
-15.0,-45.0,-45.0,0.75,-33.20896070079659,467.46298690026543,-14.565973800531056,468.8629869002654
0.0,-45.0,-45.0,0.75,-32.635923326043475,467.67135223972906,-14.62564090523603,469.03135223972896
15.0,-45.0,-45.0,0.75,-31.999455113154504,467.739505587642,-14.55402619946894,469.04950558764205
30.0,-45.0,-45.0,0.75,-31.215872851555897,467.531089773691,-14.435166447647513,468.791089773691
45.0,-45.0,-45.0,0.75,-30.471897126574532,467.2405448868455,-14.445378439197981,468.4505448868455
60.0,-45.0,-45.0,0.75,-29.7394551131545,466.75999999999993,-14.412724434227481,467.92
75.0,-45.0,-45.0,0.75,-29.46597380053106,466.3759738005311,-14.339999999999998,467.5189607007965
75.0,-30.0,-45.0,0.75,-29.935923326043476,465.71891022630905,-15.282442013420031,466.9283653394635
60.0,-30.0,-45.0,0.75,-30.268153347913042,466.3534813126234,-15.11244201342003,467.5734813126233
45.0,-30.0,-45.0,0.75,-30.92701309973447,466.85,-15.060544886845495,468.11
30.0,-30.0,-45.0,0.75,-31.583481312623437,467.1840766739565,-15.109455113154501,468.4905448868455
15.0,-30.0,-45.0,0.75,-32.16293642577795,467.4764177384014,-15.15651868737655,468.8228859512904
0.0,-30.0,-45.0,0.75,-32.574621560802015,467.43,-15.133531787111023,468.80000000000007
-15.0,-30.0,-45.0,0.75,-32.94859728578337,467.2054289136856,-15.050908301858698,468.60542891368544
-30.0,-30.0,-45.0,0.75,-33.30706357422205,466.8895055876421,-14.85407667395652,468.3095055876421
-45.0,-30.0,-45.0,0.75,-33.58945511315451,466.3975579865799,-14.73407667395652,467.8305448868455
-60.0,-30.0,-45.0,0.75,-33.89103929920341,465.7780523989379,-14.73,467.23805239893784
-75.0,-30.0,-45.0,0.75,-33.769999999999996,465.20457108631444,-14.745973800531058,466.6545710863144
-75.0,-15.0,-45.0,0.75,-33.06054488684549,465.1978709271056,-15.088910226309007,466.6078709271056
-60.0,-15.0,-45.0,0.75,-33.08597380053106,465.9073765147477,-15.153531787111021,467.3203634150131
-45.0,-15.0,-45.0,0.75,-32.957608461067544,466.5308073528835,-15.265923326043476,467.94080735288355
-30.0,-15.0,-45.0,0.75,-32.790544886845495,466.89940463866685,-15.459455113154503,468.2994046386669
-15.0,-15.0,-45.0,0.75,-32.62402619946894,467.20999999999987,-15.68,468.6070130997345
0.0,-15.0,-45.0,0.75,-32.391846652086954,467.29483355235243,-15.810544886845495,468.67483355235254
15.0,-15.0,-45.0,0.75,-32.1442381910194,467.29914217262893,-15.87163466053649,468.6691421726288
30.0,-15.0,-45.0,0.75,-31.71407667395652,467.11511597315996,-15.875660860005432,468.4551159731598
45.0,-15.0,-45.0,0.75,-31.23407667395652,466.68376373343085,-15.859455113154501,467.9937637334309
60.0,-15.0,-45.0,0.75,-30.797608461067544,466.1399495255124,-15.919999999999996,467.41994952551244
75.0,-15.0,-45.0,0.75,-30.462442013420034,465.46864776027087,-16.07,466.7386477602709
75.0,0.0,-45.0,0.75,-31.190544886845498,465.4359233260435,-16.77,466.77592332604337
60.0,0.0,-45.0,0.75,-31.51272443422748,466.14272443422743,-16.630544886845495,467.49381420791843
45.0,0.0,-45.0,0.75,-31.79108977369099,466.76234106444474,-16.540544886845495,468.1323410644448
30.0,0.0,-45.0,0.75,-32.02646821288898,467.0795055876421,-16.473481312623445,468.45950558764207
15.0,0.0,-45.0,0.75,-32.30348131262345,467.2661552723634,-16.432492487907613,468.66615527236326
0.0,0.0,-45.0,0.75,-32.42462156080202,467.2799999999999,-16.363531787111025,468.68054488684544
-15.0,0.0,-45.0,0.75,-32.48973753396194,467.19968705947423,-16.132673959739904,468.5996870594744
-30.0,0.0,-45.0,0.75,-32.608910226309,466.99054488684544,-15.95,468.39054488684553
-45.0,0.0,-45.0,0.75,-32.498698234758535,466.64075687839596,-15.770776833165362,468.03130176524144
-60.0,0.0,-45.0,0.75,-32.49885975182142,466.06135223972893,-15.530544886845494,467.44782045261786
-75.0,0.0,-45.0,0.75,-32.33407667395652,465.32407667395654,-15.31701309973447,466.6940766739565
-75.0,15.0,-45.0,0.75,-31.618910226309,465.6945206118269,-15.520544886845494,467.0239757249814
-60.0,15.0,-45.0,0.75,-31.830807352883543,466.37542891368554,-15.849455113154502,467.7254289136855
-45.0,15.0,-45.0,0.75,-32.05706357422204,466.8832493663036,-16.100544886845494,468.2532493663035
-30.0,15.0,-45.0,0.75,-32.29592332604347,467.22999999999996,-16.328910226309002,468.61999999999995
-15.0,15.0,-45.0,0.75,-32.30194760106211,467.4420785984067,-16.53701309973447,468.8420785984068
0.0,15.0,-45.0,0.75,-32.3194551131545,467.46407667395647,-16.655973800531054,468.8740766739565
15.0,15.0,-45.0,0.75,-32.40244201342003,467.34566086000547,-16.7894551131545,468.76566086000537
30.0,15.0,-45.0,0.75,-32.31994952551241,467.16945511315447,-16.962442013420034,468.5894551131545
45.0,15.0,-45.0,0.75,-32.24054488684549,466.81732604026,-16.969999999999995,468.2278709271055
60.0,15.0,-45.0,0.75,-32.14163466053649,466.3158728515558,-17.0394551131545,467.72587285155583
75.0,15.0,-45.0,0.75,-31.946518687376546,465.589505587642,-17.109455113154503,466.98950558764204
75.0,30.0,-45.0,0.75,-32.57646821288897,465.7293440705792,-17.78080735288354,467.1993440705792
60.0,30.0,-45.0,0.75,-32.73810287342546,466.38244201342,-17.715973800531057,467.86244201342
45.0,30.0,-45.0,0.75,-32.74646821288898,466.90841581395114,-17.63298690026553,468.37841581395105
30.0,30.0,-45.0,0.75,-32.64348131262344,467.4042886655069,-17.450544886845496,468.86428866550693
15.0,30.0,-45.0,0.75,-32.498365339463504,467.6667506336963,-17.232986900265526,469.10675063369644
0.0,30.0,-45.0,0.75,-32.37701309973447,467.7829869002654,-17.069999999999997,469.20298690026556
-15.0,30.0,-45.0,0.75,-32.147013099734465,467.7029869002655,-16.96,469.10999999999996
-30.0,30.0,-45.0,0.75,-31.886468212888975,467.53511597315986,-16.762179547381987,468.9151159731598
-45.0,30.0,-45.0,0.75,-31.484853507121883,467.2040766739564,-16.597013099734472,468.5540766739564
-60.0,30.0,-45.0,0.75,-31.124026199468933,466.72782045261795,-16.23973753396195,468.0383653394635
-75.0,30.0,-45.0,0.75,-30.802179547381986,466.1792736413222,-15.885115973159934,467.45927364132217
-75.0,45.0,-45.0,0.75,-30.235973800531053,466.93205864363733,-16.358102873425462,468.1920586436373
-60.0,45.0,-45.0,0.75,-30.537557986579962,467.4053784391979,-16.750312940525625,468.69537843919795
-45.0,45.0,-45.0,0.75,-31.112936425777953,467.8308578273711,-17.118910226309005,469.17085782737104
-30.0,45.0,-45.0,0.75,-31.671897126574535,468.1061552723633,-17.32561038551785,469.4931683720978
-15.0,45.0,-45.0,0.75,-32.07646821288897,468.2543391399945,-17.431089773690992,469.6743391399946
0.0,45.0,-45.0,0.75,-32.41298690026552,468.21571133449294,-17.672159592612584,469.665711334493
15.0,45.0,-45.0,0.75,-32.77696262524689,468.1065186873766,-17.919999999999998,469.58651868737655
30.0,45.0,-45.0,0.75,-33.01244201342003,467.7816346605364,-18.152391538932452,469.29163466053643
45.0,45.0,-45.0,0.75,-33.28641773840139,467.291947601062,-18.362442013420033,468.831947601062
60.0,45.0,-45.0,0.75,-33.37618579208152,466.66272443422736,-18.448365339463507,468.2127244342274
75.0,45.0,-45.0,0.75,-33.16,466.02298690026544,-18.42701309973447,467.5629869002655
75.0,60.0,-45.0,0.75,-33.78298690026553,466.52675063369645,-19.10244201342003,468.1367506336963
60.0,60.0,-45.0,0.75,-34.10407667395652,467.1129364257779,-19.04457108631444,468.7429364257779
45.0,60.0,-45.0,0.75,-33.938910226309,467.7305448868455,-18.992986900265524,469.3405448868454
30.0,60.0,-45.0,0.75,-33.51272443422748,468.2154289136855,-18.78701309973447,469.7854289136855
15.0,60.0,-45.0,0.75,-33.14994952551241,468.61914217262887,-18.557608461067545,470.14914217262884
0.0,60.0,-45.0,0.75,-32.6894551131545,468.8176084610675,-18.373531787111023,470.30760846106745
-15.0,60.0,-45.0,0.75,-32.15,468.86701309973444,-18.22,470.31701309973437
-30.0,60.0,-45.0,0.75,-31.553481312623443,468.70542891368547,-18.0494551131545,470.10542891368544
-45.0,60.0,-45.0,0.75,-30.835711334493013,468.3896365849867,-17.820544886845497,469.73963658498667
-60.0,60.0,-45.0,0.75,-30.300000000000004,468.0729869002655,-17.519999999999996,469.37298690026546
-75.0,60.0,-45.0,0.75,-30.078859751821422,467.90353178711104,-17.43592332604348,469.1899999999999
-75.0,75.0,-45.0,0.75,-30.2294551131545,469.41805239893785,-19.378910226309007,470.78750751209236
-60.0,75.0,-45.0,0.75,-30.177013099734467,469.185973800531,-18.575973800531056,470.515973800531
-45.0,75.0,-45.0,0.75,-30.61706357422205,469.22135223972896,-18.644884026840067,470.581352239729
-30.0,75.0,-45.0,0.75,-31.361846652086953,469.34212907289435,-18.784571086314436,470.7615841860488
-15.0,75.0,-45.0,0.75,-32.12547938817314,469.52896070079663,-18.926518687376554,471.001947601062
0.0,75.0,-45.0,0.75,-32.809999999999995,469.51184665208694,-19.053531787111027,471.0418466520869
15.0,75.0,-45.0,0.75,-33.49577190258074,469.3670130997345,-19.24701309973447,470.9470130997344
30.0,75.0,-45.0,0.75,-34.09402619946894,468.97701309973445,-19.449999999999996,470.6140261994689
45.0,75.0,-45.0,0.75,-34.64363273608618,468.4505448868455,-19.64994952551242,470.1340766739565
60.0,75.0,-45.0,0.75,-34.772442013420026,467.83049441235784,-19.76244201342003,469.5304944123579
75.0,75.0,-45.0,0.75,-34.362986900265525,467.34321884658544,-20.19,469.03321884658544
75.0,75.0,-30.0,0.75,-35.17896070079658,465.9781028734255,-20.485115973159935,467.7481028734254
60.0,75.0,-30.0,0.75,-34.98054488684549,467.03673067892703,-20.0694551131545,468.766730678927
45.0,75.0,-30.0,0.75,-34.62810287342546,467.77184665208694,-19.744076673956517,469.4618466520869
30.0,75.0,-30.0,0.75,-34.08826439048835,468.3372755657724,-19.48402619946894,469.9737437786615
15.0,75.0,-30.0,0.75,-33.370827307652945,468.7349345013276,-19.23407667395652,470.3054793881731
0.0,75.0,-30.0,0.75,-32.69810287342546,468.93820382240057,-19.0294551131545,470.45820382240066
-15.0,75.0,-30.0,0.75,-31.969091698141295,468.87701309973437,-18.847013099734475,470.3370130997344
-30.0,75.0,-30.0,0.75,-31.291796177599377,468.5740766739564,-18.72,469.9840766739564
-45.0,75.0,-30.0,0.75,-30.47272443422748,468.2518971265745,-18.62402619946894,469.60891022630904
-60.0,75.0,-30.0,0.75,-29.779999999999998,467.7656409052359,-18.623531787111023,469.0756409052359
-75.0,75.0,-30.0,0.75,-28.793370270048133,466.99028242080743,-18.78,468.2502824208074
-75.0,60.0,-30.0,0.75,-29.67,466.6041776229317,-17.716518687376556,467.87417762293165
-60.0,60.0,-30.0,0.75,-30.321352239729034,467.17542891368555,-17.7794551131545,468.49488402684005
-45.0,60.0,-30.0,0.75,-30.86701309973447,467.6404944123579,-17.981897126574534,469.00049441235785
-30.0,60.0,-30.0,0.75,-31.52184665208695,468.00628674105667,-18.170544886845498,469.41628674105664
-15.0,60.0,-30.0,0.75,-32.10646821288898,468.2565186873765,-18.362442013420033,469.7065186873765
0.0,60.0,-30.0,0.75,-32.672391538932445,468.29950558764205,-18.569455113154504,469.79950558764205
15.0,60.0,-30.0,0.75,-33.1594551131545,468.1048335523525,-18.77,469.64483355235245
30.0,60.0,-30.0,0.75,-33.64483355235248,467.75547938817306,-18.99646821288897,469.3454793881731
45.0,60.0,-30.0,0.75,-33.99412714844409,467.23805239893784,-19.192986900265527,468.8610392992034
60.0,60.0,-30.0,0.75,-34.11381420791847,466.5972755657725,-19.41,468.237820452618
75.0,60.0,-30.0,0.75,-34.26103929920342,465.81592332604345,-19.735923326043476,467.4859233260434
75.0,45.0,-30.0,0.75,-33.27298690026552,465.5799999999999,-18.919999999999998,467.14701309973435
60.0,45.0,-30.0,0.75,-33.372391538932455,466.2321290728944,-18.683531787111026,467.7921290728944
45.0,45.0,-30.0,0.75,-33.20810287342546,466.8459233260434,-18.5094551131545,468.3859233260435
30.0,45.0,-30.0,0.75,-33.031947601062114,467.265973800531,-18.30298690026553,468.78597380053094
15.0,45.0,-30.0,0.75,-32.76417762293168,467.5779214015932,-18.112986900265525,469.0679214015932
0.0,45.0,-30.0,0.75,-32.424672035289596,467.7653784391979,-17.893531787111023,469.2253784391979
-15.0,45.0,-30.0,0.75,-32.042936425777945,467.71999999999997,-17.707557986579967,469.14701309973447
-30.0,45.0,-30.0,0.75,-31.60815334791304,467.5975579865799,-17.50701309973447,468.9875579865799
-45.0,45.0,-30.0,0.75,-31.102391538932455,467.1986477602709,-17.268910226309007,468.54864776027097
-60.0,45.0,-30.0,0.75,-30.577557986579965,466.67864776027096,-17.02706357422205,467.9886477602709
-75.0,45.0,-30.0,0.75,-30.11,466.14217954738194,-16.849999999999998,467.412179547382
-75.0,30.0,-30.0,0.75,-30.771089773690985,465.6140766739565,-16.218597285783382,466.9040766739564
-60.0,30.0,-30.0,0.75,-31.089949525512417,466.21706357422204,-16.45244201342003,467.5370635742221
-45.0,30.0,-30.0,0.75,-31.440494412357914,466.765640905236,-16.715973800531057,468.1156409052359
-30.0,30.0,-30.0,0.75,-31.845065498672348,467.15090830185864,-16.982986900265526,468.5409083018586
-15.0,30.0,-30.0,0.75,-32.05597380053105,467.3080523989378,-17.182986900265526,468.71805239893786
0.0,30.0,-30.0,0.75,-32.28407667395652,467.3051159731599,-17.39542891368556,468.7351159731599
15.0,30.0,-30.0,0.75,-32.5142381910194,467.13005047448746,-17.579455113154502,468.5865186873765
30.0,30.0,-30.0,0.75,-32.58701309973447,466.8961047978757,-17.747013099734467,468.3661047978756
45.0,30.0,-30.0,0.75,-32.62,466.551352239729,-17.90103929920341,468.0313522397289
60.0,30.0,-30.0,0.75,-32.647820452618014,465.89326932107286,-18.041089773690988,467.3827244342274
75.0,30.0,-30.0,0.75,-32.512986900265524,465.28298690026554,-18.229999999999997,466.7729869002655
75.0,15.0,-30.0,0.75,-31.897063574222056,465.03571133449304,-17.562986900265525,466.45571133449295
60.0,15.0,-30.0,0.75,-32.07760846106755,465.631685135024,-17.429455113154503,467.0522300218696
45.0,15.0,-30.0,0.75,-32.258960700796585,466.3218466520869,-17.301089773690993,467.7518466520869
30.0,15.0,-30.0,0.75,-32.343531787111026,466.68402619946886,-17.166518687376556,468.11402619946887
15.0,15.0,-30.0,0.75,-32.43836533946351,467.0061857920815,-17.020544886845496,468.43618579208146
0.0,15.0,-30.0,0.75,-32.44103929920341,467.05054488684556,-16.87701309973447,468.47755798657994
-15.0,15.0,-30.0,0.75,-32.3294551131545,466.9458122834682,-16.680544886845492,468.35581228346814
-30.0,15.0,-30.0,0.75,-32.32483355235247,466.8210392992034,-16.515923326043474,468.22103929920337
-45.0,15.0,-30.0,0.75,-32.05,466.3843391399946,-16.261089773690994,467.7643391399945
-60.0,15.0,-30.0,0.75,-31.854026199468937,465.86303737475305,-16.004076673956522,467.22303737475306
-75.0,15.0,-30.0,0.75,-31.56755798657996,465.1821595926126,-15.716468212888975,466.5121595926125
-75.0,0.0,-30.0,0.75,-32.26189712657454,464.8983653394634,-15.387557986579965,466.26836533946346
-60.0,0.0,-30.0,0.75,-32.397063574222045,465.60755798658,-15.736468212888974,466.9975579865799
-45.0,0.0,-30.0,0.75,-32.44782045261802,466.1746215608019,-15.959455113154503,467.5740766739565
-30.0,0.0,-30.0,0.75,-32.408859751821424,466.61537843919797,-16.169455113154502,468.01537843919795
-15.0,0.0,-30.0,0.75,-32.33353178711102,466.7227244342275,-16.34407667395652,468.12272443422745
0.0,0.0,-30.0,0.75,-32.22651868737655,466.87999999999994,-16.513531787111024,468.2799999999999
15.0,0.0,-30.0,0.75,-32.03005047448758,466.8145206118267,-16.635973800531055,468.20452061182687
30.0,0.0,-30.0,0.75,-31.824026199468943,466.5590916981413,-16.73,467.9390916981413
45.0,0.0,-30.0,0.75,-31.663531787111022,466.14135223972903,-16.83701309973447,467.511352239729
60.0,0.0,-30.0,0.75,-31.40049441235791,465.611089773691,-16.93244201342003,466.97108977369106
75.0,0.0,-30.0,0.75,-31.119455113154505,464.8767506336964,-17.02592332604348,466.2267506336963
75.0,-15.0,-30.0,0.75,-30.363481312623446,464.843794253149,-16.300544886845497,466.1137942531491
60.0,-15.0,-30.0,0.75,-30.77651868737655,465.5599999999999,-16.283481312623444,466.86
45.0,-15.0,-30.0,0.75,-31.215973800531057,466.10493450132753,-16.239999999999995,467.4249345013275
30.0,-15.0,-30.0,0.75,-31.71,466.4854289136855,-16.19108977369099,467.83542891368546
15.0,-15.0,-30.0,0.75,-32.0905448868455,466.76727556577254,-16.13407667395652,468.1408073528835
0.0,-15.0,-30.0,0.75,-32.359505587642076,466.81059536133307,-16.05402619946894,468.20059536133294
-15.0,-15.0,-30.0,0.75,-32.56272443422748,466.6951969673657,-15.906468212888974,468.09519696736555
-30.0,-15.0,-30.0,0.75,-32.84651868737655,466.4332998407911,-15.756468212888972,467.8532998407911
-45.0,-15.0,-30.0,0.75,-32.95402619946894,465.9940261994689,-15.56597380053106,467.4140261994689
-60.0,-15.0,-30.0,0.75,-33.046518687376555,465.4294551131546,-15.343531787111022,466.8494551131545
-75.0,-15.0,-30.0,0.75,-33.072179547381985,464.840524932076,-15.048102873425464,466.25106981892156
-75.0,-30.0,-30.0,0.75,-33.68,464.7303129405256,-14.586518687376554,466.1703129405256
-60.0,-30.0,-30.0,0.75,-33.65701309973446,465.3191926471165,-14.949999999999996,466.76919264711637
-45.0,-30.0,-30.0,0.75,-33.44049441235792,465.89483355235245,-15.142986900265528,467.33483355235245
-30.0,-30.0,-30.0,0.75,-33.181533711561336,466.3425730107647,-15.301584186048908,467.7665992102337
-15.0,-30.0,-30.0,0.75,-32.81298690026553,466.66623626656906,-15.43,468.06623626656904
0.0,-30.0,-30.0,0.75,-32.40353178711102,466.8537942531491,-15.522442013420033,468.233794253149
15.0,-30.0,-30.0,0.75,-31.838153347913035,466.8034813126234,-15.531634660536486,468.14348131262335
30.0,-30.0,-30.0,0.75,-31.284076673956513,466.6340261994689,-15.517557986579964,467.9340261994689
45.0,-30.0,-30.0,0.75,-30.668960700796585,466.30896070079655,-15.51,467.5689607007965
60.0,-30.0,-30.0,0.75,-30.02701309973447,465.7479214015931,-15.464026199468941,466.9679214015932
75.0,-30.0,-30.0,0.75,-29.519949525512416,464.8960242750186,-15.34651868737655,466.07602427501865
75.0,-45.0,-30.0,0.75,-28.61566086000543,465.17184665208686,-14.086256221338505,466.26184665208694
60.0,-45.0,-30.0,0.75,-29.449999999999992,465.9875579865799,-14.494076673956522,467.1375579865799
45.0,-45.0,-30.0,0.75,-30.23407667395652,466.6116346605364,-14.70701309973447,467.8127244342274
30.0,-45.0,-30.0,0.75,-31.099949525512418,466.95447013733923,-14.850544886845496,468.2209383502282
15.0,-45.0,-30.0,0.75,-31.85701309973447,467.09896070079645,-14.952986900265527,468.4189607007965
0.0,-45.0,-30.0,0.75,-32.56999999999999,467.1181028734255,-14.955923326043477,468.48810287342536
-15.0,-45.0,-30.0,0.75,-33.15163466053649,466.86646821288895,-14.890544886845495,468.276468212889
-30.0,-45.0,-30.0,0.75,-33.65054488684549,466.40706357422204,-14.769455113154503,467.847063574222
-45.0,-45.0,-30.0,0.75,-34.09592332604348,465.8838142079184,-14.639999999999999,467.35381420791845
-60.0,-45.0,-30.0,0.75,-34.40407667395652,465.2759233260433,-14.473481312623447,466.7659233260435
-75.0,-45.0,-30.0,0.75,-34.475378439197975,464.5807263586778,-14.029455113154503,466.06072635867775
-75.0,-60.0,-30.0,0.75,-35.369455113154494,464.22348131262333,-13.127013099734473,465.7529364257779
-60.0,-60.0,-30.0,0.75,-35.10994952551241,465.1802119915504,-13.75706357422205,466.7002119915505
-45.0,-60.0,-30.0,0.75,-34.65542891368556,465.96566086000536,-14.030595361333074,467.4556608600053
-30.0,-60.0,-30.0,0.75,-34.20298690026553,466.5989102263091,-14.209455113154505,468.058910226309
-15.0,-60.0,-30.0,0.75,-33.43950558764208,467.0832493663035,-14.287557986579966,468.4932493663036
0.0,-60.0,-30.0,0.75,-32.577013099734465,467.3910392992034,-14.302986900265529,468.74103929920335
15.0,-60.0,-30.0,0.75,-31.74651868737655,467.5841271484441,-14.227557986579965,468.874127148444
30.0,-60.0,-30.0,0.75,-30.730544886845493,467.383794253149,-14.042442013420027,468.59433913999453
45.0,-60.0,-30.0,0.75,-29.648647760270958,467.09244201342,-13.719999999999997,468.2324420134201
60.0,-60.0,-30.0,0.75,-28.64701309973447,466.43488402683994,-13.189949525512418,467.49488402684005
75.0,-60.0,-30.0,0.75,-27.238960700796586,465.4318466520869,-12.214621560802016,466.38184665208695
75.0,-75.0,-30.0,0.75,-25.0,464.8040261994689,-9.65,465.5740261994689
60.0,-75.0,-30.0,0.75,-27.65103929920341,466.63,-11.109455113154501,467.5770130997344
45.0,-75.0,-30.0,0.75,-29.234833552352487,467.5692736413221,-12.076468212888976,468.6292736413222
30.0,-75.0,-30.0,0.75,-30.589455113154504,468.05750751209234,-12.687557986579966,469.2239757249813
15.0,-75.0,-30.0,0.75,-31.807557986579962,468.1054793881731,-13.059455113154502,469.3654793881732
0.0,-75.0,-30.0,0.75,-32.946518687376546,467.83412714844405,-13.216468212888975,469.17412714844403
-15.0,-75.0,-30.0,0.75,-33.88755798657997,467.3765691618641,-13.18407667395652,468.78656916186407
-30.0,-75.0,-30.0,0.75,-34.8594551131545,466.7682038224006,-13.037013099734466,468.2482038224006
-45.0,-75.0,-30.0,0.75,-35.48108977369098,465.9659233260435,-12.723531787111025,467.4859233260434
-60.0,-75.0,-30.0,0.75,-36.14597380053106,464.81194760106206,-12.317013099734469,466.37194760106206
-75.0,-75.0,-30.0,0.75,-37.017557986579966,463.08927364132217,-11.65701309973447,464.70927364132217
-75.0,-75.0,-15.0,0.75,-36.44348131262345,463.01049441235784,-14.287275565772518,464.6599495255124
-60.0,-75.0,-15.0,0.75,-36.031089773690994,464.02732604026005,-13.807013099734469,465.62732604025996
-45.0,-75.0,-15.0,0.75,-35.54940463866693,464.9758728515559,-13.836468212888976,466.5358728515559
-30.0,-75.0,-15.0,0.75,-34.81,465.8405448868455,-13.919999999999998,467.34054488684546
-15.0,-75.0,-15.0,0.75,-33.82597380053105,466.59732604026004,-13.987013099734472,468.02732604026005
0.0,-75.0,-15.0,0.75,-32.72597380053106,467.03433913999453,-13.965973800531058,468.3843391399945
15.0,-75.0,-15.0,0.75,-31.42592332604347,467.22348131262333,-13.789999999999997,468.47348131262345
30.0,-75.0,-15.0,0.75,-30.038102873425462,467.0290916981413,-13.493481312623445,468.17963658498684
45.0,-75.0,-15.0,0.75,-28.531089773690987,466.5339757249813,-13.102442013420031,467.58397572498137
60.0,-75.0,-15.0,0.75,-27.0294551131545,465.6064177384013,-12.691089773690992,466.5564177384013
75.0,-75.0,-15.0,0.75,-25.602986900265524,464.498153347913,-12.658910226309008,465.36815334791305
75.0,-60.0,-15.0,0.75,-26.836468212888974,464.2394551131545,-13.623531787111023,465.20945511315455
60.0,-60.0,-15.0,0.75,-28.199999999999996,465.322774908715,-13.8994551131545,466.382774908715
45.0,-60.0,-15.0,0.75,-29.395973800531053,466.2580523989379,-14.234026199468941,467.3980523989378
30.0,-60.0,-15.0,0.75,-30.50244201342003,466.68467203528957,-14.496518687376552,467.9041271484441
15.0,-60.0,-15.0,0.75,-31.59353178711102,466.81353178711106,-14.669455113154502,468.10353178711097
0.0,-60.0,-15.0,0.75,-32.678910226309,466.78493450132765,-14.780494412357914,468.1549345013276
-15.0,-60.0,-15.0,0.75,-33.44701309973447,466.548415813951,-14.755923326043478,467.97488402684
-30.0,-60.0,-15.0,0.75,-34.21755798657996,465.88597380053096,-14.684571086314438,467.365973800531
-45.0,-60.0,-15.0,0.75,-34.79,465.2699999999999,-14.532986900265527,466.78999999999996
-60.0,-60.0,-15.0,0.75,-35.281089773690994,464.444621560802,-14.362986900265525,465.9951664476474
-75.0,-60.0,-15.0,0.75,-35.5794551131545,463.55272443422734,-14.27701309973447,465.13272443422744
-75.0,-45.0,-15.0,0.75,-34.75592332604347,463.99701309973443,-14.611897126574535,465.5170130997344
-60.0,-45.0,-15.0,0.75,-34.48537843919798,464.6834308381358,-14.859455113154503,466.19343083813584
-45.0,-45.0,-15.0,0.75,-34.13641773840139,465.30869823475854,-15.070544886845495,466.7986982347585
-30.0,-45.0,-15.0,0.75,-33.66891022630901,465.89098882471586,-15.23,467.3509888247158
-15.0,-45.0,-15.0,0.75,-33.05298690026552,466.241089773691,-15.3194551131545,467.6610897736909
0.0,-45.0,-15.0,0.75,-32.46592332604348,466.48615527236336,-15.372986900265529,467.8656103855178
15.0,-45.0,-15.0,0.75,-31.605973800531057,466.5689607007964,-15.35402619946894,467.8889607007965
30.0,-45.0,-15.0,0.75,-30.830050474487575,466.36049441235787,-15.306468212888973,467.6204944123578
45.0,-45.0,-15.0,0.75,-29.97810287342546,465.8816346605364,-15.18108977369099,467.08864776027093
60.0,-45.0,-15.0,0.75,-29.077507512092385,465.12810287342535,-15.00244201342003,466.2745710863144
75.0,-45.0,-15.0,0.75,-28.124076673956523,464.12326932107294,-14.819455113154504,465.2032693210729
75.0,-30.0,-15.0,0.75,-29.289999999999996,464.137063574222,-15.80407667395652,465.32706357422194
60.0,-30.0,-15.0,0.9999999999999998,-29.9794551131545,465.09488402684,-15.84646821288897,466.32488402684
45.0,-30.0,-15.0,0.75,-30.617013099734468,465.6640261994689,-15.879999999999999,466.9340261994689
30.0,-30.0,-15.0,0.75,-31.223481312623438,466.17750751209235,-15.899455113154502,467.48750751209235
15.0,-30.0,-15.0,0.75,-31.83108977369099,466.33516644764745,-15.872986900265527,467.6851664476475
0.0,-30.0,-15.0,0.75,-32.34891022630901,466.4575075120923,-15.820544886845493,467.8375075120923
-15.0,-30.0,-15.0,0.75,-32.808153347913034,466.26407667395654,-15.733531787111025,467.67407667395645
-30.0,-30.0,-15.0,0.75,-33.22353178711102,465.957820452618,-15.613481312623444,467.39782045261796
-45.0,-30.0,-15.0,0.75,-33.5426739597399,465.46321884658533,-15.44,466.92321884658537
-60.0,-30.0,-15.0,0.75,-33.792936425777945,464.87836533946347,-15.217013099734471,466.3483653394635
-75.0,-30.0,-15.0,0.75,-33.989192647116454,464.2140766739564,-14.901140248178573,465.69407667395654
-75.0,-15.0,-15.0,0.75,-33.222986900265525,464.286569161864,-15.150000000000002,465.71656916186413
-60.0,-15.0,-15.0,0.75,-33.03158418604891,464.8960242750186,-15.459999999999999,466.3160242750186
-45.0,-15.0,-15.0,0.75,-32.9594551131545,465.51755798657985,-15.709999999999999,466.93755798658
-30.0,-15.0,-15.0,0.75,-32.82244201342004,465.8908073528834,-15.92353178711102,467.31080735288344
-15.0,-15.0,-15.0,0.75,-32.54706357422205,466.1830373747531,-16.0905448868455,467.59303737475307
0.0,-15.0,-15.0,0.75,-32.25,466.31651868737646,-16.242391538932452,467.70651868737644
15.0,-15.0,-15.0,0.75,-31.925973800531054,466.2370130997345,-16.332986900265524,467.60701309973444
30.0,-15.0,-15.0,0.75,-31.529949525512418,466.04457108631436,-16.38651868737655,467.39457108631433
45.0,-15.0,-15.0,0.75,-31.148910226309003,465.641089773691,-16.4694551131545,466.9705448868454
60.0,-15.0,-15.0,0.75,-30.64701309973447,465.0662867410567,-16.491089773690987,466.36329984079117
75.0,-15.0,-15.0,0.75,-30.242986900265524,464.2394551131544,-16.542442013420033,465.5094551131545
75.0,0.0,-15.0,0.75,-31.098910226309005,464.41270447945806,-17.277013099734468,465.7721595926126
60.0,0.0,-15.0,0.75,-31.41402619946894,465.08407667395636,-17.173481312623444,466.4540766739564
45.0,0.0,-15.0,0.75,-31.672442013420028,465.74901117528407,-17.050544886845493,467.1290111752841
30.0,0.0,-15.0,0.75,-31.851039299203414,466.13212907289443,-16.948910226309007,467.5221290728944
15.0,0.0,-15.0,0.75,-32.12189712657454,466.3264682128889,-16.85135223972904,467.726468212889
0.0,0.0,-15.0,0.75,-32.29755798657995,466.41462156080206,-16.71701309973447,467.82462156080203
-15.0,0.0,-15.0,0.75,-32.433531787111015,466.34999999999997,-16.552986900265527,467.76298690026545
-30.0,0.0,-15.0,0.75,-32.50457108631443,466.08005047448756,-16.349999999999998,467.4900504744876
-45.0,0.0,-15.0,0.75,-32.50646821288897,465.69864776027094,-16.121089773690993,467.1086477602709
-60.0,0.0,-15.0,0.75,-32.53407667395652,465.19140271421657,-15.854076673956516,466.59140271421654
-75.0,0.0,-15.0,0.75,-32.53,464.41059536133304,-15.526518687376553,465.800595361333
-75.0,15.0,-15.0,0.75,-31.695166447647512,464.655973800531,-15.738859751821428,465.99597380053103
-60.0,15.0,-15.0,0.75,-31.846468212888972,465.3745710863144,-16.041634660536484,466.7345710863143
-45.0,15.0,-15.0,0.75,-32.04537843919797,465.89516644764745,-16.33651868737655,467.27516644764745
-30.0,15.0,-15.0,0.75,-32.15189712657453,466.32452061182687,-16.58701309973447,467.72397572498124
-15.0,15.0,-15.0,0.75,-32.239999999999995,466.55,-16.81,467.96000000000004
0.0,15.0,-15.0,0.75,-32.35896070079659,466.5299999999999,-17.012986900265528,467.95298690026556
15.0,15.0,-15.0,0.75,-32.28244201342003,466.4672755657725,-17.160544886845496,467.8972755657724
30.0,15.0,-15.0,0.75,-32.26130176524146,466.20072635867774,-17.32537843919798,467.63072635867775
45.0,15.0,-15.0,0.75,-32.152936425777945,465.7729364257779,-17.481897126574534,467.2029364257778
60.0,15.0,-15.0,0.75,-32.08070640390838,465.258910226309,-17.60841581395109,466.68891022630896
75.0,15.0,-15.0,0.75,-31.88054488684549,464.51135223972904,-17.762936425777948,465.941352239729
75.0,30.0,-15.0,0.75,-32.608365339463504,464.6565186873765,-18.384884026840062,466.1565186873765
60.0,30.0,-15.0,0.75,-32.66701309973447,465.33114024817866,-18.195428913685557,466.8211402481786
45.0,30.0,-15.0,0.75,-32.669455113154505,465.9872755657725,-18.028910226309005,467.47727556577246
30.0,30.0,-15.0,0.75,-32.51794135636257,466.3588597518214,-17.834621560802013,467.8288597518213
15.0,30.0,-15.0,0.75,-32.4394551131545,466.615711334493,-17.621089773690993,468.06571133449296
0.0,30.0,-15.0,0.75,-32.35646821288898,466.76173560951156,-17.4394551131545,468.20173560951156
-15.0,30.0,-15.0,0.75,-32.07755798657996,466.7238447276366,-17.212986900265527,468.13384472763664
-30.0,30.0,-15.0,0.75,-31.862986900265525,466.5051159731599,-16.998910226309007,467.8951159731599
-45.0,30.0,-15.0,0.75,-31.5394551131545,466.0754488684549,-16.700544886845492,467.43544886845496
-60.0,30.0,-15.0,0.75,-31.202673959739897,465.597820452618,-16.43108977369099,466.92782045261794
-75.0,30.0,-15.0,0.75,-30.769999999999996,464.92239153893246,-16.109505587642083,466.2123915389325
-75.0,45.0,-15.0,0.75,-30.039999999999996,465.3029364257779,-16.627820452618014,466.56293642577793
-60.0,45.0,-15.0,0.75,-30.63646821288897,465.9918466520869,-16.925923326043478,467.3018466520869
-45.0,45.0,-15.0,0.75,-31.06407667395652,466.54148323707375,-17.201089773690992,467.8820281239192
-30.0,45.0,-15.0,0.75,-31.569455113154504,466.85272443422747,-17.47353178711102,468.24272443422745
-15.0,45.0,-15.0,0.75,-32.001897126574534,467.03729552054193,-17.732986900265526,468.4667506336964
0.0,45.0,-15.0,0.75,-32.38651868737655,467.066205746851,-17.947608461067546,468.52620574685085
15.0,45.0,-15.0,0.75,-32.779071743371894,467.0153784391979,-18.17189712657453,468.5118466520869
30.0,45.0,-15.0,0.75,-32.98407667395652,466.7221290728943,-18.369999999999997,468.2421290728944
45.0,45.0,-15.0,0.75,-33.18999999999999,466.16711404870955,-18.597557986579965,467.7141271484441
60.0,45.0,-15.0,0.75,-33.41950558764208,465.58080735288354,-18.833531787111024,467.15080735288353
75.0,45.0,-15.0,0.75,-33.510544886845494,464.92026246603797,-19.062442013420032,466.51026246603806
75.0,60.0,-15.0,0.75,-34.31701309973447,465.11493450132764,-19.66,466.78493450132765
60.0,60.0,-15.0,0.75,-34.15108977369099,465.9680523989378,-19.399999999999995,467.6180523989378
45.0,60.0,-15.0,0.75,-33.841584186048905,466.66506549867233,-19.133531787111025,468.27506549867235
30.0,60.0,-15.0,0.75,-33.47244201342003,467.1327244342273,-18.86701309973447,468.70272443422743
15.0,60.0,-15.0,0.75,-33.03059536133308,467.53885975182146,-18.610544886845496,469.06885975182144
0.0,60.0,-15.0,0.75,-32.542986900265525,467.6189607007966,-18.36701309973447,469.10896070079656
-15.0,60.0,-15.0,0.75,-31.9,467.54999999999995,-18.105973800531057,468.97999999999996
-30.0,60.0,-15.0,0.75,-31.3194551131545,467.2945206118269,-17.865973800531055,468.6745206118269
-45.0,60.0,-15.0,0.75,-30.66760846106754,466.93407667395644,-17.647557986579965,468.264621560802
-60.0,60.0,-15.0,0.75,-30.036468212888977,466.406730678927,-17.42755798657997,467.696730678927
-75.0,60.0,-15.0,0.75,-29.28651868737655,465.8064177384013,-17.157557986579967,467.03641773840144
-75.0,75.0,-15.0,0.75,-28.661897126574534,466.20592332604343,-17.742391538932452,467.4159233260434
-60.0,75.0,-15.0,0.75,-29.467013099734473,466.86103929920336,-18.058960700796586,468.13103929920345
-45.0,75.0,-15.0,0.75,-30.21651868737655,467.39701309973435,-18.232986900265526,468.7205448868455
-30.0,75.0,-15.0,0.75,-30.990807352883547,467.8705448868454,-18.42701309973447,469.2505448868455
-15.0,75.0,-15.0,0.75,-31.699899051024836,468.2142886655069,-18.632442013420032,469.65075687839595
0.0,75.0,-15.0,0.75,-32.519949525512416,468.32103929920333,-18.899999999999995,469.82103929920333
15.0,75.0,-15.0,0.75,-33.32592332604347,468.17755798657987,-19.160544886845493,469.74755798657986
30.0,75.0,-15.0,0.75,-33.95940463866692,467.79566086000534,-19.43592332604348,469.4256608600054
45.0,75.0,-15.0,0.75,-34.524127148444094,467.2242381910194,-19.690544886845498,468.9042381910194
60.0,75.0,-15.0,0.75,-34.939455113154494,466.3372955205418,-19.975973800531055,468.06729552054196
75.0,75.0,-15.0,0.75,-35.27298690026553,465.3849345013276,-20.222986900265525,467.15493450132755
75.0,75.0,0.0,0.75,-35.332986900265524,464.93433913999445,-20.15054488684549,466.7043391399946
60.0,75.0,0.0,0.75,-35.01869823475854,465.80782045261793,-19.854076673956516,467.53836533946344
45.0,75.0,0.0,0.75,-34.59646821288897,466.64787092710554,-19.5894551131545,468.33732604026005
30.0,75.0,0.0,0.75,-34.043925250493785,467.2905448868454,-19.289455113154503,468.92054488684545
15.0,75.0,0.0,0.75,-33.37059536133307,467.7551159731599,-19.00701309973447,469.3251159731599
0.0,75.0,0.0,0.75,-32.654621560802006,467.86836533946337,-18.682986900265526,469.3718971265745
-15.0,75.0,0.0,0.75,-31.794076673956518,467.72244201342005,-18.33108977369099,469.15244201342
-30.0,75.0,0.0,0.75,-30.95217954738198,467.3694551131545,-18.031634660536486,468.7394551131544
-45.0,75.0,0.0,0.75,-30.1362562213385,466.83760846106753,-17.751089773690993,468.1381533479129
-60.0,75.0,0.0,0.75,-29.386468212888975,466.2500504744876,-17.54,467.5000504744876
-75.0,75.0,0.0,0.75,-28.586256221338505,465.49267395973993,-17.379999999999995,466.6926739597399
-75.0,60.0,0.0,0.75,-29.33298690026552,465.15005047448756,-16.74108977369099,466.3700504744876
-60.0,60.0,0.0,0.75,-30.02308784924068,465.86547938817307,-17.08244201342003,467.1384662884385
-45.0,60.0,0.0,0.75,-30.66010094897515,466.53646821288896,-17.402391538932452,467.86000000000007
-30.0,60.0,0.0,0.75,-31.20402619946894,467.00566086000543,-17.693481312623444,468.3756608600054
-15.0,60.0,0.0,0.75,-31.869999999999997,467.2779214015932,-17.985973800531056,468.70792140159307
0.0,60.0,0.0,0.75,-32.490050474487575,467.3207568783959,-18.298910226309008,468.80075687839593
15.0,60.0,0.0,0.75,-32.95537843919798,467.1740766739564,-18.556468212888973,468.6940766739565
30.0,60.0,0.0,0.75,-33.40506549867236,466.82909169814127,-18.798960700796588,468.3990916981412
45.0,60.0,0.0,0.75,-33.83054488684549,466.1975579865799,-19.06054488684549,467.8075579865799
60.0,60.0,0.0,0.75,-34.17059536133306,465.53098882471573,-19.30701309973447,467.18098882471577
75.0,60.0,0.0,0.75,-34.467013099734466,464.6659738005311,-19.55701309973447,466.34597380053094
75.0,45.0,0.0,0.75,-33.6394551131545,464.4437437786615,-19.04353178711102,466.0437437786615
60.0,45.0,0.0,0.75,-33.42950558764208,465.1948335523524,-18.820544886845497,466.76782045261797
45.0,45.0,0.0,0.75,-33.24646821288897,465.8170130997344,-18.578102873425458,467.36701309973444
30.0,45.0,0.0,0.75,-33.069404638666924,466.2829869002655,-18.369999999999997,467.81298690026546
15.0,45.0,0.0,0.75,-32.73950558764208,466.6167001592088,-18.136518687376547,468.10968705947425
0.0,45.0,0.0,0.75,-32.380050474487575,466.8040261994689,-17.895973800531056,468.26402619946884
-15.0,45.0,0.0,0.75,-32.03646821288897,466.7081533479131,-17.642986900265527,468.13815334791303
-30.0,45.0,0.0,0.75,-31.64407667395652,466.4469626252469,-17.356518687376553,467.8369626252469
-45.0,45.0,0.0,0.75,-31.13597380053105,466.0580523989378,-17.05701309973447,467.4010392992034
-60.0,45.0,0.0,0.75,-30.682341064444874,465.4721290728944,-16.735923326043476,466.77859728578335
-75.0,45.0,0.0,0.75,-30.135166447647507,464.7038142079184,-16.354076673956524,465.96381420791846
-75.0,30.0,0.0,0.75,-31.017557986579963,464.3326739597398,-16.08,465.64267395973974
-60.0,30.0,0.0,0.75,-31.347013099734472,465.13135223972904,-16.43597380053106,466.471352239729
-45.0,30.0,0.0,0.75,-31.589999999999996,465.645973800531,-16.7494551131545,467.01597380053096
-30.0,30.0,0.0,0.75,-31.92950558764208,466.14000000000004,-17.059455113154502,467.53999999999996
-15.0,30.0,0.0,0.75,-32.13462156080202,466.4389102263089,-17.320050474487577,467.858910226309
0.0,30.0,0.0,0.75,-32.429455113154496,466.45428866550697,-17.597013099734472,467.9042886655069
15.0,30.0,0.0,0.75,-32.55994952551242,466.35971757919253,-17.799455113154504,467.8297175791926
30.0,30.0,0.0,0.75,-32.67885975182143,466.0140261994689,-17.99353178711102,467.5010392992034
45.0,30.0,0.0,0.75,-32.72,465.57049441235796,-18.171089773690994,467.0704944123579
60.0,30.0,0.0,0.75,-32.79,464.95597380053096,-18.37701309973447,466.465973800531
75.0,30.0,0.0,0.75,-32.83701309973446,464.1522804963571,-18.582442013420028,465.68228049635707
75.0,15.0,0.0,0.75,-32.12272443422748,464.03646821288896,-17.93978800844953,465.4870130997345
60.0,15.0,0.0,0.75,-32.235923326043476,464.7154289136855,-17.777557986579968,466.1654289136855
45.0,15.0,0.0,0.75,-32.39,465.2594046386668,-17.63,466.70940463866685
30.0,15.0,0.0,0.75,-32.476417738401395,465.66212907289434,-17.46701309973447,467.11212907289433
15.0,15.0,0.0,0.75,-32.45462156080202,465.9801009489752,-17.295973800531055,467.4206458358206
0.0,15.0,0.0,0.75,-32.47348131262344,466.10140271421665,-17.099999999999998,467.54140271421664
-15.0,15.0,0.0,0.75,-32.470544886845495,466.031352239729,-16.89163466053649,467.46135223972897
-30.0,15.0,0.0,0.75,-32.36706357422205,465.7932693210729,-16.652442013420032,467.206801108184
-45.0,15.0,0.0,0.75,-32.21755798657996,465.46914217262884,-16.389455113154504,466.86914217262876
-60.0,15.0,0.0,0.75,-32.05,464.897063574222,-16.053531787111023,466.27059536133305
-75.0,15.0,0.0,0.75,-31.964076673956523,464.0864682128888,-15.702986900265527,465.44646821288893
-75.0,0.0,0.0,0.75,-32.77298690026552,463.92701309973444,-15.713531787111025,465.3470130997344
-60.0,0.0,0.0,0.75,-32.60999999999999,464.7367306789269,-16.06727556577252,466.14673067892693
-45.0,0.0,0.0,0.75,-32.6053279647104,465.3083148649759,-16.318910226309008,466.7283148649758
-30.0,0.0,0.0,0.75,-32.55896070079658,465.691947601062,-16.572986900265526,467.1219476010621
-15.0,0.0,0.0,0.75,-32.46,465.9745710863143,-16.79353178711102,467.40457108631443
0.0,0.0,0.0,0.75,-32.30532796471041,466.0978709271055,-16.96,467.51787092710555
15.0,0.0,0.0,0.75,-32.08298690026553,465.9750654986723,-17.10701309973447,467.3850654986723
30.0,0.0,0.0,0.75,-31.839999999999993,465.70945511315443,-17.248365339463508,467.1094551131545
45.0,0.0,0.0,0.75,-31.586518687376547,465.288153347913,-17.36701309973447,466.678153347913
60.0,0.0,0.0,0.75,-31.361897126574533,464.6783148649759,-17.49353178711102,466.05831486497596
75.0,0.0,0.0,0.75,-31.114026199468938,463.8915841860489,-17.605973800531057,465.2615841860488
75.0,-15.0,0.0,0.75,-30.212442013420034,463.79244201342,-16.940595361333074,465.0824420134199
60.0,-15.0,0.0,0.75,-30.592986900265522,464.6320785984068,-16.879999999999995,465.94207859840674
45.0,-15.0,0.0,0.75,-31.11597380053105,465.18407667395644,-16.800544886845493,466.5240766739565
30.0,-15.0,0.0,0.75,-31.486569161864125,465.6489102263089,-16.71701309973447,467.00891022630907
15.0,-15.0,0.0,0.75,-31.898102873425458,465.8556103855178,-16.633481312623445,467.2356103855178
0.0,-15.0,0.0,0.75,-32.262986900265524,465.9940261994689,-16.510544886845494,467.3940261994688
-15.0,-15.0,0.0,0.75,-32.62859728578338,465.942936425778,-16.392986900265527,467.36293642577795
-30.0,-15.0,0.0,0.75,-32.83,465.6853279647103,-16.19462156080202,467.11532796471033
-45.0,-15.0,0.0,0.75,-33.015115973159936,465.2810897736909,-15.968102873425464,466.721089773691
-60.0,-15.0,0.0,0.75,-33.177013099734474,464.6729869002655,-15.719999999999999,466.1129869002656
-75.0,-15.0,0.0,0.75,-33.41108977369099,464.00701309973437,-15.42407667395652,465.45701309973447
-75.0,-30.0,0.0,0.75,-34.00755798657996,463.89311789761024,-15.205115973159936,465.3831178976102
-60.0,-30.0,0.0,0.75,-33.66696262524689,464.50891022630896,-15.506468212888972,465.978910226309
-45.0,-30.0,0.0,0.75,-33.41701309973447,465.05000000000007,-15.737013099734472,466.51
-30.0,-30.0,0.0,0.75,-33.1094551131545,465.57891022630884,-15.922179547381985,467.01891022630895
-15.0,-30.0,0.0,0.75,-32.67298690026552,465.833794253149,-16.086468212888974,467.2537942531491
0.0,-30.0,0.0,0.75,-32.16701309973447,465.9914027142166,-16.183531787111026,467.3714027142166
15.0,-30.0,0.0,0.75,-31.599999999999994,465.9219476010621,-16.261897126574535,467.2719476010621
30.0,-30.0,0.0,0.75,-31.01,465.70381420791836,-16.289455113154503,467.01381420791853
45.0,-30.0,0.0,0.75,-30.378365339463507,465.23805239893784,-16.29836533946351,466.5080523989379
60.0,-30.0,0.0,0.75,-29.72782045261801,464.515640905236,-16.310544886845495,465.745640905236
75.0,-30.0,0.0,0.75,-29.094339139994563,463.6148335523525,-16.3,464.80483355235253
75.0,-45.0,0.0,0.75,-27.983531787111023,463.41108977369095,-15.619999999999996,464.51108977369097
60.0,-45.0,0.0,0.75,-28.905428913685558,464.508415813951,-15.709455113154503,465.6684158139511
45.0,-45.0,0.0,0.75,-29.84163466053648,465.26701309973436,-15.776518687376553,466.48701309973455
30.0,-45.0,0.0,0.75,-30.707013099734468,465.707063574222,-15.835973800531056,466.97706357422203
15.0,-45.0,0.0,0.75,-31.60646821288897,466.0111402481786,-15.896468212888974,467.35114024817847
0.0,-45.0,0.0,0.75,-32.353531787111024,466.06696262524684,-15.897013099734469,467.45696262524683
-15.0,-45.0,0.0,0.75,-33.05298690026552,465.83701309973435,-15.822986900265528,467.26701309973447
-30.0,-45.0,0.0,0.75,-33.67407667395652,465.4480523989378,-15.736468212888974,466.92805239893784
-45.0,-45.0,0.0,0.75,-34.11217954738198,464.9045206118268,-15.576518687376554,466.4080523989379
-60.0,-45.0,0.0,0.75,-34.48,464.2832493663036,-15.38,465.8132493663036
-75.0,-45.0,0.0,0.75,-34.79810287342546,463.59217954738193,-15.134571086314438,465.1397375339619
-75.0,-60.0,0.0,0.75,-35.41108977369099,463.1865186873766,-14.921089773690992,464.77651868737655
-60.0,-60.0,0.0,0.75,-35.07,463.941947601062,-15.169999999999998,465.5119476010621
-45.0,-60.0,0.0,0.75,-34.688960700796585,464.72999999999996,-15.323531787111026,466.2699999999999
-30.0,-60.0,0.0,0.75,-34.11189712657453,465.40138275944724,-15.45836533946351,466.9013827594472
-15.0,-60.0,0.0,0.75,-33.31244201342003,465.8554289136855,-15.522986900265527,467.29542891368556
0.0,-60.0,0.0,0.75,-32.34542891368556,466.2440766739565,-15.539999999999997,467.6140766739565
15.0,-60.0,0.0,0.75,-31.263481312623444,466.24999999999994,-15.43108977369099,467.54999999999995
30.0,-60.0,0.0,0.75,-30.12701309973447,466.04,-15.302986900265525,467.26
45.0,-60.0,0.0,0.75,-28.835923326043474,465.47859728578334,-15.06701309973447,466.60859728578333
60.0,-60.0,0.0,0.75,-27.671634660536494,464.5532693210729,-14.840544886845493,465.6038142079185
75.0,-60.0,0.0,0.75,-26.54298690026552,463.28782045261795,-14.57701309973447,464.267820452618
75.0,-75.0,0.0,0.75,-25.07973753396195,463.218314864976,-12.689737533961951,464.06831486497583
60.0,-75.0,0.0,0.75,-26.550544886845497,464.71641773840145,-13.592936425777948,465.6664177384013
45.0,-75.0,0.0,0.75,-28.12836533946351,465.6700504744876,-14.081089773690993,466.72950558764205
30.0,-75.0,0.0,0.75,-29.709455113154497,466.3740261994689,-14.475923326043478,467.5340261994689
15.0,-75.0,0.0,0.75,-31.291897126574533,466.5365186873765,-14.773531787111025,467.8165186873765
0.0,-75.0,0.0,0.75,-32.60407667395652,466.4194551131544,-14.985923326043478,467.7894551131545
-15.0,-75.0,0.0,0.75,-33.923531787111024,465.99914217262886,-15.024621560802016,467.46914217262884
-30.0,-75.0,0.0,0.75,-34.86054488684549,465.3665186873765,-14.982986900265528,466.90651868737655
-45.0,-75.0,0.0,0.75,-35.53298690026553,464.4470130997344,-14.839999999999995,466.03701309973445
-60.0,-75.0,0.0,0.75,-36.06293642577795,463.49755798658,-14.646468212888974,465.1275579865799
-75.0,-75.0,0.0,0.75,-36.189243121604036,462.6216346605364,-14.221634660536484,464.25163466053647
-75.0,-75.0,15.0,0.75,-36.45184665208696,462.0191926471164,-15.787063574222048,463.7191926471165
-60.0,-75.0,15.0,0.75,-36.05896070079658,463.1237942531491,-15.859999999999998,464.79379425314903
-45.0,-75.0,15.0,0.75,-35.52184665208696,464.1140261994689,-15.957013099734471,465.7404944123578
-30.0,-75.0,15.0,0.75,-34.74755798657997,464.99488402684005,-16.03402619946894,466.56488402684005
-15.0,-75.0,15.0,0.75,-33.757013099734465,465.76108977369086,-16.051089773690993,467.25108977369104
0.0,-75.0,15.0,0.75,-32.44353178711103,466.1799495255123,-15.992986900265528,467.57994952551235
15.0,-75.0,15.0,0.75,-30.99298690026552,466.20103929920333,-15.834026199468942,467.49103929920335
30.0,-75.0,15.0,0.75,-29.44537843919798,465.8264682128889,-15.609999999999996,467.01592332604343
45.0,-75.0,15.0,0.75,-27.76571133449301,465.10321884658543,-15.370544886845495,466.1832188465853
60.0,-75.0,15.0,0.75,-26.11701309973447,463.7324420134199,-15.160544886845493,464.71244201341995
75.0,-75.0,15.0,0.75,-24.29,461.7735317871109,-15.057013099734469,462.653531787111
75.0,-60.0,15.0,0.75,-26.4594551131545,462.57283547680277,-15.96701309973447,463.60283547680274
60.0,-60.0,15.0,0.75,-27.686468212888975,463.9653279647104,-15.980544886845497,465.06234106444475
45.0,-60.0,15.0,0.75,-28.873481312623447,464.9429364257779,-16.04810287342546,466.11293642577795
30.0,-60.0,15.0,0.75,-30.139455113154497,465.59509601839056,-16.17727556577252,466.84509601839056
15.0,-60.0,15.0,0.75,-31.28483355235248,465.93940463866693,-16.22407667395652,467.26885975182137
0.0,-60.0,15.0,0.75,-32.37701309973447,465.9324924879076,-16.262986900265528,467.3324924879076
-15.0,-60.0,15.0,0.75,-33.328647760270954,465.70457108631433,-16.250544886845493,467.17457108631436
-30.0,-60.0,15.0,0.75,-34.14353178711102,465.197063574222,-16.20402619946894,466.72706357422203
-45.0,-60.0,15.0,0.75,-34.74755798657997,464.5665186873766,-16.099455113154505,466.13651868737645
-60.0,-60.0,15.0,0.75,-35.17005047448757,463.78701309973445,-15.978910226309008,465.38701309973453
-75.0,-60.0,15.0,0.75,-35.620544886845494,463.1029364257779,-15.810544886845495,464.73293642577795
-75.0,-45.0,15.0,0.75,-35.08,463.47896070079656,-15.772986900265527,465.0689607007966
-60.0,-45.0,15.0,0.75,-34.63,464.1665186873765,-15.977608461067547,465.7265186873765
-45.0,-45.0,15.0,0.75,-34.22103929920341,464.7223915389324,-16.14244201342003,466.2523915389325
-30.0,-45.0,15.0,0.75,-33.72841581395108,465.23013099734465,-16.28,466.73013099734465
-15.0,-45.0,15.0,0.75,-33.09651868737655,465.68343083813585,-16.37542891368556,467.1434308381358
0.0,-45.0,15.0,0.75,-32.36755798657997,465.78576180898057,-16.45701309973447,467.19576180898054
15.0,-45.0,15.0,0.75,-31.545973800531055,465.75999999999993,-16.479999999999997,467.10999999999996
30.0,-45.0,15.0,0.75,-30.67651868737655,465.42005047448754,-16.492986900265524,466.72005047448755
45.0,-45.0,15.0,0.75,-29.78750751209239,464.82914217262874,-16.503531787111022,466.06914217262886
60.0,-45.0,15.0,0.75,-28.923531787111024,464.04651868737653,-16.513531787111024,465.2365186873765
75.0,-45.0,15.0,0.75,-28.089949525512417,462.9566496847212,-16.565428913685558,464.0966496847212
75.0,-30.0,15.0,0.75,-29.190544886845498,463.2081028734254,-16.99,464.4286477602709
60.0,-30.0,15.0,0.75,-29.816468212888974,464.1651159731599,-16.907557986579967,465.4251159731599
45.0,-30.0,15.0,0.75,-30.36049441235792,464.8665691618641,-16.815923326043475,466.1565691618641
30.0,-30.0,15.0,0.75,-31.003481312623443,465.37303737475304,-16.742442013420032,466.7030373747531
15.0,-30.0,15.0,0.75,-31.66,465.6880523989378,-16.669999999999998,467.05805239893783
0.0,-30.0,15.0,0.75,-32.26945511315451,465.77620574685085,-16.580494412357915,467.1862057468509
-15.0,-30.0,15.0,0.75,-32.79810287342546,465.7223410644448,-16.467013099734473,467.16234106444483
-30.0,-30.0,15.0,0.75,-33.243531787111024,465.2229869002655,-16.303531787111027,466.69298690026545
-45.0,-30.0,15.0,0.75,-33.568647760270956,464.80428866550693,-16.134571086314438,466.29130176524137
-60.0,-30.0,15.0,0.75,-33.8894551131545,464.2472755657725,-15.89701309973447,465.7472755657725
-75.0,-30.0,15.0,0.75,-34.283481312623444,463.6524924879075,-15.650544886845497,465.1724924879076
-75.0,-15.0,15.0,0.75,-33.63999999999999,463.7189607007965,-15.732986900265528,465.19896070079653
-60.0,-15.0,15.0,0.75,-33.30727556577252,464.405640905236,-16.020544886845496,465.865640905236
-45.0,-15.0,15.0,0.75,-33.059999999999995,464.88189712657453,-16.281897126574535,466.33189712657446
-30.0,-15.0,15.0,0.75,-32.88114024817857,465.3045710863144,-16.503531787111026,466.7545710863144
-15.0,-15.0,15.0,0.75,-32.61885975182143,465.60760846106746,-16.708365339463512,467.0440766739565
0.0,-15.0,15.0,0.75,-32.25506549867235,465.75999999999993,-16.865973800531055,467.1740261994689
15.0,-15.0,15.0,0.75,-31.83597380053106,465.66701309973445,-16.985973800531056,467.05701309973443
30.0,-15.0,15.0,0.75,-31.412724434227478,465.35163466053643,-17.109455113154503,466.7216346605365
45.0,-15.0,15.0,0.75,-31.032986900265527,464.88760846106743,-17.207013099734468,466.23760846106745
60.0,-15.0,15.0,0.75,-30.59407667395652,464.2997175791925,-17.297557986579964,465.61971757919247
75.0,-15.0,15.0,0.75,-30.243481312623437,463.44103929920345,-17.402986900265528,464.7510392992034
75.0,0.0,15.0,0.75,-31.10646821288897,463.48082730765293,-17.805973800531056,464.8608273076529
60.0,0.0,15.0,0.75,-31.36701309973447,464.3089607007965,-17.705973800531055,465.6989607007965
45.0,0.0,15.0,0.75,-31.590544886845493,464.89326932107286,-17.56108977369099,466.2932693210729
30.0,0.0,15.0,0.75,-31.832724434227483,465.33130176524134,-17.441584186048907,466.7413017652414
15.0,0.0,15.0,0.75,-32.095923326043476,465.5864682128889,-17.282986900265527,467.00646821288893
0.0,0.0,15.0,0.75,-32.291089773690985,465.68706357422207,-17.119999999999997,467.117063574222
-15.0,0.0,15.0,0.75,-32.47805239893788,465.651947601062,-16.93298690026553,467.0819476010621
-30.0,0.0,15.0,0.75,-32.55,465.45194760106205,-16.69402619946894,466.88194760106205
-45.0,0.0,15.0,0.75,-32.664076673956515,465.08239153893237,-16.449455113154503,466.51239153893243
-60.0,0.0,15.0,0.75,-32.7805448868455,464.5294551131544,-16.157013099734467,465.95945511315443
-75.0,0.0,15.0,0.75,-32.89755798657997,463.8359233260435,-15.832986900265528,465.26592332604343
-75.0,15.0,15.0,0.75,-32.03407667395652,463.86251244267703,-15.805378439197979,465.23251244267686
-60.0,15.0,15.0,0.75,-32.06755798657996,464.6640766739565,-16.145973800531056,466.04407667395657
-45.0,15.0,15.0,0.75,-32.16,465.2489607007966,-16.484026199468943,466.6489607007966
-30.0,15.0,15.0,0.75,-32.172442013420024,465.6213017652414,-16.76706357422205,467.0313017652415
-15.0,15.0,15.0,0.75,-32.18597380053106,465.8769626252468,-17.015973800531057,467.28994952551244
0.0,15.0,15.0,0.75,-32.22940463866692,465.9046720352896,-17.269455113154503,467.3346720352895
15.0,15.0,15.0,0.75,-32.182936425777946,465.81023194631985,-17.459999999999997,467.24023194631985
30.0,15.0,15.0,0.75,-32.08706357422205,465.5086982347586,-17.620595361333073,466.9386982347586
45.0,15.0,15.0,0.75,-31.99706357422205,465.1151159731599,-17.779999999999998,466.5451159731599
60.0,15.0,15.0,0.75,-31.94298690026552,464.5551664476475,-17.946468212888973,465.9951664476474
75.0,15.0,15.0,0.75,-31.939999999999994,463.75859728578337,-18.092986900265526,465.20859728578336
75.0,30.0,15.0,0.75,-32.75999999999999,463.96999999999997,-18.572986900265526,465.48999999999995
60.0,30.0,15.0,0.75,-32.59701309973447,464.71651868737644,-18.392442013420034,466.2165186873765
45.0,30.0,15.0,0.75,-32.564359094763965,465.37641773840136,-18.211089773690993,466.8664177384013
30.0,30.0,15.0,0.75,-32.51706357422204,465.79452061182684,-18.029999999999998,467.2745206118269
15.0,30.0,15.0,0.75,-32.40054488684549,466.07239153893244,-17.797557986579967,467.5323915389324
0.0,30.0,15.0,0.75,-32.280050474487574,466.19945511315444,-17.59298690026553,467.6394551131544
-15.0,30.0,15.0,0.75,-32.077013099734465,466.1470130997344,-17.329999999999995,467.5670130997344
-30.0,30.0,15.0,0.75,-31.909404638666924,465.93592332604345,-17.049455113154504,467.3359233260433
-45.0,30.0,15.0,0.75,-31.681089773690985,465.5424924879075,-16.720544886845495,466.9124924879075
-60.0,30.0,15.0,0.75,-31.35592332604347,464.95059536133306,-16.352986900265527,466.2905953613329
-75.0,30.0,15.0,0.75,-31.12755798657996,464.1970130997344,-15.939999999999996,465.5070130997344
-75.0,45.0,15.0,0.75,-30.29597380053105,464.42303737475305,-16.103037374753104,465.68303737475304
-60.0,45.0,15.0,0.75,-30.70239153893245,465.2294046386669,-16.542442013420033,466.52940463866685
-45.0,45.0,15.0,0.75,-31.144076673956523,465.85940463866683,-16.9405448868455,467.19940463866686
-30.0,45.0,15.0,0.75,-31.617820452618012,466.22108977369095,-17.318910226309004,467.61054488684545
-15.0,45.0,15.0,0.75,-32.03966710470496,466.4740766739566,-17.654288665506986,467.9035317871109
0.0,45.0,15.0,0.75,-32.39656916186413,466.5929869002655,-17.943531787111024,468.0529869002656
15.0,45.0,15.0,0.75,-32.709455113154505,466.43696262524685,-18.182986900265526,467.92696262524674
30.0,45.0,15.0,0.75,-32.99244201342003,466.0994551131544,-18.425973800531054,467.62244201342
45.0,45.0,15.0,0.75,-33.20467203528959,465.6029364257779,-18.662986900265526,467.15293642577797
60.0,45.0,15.0,0.75,-33.39994952551242,465.00103929920334,-18.862936425777953,466.57750751209227
75.0,45.0,15.0,0.75,-33.595923326043476,464.2454289136856,-19.049455113154504,465.8454289136855
75.0,60.0,15.0,0.75,-34.54999999999999,464.4340261994689,-19.487013099734465,466.12402619946886
60.0,60.0,15.0,0.75,-34.32049441235791,465.31298690026546,-19.30994952551242,466.97298690026554
45.0,60.0,15.0,0.75,-33.97516644764751,465.9300504744876,-19.07810287342546,467.55005047448753
30.0,60.0,15.0,0.75,-33.61239153893245,466.4929869002656,-18.834571086314437,468.0729869002655
15.0,60.0,15.0,0.75,-33.13457108631443,466.88184665208684,-18.55701309973447,468.42184665208686
0.0,60.0,15.0,0.75,-32.610544886845496,466.97516644764755,-18.246468212888974,468.4651664476475
-15.0,60.0,15.0,0.75,-32.017557986579966,466.94859728578336,-17.910544886845493,468.3791421726288
-30.0,60.0,15.0,0.75,-31.444026199468937,466.70392525049374,-17.549999999999997,468.08392525049373
-45.0,60.0,15.0,0.75,-30.738748709246114,466.2270130997345,-17.134076673956518,467.54755798657993
-60.0,60.0,15.0,0.75,-30.157921401593168,465.44896070079653,-16.75701309973447,466.7189607007965
-75.0,60.0,15.0,0.75,-29.43397572498136,464.62267395973987,-16.31,465.83267395973974
-75.0,75.0,15.0,0.75,-28.45537843919798,464.70651868737656,-16.461897126574534,465.865973800531
-60.0,75.0,15.0,0.75,-29.372936425777947,465.7143896144821,-16.915973800531056,466.9443896144822
-45.0,75.0,15.0,0.75,-30.158314864975928,466.5070130997345,-17.296468212888975,467.7970130997345
-30.0,75.0,15.0,0.75,-31.017608461067542,467.12293642577794,-17.715923326043477,468.48293642577795
-15.0,75.0,15.0,0.75,-31.82298690026553,467.40846628843866,-18.113531787111025,468.8384662884386
0.0,75.0,15.0,0.75,-32.635923326043475,467.53,-18.502986900265526,469.0299999999999
15.0,75.0,15.0,0.75,-33.360544886845496,467.48054488684545,-18.829999999999995,469.04054488684545
30.0,75.0,15.0,0.75,-34.08031294052562,467.0251159731599,-19.168365339463513,468.65457108631443
45.0,75.0,15.0,0.75,-34.65054488684549,466.3939757249814,-19.416468212888976,468.0739757249814
60.0,75.0,15.0,0.75,-35.01869823475854,465.53701309973445,-19.648910226309003,467.25755798657985
75.0,75.0,15.0,0.75,-35.512391538932455,464.5340766739564,-19.846468212888976,466.30407667395644
75.0,75.0,30.0,0.75,-35.39755798657996,464.44026246603795,-19.4994551131545,466.190262466038
60.0,75.0,30.0,0.75,-34.98054488684549,465.3183148649759,-19.39407667395652,467.028314864976
45.0,75.0,30.0,0.75,-34.64407667395652,466.0424420134201,-19.24353178711102,467.72244201342
30.0,75.0,30.0,0.75,-34.088960700796584,466.6770130997344,-19.02,468.29999999999995
15.0,75.0,30.0,0.75,-33.48244201342003,467.12438961448214,-18.716518687376553,468.69438961448213
0.0,75.0,30.0,0.75,-32.70485350712189,467.31158418604883,-18.341089773690992,468.8115841860489
-15.0,75.0,30.0,0.75,-31.995872851555895,467.2162057468509,-17.904571086314437,468.6462057468509
-30.0,75.0,30.0,0.75,-31.14685158267158,466.91272443422747,-17.404076673956517,468.2662562213385
-45.0,75.0,30.0,0.75,-30.371039299203414,466.294026199469,-16.87701309973447,467.58402619946884
-60.0,75.0,30.0,0.75,-29.53,465.48999999999995,-16.275973800531055,466.70298690026544
-75.0,75.0,30.0,0.75,-28.82831486497593,464.56805239893794,-15.666468212888974,465.71805239893786
-75.0,60.0,30.0,0.75,-29.857557986579966,464.3230373747531,-15.907063574222052,465.55303737475305
-60.0,60.0,30.0,0.75,-30.325923326043476,465.2064682128889,-16.457557986579967,466.476468212889
-45.0,60.0,30.0,0.75,-30.991897126574532,465.89891022630894,-16.99537843919798,467.228910226309
-30.0,60.0,30.0,0.75,-31.611897126574537,466.33587285155585,-17.449455113154503,467.72587285155583
-15.0,60.0,30.0,0.75,-32.165973800531056,466.5675075120924,-17.852986900265527,468.0075075120924
0.0,60.0,30.0,0.75,-32.72940463866692,466.61194760106207,-18.229949525512417,468.108415813951
15.0,60.0,30.0,0.75,-33.23182669731755,466.54291647100854,-18.529455113154505,468.08291647100856
30.0,60.0,30.0,0.75,-33.63000000000001,466.0797375339619,-18.79701309973447,467.65973753396196
45.0,60.0,30.0,0.75,-33.968203822400625,465.63999999999993,-19.025378439197983,467.26
60.0,60.0,30.0,0.75,-34.31646821288897,465.0054793881731,-19.20701309973447,466.661947601062
75.0,60.0,30.0,0.75,-34.585428913685554,464.2067811534146,-19.29701309973447,465.88678115341446
75.0,45.0,30.0,0.75,-33.582986900265524,463.94615527236334,-18.913481312623443,465.5361552723634
60.0,45.0,30.0,0.75,-33.40869823475854,464.7565691618641,-18.764621560802016,466.32711404870963
45.0,45.0,30.0,0.75,-33.23810287342546,465.40098882471574,-18.58353178711102,466.9509888247158
30.0,45.0,30.0,0.75,-33.05810287342546,465.85005047448755,-18.385428913685555,467.3800504744875
15.0,45.0,30.0,0.75,-32.82,466.18488402684,-18.16,467.68488402684005
0.0,45.0,30.0,0.75,-32.527557986579964,466.2921290728944,-17.889455113154504,467.76212907289437
-15.0,45.0,30.0,0.75,-32.14760846106755,466.25706357422206,-17.633531787111025,467.6905953613331
-30.0,45.0,30.0,0.75,-31.77217954738198,466.04891022630903,-17.3,467.448910226309
-45.0,45.0,30.0,0.75,-31.394076673956516,465.5886677150403,-16.920544886845498,466.94866771504036
-60.0,45.0,30.0,0.75,-30.967557986579962,464.9451159731599,-16.482936425777947,466.26511597315994
-75.0,45.0,30.0,0.75,-30.54005047448758,464.1076084610675,-15.959999999999999,465.3776084610675
-75.0,30.0,30.0,0.75,-31.58189712657453,463.91869823475844,-15.991089773690991,465.2586982347584
-60.0,30.0,30.0,0.75,-31.777013099734464,464.7490916981412,-16.46103929920341,466.11909169814123
-45.0,30.0,30.0,0.75,-32.001089773690985,465.23891022630903,-16.8394551131545,466.63891022630895
-30.0,30.0,30.0,0.75,-32.21656916186413,465.6700000000001,-17.17298690026553,467.09298690026543
-15.0,30.0,30.0,0.75,-32.33407667395652,465.89561038551784,-17.482986900265526,467.3356103855179
0.0,30.0,30.0,0.75,-32.56353178711102,465.87457108631446,-17.770544886845492,467.3445710863144
15.0,30.0,30.0,0.75,-32.71592332604347,465.7818971265745,-18.010544886845494,467.27189712657446
30.0,30.0,30.0,0.75,-32.810595361333064,465.48680110818395,-18.229999999999997,466.99680110818394
45.0,30.0,30.0,0.75,-32.9,465.03462156080195,-18.420544886845498,466.55462156080193
60.0,30.0,30.0,0.75,-32.928102873425466,464.388910226309,-18.59298690026553,465.91891022630904
75.0,30.0,30.0,0.75,-32.98597380053105,463.68,-18.73,465.2229869002655
75.0,15.0,30.0,0.75,-32.04402619946894,463.4919476010621,-18.347013099734472,464.95194760106205
60.0,15.0,30.0,0.75,-32.15,464.27994952551234,-18.240544886845495,465.7399495255124
45.0,15.0,30.0,0.75,-32.30701309973446,464.8170635742221,-18.01108977369099,466.2776084610675
30.0,15.0,30.0,0.75,-32.35293642577794,465.3,-17.852936425777948,466.75999999999993
15.0,15.0,30.0,0.75,-32.451897126574536,465.55701309973443,-17.649455113154502,467.0170130997344
0.0,15.0,30.0,0.75,-32.45103929920341,465.6119476010621,-17.42298690026553,467.06194760106206
-15.0,15.0,30.0,0.75,-32.436518687376555,465.5956608600054,-17.1994551131545,467.03566086000546
-30.0,15.0,30.0,0.75,-32.43163466053648,465.33810287342544,-16.923531787111024,466.7681028734254
-45.0,15.0,30.0,0.75,-32.379999999999995,465.0221290728944,-16.611089773690992,466.4421290728943
-60.0,15.0,30.0,0.75,-32.360494412357916,464.4243391399945,-16.27651868737655,465.83135223972903
-75.0,15.0,30.0,0.75,-32.32587285155589,463.69462156080203,-15.887013099734467,465.084621560802
-75.0,0.0,30.0,0.75,-33.05646821288897,463.5950654986724,-16.094026199468942,465.04506549867233
-60.0,0.0,30.0,0.75,-32.85194760106211,464.2610392992033,-16.422986900265528,465.70402619946884
-45.0,0.0,30.0,0.75,-32.778365339463505,464.83504554390294,-16.722442013420032,466.2850455439029
-30.0,0.0,30.0,0.75,-32.64402619946894,465.2448335523524,-16.9894551131545,466.69483355235235
-15.0,0.0,30.0,0.75,-32.50244201342003,465.53457108631443,-17.217557986579966,466.98457108631436
0.0,0.0,30.0,0.75,-32.36054488684549,465.5854289136855,-17.44542891368556,467.0254289136856
15.0,0.0,30.0,0.75,-32.13537843919798,465.518910226309,-17.62298690026553,466.9583653394635
30.0,0.0,30.0,0.75,-31.82701309973447,465.2089607007966,-17.77701309973447,466.6289607007965
45.0,0.0,30.0,0.75,-31.585428913685554,464.70163466053646,-17.910544886845493,466.11163466053654
60.0,0.0,30.0,0.75,-31.306468212888966,464.1626739597399,-18.059455113154502,465.56267395973987
75.0,0.0,30.0,0.75,-31.070544886845497,463.41,-18.140544886845497,464.8
75.0,-15.0,30.0,0.75,-30.092179547381985,463.3129869002655,-17.8194551131545,464.62353178711095
60.0,-15.0,30.0,0.75,-30.546518687376548,464.14353178711093,-17.72701309973447,465.483531787111
45.0,-15.0,30.0,0.75,-30.95511597315993,464.77402619946895,-17.600544886845494,466.1340261994689
30.0,-15.0,30.0,0.75,-31.3894551131545,465.25945511315444,-17.4594551131545,466.63945511315444
15.0,-15.0,30.0,0.75,-31.820595361333073,465.534026199469,-17.335378439197978,466.934026199469
0.0,-15.0,30.0,0.75,-32.20298690026552,465.6040261994689,-17.169999999999998,467.02402619946884
-15.0,-15.0,30.0,0.75,-32.61348131262344,465.4475579865798,-17.012986900265528,466.89755798657995
-30.0,-15.0,30.0,0.75,-32.86407667395652,465.24750751209234,-16.80755798657997,466.70750751209226
-45.0,-15.0,30.0,0.75,-33.14353178711103,464.82976805368,-16.59353178711102,466.29976805368
-60.0,-15.0,30.0,0.9999999999999998,-33.383531787111025,464.2999495255123,-16.356518687376553,465.7799495255124
-75.0,-15.0,30.0,0.75,-33.67701309973447,463.6634813126234,-16.097557986579965,465.16049441235793
-75.0,-30.0,30.0,0.75,-34.45,463.59836533946344,-16.169455113154505,465.14836533946345
-60.0,-30.0,30.0,0.75,-34.06896070079659,464.1789607007966,-16.398052398937885,465.7089607007966
-45.0,-30.0,30.0,0.75,-33.66701309973447,464.66506549867233,-16.580544886845495,466.1750654986723
-30.0,-30.0,30.0,0.75,-33.25864776027096,465.16846628843854,-16.77244201342003,466.64901117528416
-15.0,-30.0,30.0,0.75,-32.81701309973447,465.4615841860489,-16.919999999999998,466.9215841860489
0.0,-30.0,30.0,0.75,-32.28999999999999,465.56511597316,-17.064076673956517,466.9951159731599
15.0,-30.0,30.0,0.75,-31.73298690026553,465.4894551131545,-17.18597380053106,466.8794551131544
30.0,-30.0,30.0,0.75,-31.10244201342003,465.2080523989378,-17.287013099734466,466.5580523989378
45.0,-30.0,30.0,0.75,-30.417013099734465,464.6915337115613,-17.38810287342546,466.00153371156125
60.0,-30.0,30.0,0.75,-29.927063574222053,463.9854289136855,-17.537457037604806,465.2754289136855
75.0,-30.0,30.0,0.75,-29.350544886845494,463.1491926471164,-17.58054488684549,464.4091926471164
75.0,-45.0,30.0,0.75,-28.19864776027096,462.94,-17.60135223972904,464.13
60.0,-45.0,30.0,0.75,-29.00054488684549,464.0245710863144,-17.447557986579966,465.25457108631434
45.0,-45.0,30.0,0.75,-29.853531787111024,464.74620574685093,-17.29407667395652,466.01620574685086
30.0,-45.0,30.0,0.75,-30.74293642577795,465.297063574222,-17.19542891368556,466.6265186873766
15.0,-45.0,30.0,0.75,-31.561089773690988,465.5630373747531,-17.164833552352487,466.94303737475303
0.0,-45.0,30.0,0.75,-32.39592332604348,465.6921290728943,-17.11701309973447,467.1221290728943
-15.0,-45.0,30.0,0.75,-33.110544886845496,465.4400504744876,-16.930544886845496,466.92005047448754
-30.0,-45.0,30.0,0.75,-33.739999999999995,465.0983653394635,-16.84,466.6183653394635
-45.0,-45.0,30.0,0.75,-34.24103929920341,464.6879214015932,-16.71,466.2449345013276
-60.0,-45.0,30.0,0.75,-34.63592332604348,464.14493450132767,-16.568910226309008,465.72493450132754
-75.0,-45.0,30.0,0.75,-35.004621560802015,463.5294551131545,-16.41108977369099,465.13
-75.0,-60.0,30.0,0.75,-35.40701309973446,463.27049441235783,-16.608910226309007,464.9104944123579
-60.0,-60.0,30.0,0.75,-35.08,463.86168513502406,-16.669999999999998,465.48168513502395
-45.0,-60.0,30.0,0.75,-34.61244201342003,464.5500504744875,-16.74646821288897,466.1300504744876
-30.0,-60.0,30.0,0.75,-34.00651868737655,465.145973800531,-16.8294551131545,466.6859738005311
-15.0,-60.0,30.0,0.75,-33.19103929920341,465.60298690026553,-16.847013099734472,467.0829869002655
0.0,-60.0,30.0,0.75,-32.21597380053105,465.8159738005309,-16.915973800531056,467.225973800531
15.0,-60.0,30.0,0.75,-31.157013099734467,465.8423915389324,-16.930544886845496,467.1823915389324
30.0,-60.0,30.0,0.75,-29.916205746850924,465.43244201342003,-16.955973800531055,466.69298690026557
45.0,-60.0,30.0,0.75,-28.775923326043475,464.76005047448746,-17.009999999999998,465.95950558764207
60.0,-60.0,30.0,0.75,-27.609999999999996,463.77036341501326,-17.129192647116454,464.90036341501315
75.0,-60.0,30.0,0.75,-26.61,462.5440261994689,-17.329999999999995,463.6240261994689
75.0,-75.0,30.0,0.75,-25.05701309973447,461.9170130997345,-17.201634660536484,462.90755798658
60.0,-75.0,30.0,0.75,-26.486185792081525,463.60966710470484,-16.86701309973447,464.6691222178595
45.0,-75.0,30.0,0.75,-27.943531787111024,464.8893541641794,-16.713531787111023,466.0193541641793
30.0,-75.0,30.0,0.75,-29.5094551131545,465.6505448868454,-16.680544886845492,466.8805448868455
15.0,-75.0,30.0,0.75,-31.119455113154505,466.16782045261795,-16.75298690026553,467.497820452618
0.0,-75.0,30.0,0.75,-32.51,466.20909169814126,-16.782986900265527,467.6390916981412
-15.0,-75.0,30.0,0.75,-33.89348131262344,465.71457108631444,-16.86597380053106,467.2445710863144
-30.0,-75.0,30.0,0.75,-34.92348131262344,465.07010094897515,-16.89696262524689,466.6801009489751
-45.0,-75.0,30.0,0.75,-35.603531787111024,464.23303737475305,-16.897013099734473,465.8935822615985
-60.0,-75.0,30.0,0.75,-36.0605448868455,463.4088597518214,-16.953531787111025,465.11239153893246
-75.0,-75.0,30.0,0.75,-36.21,462.62787092710556,-17.139999999999997,464.35787092710564
-75.0,-75.0,45.0,0.75,-36.01945511315451,463.25597380053097,-17.683481312623446,464.985973800531
-60.0,-75.0,45.0,0.75,-35.76353178711102,463.88618579208145,-17.74701309973447,465.5961857920815
-45.0,-75.0,45.0,0.75,-35.45891022630901,464.47272443422753,-17.760544886845498,466.16217954738187
-30.0,-75.0,45.0,0.75,-34.762986900265524,465.26792140159307,-17.739999999999995,466.8979214015931
-15.0,-75.0,45.0,0.75,-33.74651868737655,465.85163466053643,-17.737013099734465,467.40163466053633
0.0,-75.0,45.0,0.75,-32.51108977369099,466.16171565474224,-17.774026199468942,467.6287287544767
15.0,-75.0,45.0,0.75,-31.185378439197983,466.2188597518214,-17.855973800531054,467.59885975182146
30.0,-75.0,45.0,0.75,-29.625923326043473,465.8016346605364,-17.98542891368556,467.0816346605365
45.0,-75.0,45.0,0.75,-28.1494551131545,465.048910226309,-18.209455113154505,466.24891022630896
60.0,-75.0,45.0,0.75,-26.70516644764751,463.8664881676583,-18.538365339463507,464.9964881676583
75.0,-75.0,45.0,0.75,-25.40646821288897,462.1929364257778,-18.902724434227476,463.2729364257779
75.0,-60.0,45.0,0.75,-27.01407667395652,462.8023915389324,-18.654621560802017,463.9623915389324
60.0,-60.0,45.0,0.75,-27.97054488684549,463.97815334791295,-18.359505587642083,465.178153347913
45.0,-60.0,45.0,0.75,-29.103481312623444,464.8641576681622,-18.07711404870963,466.1211707678967
30.0,-60.0,45.0,0.75,-30.236468212888973,465.468415813951,-17.942936425777948,466.788415813951
15.0,-60.0,45.0,0.75,-31.411089773690986,465.8270130997344,-17.77646821288897,467.2170130997344
0.0,-60.0,45.0,0.75,-32.45244201342003,465.87569137972355,-17.66805239893788,467.3356913797235
-15.0,-60.0,45.0,0.75,-33.34103929920341,465.6523915389324,-17.524026199468945,467.16940463866683
-30.0,-60.0,45.0,0.75,-34.14353178711102,465.22651868737654,-17.4394551131545,466.7965186873766
-45.0,-60.0,45.0,0.75,-34.66597380053105,464.69103929920334,-17.387507512092387,466.30103929920335
-60.0,-60.0,45.0,0.75,-35.150544886845495,464.1154289136855,-17.355610385517853,465.76542891368547
-75.0,-60.0,45.0,0.75,-35.472986900265525,463.59950558764206,-17.2394551131545,465.269505587642
-75.0,-45.0,45.0,0.75,-35.002179547381985,463.68,-16.877608461067545,465.3
-60.0,-45.0,45.0,0.75,-34.550544886845486,464.24293642577794,-16.993531787111024,465.8329364257779
-45.0,-45.0,45.0,0.75,-34.16537843919798,464.70108977369097,-17.13,466.26108977369097
-30.0,-45.0,45.0,0.75,-33.64298690026553,465.13389520212417,-17.27,466.66389520212425
-15.0,-45.0,45.0,0.75,-33.039455113154496,465.4557113344929,-17.392986900265527,466.945711334493
0.0,-45.0,45.0,0.75,-32.336468212888974,465.64353178711093,-17.51,467.08999999999986
15.0,-45.0,45.0,0.75,-31.51646821288897,465.5856103855179,-17.642986900265527,466.97561038551777
30.0,-45.0,45.0,0.75,-30.685973800531052,465.35885975182134,-17.77651868737655,466.70184665208683
45.0,-45.0,45.0,0.75,-29.789999999999996,464.8869121507593,-17.93651868737655,466.1769121507592
60.0,-45.0,45.0,0.75,-28.997063574222043,464.06293642577793,-18.14,465.31293642577793
75.0,-45.0,45.0,0.75,-28.280595361333077,463.1016346605365,-18.387557986579967,464.32163466053646
75.0,-30.0,45.0,0.75,-29.393198891815995,463.234621560802,-18.253198891815995,464.5240766739564
60.0,-30.0,45.0,0.75,-29.957013099734464,463.9951159731599,-18.053531787111023,465.3051159731599
45.0,-30.0,45.0,0.75,-30.653430838135865,464.62846628843863,-17.899455113154502,465.97846628843865
30.0,-30.0,45.0,0.75,-31.19646821288897,465.103531787111,-17.74054488684549,466.483531787111
15.0,-30.0,45.0,0.75,-31.86353178711102,465.4094551131545,-17.607013099734466,466.8294551131545
0.0,-30.0,45.0,0.75,-32.44244201342003,465.48163466053654,-17.460544886845494,466.93163466053653
-15.0,-30.0,45.0,0.75,-32.95217954738198,465.4094551131545,-17.3,466.8894551131545
-30.0,-30.0,45.0,0.75,-33.417608461067545,465.18244201342,-17.175923326043478,466.69244201342
-45.0,-30.0,45.0,0.75,-33.83950558764208,464.75597380053097,-16.995872851555898,466.2954289136855
-60.0,-30.0,45.0,0.75,-34.197557986579966,464.32389520212416,-16.77651868737655,465.8744400889698
-75.0,-30.0,45.0,0.75,-34.59054488684549,463.717820452618,-16.634571086314438,465.297820452618
-75.0,-15.0,45.0,0.75,-33.972986900265525,463.7340261994689,-16.375973800531057,465.26402619946884
-60.0,-15.0,45.0,0.75,-33.618910226309005,464.29945511315447,-16.628910226309003,465.8094551131545
-45.0,-15.0,45.0,0.75,-33.36080735288354,464.82592332604344,-16.86836533946351,466.3253784391979
-30.0,-15.0,45.0,0.75,-33.06646821288897,465.10249248790757,-17.09841581395109,466.5824924879076
-15.0,-15.0,45.0,0.75,-32.68641773840139,465.28656916186407,-17.278102873425464,466.7465691618641
0.0,-15.0,45.0,0.75,-32.36298690026553,465.43,-17.515065498672357,466.87999999999994
15.0,-15.0,45.0,0.75,-31.97298690026552,465.3659738005311,-17.712986900265527,466.79597380053104
30.0,-15.0,45.0,0.75,-31.61298690026553,465.11,-17.826468212888972,466.52
45.0,-15.0,45.0,0.75,-31.13597380053105,464.653531787111,-17.93140271421662,466.03353178711103
60.0,-15.0,45.0,0.75,-30.74353178711102,464.0731683720977,-18.110544886845496,465.43670015920884
75.0,-15.0,45.0,0.75,-30.292442013420033,463.28077683316536,-18.21,464.6207768331653
75.0,0.0,45.0,0.75,-31.026468212888975,463.33452061182686,-18.361897126574537,464.73397572498135
60.0,0.0,45.0,0.75,-31.412936425777943,464.0491926471164,-18.265973800531057,465.46864776027087
45.0,0.0,45.0,0.75,-31.599404638666915,464.6357418542112,-18.10994952551242,466.0557418542112
30.0,0.0,45.0,0.75,-31.841089773690985,465.0719476010621,-17.932442013420033,466.5019476010621
15.0,0.0,45.0,0.75,-32.16542891368555,465.3154289136855,-17.788910226309003,466.7578709271056
0.0,0.0,45.0,0.75,-32.34896070079659,465.47869823475844,-17.59457108631444,466.92869823475854
-15.0,0.0,45.0,0.75,-32.56651868737655,465.41402619946894,-17.375973800531057,466.87402619946886
-30.0,0.0,45.0,0.75,-32.694026199468944,465.15005047448756,-17.13353178711102,466.6100504744876
-45.0,0.0,45.0,0.75,-32.869455113154494,464.76999999999987,-16.873531787111023,466.23
-60.0,0.0,45.0,0.75,-33.01950558764208,464.2362057468509,-16.602986900265527,465.6991926471164
-75.0,0.0,45.0,0.75,-33.15597380053105,463.67597380053104,-16.28,465.13597380053096
-75.0,15.0,45.0,0.75,-32.542936425777945,463.7418971265745,-15.996468212888976,465.1518971265745
-60.0,15.0,45.0,0.75,-32.54836533946351,464.3734813126234,-16.392986900265527,465.79348131262344
-45.0,15.0,45.0,0.75,-32.53994952551242,464.9380523989379,-16.721584186048908,466.3680523989379
-30.0,15.0,45.0,0.75,-32.53646821288898,465.2716346605364,-17.04646821288897,466.7116346605364
-15.0,15.0,45.0,0.75,-32.56,465.5110392992034,-17.363713258943314,466.96805239893786
0.0,15.0,45.0,0.75,-32.509455113154495,465.5789607007966,-17.575923326043476,467.0389607007965
15.0,15.0,45.0,0.75,-32.507063574222045,465.47950558764205,-17.81,466.9495055876421
30.0,15.0,45.0,0.75,-32.308910226309,465.2169626252469,-17.97592332604348,466.6769626252468
45.0,15.0,45.0,0.75,-32.209404638666925,464.7048335523525,-18.140544886845497,466.16483355235243
60.0,15.0,45.0,0.75,-32.115923326043465,464.12005047448764,-18.29592332604348,465.58005047448756
75.0,15.0,45.0,0.75,-31.96706357422205,463.3840766739565,-18.379999999999995,464.8440766739565
75.0,30.0,45.0,0.75,-32.72244201342003,463.5429869002654,-18.641897126574534,465.0629869002655
60.0,30.0,45.0,0.75,-32.739999999999995,464.27896070079646,-18.549999999999997,465.79896070079656
45.0,30.0,45.0,0.75,-32.71646821288897,464.90275495394565,-18.403481312623445,466.4127549539456
30.0,30.0,45.0,0.75,-32.74760846106754,465.26119072266613,-18.22348131262345,466.76119072266613
15.0,30.0,45.0,0.75,-32.63701309973447,465.5919980755496,-17.991634660536487,467.07254296239523
0.0,30.0,45.0,0.75,-32.56526739662267,465.79792140159316,-17.763531787111024,467.26792140159307
-15.0,30.0,45.0,0.75,-32.37760846106754,465.75080735288344,-17.48,467.2008073528835
-30.0,30.0,45.0,0.75,-32.27108977369099,465.51033289529494,-17.153531787111024,466.94033289529506
-45.0,30.0,45.0,0.75,-32.088365339463515,465.17369330417387,-16.790595361333075,466.5736933041738
-60.0,30.0,45.0,0.75,-31.934076673956515,464.5805448868455,-16.374621560802016,465.96054488684547
-75.0,30.0,45.0,0.75,-31.754076673956515,463.922936425778,-15.902986900265526,465.27293642577797
-75.0,45.0,45.0,0.75,-30.944076673956516,464.1879214015931,-15.75836533946351,465.4779214015932
-60.0,45.0,45.0,0.75,-31.27005047448758,464.91189712657456,-16.34244201342003,466.2418971265745
-45.0,45.0,45.0,0.75,-31.58896070079658,465.43194760106206,-16.816468212888974,466.8019476010621
-30.0,45.0,45.0,0.75,-31.92760846106754,465.8464177384014,-17.249455113154504,467.25641773840135
-15.0,45.0,45.0,0.75,-32.26701309973447,466.03212907289446,-17.609455113154503,467.47212907289435
0.0,45.0,45.0,0.75,-32.591089773690996,466.0715841860488,-17.935973800531055,467.5515841860489
15.0,45.0,45.0,0.75,-32.89722509128494,465.94348131262336,-18.212724434227482,467.4534813126233
30.0,45.0,45.0,0.75,-33.1094551131545,465.5854289136855,-18.45646821288897,467.12488402684
45.0,45.0,45.0,0.75,-33.184621560802015,465.1290916981413,-18.64750751209239,466.6790916981413
60.0,45.0,45.0,0.75,-33.423531787111024,464.472179547382,-18.8,466.0521795473819
75.0,45.0,45.0,0.75,-33.51163466053649,463.7789102263089,-18.93,465.368910226309
75.0,60.0,45.0,0.75,-34.39999999999999,464.0680523989379,-19.079999999999995,465.72805239893785
60.0,60.0,45.0,0.75,-34.209949525512414,464.82542891368547,-19.004389614482147,466.4654289136855
45.0,60.0,45.0,0.75,-33.91108977369098,465.3835822615986,-18.848102873425464,466.9935822615986
30.0,60.0,45.0,0.75,-33.62706357422205,465.9302319463198,-18.628910226309007,467.51023194631983
15.0,60.0,45.0,0.75,-33.18701309973447,466.3705953613331,-18.35701309973447,467.90059536133305
0.0,60.0,45.0,0.75,-32.76343083813586,466.4908273076529,-18.0194551131545,467.980827307653
-15.0,60.0,45.0,0.75,-32.241089773690994,466.49353178711095,-17.625166447647516,467.93353178711095
-30.0,60.0,45.0,0.75,-31.730000000000004,466.27298690026555,-17.20701309973447,467.6629869002655
-45.0,60.0,45.0,0.75,-31.148960700796586,465.8421595926125,-16.653531787111024,467.17215959261256
-60.0,60.0,45.0,0.75,-30.633582261598605,465.19561038551774,-16.082986900265524,466.4756103855178
-75.0,60.0,45.0,0.75,-30.104076673956524,464.41033289529497,-15.435973800531055,465.64033289529493
-75.0,75.0,45.0,0.75,-29.159999999999997,464.74527749022286,-14.973481312623447,465.8952774902228
-60.0,75.0,45.0,0.75,-29.82597380053106,465.6016346605365,-15.810494412357915,466.82163466053646
-45.0,75.0,45.0,0.75,-30.567013099734467,466.38896070079653,-16.53701309973447,467.6789607007966
-30.0,75.0,45.0,0.75,-31.3694551131545,466.817820452618,-17.171584186048907,468.17782045261794
-15.0,75.0,45.0,0.75,-32.10976805368012,467.0878709271055,-17.722442013420032,468.5178709271055
0.0,75.0,45.0,0.75,-32.80288595129037,467.1075075120924,-18.17244201342003,468.60750751209235
15.0,75.0,45.0,0.75,-33.484833552352484,466.8504944123579,-18.582391538932455,468.4104944123579
30.0,75.0,45.0,0.75,-34.06755798657997,466.41163466053644,-18.855428913685564,468.0316346605364
45.0,75.0,45.0,0.75,-34.44537843919799,465.8249345013276,-19.057557986579965,467.4814027142166
60.0,75.0,45.0,0.75,-34.87407667395652,465.09981852816765,-19.195378439197977,466.7968316279021
75.0,75.0,45.0,0.75,-35.19841581395109,464.38348131262336,-19.1894551131545,466.10348131262333
75.0,75.0,60.0,0.75,-34.95402619946894,464.44267395973986,-19.212986900265527,466.14267395973985
60.0,75.0,60.0,0.75,-34.73566086000543,465.17673067892696,-19.180544886845492,466.85727556577245
45.0,75.0,60.0,0.75,-34.40010094897515,465.8607768331653,-19.033531787111023,467.5107768331653
30.0,75.0,60.0,0.75,-33.98407667395652,466.4862362665691,-18.794571086314438,468.09623626656895
15.0,75.0,60.0,0.75,-33.533481312623444,466.86324936630353,-18.510544886845498,468.42324936630354
0.0,75.0,60.0,0.75,-32.922724434227476,467.0349039816094,-18.16836533946351,468.5449039816094
-15.0,75.0,60.0,0.75,-32.30701309973446,467.107921401593,-17.699999999999996,468.5549345013276
-30.0,75.0,60.0,0.75,-31.643481312623443,466.92896070079655,-17.12249248790761,468.30896070079655
-45.0,75.0,60.0,0.75,-31.04994952551241,466.45277490871507,-16.51085782737112,467.772774908715
-60.0,75.0,60.0,0.75,-30.375660860005436,465.9940261994689,-15.735973800531056,467.2440261994689
-75.0,75.0,60.0,0.75,-29.87706357422205,465.2568515826716,-14.779505587642081,466.4468515826716
-75.0,60.0,60.0,0.75,-30.58353178711102,464.7234813126234,-15.442179547381981,465.9834813126234
-60.0,60.0,60.0,0.75,-30.92651868737655,465.4065186873765,-16.123481312623444,466.7065186873765
-45.0,60.0,60.0,0.75,-31.396468212888973,465.91760846106746,-16.757275565772517,467.2676084610674
-30.0,60.0,60.0,0.75,-31.88348131262344,466.20265400497044,-17.315923326043475,467.6091222178594
-15.0,60.0,60.0,0.75,-32.34189712657454,466.3711402481786,-17.693531787111024,467.82114024817855
0.0,60.0,60.0,0.75,-32.78402619946894,466.33,-18.081947601062115,467.83000000000004
15.0,60.0,60.0,0.75,-33.25,466.2105448868454,-18.409999999999997,467.75054488684543
30.0,60.0,60.0,0.75,-33.56782045261801,465.76592332604343,-18.669455113154502,467.34537843919793
45.0,60.0,60.0,0.75,-33.84054488684549,465.31184665208684,-18.938859751821425,466.92184665208697
60.0,60.0,60.0,0.75,-34.07836533946351,464.5635822615986,-19.052986900265527,466.1935822615986
75.0,60.0,60.0,0.75,-34.22885975182142,464.0363167894262,-19.133481312623445,465.68631678942614
75.0,45.0,60.0,0.75,-33.42163466053649,463.6418466520869,-18.92782045261801,465.2218466520868
60.0,45.0,60.0,0.75,-33.38646821288897,464.34488402684,-18.822986900265526,465.9148840268401
45.0,45.0,60.0,0.75,-33.322986900265526,464.914621560802,-18.65706357422205,466.47462156080206
30.0,45.0,60.0,0.75,-33.17298690026553,465.3819476010621,-18.465973800531057,466.9219476010621
15.0,45.0,60.0,0.75,-32.98108977369099,465.698910226309,-18.20891022630901,467.218910226309
0.0,45.0,60.0,0.75,-32.759455113154495,465.9018971265745,-17.935923326043476,467.39189712657446
-15.0,45.0,60.0,0.75,-32.41810287342546,465.9260242750186,-17.59,467.37602427501866
-30.0,45.0,60.0,0.75,-32.137557986579964,465.7640766739564,-17.203531787111025,467.1840766739565
-45.0,45.0,60.0,0.75,-31.91755798657997,465.4397680536801,-16.7994551131545,466.82976805368014
-60.0,45.0,60.0,0.75,-31.537013099734466,464.9240261994689,-16.3,466.2740261994689
-75.0,45.0,60.0,0.75,-31.287063574222046,464.2764682128889,-15.753218846585396,465.5870130997344
-75.0,30.0,60.0,0.75,-32.027013099734475,463.895973800531,-16.052442013420027,465.27597380053106
-60.0,30.0,60.0,0.75,-32.07239153893245,464.64488402684003,-16.52646821288897,466.03488402684
-45.0,30.0,60.0,0.75,-32.2,465.09696262524693,-16.91542891368556,466.5099495255124
-30.0,30.0,60.0,0.75,-32.37706357422204,465.4084158139511,-17.278647760270957,466.8484158139511
-15.0,30.0,60.0,0.75,-32.45646821288897,465.56329984079116,-17.621634660536486,467.0232998407911
0.0,30.0,60.0,0.75,-32.55810287342546,465.5457418542111,-17.925923326043474,467.0257418542112
15.0,30.0,60.0,0.75,-32.62706357422205,465.4456103855178,-18.148647760270958,466.93561038551775
30.0,30.0,60.0,0.75,-32.63646821288897,465.18059536133313,-18.341039299203416,466.6805953613331
45.0,30.0,60.0,0.75,-32.72244201342003,464.71537843919793,-18.56,466.2348335523525
60.0,30.0,60.0,0.75,-32.749455113154504,464.0950654986724,-18.717608461067545,465.62506549867237
75.0,30.0,60.0,0.75,-32.6394551131545,463.403531787111,-18.815923326043475,464.92353178711096
75.0,15.0,60.0,0.75,-31.859999999999992,463.2699999999999,-18.52,464.72999999999996
60.0,15.0,60.0,0.75,-32.13727556577251,464.06891022630896,-18.419999999999998,465.53891022630893
45.0,15.0,60.0,0.75,-32.155761808980586,464.6088092773337,-18.268102873425462,466.0723410644448
30.0,15.0,60.0,0.75,-32.343531787111026,465.04696262524686,-18.08353178711102,466.5169626252469
15.0,15.0,60.0,0.75,-32.46163466053648,465.3286278055015,-17.905973800531054,466.79862780550155
0.0,15.0,60.0,0.75,-32.5530373747531,465.44483355235246,-17.69108977369099,466.91483355235243
-15.0,15.0,60.0,0.75,-32.5305448868455,465.40787092710553,-17.42194760106211,466.86787092710557
-30.0,15.0,60.0,0.75,-32.617013099734464,465.23922316683456,-17.15407667395652,466.6892231668346
-45.0,15.0,60.0,0.75,-32.56646821288898,464.9251664476474,-16.829999999999995,466.3651664476474
-60.0,15.0,60.0,0.75,-32.63701309973447,464.3724924879076,-16.512986900265528,465.8024924879076
-75.0,15.0,60.0,0.75,-32.722986900265525,463.720595361333,-16.14810287342546,465.1505953613331
-75.0,0.0,60.0,0.75,-33.38646821288897,463.6569626252469,-16.548910226309008,465.14696262524683
-60.0,0.0,60.0,0.75,-33.099505587642085,464.34428866550695,-16.850544886845494,465.8242886655069
-45.0,0.0,60.0,0.75,-32.97075687839595,464.83217954738194,-17.12787092710559,466.31163466053647
-30.0,0.0,60.0,0.75,-32.809999999999995,465.1805448868455,-17.398910226309003,466.6599999999999
-15.0,0.0,60.0,0.75,-32.61005047448758,465.41428866550694,-17.66891022630901,466.88428866550686
0.0,0.0,60.0,0.75,-32.42407667395652,465.42386468240596,-17.847557986579968,466.8844095692515
15.0,0.0,60.0,0.75,-32.245923326043474,465.3686477602709,-18.059999999999995,466.82864776027094
30.0,0.0,60.0,0.75,-31.923531787111017,465.122936425778,-18.235973800531056,466.5729364257779
45.0,0.0,60.0,0.75,-31.617608461067544,464.69999999999993,-18.3794551131545,466.12999999999994
60.0,0.0,60.0,0.75,-31.333531787111024,464.075973800531,-18.520262466038044,465.49597380053103
75.0,0.0,60.0,0.75,-31.07,463.36950558764204,-18.598102873425464,464.779505587642
75.0,-15.0,60.0,0.75,-30.204359094763973,463.388153347913,-18.497013099734467,464.73815334791294
60.0,-15.0,60.0,0.75,-30.637013099734467,464.0878709271055,-18.35597380053106,465.4578709271055
45.0,-15.0,60.0,0.75,-31.03571133449301,464.6997175791924,-18.191089773690994,466.08324936630345
30.0,-15.0,60.0,0.75,-31.522936425777946,465.16293642577784,-18.0594551131545,466.5729364257778
15.0,-15.0,60.0,0.75,-31.900544886845495,465.41922316683457,-17.886468212888975,466.8492231668346
0.0,-15.0,60.0,0.75,-32.28353178711102,465.5054793881731,-17.7194551131545,466.95547938817305
-15.0,-15.0,60.0,0.75,-32.68407667395652,465.46914217262884,-17.532986900265527,466.9391421726288
-30.0,-15.0,60.0,0.75,-33.01542891368556,465.1499999999999,-17.31298690026553,466.64
-45.0,-15.0,60.0,0.75,-33.25407667395652,464.8148535071218,-17.10628674105668,466.3148535071219
-60.0,-15.0,60.0,0.75,-33.49755798657996,464.32891022630895,-16.85701309973447,465.838910226309
-75.0,-15.0,60.0,0.75,-33.85760846106754,463.77846628843855,-16.70353178711102,465.30846628843864
-75.0,-30.0,60.0,0.75,-34.582986900265524,463.82267395974,-16.925428913685565,465.4126739597399
-60.0,-30.0,60.0,0.75,-34.134026199468934,464.33760846106753,-17.112986900265525,465.89760846106753
-45.0,-30.0,60.0,0.75,-33.75348131262344,464.8977699781304,-17.328365339463506,466.4377699781304
-30.0,-30.0,60.0,0.75,-33.37402619946894,465.23711404870954,-17.53,466.75711404870964
-15.0,-30.0,60.0,0.75,-32.93353178711102,465.5076084610675,-17.745923326043474,467.0076084610675
0.0,-30.0,60.0,0.75,-32.401089773690984,465.61999999999995,-17.872724434227482,467.0805448868455
15.0,-30.0,60.0,0.75,-31.839404638666924,465.56755798657997,-18.008960700796585,466.9975579865799
30.0,-30.0,60.0,0.75,-31.254026199468935,465.32298690026556,-18.167013099734472,466.7229869002655
45.0,-30.0,60.0,0.75,-30.61542891368556,464.8845206118269,-18.325973800531056,466.24452061182683
60.0,-30.0,60.0,0.75,-30.001897126574534,464.295378439198,-18.48402619946894,465.6253784391979
75.0,-30.0,60.0,0.75,-29.507013099734465,463.4280523989378,-18.65244201342003,464.73805239893784
75.0,-45.0,60.0,0.75,-28.527396469517083,463.56031294052553,-19.12130176524146,464.82384472763664
60.0,-45.0,60.0,0.75,-29.225923326043482,464.4062562213385,-18.802936425777947,465.6962562213384
45.0,-45.0,60.0,0.75,-29.985115973159928,465.0105448868455,-18.549999999999997,466.3405448868454
30.0,-45.0,60.0,0.75,-30.811039299203415,465.41407667395646,-18.312442013420032,466.78407667395646
15.0,-45.0,60.0,0.75,-31.62108977369099,465.6900504744875,-18.13651868737655,467.11005047448754
0.0,-45.0,60.0,0.75,-32.39592332604348,465.688910226309,-17.970544886845495,467.15891022630905
-15.0,-45.0,60.0,0.75,-33.07353178711102,465.5284662884386,-17.867870927105592,467.03846628843866
-30.0,-45.0,60.0,0.75,-33.67646821288897,465.24189712657454,-17.690544886845494,466.79189712657455
-45.0,-45.0,60.0,0.75,-34.180544886845496,464.8820785984068,-17.558647760270958,466.4620785984069
-60.0,-45.0,60.0,0.75,-34.61163466053649,464.34326932107297,-17.418910226309006,465.953269321073
-75.0,-45.0,60.0,0.75,-35.033481312623444,463.9051159731599,-17.27701309973447,465.54511597315985
-75.0,-60.0,60.0,0.75,-35.41054488684549,463.91532796471034,-17.69114024817857,465.59532796471035
-60.0,-60.0,60.0,0.75,-35.07836533946351,464.35755798658,-17.85402619946894,466.01755798657996
-45.0,-60.0,60.0,0.75,-34.62597380053105,464.901947601062,-17.932986900265526,466.53194760106203
-30.0,-60.0,60.0,0.75,-34.047013099734464,465.38103929920345,-18.052986900265527,466.97103929920337
-15.0,-60.0,60.0,0.75,-33.321089773690986,465.81326932107294,-18.207820452618016,467.353269321073
0.0,-60.0,60.0,0.75,-32.39407667395652,466.01049441235784,-18.350494412357914,467.4904944123579
15.0,-60.0,60.0,0.75,-31.43651868737655,466.0579214015932,-18.55194760106211,467.4779214015932
30.0,-60.0,60.0,0.75,-30.317013099734464,465.77005047448756,-18.79298690026553,467.13005047448746
45.0,-60.0,60.0,0.75,-29.25891022630901,465.3232998407911,-19.067063574222047,466.62329984079116
60.0,-60.0,60.0,0.75,-28.335973800531054,464.55298690026547,-19.390544886845493,465.81298690026546
75.0,-60.0,60.0,0.75,-27.516518687376553,463.6194046386669,-19.89,464.8594046386669
75.0,-75.0,60.0,0.75,-26.111634660536485,463.43158418604884,-21.016468212888974,464.6415841860488
60.0,-75.0,60.0,0.75,-27.312986900265525,464.67402619946887,-20.05298690026553,465.90402619946894
45.0,-75.0,60.0,0.75,-28.440544886845494,465.61833481974526,-19.450262466038044,466.88833481974535
30.0,-75.0,60.0,0.75,-29.83,466.3815841860488,-18.972986900265525,467.71158418604887
15.0,-75.0,60.0,0.75,-31.157063574222047,466.6224420134201,-18.670544886845498,468.03244201342
0.0,-75.0,60.0,0.75,-32.4694551131545,466.52293642577797,-18.46701309973447,468.01293642577787
-15.0,-75.0,60.0,0.75,-33.660544886845486,466.1999999999999,-18.353531787111024,467.7699999999999
-30.0,-75.0,60.0,0.75,-34.61402619946894,465.59597380053106,-18.28701309973447,467.23597380053104
-45.0,-75.0,60.0,0.75,-35.180544886845496,464.9440766739565,-18.21701309973447,466.62407667395644
-60.0,-75.0,60.0,0.75,-35.48919264711645,464.48402619946893,-18.225923326043475,466.1910392992034
-75.0,-75.0,60.0,0.75,-35.71353178711102,464.07428866550686,-18.428910226309007,465.804288665507
-75.0,-75.0,75.0,0.75,-35.62249248790761,464.736468212889,-17.54651868737655,466.426468212889
-60.0,-75.0,75.0,0.75,-35.47945511315449,464.94108977369086,-18.129999999999995,466.6410897736909
-45.0,-75.0,75.0,0.75,-35.165923326043476,465.45805239893787,-18.53696262524689,467.14805239893786
-30.0,-75.0,75.0,0.75,-34.62950558764208,465.9799495255123,-18.716518687376553,467.63293642577787
-15.0,-75.0,75.0,0.75,-33.82999999999999,466.472179547382,-18.8994551131545,468.0721795473819
0.0,-75.0,75.0,0.75,-32.77597380053106,466.99,-19.155973800531054,468.52298690026544
15.0,-75.0,75.0,0.75,-31.569999999999997,467.15031294052557,-19.362936425777946,468.6103129405256
30.0,-75.0,75.0,0.75,-30.27272443422748,466.96244201342,-19.74054488684549,468.35244201342005
45.0,-75.0,75.0,0.75,-29.039455113154496,466.53244201342,-20.1226739597399,467.86244201342
60.0,-75.0,75.0,0.75,-27.996750633696422,465.83140271421655,-20.6094551131545,467.1214027142167
75.0,-75.0,75.0,0.75,-27.44163466053649,465.27509601839046,-21.039999999999996,466.55509601839054
75.0,-60.0,75.0,0.75,-28.04348131262344,464.5757618089806,-20.247063574222047,465.8557618089806
60.0,-60.0,75.0,0.75,-28.822986900265526,465.3194551131544,-19.849999999999998,466.62945511315445
45.0,-60.0,75.0,0.75,-29.735973800531056,465.83971757919255,-19.480050474487577,467.1897175791925
30.0,-60.0,75.0,0.75,-30.712986900265523,466.25516644764747,-19.17646821288897,467.65516644764745
15.0,-60.0,75.0,0.75,-31.771039299203412,466.421352239729,-18.924571086314437,467.88135223972904
0.0,-60.0,75.0,0.75,-32.65701309973446,466.40896070079646,-18.73810287342546,467.91896070079656
-15.0,-60.0,75.0,0.75,-33.52864776027096,466.1151969673656,-18.53566086000543,467.6851969673657
-30.0,-60.0,75.0,0.75,-34.18940463866692,465.68755798658,-18.359999999999996,467.2975579865799
-45.0,-60.0,75.0,0.75,-34.72298690026552,465.25994952551235,-18.221897126574532,466.902936425778
-60.0,-60.0,75.0,0.75,-35.107013099734466,464.74108977369104,-17.97,466.40810287342543
-75.0,-60.0,75.0,0.75,-35.469455113154496,464.3150150241847,-17.673531787111024,465.99501502418474
-75.0,-45.0,75.0,0.75,-35.2094551131545,464.043269321073,-17.54836533946351,465.7032693210729
-60.0,-45.0,75.0,0.75,-34.80194760106211,464.53755798657994,-17.72,466.1705448868455
-45.0,-45.0,75.0,0.75,-34.383531787111025,465.043531787111,-17.899455113154502,466.6535317871109
-30.0,-45.0,75.0,0.75,-33.8905448868455,465.4351159731599,-18.070544886845497,467.0151159731598
-15.0,-45.0,75.0,0.75,-33.24597380053106,465.780595361333,-18.229999999999997,467.320595361333
0.0,-45.0,75.0,0.75,-32.60597380053105,465.95755798658,-18.44950558764208,467.45755798658
15.0,-45.0,75.0,0.75,-31.87407667395652,465.9616851350241,-18.607507512092386,467.41223002186956
30.0,-45.0,75.0,0.75,-31.09836533946351,465.8217961775993,-18.77646821288897,467.23179617759934
45.0,-45.0,75.0,0.75,-30.314026199468938,465.45402619946884,-19.069999999999997,466.82402619946885
60.0,-45.0,75.0,0.75,-29.57597380053105,464.8938447276366,-19.266256221338505,466.22438961448216
75.0,-45.0,75.0,0.75,-28.910494412357913,464.20137219449833,-19.51701309973447,465.50137219449846
75.0,-30.0,75.0,0.75,-29.553481312623443,463.90244201342006,-18.965923326043477,465.22244201342005
60.0,-30.0,75.0,0.75,-30.11298690026553,464.5594551131544,-18.799455113154504,465.9094551131545
45.0,-30.0,75.0,0.75,-30.720544886845495,465.04488402684007,-18.643531787111023,466.42488402684006
30.0,-30.0,75.0,0.75,-31.28701309973447,465.3750654986723,-18.445973800531057,466.78506549867234
15.0,-30.0,75.0,0.75,-31.93,465.6069626252468,-18.30542891368556,467.05696262524697
0.0,-30.0,75.0,0.75,-32.501089773690985,465.67348131262344,-18.134076673956518,467.1534813126234
-15.0,-30.0,75.0,0.75,-33.01402619946894,465.5140261994689,-17.96493450132764,467.02402619946895
-30.0,-30.0,75.0,0.75,-33.43999999999999,465.2669626252469,-17.74054488684549,466.7969626252468
-45.0,-30.0,75.0,0.75,-33.90945511315449,464.94244201342,-17.571352239729038,466.50244201341997
-60.0,-30.0,75.0,0.75,-34.27402619946894,464.4740261994688,-17.41597380053106,466.0540261994689
-75.0,-30.0,75.0,0.75,-34.65239153893245,464.0145710863144,-17.184076673956522,465.6145710863144
-75.0,-15.0,75.0,0.75,-34.158102873425456,463.89537843919794,-16.948960700796587,465.4553784391979
-60.0,-15.0,75.0,0.75,-33.7805448868455,464.4505448868454,-17.150544886845495,465.9905448868455
-45.0,-15.0,75.0,0.75,-33.43646821288897,464.909505587642,-17.39,466.42950558764204
-30.0,-15.0,75.0,0.75,-33.13407667395652,465.1915337115613,-17.612986900265525,466.7015337115612
-15.0,-15.0,75.0,0.75,-32.83293642577795,465.44480303263424,-17.81701309973447,466.9348030326343
0.0,-15.0,75.0,0.75,-32.467820452618014,465.51782045261797,-18.0494551131545,466.987820452618
15.0,-15.0,75.0,0.75,-32.068910226309,465.4205953613331,-18.209455113154505,466.870595361333
30.0,-15.0,75.0,0.75,-31.609999999999996,465.15760846106747,-18.378365339463507,466.5876084610675
45.0,-15.0,75.0,0.75,-31.147063574222045,464.78940463866684,-18.504621560802015,466.1929364257779
60.0,-15.0,75.0,0.75,-30.718102873425458,464.29498497581517,-18.662986900265526,465.67498497581516
75.0,-15.0,75.0,0.75,-30.286468212888973,463.6153279647103,-18.771089773690992,464.97532796471035
75.0,0.0,75.0,0.75,-31.001846652086957,463.3820785984068,-18.745428913685558,464.7920785984068
60.0,0.0,75.0,0.75,-31.327013099734465,464.05542891368555,-18.65407667395652,465.48244201342004
45.0,0.0,75.0,0.75,-31.690544886845494,464.594621560802,-18.511089773690994,466.034621560802
30.0,0.0,75.0,0.75,-31.963430838135864,465.005973800531,-18.36293642577795,466.46244201341995
15.0,0.0,75.0,0.75,-32.27163466053649,465.21678115341456,-18.200544886845496,466.6867811534145
0.0,0.0,75.0,0.75,-32.54353178711103,465.420756878396,-18.024833552352483,466.9007568783959
-15.0,0.0,75.0,0.75,-32.72108977369099,465.405378439198,-17.829999999999995,466.88592332604344
-30.0,0.0,75.0,0.75,-32.9494551131545,465.1740766739565,-17.55755798657997,466.66407667395646
-45.0,0.0,75.0,0.75,-33.044621560802014,464.8184158139511,-17.349999999999998,466.3084158139511
-60.0,0.0,75.0,0.75,-33.2805448868455,464.3940261994689,-17.003531787111022,465.89402619946884
-75.0,0.0,75.0,0.75,-33.486518687376545,463.7679718760807,-16.763895202124232,465.27095877634616
-75.0,15.0,75.0,0.75,-32.90592332604347,463.7945710863144,-16.394884026840067,465.24457108631447
-60.0,15.0,75.0,0.75,-32.85483355235248,464.40348131262346,-16.731897126574534,465.86293642577795
-45.0,15.0,75.0,0.75,-32.78994952551241,464.84080735288353,-17.097013099734472,466.3008073528835
-30.0,15.0,75.0,0.75,-32.748365339463504,465.09326932107285,-17.387507512092387,466.5632693210729
-15.0,15.0,75.0,0.75,-32.62358226159861,465.3132998407911,-17.596518687376552,466.78329984079113
0.0,15.0,75.0,0.75,-32.63108977369099,465.2727244342274,-17.840544886845496,466.7527244342275
15.0,15.0,75.0,0.75,-32.489999999999995,465.2089607007966,-18.032986900265527,466.6889607007965
30.0,15.0,75.0,0.75,-32.41353178711102,465.00207859840674,-18.23701309973447,466.48207859840676
45.0,15.0,75.0,0.75,-32.24130176524146,464.6299999999999,-18.432129072894405,466.11
60.0,15.0,75.0,0.75,-31.96353178711102,463.95033289529493,-18.574884026840063,465.4197880084495
75.0,15.0,75.0,0.75,-31.750544886845493,463.3076084610674,-18.701352239729037,464.76760846106754
75.0,30.0,75.0,0.75,-32.45298690026553,463.3737437786614,-18.878910226309007,464.8837437786615
60.0,30.0,75.0,0.75,-32.6,464.1340261994689,-18.782986900265527,465.6540261994689
45.0,30.0,75.0,0.75,-32.67592332604347,464.6700504744875,-18.62407667395652,466.18005047448753
30.0,30.0,75.0,0.75,-32.663269321072974,465.14922316683453,-18.392230021869562,466.64976805368
15.0,30.0,75.0,0.75,-32.69239153893245,465.3900504744875,-18.142179547381986,466.8800504744876
0.0,30.0,75.0,0.75,-32.673531787111024,465.56566086000544,-17.954288665506986,467.05511597315996
-15.0,30.0,75.0,0.75,-32.5694551131545,465.54823387077016,-17.682724434227477,467.01823387077013
-30.0,30.0,75.0,0.75,-32.457013099734475,465.4250654986723,-17.349999999999998,466.87506549867226
-45.0,30.0,75.0,0.75,-32.3864177384014,465.0934308381359,-17.047013099734468,466.5234308381359
-60.0,30.0,75.0,0.75,-32.32059536133307,464.64815334791297,-16.639192647116456,466.06168513502405
-75.0,30.0,75.0,0.75,-32.27298690026553,464.05909169814123,-16.242078598406824,465.4590916981413
-75.0,45.0,75.0,0.75,-31.561089773690984,464.42163466053654,-16.01293642577795,465.7616346605364
-60.0,45.0,75.0,0.75,-31.690544886845494,465.0883653394634,-16.4594551131545,466.44836533946346
-45.0,45.0,75.0,0.75,-31.905973800531054,465.54701309973444,-16.882986900265525,466.93701309973443
-30.0,45.0,75.0,0.75,-32.19108977369098,465.75478307786483,-17.3,467.18478307786495
-15.0,45.0,75.0,0.75,-32.453481312623445,465.8295055876421,-17.668910226309006,467.289505587642
0.0,45.0,75.0,0.75,-32.63031294052562,465.81805239893794,-17.965428913685557,467.29805239893784
15.0,45.0,75.0,0.75,-32.92054488684549,465.62999999999994,-18.257063574222048,467.1405448868454
30.0,45.0,75.0,0.75,-33.14249248790761,465.31755798657986,-18.52841581395109,466.85755798657993
45.0,45.0,75.0,0.75,-33.222986900265525,464.79158418604885,-18.757013099734472,466.35158418604885
60.0,45.0,75.0,0.75,-33.27298690026553,464.27701309973435,-18.929999999999996,465.84701309973445
75.0,45.0,75.0,0.75,-33.28646821288897,463.50841581395105,-19.103531787111027,465.08841581395103
75.0,60.0,75.0,0.75,-34.05298690026552,463.9029869002655,-19.33402619946894,465.5429869002656
60.0,60.0,75.0,0.75,-33.993481312623445,464.58085782737106,-19.2694551131545,466.21732604026005
45.0,60.0,75.0,0.75,-33.83521692213509,465.17696262524674,-18.972179547381984,466.7869626252469
30.0,60.0,75.0,0.75,-33.58005047448758,465.58244201342,-18.798910226309008,467.16244201341993
15.0,60.0,75.0,0.75,-33.284520611826856,465.9570130997344,-18.528365339463512,467.5070130997344
0.0,60.0,75.0,0.75,-32.854672035289596,466.1204439378704,-18.19,467.6239757249812
-15.0,60.0,75.0,0.75,-32.50516644764751,466.1979718760807,-17.756205746850927,467.6585167629262
-30.0,60.0,75.0,0.75,-32.088859751821424,466.141089773691,-17.28701309973447,467.56108977369104
-45.0,60.0,75.0,0.75,-31.680544886845492,465.955973800531,-16.863299840791154,467.32896070079653
-60.0,60.0,75.0,0.75,-31.349999999999998,465.3919476010621,-16.3494551131545,466.7319476010621
-75.0,60.0,75.0,0.75,-30.958647760270956,464.8964682128889,-15.733481312623445,466.18646821288894
-75.0,75.0,75.0,0.9999999999999998,-30.522936425777946,465.68407667395644,-15.586468212888974,466.9405448868455
-60.0,75.0,75.0,0.75,-30.902936425777945,466.11999999999995,-16.1167811534146,467.4194551131545
-45.0,75.0,75.0,0.75,-31.422986900265528,466.52298690026555,-16.73,467.8729869002654
-30.0,75.0,75.0,0.75,-31.9141271484441,466.83620574685085,-17.340544886845496,468.2397375339619
-15.0,75.0,75.0,0.75,-32.50135223972904,466.91782045261795,-17.875973800531057,468.38727556577254
0.0,75.0,75.0,0.75,-33.12114024817857,466.8353784391979,-18.43651868737655,468.36537843919785
15.0,75.0,75.0,0.75,-33.579455113154495,466.6227244342275,-18.750544886845496,468.20272443422743
30.0,75.0,75.0,0.75,-34.041039299203405,466.2099999999999,-19.065065498672354,467.8370130997344
45.0,75.0,75.0,0.75,-34.40701309973446,465.635973800531,-19.317013099734467,467.295973800531
60.0,75.0,75.0,0.75,-34.722936425777945,465.06348131262337,-19.443531787111024,466.75348131262336
75.0,75.0,75.0,0.75,-34.79433913999456,464.4498990510248,-19.623531787111023,466.15989905102475
