Fecha procesado,2026-06-02 14:10:08
Fecha y Hora,2026-06-01 16:23:35
Medidor,VGM_GAUSSMETER
Firmware,AL-PRG-0VGM-01 4.01
Muestras por punto,5
T estabilizacion (s),3
Velocidad (mm/min),1000
Radio maximo (mm),100
Paso radial (mm),100
Resol theta (deg),3
Resol phi (deg),3
Sentido cascarones,adentro_afuera
Sigma (automatico),1.0
Archivo origen,Measurement_Spherical_100_100_6_6.csv

X,Y,Z,T_robot (C),radio,theta_deg,phi_deg,x axis (gauss),y axis (gauss),z axis (gauss),Magnitude (gauss)
0.0,0.0,100.0,24.5,100.0,0.0,0.0,457.7824924879076,36.95755798657997,53.86999999999999,462.42042387936607
5.2336,0.0,99.863,25.1,100.0,3.0,0.0,457.75272443422745,36.84542891368556,53.87701309973446,462.38282288525835
5.2264,0.2739,99.863,25.3,100.0,3.0,3.0,457.7565186873764,36.793531787111014,53.8905448868455,462.3840235241229
5.2049,0.5471,99.863,24.3,100.0,3.0,6.0,457.7485972857833,36.68402619946894,53.91457108631443,462.3702813446457
5.1692,0.8187,99.863,23.6,100.0,3.0,8.999999999999998,457.69000000000005,36.75999999999999,53.92999999999999,462.3201040404798
5.1192,1.0881,99.863,24.7,100.0,3.0,12.0,457.6877904042484,36.85,53.92298690026552,462.3242633708179
5.0553,1.3546,99.863,25.5,100.0,3.0,14.999999999999996,457.63641773840135,36.893531787111016,53.95646821288897,462.28078479444895
4.9774,1.6173,99.863,23.7,100.0,3.0,17.999999999999996,457.69802187921965,36.86999999999999,53.948052398937875,462.3389108541365
4.886,1.8756,99.863,24.1,100.0,3.0,20.999999999999996,457.6646720352895,36.84054488684549,53.919999999999995,462.30027490444866
4.7811,2.1287,99.863,24.2,100.0,3.0,24.0,457.77872875447673,36.809949525512415,53.91547938817313,462.4102245861266
4.6632,2.376,99.863,24.5,100.0,3.0,26.999999999999993,457.6678709271056,36.79701309973446,53.923531787111024,462.3003866885765
4.5324,2.6168,99.863,24.2,100.0,3.0,29.999999999999993,457.6457418542111,36.73298690026552,53.930544886845496,462.2742054621893
4.3893,2.8504,99.863,25.4,100.0,3.0,32.99999999999999,457.6977699781304,36.69701309973448,53.939455113154494,462.32389537130746
4.2341,3.0762,99.863,24.6,100.0,3.0,35.99999999999999,457.6543086202763,36.75651868737655,53.935115973159924,462.28509017678346
4.0673,3.2936,99.863,23.6,100.0,3.0,38.99999999999999,457.66782045261795,36.703481312623445,53.936468212888975,462.2944105454833
3.8893,3.502,99.863,23.4,100.0,3.0,41.99999999999999,457.71701309973446,36.75402619946894,53.90999999999999,462.34403924222244
3.7007,3.7007,99.863,25.0,100.0,3.0,45.0,457.709172692347,36.76945511315451,53.907013099734456,462.33715582609835
3.502,3.8893,99.863,24.0,100.0,3.0,48.0,457.6538952021242,36.71353178711102,53.883531787111025,462.2752493999789
3.2936,4.0673,99.863,24.2,100.0,3.0,51.0,457.6629869002656,36.752986900265526,53.88999999999999,462.2881392860558
3.0762,4.2341,99.863,23.8,100.0,3.0,53.999999999999986,457.7461047978758,36.68836533946351,53.932986900265526,462.3703057992522
2.8504,4.3893,99.863,24.2,100.0,3.0,57.0,457.70571133449295,36.66108977369098,53.94,462.3289708547463
2.6168,4.5324,99.863,24.2,100.0,3.0,59.999999999999986,457.7296870594744,36.73298690026552,53.94348131262345,462.35881944470873
2.376,4.6632,99.863,24.9,100.0,3.0,63.0,457.745973800531,36.66701309973447,53.96,462.3716340566887
2.1287,4.7811,99.863,24.6,100.0,3.0,65.99999999999999,457.7717457031117,36.717013099734466,53.978910226309004,462.403322830038
1.8756,4.886,99.863,23.6,100.0,3.0,69.0,457.7534813126234,36.71054488684549,53.98244201342003,462.3851401217903
1.6173,4.9774,99.863,24.2,100.0,3.0,71.99999999999999,457.7179214015932,36.692986900265524,53.97597380053105,462.3477875015449
1.3546,5.0553,99.863,23.8,100.0,3.0,75.0,457.7980523989379,36.75999999999999,53.994026199468934,462.4345459040551
1.0881,5.1192,99.863,23.4,100.0,3.0,77.99999999999999,457.74836533946353,36.74701309973447,54.008910226309,462.3860630755825
0.8187,5.1692,99.863,25.0,100.0,3.0,80.99999999999999,457.7294551131545,36.68760846106754,54.00999999999999,462.36275238472433
0.5471,5.2049,99.863,25.2,100.0,3.0,83.99999999999999,457.6721290728944,36.682986900265526,54.00298690026552,462.30481487022325
0.2739,5.2264,99.863,23.5,100.0,3.0,86.99999999999999,457.77080735288354,36.69592332604348,54.0094551131545,462.40428641490934
0.0,5.2336,99.863,23.8,100.0,3.0,90.0,457.7127244342274,36.76511597315993,54.01103929920341,462.35246752634833
-0.2739,5.2264,99.863,22.8,100.0,3.0,93.0,457.7418971265746,36.69,54.0205448868455,462.37649135191475
-0.5471,5.2049,99.863,24.7,100.0,3.0,96.0,457.7940261994689,36.71999999999999,54.012986900265524,462.4295963471718
-0.8187,5.1692,99.863,23.8,100.0,3.0,98.99999999999999,457.813198891816,36.73353178711102,54.00750751209238,462.449011572931
-1.0881,5.1192,99.863,23.4,100.0,3.0,102.0,457.73516644764754,36.72054488684549,53.97999999999999,462.36751769522306
-1.3546,5.0553,99.863,23.9,100.0,3.0,104.99999999999999,457.7729364257778,36.80244201342003,53.976468212888975,462.4110078520702
-1.6173,4.9774,99.863,25.1,100.0,3.0,107.99999999999997,457.79651868737653,36.867013099734464,53.97244201342002,462.43902697984896
-1.8756,4.886,99.863,24.0,100.0,3.0,110.99999999999999,457.73901117528413,36.79,53.96701309973447,462.3753290938367
-2.1287,4.7811,99.863,23.7,100.0,3.0,114.0,457.76688210238973,36.87402619946894,53.98792140159317,462.41205414128956
-2.376,4.6632,99.863,23.5,100.0,3.0,116.99999999999999,457.78999999999996,36.77701309973447,54.00999999999999,462.4297923928972
-2.6168,4.5324,99.863,24.4,100.0,3.0,119.99999999999997,457.7738142079184,36.8594551131545,54.0,462.41916526643274
-2.8504,4.3893,99.863,21.8,100.0,3.0,122.99999999999999,457.815973800531,36.887013099734475,53.999999999999986,462.4630986385276
-3.0762,4.2341,99.863,23.5,100.0,3.0,126.0,457.8270130997344,36.862986900265525,53.986518687376545,462.47053736104743
-3.2936,4.0673,99.863,23.4,100.0,3.0,129.0,457.75646821288893,36.90158418604891,53.97597380053106,462.40254849415925
-3.502,3.8893,99.863,22.9,100.0,3.0,131.99999999999997,457.73308784924063,36.811089773690995,53.999999999999986,462.37499504441996
-3.7007,3.7007,99.863,24.9,100.0,3.0,135.0,457.7229869002654,36.881089773690995,53.989404638666926,462.36933649738637
-3.8893,3.502,99.863,24.2,100.0,3.0,138.0,457.83397572498137,36.893531787111016,53.99353178711102,462.48068445148624
-4.0673,3.2936,99.863,23.4,100.0,3.0,141.0,457.82651868737656,36.82,53.98244201342003,462.4661475817825
-4.2341,3.0762,99.863,23.6,100.0,3.0,143.99999999999997,457.83750751209243,36.947557986579966,53.981584186048906,462.4870990171428
-4.3893,2.8504,99.863,22.1,100.0,3.0,147.0,457.8356608600055,36.81701309973447,53.99646821288897,462.4765976654056
-4.5324,2.6168,99.863,24.2,100.0,3.0,150.0,457.80077683316534,36.801584186048906,53.97597380053105,462.43844305525477
-4.6632,2.376,99.863,22.7,100.0,3.0,152.99999999999997,457.83792140159306,36.87891022630901,53.99701309973447,462.4838307622271
-4.7811,2.1287,99.863,22.4,100.0,3.0,155.99999999999997,457.79262348525236,36.84054488684549,54.0094551131545,462.43738290355543
-4.886,1.8756,99.863,23.6,100.0,3.0,159.0,457.79184665208686,36.889455113154504,54.01950558764207,462.44168685749617
-4.9774,1.6173,99.863,23.0,100.0,3.0,161.99999999999997,457.7770130997344,36.843531787111026,54.050544886845486,462.42696824431334
-5.0553,1.3546,99.863,24.1,100.0,3.0,164.99999999999997,457.785146492878,36.8805448868455,54.07298690026551,462.440593863658
-5.1192,1.0881,99.863,24.3,100.0,3.0,167.99999999999997,457.72228049635703,36.90755798657996,54.05407667395651,462.37830518352877
-5.1692,0.8187,99.863,22.7,100.0,3.0,170.99999999999997,457.814288665507,36.829455113154495,54.06348131262344,462.46425989677994
-5.2049,0.5471,99.863,23.4,100.0,3.0,173.99999999999997,457.7647830778648,36.755428913685556,54.047275565772516,462.4074676916844
-5.2264,0.2739,99.863,22.6,100.0,3.0,176.99999999999997,457.7757418542111,36.76701309973447,54.016468212888974,462.41563762554944
-5.2336,0.0,99.863,24.9,100.0,3.0,180.0,457.7623915389324,36.762986900265524,54.02298690026553,462.4028626932344
-5.2264,-0.2739,99.863,23.5,100.0,3.0,182.99999999999997,457.7002824208075,36.85701309973447,54.00353178711102,462.3465901120095
-5.2049,-0.5471,99.863,24.4,100.0,3.0,186.0,457.7232493663035,36.79597380053105,54.00407667395651,462.3645282629099
-5.1692,-0.8187,99.863,22.0,100.0,3.0,188.99999999999997,457.72488402684,36.85646821288898,53.977013099734464,462.367804512469
-5.1192,-1.0881,99.863,23.8,100.0,3.0,192.0,457.7742687107375,36.88239153893245,54.025378439197986,462.4244083250582
-5.0553,-1.3546,99.863,23.2,100.0,3.0,194.99999999999997,457.7442381910194,36.773531787111025,54.043531787111014,462.3881308654006
-4.9774,-1.6173,99.863,23.7,100.0,3.0,197.99999999999997,457.7110392992034,36.79963658498679,54.04633721554426,462.35767033278506
-4.886,-1.8756,99.863,23.3,100.0,3.0,200.99999999999997,457.7123915389324,36.85646821288898,54.055428913685546,462.3645985717972
-4.7811,-2.1287,99.863,23.7,100.0,3.0,204.0,457.73841581395106,36.80537843919799,54.068365339463504,462.387804039423
-4.6632,-2.376,99.863,22.2,100.0,3.0,207.0,457.7279214015931,36.78701309973447,54.05701309973446,462.3746262812092
-4.5324,-2.6168,99.863,23.3,100.0,3.0,209.99999999999997,457.72537843919787,36.796518687376555,54.08755798657996,462.37643731462896
-4.3893,-2.8504,99.863,23.8,100.0,3.0,212.99999999999997,457.67784040738746,36.7594551131545,54.12348131262345,462.330633172391
-4.2341,-3.0762,99.863,22.7,100.0,3.0,215.99999999999994,457.69000000000005,36.867013099734464,54.09597380053105,462.3480151750668
-4.0673,-3.2936,99.863,21.9,100.0,3.0,219.0,457.7019476010621,36.89,54.06999999999999,462.3586376805406
-3.8893,-3.502,99.863,23.6,100.0,3.0,221.99999999999997,457.7110392992034,36.92135223972904,54.09592332604347,462.37317252200546
-3.7007,-3.7007,99.863,23.4,100.0,3.0,224.99999999999997,457.7379214015932,36.8094551131545,54.06,462.38666100437894
-3.502,-3.8893,99.863,23.4,100.0,3.0,228.0,457.66561038551794,36.85244201342003,54.043531787111014,462.31657631965317
-3.2936,-4.0673,99.863,23.1,100.0,3.0,231.0,457.7,36.80402619946894,54.012986900265524,462.3431940651657
-3.0762,-4.2341,99.863,24.1,100.0,3.0,233.99999999999997,457.72488402684,36.750544886845496,54.012986900265524,462.3635742148731
-2.8504,-4.3893,99.863,22.8,100.0,3.0,236.99999999999997,457.68516644764753,36.78293642577794,54.006518687376555,462.32607546951493
-2.6168,-4.5324,99.863,20.8,100.0,3.0,239.99999999999994,457.66363273608613,36.78701309973447,53.99353178711102,462.3035653516388
-2.376,-4.6632,99.863,23.5,100.0,3.0,242.99999999999997,457.704026199469,36.750544886845496,53.9994551131545,462.3413450051832
-2.1287,-4.7811,99.863,23.0,100.0,3.0,245.99999999999997,457.7020785984069,36.82999999999999,53.99298690026553,462.34498406245797
-1.8756,-4.886,99.863,23.3,100.0,3.0,249.0,457.70537843919794,36.793531787111014,53.9894551131545,462.3449347586214
-1.6173,-4.9774,99.863,23.2,100.0,3.0,252.0,457.70958658184776,36.78402619946894,53.992442013420025,462.34869311693933
-1.3546,-5.0553,99.863,24.5,100.0,3.0,254.99999999999997,457.635973800531,36.7805448868455,53.989999999999995,462.2752568530286
-1.0881,-5.1192,99.863,23.5,100.0,3.0,258.0,457.62478307786483,36.75348131262344,54.00999999999999,462.2643622167517
-0.8187,-5.1692,99.863,23.7,100.0,3.0,260.99999999999994,457.63945511315444,36.808910226309,54.018910226309,462.28433827067016
-0.5471,-5.2049,99.863,23.4,100.0,3.0,263.99999999999994,457.60259343688267,36.80244201342003,54.008960700796585,462.2461693668129
-0.2739,-5.2264,99.863,24.7,100.0,3.0,266.99999999999994,457.5931383237283,36.757013099734465,54.015923326043485,462.23400808003925
0.0,-5.2336,99.863,23.9,100.0,3.0,270.0,457.59891022630893,36.79999999999999,54.019999999999996,462.2436187123685
0.2739,-5.2264,99.863,21.7,100.0,3.0,273.0,457.56098882471576,36.75810287342546,54.006518687376555,462.20116906151907
0.5471,-5.2049,99.863,23.1,100.0,3.0,276.0,457.57592332604344,36.76353178711102,54.010544886845494,462.2168558546054
0.8187,-5.1692,99.863,25.0,100.0,3.0,278.99999999999994,457.6129869002655,36.83701309973447,54.04,462.26283964200775
1.0881,-5.1192,99.863,23.0,100.0,3.0,282.0,457.61566086000545,36.86,54.04755798657996,462.26820265799404
1.3546,-5.0553,99.863,23.4,100.0,3.0,284.99999999999994,457.64343083813577,36.866468212888975,54.045428913685555,462.29596002372307
1.6173,-4.9774,99.863,23.9,100.0,3.0,287.99999999999994,457.59732604026004,36.818415813951084,54.071897126574534,462.24958474952894
1.8756,-4.886,99.863,23.8,100.0,3.0,291.0,457.60452061182673,36.866518687376555,54.04,462.2568107497243
2.1287,-4.7811,99.863,23.6,100.0,3.0,294.0,457.5219170813439,36.83755798657996,54.029455113154505,462.17149664169807
2.376,-4.6632,99.863,25.4,100.0,3.0,296.99999999999994,457.67189712657455,36.79999999999999,54.02298690026553,462.31622136051436
2.6168,-4.5324,99.863,22.4,100.0,3.0,300.0,457.66745703760483,36.911352239729034,54.029455113154505,462.3214587008239
2.8504,-4.3893,99.863,23.4,100.0,3.0,303.0,457.66,36.79,54.029999999999994,462.3044674237964
3.0762,-4.2341,99.863,23.9,100.0,3.0,305.99999999999994,457.6050654986723,36.77,54.02701309973447,462.24814441436433
3.2936,-4.0673,99.863,24.2,100.0,3.0,309.0,457.61392525049365,36.80054488684549,54.0494551131545,462.26196932601107
3.502,-3.8893,99.863,22.1,100.0,3.0,311.99999999999994,457.6091926471164,36.8805448868455,54.0594551131545,462.26482937103003
3.7007,-3.7007,99.863,22.3,100.0,3.0,314.99999999999994,457.60836533946343,36.77701309973447,54.08,462.2581650130086
3.8893,-3.502,99.863,24.4,100.0,3.0,318.0,457.5751159731599,36.84701309973447,54.09353178711102,462.2324083331089
4.0673,-3.2936,99.863,24.0,100.0,3.0,321.0,457.60516644764743,36.84353178711103,54.12,462.26497660338384
4.2341,-3.0762,99.863,23.0,100.0,3.0,323.99999999999994,457.59210911812494,36.77810287342547,54.11755798657997,462.24655462271767
4.3893,-2.8504,99.863,23.1,100.0,3.0,327.0,457.5826234852522,36.752986900265526,54.10108977369098,462.2332390432758
4.5324,-2.6168,99.863,23.1,100.0,3.0,329.99999999999994,457.5689607007966,36.72592332604347,54.126468212888966,462.2205337305543
4.6632,-2.376,99.863,23.4,100.0,3.0,332.99999999999994,457.61054488684545,36.721089773690984,54.11945511315451,462.26049436172656
4.7811,-2.1287,99.863,25.1,100.0,3.0,335.99999999999994,457.6693541641793,36.79,54.119455113154494,462.32419065283807
4.886,-1.8756,99.863,23.9,100.0,3.0,339.0,457.5804439378703,36.86755798657997,54.0905448868455,462.23897126100064
4.9774,-1.6173,99.863,24.0,100.0,3.0,341.99999999999994,457.4976084610675,36.8094551131545,54.10651868737655,462.1542092178659
5.0553,-1.3546,99.863,23.5,100.0,3.0,345.0,457.61673067892684,36.7705448868455,54.098365339463506,462.2680805560201
5.1192,-1.0881,99.863,23.2,100.0,3.0,347.99999999999994,457.5650150241847,36.723531787111014,54.08457108631444,462.2115333811911
5.1692,-0.8187,99.863,23.4,100.0,3.0,351.0,457.51755798657985,36.75999999999999,54.08755798657996,462.1678022049514
5.2049,-0.5471,99.863,23.4,100.0,3.0,353.99999999999994,457.525973800531,36.735973800531056,54.08701309973447,462.1741592292329
5.2264,-0.2739,99.863,22.9,100.0,3.0,356.99999999999994,457.6071440970791,36.71,54.08,462.25162934129816
10.4385,-0.5471,99.4522,24.2,100.0,6.0,356.99999999999994,457.54402619946893,36.81298690026553,54.056468212888966,462.19458420776687
10.3956,-1.0926,99.4522,22.3,100.0,6.0,353.99999999999994,457.5712512907538,36.869455113154494,54.03462156080201,462.2234817221494
10.3242,-1.6352,99.4522,24.2,100.0,6.0,351.0,457.47906164977167,36.796518687376555,54.06945511315449,462.1304811540778
10.2244,-2.1733,99.4522,24.0,100.0,6.0,347.99999999999994,457.57766902915523,36.79999999999999,54.09592332604347,462.23147027723275
10.0967,-2.7054,99.4522,22.8,100.0,6.0,345.0,457.5546720352896,36.77651868737656,54.12701309973447,462.210475622506
9.9412,-3.2301,99.4522,23.1,100.0,6.0,341.99999999999994,457.48462156080205,36.853481312623444,54.12348131262343,462.1468481758672
9.7586,-3.746,99.4522,23.0,100.0,6.0,339.0,457.4942886655069,36.85891022630901,54.10999999999999,462.15527209437874
9.5492,-4.2516,99.4522,23.3,100.0,6.0,335.99999999999994,457.465973800531,36.83701309973447,54.08701309973447,462.12280587028914
9.3136,-4.7455,99.4522,22.9,100.0,6.0,332.99999999999994,457.4091421726289,36.80054488684549,54.0905448868455,462.0640545348933
9.0524,-5.2264,99.4522,23.1,100.0,6.0,329.99999999999994,457.4340766739565,36.739999999999995,54.09646821288897,462.08461343747774
8.7665,-5.693,99.4522,23.8,100.0,6.0,327.0,457.47254296239515,36.84054488684549,54.0994551131545,462.13104673412755
8.4565,-6.144,99.4522,23.3,100.0,6.0,323.99999999999994,457.4881838676312,36.772442013420026,54.10298690026552,462.1415195171974
8.1234,-6.5782,99.4522,22.9,100.0,6.0,321.0,457.43249248790755,36.76651868737655,54.11945511315451,462.08784608755246
7.768,-6.9943,99.4522,22.6,100.0,6.0,318.0,457.46298690026543,36.73244201342003,54.1294551131545,462.1164946102105
7.3913,-7.3913,99.4522,22.4,100.0,6.0,314.99999999999994,457.50755798657997,36.78,54.11402619946893,462.1625924351306
6.9943,-7.768,99.4522,22.3,100.0,6.0,311.99999999999994,457.4308578273711,36.89,54.119949525512425,462.09612715248824
6.5782,-8.1234,99.4522,23.4,100.0,6.0,309.0,457.4138447276366,36.928647760270955,54.06054488684549,462.07541904691624
6.144,-8.4565,99.4522,22.7,100.0,6.0,305.99999999999994,457.41412714844415,36.853481312623444,54.06592332604347,462.0703267522494
5.693,-8.7665,99.4522,24.2,100.0,6.0,303.0,457.44610479787576,36.839999999999996,54.065973800531054,462.10091313234693
5.2264,-9.0524,99.4522,23.0,100.0,6.0,300.0,457.5004439378703,36.75646821288897,54.04542891368556,462.1456507912822
4.7455,-9.3136,99.4522,23.6,100.0,6.0,296.99999999999994,457.4818971265745,36.805923326043484,54.07348131262344,462.134508094428
4.2516,-9.5492,99.4522,23.1,100.0,6.0,294.0,457.41750751209236,36.752986900265526,54.05706357422204,462.0646322181926
3.746,-9.7586,99.4522,23.4,100.0,6.0,291.0,457.40488402684,36.838910226309004,54.06054488684549,462.0593855249903
3.2301,-9.9412,99.4522,22.8,100.0,6.0,287.99999999999994,457.4275579865799,36.86353178711102,54.05348131262344,462.0829683329601
2.7054,-10.0967,99.4522,22.5,100.0,6.0,284.99999999999994,457.44389520212417,36.82999999999999,54.05597380053105,462.09675876510505
2.1733,-10.2244,99.4522,22.9,100.0,6.0,282.0,457.5081533479129,36.792986900265525,54.08,462.1602326735399
1.6352,-10.3242,99.4522,23.4,100.0,6.0,278.99999999999994,457.4829869002656,36.82999999999999,54.09,462.1394381603766
1.0926,-10.3956,99.4522,22.5,100.0,6.0,276.0,457.4251159731598,36.86244201342003,54.069455113154504,462.0823328482543
0.5471,-10.4385,99.4522,23.4,100.0,6.0,273.0,457.46402619946895,36.77244201342003,54.050544886845486,462.1114683286097
0.0,-10.4528,99.4522,21.7,100.0,6.0,270.0,457.39483355235245,36.80841581395108,54.06402619946894,462.0474133289935
-0.5471,-10.4385,99.4522,22.9,100.0,6.0,266.99999999999994,457.41787092710564,36.75,54.029999999999994,462.061589015454
-1.0926,-10.3956,99.4522,23.4,100.0,6.0,263.99999999999994,457.44402619946885,36.68701309973447,54.006518687376555,462.0797313197046
-1.6352,-10.3242,99.4522,23.4,100.0,6.0,260.99999999999994,457.4712207710357,36.76787092710559,54.00054488684549,462.11238136878586
-2.1733,-10.2244,99.4522,23.0,100.0,6.0,258.0,457.48680110818395,36.63810287342546,54.02706357422205,462.1205982953106
-2.7054,-10.0967,99.4522,21.9,100.0,6.0,254.99999999999997,457.4740261994689,36.77891022630901,54.027557986579964,462.1191944797148
-3.2301,-9.9412,99.4522,22.9,100.0,6.0,252.0,457.48625622133846,36.80402619946894,54.012986900265524,462.13159784827053
-3.746,-9.7586,99.4522,22.2,100.0,6.0,249.0,457.54805239893784,36.83353178711102,54.00054488684549,462.19366954346043
-4.2516,-9.5492,99.4522,22.2,100.0,6.0,245.99999999999997,457.54031294052555,36.67407667395653,53.99114024817857,462.17222881832674
-4.7455,-9.3136,99.4522,24.0,100.0,6.0,242.99999999999997,457.53467203528953,36.73462156080201,53.999999999999986,462.17248786103147
-5.2264,-9.0524,99.4522,22.1,100.0,6.0,239.99999999999994,457.4680523989378,36.66298690026552,53.988960700796575,462.0995579436086
-5.693,-8.7665,99.4522,22.4,100.0,6.0,236.99999999999997,457.4557618089805,36.71353178711102,53.99701309973447,462.0923445072541
-6.144,-8.4565,99.4522,22.3,100.0,6.0,233.99999999999997,457.55376373343086,36.766468212888974,53.9905448868455,462.19281563937807
-6.5782,-8.1234,99.4522,23.8,100.0,6.0,231.0,457.58108977369096,36.72,54.03891022630901,462.2218254657883
-6.9943,-7.768,99.4522,23.4,100.0,6.0,228.0,457.5277094100427,36.74646821288897,54.03646821288898,462.17079927343303
-7.3913,-7.3913,99.4522,23.9,100.0,6.0,224.99999999999997,457.5825730107647,36.7694551131545,54.067013099734474,462.230511604326
-7.768,-6.9943,99.4522,22.6,100.0,6.0,221.99999999999997,457.50950558764197,36.73244201342003,54.07488402684005,462.1561565984316
-8.1234,-6.5782,99.4522,23.1,100.0,6.0,219.0,457.54781035901783,36.71353178711102,54.06189712657453,462.19105454512993
-8.4565,-6.144,99.4522,22.6,100.0,6.0,215.99999999999994,457.67971757919264,36.76701309973447,54.06,462.3256652357141
-8.7665,-5.693,99.4522,23.0,100.0,6.0,212.99999999999997,457.66,36.73353178711102,54.04298690026552,462.30149512050787
-9.0524,-5.2264,99.4522,23.0,100.0,6.0,209.99999999999997,457.57249248790754,36.682986900265526,54.019999999999996,462.2081650182321
-9.3136,-4.7455,99.4522,23.4,100.0,6.0,207.0,457.65768945527327,36.69,54.029455113154505,462.2941691578683
-9.5492,-4.2516,99.4522,23.0,100.0,6.0,204.0,457.63963658498676,36.722986900265525,54.03945511315451,462.28008549951886
-9.7586,-3.746,99.4522,23.4,100.0,6.0,200.99999999999997,457.6246215608019,36.78701309973447,54.064076673956514,462.27319084938796
-9.9412,-3.2301,99.4522,21.5,100.0,6.0,197.99999999999997,457.6090616497717,36.743531787111024,54.103531787111024,462.2589453801992
-10.0967,-2.7054,99.4522,23.2,100.0,6.0,194.99999999999997,457.7095356360116,36.72999999999999,54.0905448868455,462.3558142364917
-10.2244,-2.1733,99.4522,22.1,100.0,6.0,192.0,457.6101814718323,36.773531787111025,54.065973800531054,462.25804519746396
-10.3242,-1.6352,99.4522,21.8,100.0,6.0,188.99999999999997,457.65608484310627,36.83054488684549,54.064076673956514,462.3078037597785
-10.3956,-1.0926,99.4522,23.3,100.0,6.0,186.0,457.5616851350241,36.91457108631444,54.041897126574526,462.2184633992121
-10.4385,-0.5471,99.4522,24.0,100.0,6.0,182.99999999999997,457.61275495394557,36.8105448868455,54.050544886845486,462.2617344253915
-10.4528,0.0,99.4522,23.3,100.0,6.0,180.0,457.76828434525765,36.77701309973447,54.07163466053648,462.41549770720405
-10.4385,0.5471,99.4522,24.4,100.0,6.0,176.99999999999997,457.694621560802,36.8094551131545,54.115923326043486,462.3503387571413
-10.3956,1.0926,99.4522,23.2,100.0,6.0,173.99999999999997,457.7058728515559,36.821897126574534,54.13140271421662,462.3642794492384
-10.3242,1.6352,99.4522,23.4,100.0,6.0,170.99999999999997,457.6795055876421,36.834076673956524,54.11945511315451,462.3377493360413
-10.2244,2.1733,99.4522,23.6,100.0,6.0,167.99999999999997,457.6349345013277,36.79,54.09103929920341,462.28679183868365
-10.0967,2.7054,99.4522,23.4,100.0,6.0,164.99999999999997,457.7672755657725,36.78,54.0594551131545,462.4133125960379
-9.9412,3.2301,99.4522,23.3,100.0,6.0,161.99999999999997,457.6900504744875,36.81755798657996,54.07348131262344,462.3414931202917
-9.7586,3.746,99.4522,23.0,100.0,6.0,159.0,457.6354289136855,36.8105448868455,54.074621560802015,462.28699604122903
-9.5492,4.2516,99.4522,23.2,100.0,6.0,155.99999999999997,457.58701309973446,36.99999999999999,54.082986900265524,462.2551719879301
-9.3136,4.7455,99.4522,22.7,100.0,6.0,152.99999999999997,457.62950558764203,36.902986900265525,54.12298690026552,462.2941623442342
-9.0524,5.2264,99.4522,23.0,100.0,6.0,150.0,457.6118166037174,36.814026199468934,54.10999999999999,462.268038393711
-8.7665,5.693,99.4522,23.0,100.0,6.0,147.0,457.6577699781304,36.8994551131545,54.098647760270964,462.3190109637423
-8.4565,6.144,99.4522,23.2,100.0,6.0,143.99999999999997,457.6029869002655,36.96999999999999,54.05597380053105,462.2654246464559
-8.1234,6.5782,99.4522,23.0,100.0,6.0,141.0,457.59054488684546,36.931089773690985,54.05108977369099,462.2494266815657
-7.768,6.9943,99.4522,22.2,100.0,6.0,138.0,457.55701309973443,36.967013099734466,54.05701309973446,462.21979723885835
-7.3913,7.3913,99.4522,24.2,100.0,6.0,135.0,457.5789607007966,36.932179547381985,54.04651868737655,462.23751183170555
-6.9943,7.768,99.4522,24.2,100.0,6.0,131.99999999999997,457.48673067892696,36.919455113154505,54.05054488684549,462.1456656896288
-6.5782,8.1234,99.4522,22.6,100.0,6.0,129.0,457.4831683720978,36.973531787111014,54.05566086000543,462.1470608665575
-6.144,8.4565,99.4522,23.7,100.0,6.0,126.0,457.56717461679733,36.91,54.069455113154504,462.2267553517777
-5.693,8.7665,99.4522,23.8,100.0,6.0,122.99999999999999,457.48381420791844,36.95244201342003,54.10407667395651,462.1516789385513
-5.2264,9.0524,99.4522,23.0,100.0,6.0,119.99999999999997,457.5447830778649,36.88,54.116468212888975,462.20769687836986
-4.7455,9.3136,99.4522,22.4,100.0,6.0,116.99999999999999,457.5116651802546,36.91,54.0905448868455,462.1742733235649
-4.2516,9.5492,99.4522,23.4,100.0,6.0,114.0,457.58803244416845,36.91592332604347,54.13542891368556,462.255597580828
-3.746,9.7586,99.4522,22.6,100.0,6.0,110.99999999999999,457.4965691618641,36.946468212888966,54.13646821288898,462.16762056514455
-3.2301,9.9412,99.4522,23.8,100.0,6.0,107.99999999999997,457.46435909476384,36.96836533946351,54.12891022630901,462.1366018831909
-2.7054,10.0967,99.4522,22.9,100.0,6.0,104.99999999999999,457.54929359609156,36.887013099734475,54.13353178711102,462.2147196590006
-2.1733,10.2244,99.4522,22.4,100.0,6.0,102.0,457.4495560621296,36.92950558764208,54.143481312623436,462.12054844276025
-1.6352,10.3242,99.4522,23.1,100.0,6.0,98.99999999999999,457.4849345013277,36.923531787111024,54.143481312623436,462.1550920026396
-1.0926,10.3956,99.4522,23.0,100.0,6.0,96.0,457.48800192445026,36.88810287342547,54.1394551131545,462.1548275614737
-0.5471,10.4385,99.4522,23.0,100.0,6.0,93.0,457.5904239831009,36.88457108631444,54.14999999999999,462.25716890628684
0.0,10.4528,99.4522,23.2,100.0,6.0,90.0,457.53407667395646,36.971089773690984,54.126518687376546,462.20555256526194
0.5471,10.4385,99.4522,22.9,100.0,6.0,86.99999999999999,457.5481028734254,36.91298690026553,54.15488402684006,462.2181157299337
1.0926,10.3956,99.4522,23.4,100.0,6.0,83.99999999999999,457.546730678927,36.98293642577795,54.15755798657996,462.22266217562014
1.6352,10.3242,99.4522,21.9,100.0,6.0,80.99999999999999,457.5394046386669,36.91,54.14407667395652,462.2080007269249
2.1733,10.2244,99.4522,24.6,100.0,6.0,77.99999999999999,457.49597380053103,36.85701309973447,54.12701309973447,462.15878116230687
2.7054,10.0967,99.4522,22.7,100.0,6.0,75.0,457.44561038551785,36.89592332604348,54.12950558764208,462.11232291968025
3.2301,9.9412,99.4522,22.5,100.0,6.0,71.99999999999999,457.4168011081839,36.849455113154505,54.143481312623436,462.0817339463124
3.746,9.7586,99.4522,23.0,100.0,6.0,69.0,457.4646720352896,36.7994551131545,54.17298690026553,462.12859527049017
4.2516,9.5492,99.4522,23.7,100.0,6.0,65.99999999999999,457.4977699781304,36.76239153893245,54.1994551131545,462.16151278658737
4.7455,9.3136,99.4522,23.1,100.0,6.0,63.0,457.4275579865799,36.699192647116455,54.2164177384014,462.0889757383322
5.2264,9.0524,99.4522,22.8,100.0,6.0,59.999999999999986,457.41646821288896,36.718102873425465,54.218910226309006,462.07979256520713
5.693,8.7665,99.4522,23.6,100.0,6.0,57.0,457.40402619946894,36.81244201342003,54.219455113154496,462.07504626764177
6.144,8.4565,99.4522,21.3,100.0,6.0,53.999999999999986,457.4067811534145,36.84706357422205,54.182986900265526,462.07625518804224
6.5782,8.1234,99.4522,21.8,100.0,6.0,51.0,457.400595361333,36.8694551131545,54.17701309973447,462.07121756894963
6.9943,7.768,99.4522,22.4,100.0,6.0,48.0,457.4375579865799,36.841634660536485,54.16054488684548,462.10365733634495
7.3913,7.3913,99.4522,23.0,100.0,6.0,45.0,457.4105448868455,36.83945511315449,54.11353178711103,462.07123514582656
7.768,6.9943,99.4522,22.7,100.0,6.0,41.99999999999999,457.46103929920343,36.76194760106211,54.149999999999984,462.1193198386436
8.1234,6.5782,99.4522,23.6,100.0,6.0,38.99999999999999,457.3381333931436,36.815923326043475,54.1594551131545,462.00305956132775
8.4565,6.144,99.4522,22.6,100.0,6.0,35.99999999999999,457.43765893555513,36.7705448868455,54.183481312623435,462.1007838457669
8.7665,5.693,99.4522,22.4,100.0,6.0,32.99999999999999,457.4494551131544,36.81999999999999,54.20836533946351,462.1193171206962
9.0524,5.2264,99.4522,22.7,100.0,6.0,29.999999999999993,457.3629869002656,36.71,54.21999999999999,462.02633505713993
9.3136,4.7455,99.4522,23.1,100.0,6.0,26.999999999999993,457.4472250912849,36.75353178711102,54.209999999999994,462.1120101691178
9.5492,4.2516,99.4522,23.4,100.0,6.0,24.0,457.44914217262874,36.76891022630901,54.185923326043465,462.11230747557477
9.7586,3.746,99.4522,23.7,100.0,6.0,20.999999999999996,457.44249248790766,36.75348131262344,54.16353178711101,462.1018724240362
9.9412,3.2301,99.4522,23.0,100.0,6.0,17.999999999999996,457.41049441235793,36.82755798657996,54.14651868737655,462.0741011047634
10.0967,2.7054,99.4522,23.4,100.0,6.0,14.999999999999996,457.4585972857834,36.74646821288897,54.169999999999995,462.11801529132947
10.2244,2.1733,99.4522,24.6,100.0,6.0,12.0,457.4551969673657,36.8094551131545,54.19646821288897,462.1227654908697
10.3242,1.6352,99.4522,22.4,100.0,6.0,8.999999999999998,457.4067001592088,36.86999999999999,54.215378439197984,462.0818039155425
10.3956,1.0926,99.4522,23.2,100.0,6.0,6.0,457.5029364257778,36.82646821288897,54.21646821288898,462.1737238579487
10.4385,0.5471,99.4522,22.7,100.0,6.0,3.0,457.43760846106744,36.7394551131545,54.2,462.10019822176264
10.4528,0.0,99.4522,22.6,100.0,6.0,0.0,457.44054488684543,36.809999999999995,54.1805448868455,462.106437577545
15.6434,0.0,98.7688,22.9,100.0,8.999999999999998,0.0,457.44457108631445,36.89755798657996,54.2,462.1196873124053
15.622,0.8187,98.7688,23.8,100.0,8.999999999999998,3.0,457.39815334791297,36.92891022630901,54.24755798657996,462.0818246199379
15.5578,1.6352,98.7688,22.2,100.0,8.999999999999998,6.0,457.40673067892703,36.93,54.25108977369098,462.0908167362965
15.4508,2.4472,98.7688,22.4,100.0,8.999999999999998,8.999999999999998,457.43973753396193,36.87407667395652,54.232986900265516,462.11689849411607
15.3016,3.2525,98.7688,24.0,100.0,8.999999999999998,12.0,457.4347830778649,36.894621560802015,54.19901117528416,462.1096478997021
15.1104,4.0488,98.7688,22.5,100.0,8.999999999999998,14.999999999999996,457.38555991103027,36.8694551131545,54.225973800531044,462.0620773987879
14.8778,4.8341,98.7688,23.3,100.0,8.999999999999998,17.999999999999996,457.4841877165318,36.757013099734465,54.24999999999999,462.1535702801277
14.6044,5.6061,98.7688,23.0,100.0,8.999999999999998,20.999999999999996,457.39275495394554,36.80701309973447,54.25262348525232,462.06734969343665
14.291,6.3628,98.7688,23.0,100.0,8.999999999999998,24.0,457.4006458358206,36.889455113154504,54.23407667395651,462.0795578493468
13.9384,7.102,98.7688,22.8,100.0,8.999999999999998,26.999999999999993,457.47130176524144,36.87592332604348,54.22945511315449,462.14787618445513
13.5476,7.8217,98.7688,22.6,100.0,8.999999999999998,29.999999999999993,457.421947601062,36.79407667395652,54.236468212888965,462.09332034735735
13.1197,8.52,98.7688,22.7,100.0,8.999999999999998,32.99999999999999,457.40293642577785,36.76353178711102,54.252986900265526,462.07400934048053
12.6558,9.195,98.7688,22.8,100.0,8.999999999999998,35.99999999999999,457.44896070079653,36.69,54.26,462.1145478625823
12.1572,9.8447,98.7688,22.2,100.0,8.999999999999998,38.99999999999999,457.3491421726289,36.739999999999995,54.258910226309006,462.01958268561106
11.6253,10.4675,98.7688,22.7,100.0,8.999999999999998,41.99999999999999,457.40664968472134,36.88353178711103,54.223531787111014,462.0837905535749
11.0616,11.0616,98.7688,23.4,100.0,8.999999999999998,45.0,457.3610092508339,36.845115973159935,54.200544886845506,462.03284993607105
10.4675,11.6253,98.7688,22.6,100.0,8.999999999999998,48.0,457.3810392992034,36.82646821288897,54.2,462.0511269020501
9.8447,12.1572,98.7688,23.0,100.0,8.999999999999998,51.0,457.3233503152787,36.75841581395108,54.21506549867235,461.990369167765
9.195,12.6558,98.7688,22.9,100.0,8.999999999999998,53.999999999999986,457.226569161864,36.80353178711102,54.237013099734455,461.90073510389055
8.52,13.1197,98.7688,22.8,100.0,8.999999999999998,57.0,457.3128559029208,36.86407667395652,54.24054488684549,461.99139064784623
7.8217,13.5476,98.7688,21.4,100.0,8.999999999999998,59.999999999999986,457.3221290728943,36.883481312623445,54.23999999999999,462.00205468537
7.102,13.9384,98.7688,23.2,100.0,8.999999999999998,63.0,457.3541271484441,36.829455113154495,54.203531787111025,462.02513918816516
6.3628,14.291,98.7688,22.6,100.0,8.999999999999998,65.99999999999999,457.35919264711646,36.83054488684549,54.194934501327644,462.02923182531134
5.6061,14.6044,98.7688,22.2,100.0,8.999999999999998,69.0,457.3410897736909,36.7394551131545,54.169455113154505,462.0010712375619
4.8341,14.8778,98.7688,23.0,100.0,8.999999999999998,71.99999999999999,457.335973800531,36.77651868737656,54.15755798657996,461.9975609739869
4.0488,15.1104,98.7688,24.2,100.0,8.999999999999998,75.0,457.347820452618,36.90244201342002,54.16597380053104,462.02031537268334
3.2525,15.3016,98.7688,22.4,100.0,8.999999999999998,77.99999999999999,457.31217954738196,36.929455113154496,54.103531787111024,461.97987658465206
2.4472,15.4508,98.7688,23.5,100.0,8.999999999999998,80.99999999999999,457.27597380053106,36.90597380053106,54.11103929920341,461.9430394447235
1.6352,15.5578,98.7688,23.6,100.0,8.999999999999998,83.99999999999999,457.285973800531,36.96646821288898,54.10651868737655,461.9572458261715
0.8187,15.622,98.7688,22.6,100.0,8.999999999999998,86.99999999999999,457.3446720352896,36.93407667395652,54.12298690026553,462.01468891132737
0.0,15.6434,98.7688,24.2,100.0,8.999999999999998,90.0,457.2767811534145,36.98293642577795,54.10293642577794,461.9490446992965
-0.8187,15.622,98.7688,22.6,100.0,8.999999999999998,93.0,457.24929359609155,36.9294551131545,54.084621560802006,461.91541156195944
-1.6352,15.5578,98.7688,21.6,100.0,8.999999999999998,96.0,457.28212907289435,36.95402619946894,54.05999999999999,461.9469982820434
-2.4472,15.4508,98.7688,22.4,100.0,8.999999999999998,98.99999999999999,457.3880019244503,37.00244201342003,54.08054488684549,462.0580811485235
-3.2525,15.3016,98.7688,23.4,100.0,8.999999999999998,102.0,457.3154793881731,37.09,54.09163466053649,461.99461114636773
-4.0488,15.1104,98.7688,23.2,100.0,8.999999999999998,104.99999999999999,457.4320785984068,37.05353178711102,54.103531787111024,462.1084968928795
-4.8341,14.8778,98.7688,22.3,100.0,8.999999999999998,107.99999999999997,457.40896070079657,36.94945511315451,54.10999999999999,462.0780363342775
-5.6061,14.6044,98.7688,22.8,100.0,8.999999999999998,110.99999999999999,457.5223915389323,36.82592332604348,54.07407667395652,462.17625767282834
-6.3628,14.291,98.7688,23.3,100.0,8.999999999999998,114.0,457.4877699781305,36.95298690026553,54.09651868737655,462.1547535777466
-7.102,13.9384,98.7688,21.5,100.0,8.999999999999998,116.99999999999999,457.4599999999999,36.93592332604347,54.13755798657996,462.1307057713192
-7.8217,13.5476,98.7688,23.2,100.0,8.999999999999998,119.99999999999997,457.4356913797236,36.977013099734464,54.17457108631444,462.1142666031961
-8.52,13.1197,98.7688,22.6,100.0,8.999999999999998,122.99999999999999,457.46231101607526,36.96542891368556,54.18646821288897,462.1410848132067
-9.195,12.6558,98.7688,22.8,100.0,8.999999999999998,126.0,457.5477699781304,36.930544886845496,54.163481312623446,462.2201960813724
-9.8447,12.1572,98.7688,22.3,100.0,8.999999999999998,129.0,457.4867001592088,37.027013099734475,54.14646821288897,462.165468789674
-10.4675,11.6253,98.7688,24.4,100.0,8.999999999999998,131.99999999999997,457.56714409707917,36.97999999999999,54.13,462.2394062140929
-11.0616,11.0616,98.7688,22.9,100.0,8.999999999999998,135.0,457.59239153893236,36.980544886845486,54.1394551131545,462.2655493267878
-11.6253,10.4675,98.7688,23.0,100.0,8.999999999999998,138.0,457.5650654986723,36.97353178711102,54.15353178711101,462.23958746805147
-12.1572,9.8447,98.7688,21.5,100.0,8.999999999999998,141.0,457.56994952551236,36.93646821288897,54.151897126574525,462.24126747319826
-12.6558,9.195,98.7688,23.0,100.0,8.999999999999998,143.99999999999997,457.5628559029207,36.902986900265525,54.16298690026552,462.2328706335763
-13.1197,8.52,98.7688,22.4,100.0,8.999999999999998,147.0,457.6059233260434,36.93244201342003,54.14457108631443,462.2756979490446
-13.5476,7.8217,98.7688,23.2,100.0,8.999999999999998,150.0,457.56,37.0194551131545,54.09407667395652,462.23128711510077
-13.9384,7.102,98.7688,23.8,100.0,8.999999999999998,152.99999999999997,457.5904944123579,37.04646821288897,54.10054488684549,462.2643944115189
-14.291,6.3628,98.7688,22.5,100.0,8.999999999999998,155.99999999999997,457.6846821288897,36.93353178711102,54.120595361333066,462.35094124264253
-14.6044,5.6061,98.7688,21.5,100.0,8.999999999999998,159.0,457.6532493663035,36.949999999999996,54.15859728578337,462.32559178083534
-14.8778,4.8341,98.7688,22.4,100.0,8.999999999999998,161.99999999999997,457.6234007897663,36.813531787111025,54.15787092710558,462.2850722837465
-15.1104,4.0488,98.7688,23.4,100.0,8.999999999999998,164.99999999999997,457.66,36.94701309973447,54.13896070079658,462.32973562464525
-15.3016,3.2525,98.7688,23.3,100.0,8.999999999999998,167.99999999999997,457.6309587763463,37.016468212888974,54.13298690026553,462.30584424194564
-15.4508,2.4472,98.7688,22.9,100.0,8.999999999999998,170.99999999999997,457.65547938817315,36.87646821288897,54.13701309973447,462.31940031674594
-15.5578,1.6352,98.7688,24.3,100.0,8.999999999999998,173.99999999999997,457.74537843919796,36.83353178711102,54.15755798657996,462.40737627488863
-15.622,0.8187,98.7688,22.9,100.0,8.999999999999998,176.99999999999997,457.6970130997344,36.78701309973447,54.15597380053105,462.3556094950101
-15.6434,0.0,98.7688,22.5,100.0,8.999999999999998,180.0,457.67597380053104,36.737557986579965,54.10646821288898,462.3250534673133
-15.622,-0.8187,98.7688,21.8,100.0,8.999999999999998,182.99999999999997,457.61602427501856,36.95244201342003,54.09646821288897,462.2816636176884
-15.5578,-1.6352,98.7688,22.8,100.0,8.999999999999998,186.0,457.60158418604885,36.86706357422205,54.09651868737655,462.2605580841404
-15.4508,-2.4472,98.7688,21.4,100.0,8.999999999999998,188.99999999999997,457.52277490871495,36.752986900265526,54.12353178711103,462.1766202431406
-15.3016,-3.2525,98.7688,23.0,100.0,8.999999999999998,192.0,457.54815334791306,36.71646821288897,54.146468212888955,462.2015271394534
-15.1104,-4.0488,98.7688,21.9,100.0,8.999999999999998,194.99999999999997,457.58628626970807,36.79,54.13457108631444,462.2437292909472
-14.8778,-4.8341,98.7688,22.5,100.0,8.999999999999998,197.99999999999997,457.53249248790763,36.71402619946894,54.1094551131545,462.18149523170547
-14.6044,-5.6061,98.7688,23.4,100.0,8.999999999999998,200.99999999999997,457.52760846106753,36.64402619946894,54.117013099734464,462.17198992047116
-14.291,-6.3628,98.7688,22.3,100.0,8.999999999999998,204.0,457.4962057468509,36.633531787111025,54.1294551131545,462.1415279271158
-13.9384,-7.102,98.7688,23.1,100.0,8.999999999999998,207.0,457.5620785984068,36.744026199468934,54.12457108631444,462.2149374781384
-13.5476,-7.8217,98.7688,22.6,100.0,8.999999999999998,209.99999999999997,457.5968821023897,36.76103929920342,54.12298690026552,462.2505578484381
-13.1197,-8.52,98.7688,22.1,100.0,8.999999999999998,212.99999999999997,457.51054488684537,36.77,54.10836533946351,462.1640907538869
-12.6558,-9.195,98.7688,22.4,100.0,8.999999999999998,215.99999999999994,457.5591421726288,36.69108977369099,54.06,462.20026855740036
-12.1572,-9.8447,98.7688,23.5,100.0,8.999999999999998,219.0,457.46204855003725,36.73402619946894,54.09810287342546,462.11202027097676
-11.6253,-10.4675,98.7688,23.0,100.0,8.999999999999998,221.99999999999997,457.4208578273711,36.591039299203416,54.11815334791304,462.06224673123006
-11.0616,-11.0616,98.7688,22.2,100.0,8.999999999999998,224.99999999999997,457.46516644764745,36.595973800531056,54.12353178711103,462.10713098208447
-10.4675,-11.6253,98.7688,22.5,100.0,8.999999999999998,228.0,457.44298690026545,36.61,54.078910226309006,462.08106095738395
-9.8447,-12.1572,98.7688,22.8,100.0,8.999999999999998,231.0,457.44854681129584,36.69348131262345,54.04646821288897,462.0893910023178
-9.195,-12.6558,98.7688,22.5,100.0,8.999999999999998,233.99999999999997,457.4318971265746,36.849505587642085,54.04701309973446,462.08538842498973
-8.52,-13.1197,98.7688,21.3,100.0,8.999999999999998,236.99999999999997,457.35877922896424,36.773481312623446,54.06402619946894,462.00894016734696
-7.8217,-13.5476,98.7688,22.6,100.0,8.999999999999998,239.99999999999994,457.3524924879076,36.72999999999999,54.0894551131545,462.00223423630706
-7.102,-13.9384,98.7688,23.0,100.0,8.999999999999998,242.99999999999997,457.3628859512903,36.71999999999999,54.06945511315449,462.0093871578005
-6.3628,-14.291,98.7688,22.4,100.0,8.999999999999998,245.99999999999997,457.35036341501313,36.734026199468936,54.07994952551242,461.9993339144006
-5.6061,-14.6044,98.7688,23.0,100.0,8.999999999999998,249.0,457.32935416417934,36.70701309973447,54.10244201342003,461.9790224920878
-4.8341,-14.8778,98.7688,23.0,100.0,8.999999999999998,252.0,457.26353178711094,36.757013099734465,54.115923326043486,461.91941794198965
-4.0488,-15.1104,98.7688,22.9,100.0,8.999999999999998,254.99999999999997,457.26298690026545,36.72597380053105,54.1294551131545,461.91799515866086
-3.2525,-15.3016,98.7688,22.7,100.0,8.999999999999998,258.0,457.3157113344929,36.79,54.13511597315993,461.9759460348566
-2.4472,-15.4508,98.7688,22.6,100.0,8.999999999999998,260.99999999999994,457.31217954738196,36.69597380053105,54.124026199468936,461.9636720214989
-1.6352,-15.5578,98.7688,22.8,100.0,8.999999999999998,263.99999999999994,457.32324936630357,36.69,54.08,461.9689999458343
-0.8187,-15.622,98.7688,23.3,100.0,8.999999999999998,266.99999999999994,457.2409888247157,36.73298690026552,54.11293642577794,461.8948409287975
0.0,-15.6434,98.7688,22.6,100.0,8.999999999999998,270.0,457.2567811534146,36.80701309973447,54.116468212888975,461.9167806606969
0.8187,-15.622,98.7688,23.0,100.0,8.999999999999998,273.0,457.28877875761555,36.76457108631444,54.12189712657453,461.94571175991194
1.6352,-15.5578,98.7688,22.7,100.0,8.999999999999998,276.0,457.21547938817304,36.81348131262344,54.11348131262344,461.87606114441934
2.4472,-15.4508,98.7688,21.6,100.0,8.999999999999998,278.99999999999994,457.2027244342274,36.787063574222046,54.14135223972904,461.8645962821142
3.2525,-15.3016,98.7688,21.7,100.0,8.999999999999998,282.0,457.21353178711104,36.819455113154504,54.15353178711101,461.8793034214575
4.0488,-15.1104,98.7688,22.7,100.0,8.999999999999998,284.99999999999994,457.19093835022824,36.84293642577794,54.1710392992034,461.86086386788816
4.8341,-14.8778,98.7688,21.3,100.0,8.999999999999998,287.99999999999994,457.1834813126234,36.79701309973447,54.18646821288897,461.85163104137496
5.6061,-14.6044,98.7688,22.4,100.0,8.999999999999998,291.0,457.20433913999454,36.91646821288897,54.185923326043465,461.88174638152594
6.3628,-14.291,98.7688,22.7,100.0,8.999999999999998,294.0,457.1791121242593,36.993531787111024,54.17542891368556,461.8617098816396
7.102,-13.9384,98.7688,21.3,100.0,8.999999999999998,296.99999999999994,457.18945511315445,36.98353178711102,54.169455113154505,461.8704465078572
7.8217,-13.5476,98.7688,23.0,100.0,8.999999999999998,300.0,457.168153347913,36.93755798657996,54.15810287342545,461.8443501141931
8.52,-13.1197,98.7688,22.5,100.0,8.999999999999998,303.0,457.197820452618,36.88,54.19592332604347,461.8735536180727
9.195,-12.6558,98.7688,22.4,100.0,8.999999999999998,305.99999999999994,457.27288595129045,37.06999999999999,54.18805239893788,461.96214363193434
9.8447,-12.1572,98.7688,22.7,100.0,8.999999999999998,309.0,457.239404638667,36.93646821288897,54.169999999999995,461.9161880020708
10.4675,-11.6253,98.7688,22.7,100.0,8.999999999999998,311.99999999999994,457.26656916186414,36.88810287342547,54.225923326043464,461.9457740549471
11.0616,-11.0616,98.7688,22.4,100.0,8.999999999999998,314.99999999999994,457.2121795473819,36.97353178711102,54.25054488684549,461.9016570654402
11.6253,-10.4675,98.7688,23.2,100.0,8.999999999999998,318.0,457.30158418604884,36.982442013420034,54.25597380053105,461.9915049104148
12.1572,-9.8447,98.7688,22.4,100.0,8.999999999999998,321.0,457.2060242750186,37.02,54.262986900265524,461.9007477594156
12.6558,-9.195,98.7688,21.4,100.0,8.999999999999998,323.99999999999994,457.3067506336964,36.927013099734474,54.26945511315451,461.99376860505
13.1197,-8.52,98.7688,22.2,100.0,8.999999999999998,327.0,457.2062057468509,36.87298690026553,54.26,461.8888170722246
13.5476,-7.8217,98.7688,23.0,100.0,8.999999999999998,329.99999999999994,457.30971757919247,36.90701309973446,54.27303737475311,461.9955281105934
13.9384,-7.102,98.7688,22.9,100.0,8.999999999999998,332.99999999999994,457.3529869002655,36.98402619946894,54.28,462.0453345944718
14.291,-6.3628,98.7688,22.8,100.0,8.999999999999998,335.99999999999994,457.3131383237282,37.01407667395652,54.28054488684549,462.0083612974291
14.6044,-5.6061,98.7688,21.8,100.0,8.999999999999998,339.0,457.39597380053107,36.92,54.2594551131545,462.0803520147903
14.8778,-4.8341,98.7688,22.2,100.0,8.999999999999998,341.99999999999994,457.3583348197454,36.95244201342004,54.262986900265524,462.04610283735093
15.1104,-4.0488,98.7688,22.1,100.0,8.999999999999998,345.0,457.34,36.867013099734464,54.28,462.02312783549695
15.3016,-3.2525,98.7688,22.2,100.0,8.999999999999998,347.99999999999994,457.3622300218696,36.87298690026553,54.304076673956516,462.04843832322996
15.4508,-2.4472,98.7688,22.3,100.0,8.999999999999998,351.0,457.38010094897516,36.81701309973447,54.29999999999999,462.06118555628615
15.5578,-1.6352,98.7688,22.0,100.0,8.999999999999998,353.99999999999994,457.31661963635173,36.921089773690994,54.289455113154496,462.00541382345267
15.622,-0.8187,98.7688,22.3,100.0,8.999999999999998,356.99999999999994,457.3475075120923,36.85244201342003,54.288910226309,462.0304436759942
20.7627,-1.0881,97.8148,22.1,100.0,12.0,356.99999999999994,457.43646821288894,36.97353178711102,54.343531787111026,462.1345950596975
20.6773,-2.1733,97.8148,22.4,100.0,12.0,353.99999999999994,457.3806458358206,37.05298690026553,54.36353178711103,462.08805720532513
20.5352,-3.2525,97.8148,22.2,100.0,12.0,351.0,457.4365186873765,36.93244201342002,54.38244201342003,462.13593660441967
20.3368,-4.3227,97.8148,22.2,100.0,12.0,347.99999999999994,457.44,36.92407667395652,54.349999999999994,462.1348975550583
20.0827,-5.3812,97.8148,23.2,100.0,12.0,345.0,457.41805239893785,36.97999999999999,54.37,462.1199973604664
19.7736,-6.4248,97.8148,23.0,100.0,12.0,341.99999999999994,457.37521692213505,36.96999999999999,54.38298690026552,462.0783258482966
19.4102,-7.4509,97.8148,22.6,100.0,12.0,339.0,457.27734599502935,36.919455113154505,54.37054488684549,461.9759446956113
18.9937,-8.4565,97.8148,22.6,100.0,12.0,335.99999999999994,457.2859233260434,37.03,54.31353178711102,461.98657589516773
18.5251,-9.439,97.8148,22.2,100.0,12.0,332.99999999999994,457.28846628843866,37.03646821288897,54.314076673956514,461.98967553730165
18.0057,-10.3956,97.8148,21.7,100.0,12.0,329.99999999999994,457.2810392992033,37.0694551131545,54.34244201342003,461.9883054893572
17.4369,-11.3237,97.8148,21.0,100.0,12.0,327.0,457.25059536133296,36.959455113154505,54.307557986579965,461.9452555606784
16.8204,-12.2207,97.8148,23.1,100.0,12.0,323.99999999999994,457.2429869002655,37.03597380053106,54.262986900265524,461.93861515591914
16.1578,-13.0843,97.8148,23.4,100.0,12.0,321.0,457.1340766739565,37.01298690026553,54.250494412357895,461.82750177941466
15.4508,-13.912,97.8148,22.5,100.0,12.0,318.0,457.1959233260434,36.948960700796576,54.25298690026552,461.88388648059885
14.7016,-14.7016,97.8148,20.9,100.0,12.0,314.99999999999994,457.18885975182144,36.893531787111016,54.2894551131545,461.87674882524715
13.912,-15.4508,97.8148,22.4,100.0,12.0,311.99999999999994,457.2093541641792,36.90353178711102,54.250595361333076,461.8932682889493
13.0843,-16.1578,97.8148,21.7,100.0,12.0,309.0,457.1745710863144,36.84348131262344,54.21542891368555,461.84991425297903
12.2207,-16.8204,97.8148,22.9,100.0,12.0,305.99999999999994,457.16130176524143,36.8994551131545,54.187608461067555,461.83798298761417
11.3237,-17.4369,97.8148,21.8,100.0,12.0,303.0,457.0834813126233,36.9605448868455,54.20054488684549,461.7673546638293
10.3956,-18.0057,97.8148,21.8,100.0,12.0,300.0,457.10597380053105,36.89701309973447,54.18402619946894,461.7825998833201
9.439,-18.5251,97.8148,23.0,100.0,12.0,296.99999999999994,457.09108977369084,36.92,54.20945511315449,461.77268842382335
8.4565,-18.9937,97.8148,22.6,100.0,12.0,294.0,457.03789088187494,36.79,54.227013099734464,461.7117138989127
7.4509,-19.4102,97.8148,22.2,100.0,12.0,291.0,457.0515841860489,36.90945511315449,54.21999999999999,461.7339784808206
6.4248,-19.7736,97.8148,22.1,100.0,12.0,287.99999999999994,456.97765893555504,36.87353178711103,54.1705448868455,461.6521266560063
5.3812,-20.0827,97.8148,22.2,100.0,12.0,284.99999999999994,457.069505587642,36.78,54.16353178711101,461.73476099789684
4.3227,-20.3368,97.8148,21.7,100.0,12.0,282.0,457.0370130997345,36.79701309973447,54.15999999999999,461.70353812396644
3.2525,-20.5352,97.8148,21.5,100.0,12.0,278.99999999999994,457.12737651474765,36.74293642577794,54.13348131262344,461.7855731131807
2.1733,-20.6773,97.8148,21.7,100.0,12.0,276.0,457.08991900579423,36.87597380053106,54.10407667395651,461.75565249729465
1.0881,-20.7627,97.8148,22.4,100.0,12.0,273.0,457.15103929920343,36.79701309973446,54.151251290753876,461.8153861899344
0.0,-20.7912,97.8148,21.6,100.0,12.0,270.0,457.125378439198,36.76542891368556,54.077013099734465,461.77876924148006
-1.0881,-20.7627,97.8148,23.4,100.0,12.0,266.99999999999994,457.1099999999999,36.6894551131545,54.061634660536484,461.75570224813623
-2.1733,-20.6773,97.8148,22.4,100.0,12.0,263.99999999999994,457.139505587642,36.69353178711102,54.052986900265516,461.7842225940226
-3.2525,-20.5352,97.8148,22.2,100.0,12.0,260.99999999999994,457.09402619946894,36.73701309973447,54.04701309973447,461.74195882953256
-4.3227,-20.3368,97.8148,22.0,100.0,12.0,258.0,457.1948335523525,36.6294551131545,54.04755798657996,461.8332722240383
-5.3812,-20.0827,97.8148,22.2,100.0,12.0,254.99999999999997,457.19384472763664,36.540544886845495,54.07298690026551,461.8282267139831
-6.4248,-19.7736,97.8148,22.7,100.0,12.0,252.0,457.2634813126234,36.57054488684549,54.09,461.90153084338294
-7.4509,-19.4102,97.8148,23.0,100.0,12.0,249.0,457.25994952551235,36.670050474487574,54.12597380053104,461.9101374528722
-8.4565,-18.9937,97.8148,21.9,100.0,12.0,245.99999999999997,457.2405448868455,36.68,54.119455113154494,461.8909543497947
-9.439,-18.5251,97.8148,23.2,100.0,12.0,242.99999999999997,457.278647760271,36.57049441235792,54.08836533946351,461.9163495960297
-10.3956,-18.0057,97.8148,21.5,100.0,12.0,239.99999999999994,457.32683162790215,36.52701309973447,54.08353178711102,461.9600437520232
-11.3237,-17.4369,97.8148,22.6,100.0,12.0,236.99999999999997,457.356468212889,36.55298690026552,54.074571086314435,461.99038854251853
-12.2207,-16.8204,97.8148,23.0,100.0,12.0,233.99999999999997,457.4094551131545,36.56,54.08054488684549,462.0440980709211
-13.0843,-16.1578,97.8148,22.8,100.0,12.0,231.0,457.45103929920333,36.502986900265526,54.07298690026551,462.07987331291383
-13.912,-15.4508,97.8148,23.3,100.0,12.0,228.0,457.4998990510247,36.643481312623436,54.09298690026553,462.1417029290894
-14.7016,-14.7016,97.8148,22.2,100.0,12.0,224.99999999999997,457.4884158139511,36.633531787111025,54.10597380053105,462.1310665342243
-15.4508,-13.912,97.8148,22.3,100.0,12.0,221.99999999999997,457.46810287342544,36.6169626252469,54.0994551131545,462.108881262901
-16.1578,-13.0843,97.8148,21.9,100.0,12.0,219.0,457.4999495255123,36.50950558764208,54.06999999999999,462.1284591042845
-16.8204,-12.2207,97.8148,23.3,100.0,12.0,215.99999999999994,457.4724924879076,36.630544886845485,54.079455113154495,462.11196226362887
-17.4369,-11.3237,97.8148,24.2,100.0,12.0,212.99999999999997,457.5454793881731,36.6005448868455,54.09810287342546,462.1840221481816
-18.0057,-10.3956,97.8148,22.2,100.0,12.0,209.99999999999997,457.53701309973434,36.739999999999995,54.12,462.18926897562915
-18.5251,-9.439,97.8148,22.6,100.0,12.0,207.0,457.6283653394635,36.77298690026553,54.08402619946894,462.27811457907177
-18.9937,-8.4565,97.8148,22.2,100.0,12.0,204.0,457.6037132589433,36.68402619946894,54.05054488684549,462.2427258152814
-19.4102,-7.4509,97.8148,22.2,100.0,12.0,200.99999999999997,457.6650654986723,36.652986900265525,54.11815334791304,462.3089098734776
-19.7736,-6.4248,97.8148,22.2,100.0,12.0,197.99999999999997,457.6934308381359,36.71646821288897,54.1394551131545,462.3445211856207
-20.0827,-5.3812,97.8148,22.6,100.0,12.0,194.99999999999997,457.7066196363516,36.7894551131545,54.09,462.35759079575917
-20.3368,-4.3227,97.8148,23.1,100.0,12.0,192.0,457.6858728515559,36.77298690026553,54.063531787111025,462.3326467412329
-20.5352,-3.2525,97.8148,23.0,100.0,12.0,188.99999999999997,457.72194760106214,36.699999999999996,54.10298690026552,462.3671749889256
-20.6773,-2.1733,97.8148,22.7,100.0,12.0,186.0,457.6846720352896,36.793531787111014,54.11945511315451,462.3396353538863
-20.7627,-1.0881,97.8148,22.3,100.0,12.0,182.99999999999997,457.69000000000005,36.83054488684549,54.0894551131545,462.3443460139855
-20.7912,0.0,97.8148,22.6,100.0,12.0,180.0,457.69433913999467,36.923531787111024,54.08353178711101,462.3553651586599
-20.7627,1.0881,97.8148,22.1,100.0,12.0,176.99999999999997,457.67945511315446,36.807557986579965,54.1394551131545,462.3379289627433
-20.6773,2.1733,97.8148,22.7,100.0,12.0,173.99999999999997,457.71673067892704,36.80054488684549,54.09163466053649,462.36867388224204
-20.5352,3.2525,97.8148,22.4,100.0,12.0,170.99999999999997,457.7465186873765,36.86999999999999,54.09646821288897,462.404260516186
-20.3368,4.3227,97.8148,22.3,100.0,12.0,167.99999999999997,457.6773459950295,36.860544886845496,54.11462156080202,462.3371551942131
-20.0827,5.3812,97.8148,22.2,100.0,12.0,164.99999999999997,457.7413017652413,36.94701309973447,54.13457108631444,462.40970243435515
-19.7736,6.4248,97.8148,22.1,100.0,12.0,161.99999999999997,457.66592332604347,36.94348131262344,54.10646821288898,462.3315131892357
-19.4102,7.4509,97.8148,23.4,100.0,12.0,159.0,457.71013099734466,36.88,54.09597380053106,462.36897906221407
-18.9937,8.4565,97.8148,22.7,100.0,12.0,155.99999999999997,457.5562057468508,37.02706357422205,54.13542891368556,462.23298185877286
-18.5251,9.439,97.8148,23.0,100.0,12.0,152.99999999999997,457.6415841860489,37.069455113154504,54.14054488684549,462.32149277245065
-18.0057,10.3956,97.8148,23.1,100.0,12.0,150.0,457.6258728515558,37.03244201342003,54.14701309973446,462.30373164430375
-17.4369,11.3237,97.8148,24.1,100.0,12.0,147.0,457.519505587642,37.02706357422205,54.12597380053104,462.19554570543585
-16.8204,12.2207,97.8148,22.6,100.0,12.0,143.99999999999997,457.5679214015931,36.95407667395652,54.147557986579955,462.2401589158055
-16.1578,13.0843,97.8148,22.2,100.0,12.0,141.0,457.54028242080733,36.96646821288898,54.1705448868455,462.21648363422133
-15.4508,13.912,97.8148,23.7,100.0,12.0,138.0,457.54701309973444,37.112986900265525,54.15701309973446,462.23330154915567
-14.7016,14.7016,97.8148,23.4,100.0,12.0,135.0,457.5009888247158,37.15298690026552,54.14646821288897,462.18972211758825
-13.912,15.4508,97.8148,22.7,100.0,12.0,131.99999999999997,457.4772755657725,37.139455113154504,54.10407667395651,462.16019722378206
-13.0843,16.1578,97.8148,22.7,100.0,12.0,129.0,457.4238447276366,37.06244201342003,54.146468212888955,462.10608993318897
-12.2207,16.8204,97.8148,22.3,100.0,12.0,126.0,457.39244201342,37.02,54.18755798657996,462.07641992591306
-11.3237,17.4369,97.8148,21.9,100.0,12.0,122.99999999999999,457.35049441235793,36.947557986579966,54.17407667395652,462.0275179725507
-10.3956,18.0057,97.8148,22.1,100.0,12.0,119.99999999999997,457.36782045261793,37.124076673956516,54.158910226309,462.0570395647851
-9.439,18.5251,97.8148,22.8,100.0,12.0,116.99999999999999,457.4210392992034,37.067013099734474,54.15701309973446,462.10491527529126
-8.4565,18.9937,97.8148,23.0,100.0,12.0,114.0,457.3461353175939,37.13646821288897,54.139999999999986,462.03435409205866
-7.4509,19.4102,97.8148,22.5,100.0,12.0,110.99999999999999,457.3164177384013,37.11108977369099,54.14054488684549,462.0029626722316
-6.4248,19.7736,97.8148,22.0,100.0,12.0,107.99999999999997,457.324127148444,37.05353178711102,54.14298690026552,462.00626026112127
-5.3812,20.0827,97.8148,22.8,100.0,12.0,104.99999999999999,457.28869823475844,36.96810287342546,54.15999999999999,461.9663405090247
-4.3227,20.3368,97.8148,22.7,100.0,12.0,102.0,457.2789102263089,36.989455113154506,54.188910226309,461.961751142715
-3.2525,20.5352,97.8148,22.4,100.0,12.0,98.99999999999999,457.29880927733376,36.97999999999999,54.19353178711102,461.98123366001334
-2.1733,20.6773,97.8148,23.1,100.0,12.0,96.0,457.22569137972357,36.89701309973447,54.212936425777954,461.90449760665206
-1.0881,20.7627,97.8148,22.6,100.0,12.0,93.0,457.27656916186413,36.79108977369099,54.251897126574534,461.9509858556569
0.0,20.7912,97.8148,23.7,100.0,12.0,90.0,457.27326932107286,36.83701309973446,54.26597380053106,461.9530325500769
1.0881,20.7627,97.8148,21.9,100.0,12.0,86.99999999999999,457.21212907289436,36.86646821288897,54.24701309973446,461.89263458092046
2.1733,20.6773,97.8148,23.5,100.0,12.0,83.99999999999999,457.3004944123579,36.90646821288896,54.252986900265526,461.9839999105341
3.2525,20.5352,97.8148,22.8,100.0,12.0,80.99999999999999,457.287820452618,36.8805448868455,54.26836533946351,461.9711904459778
4.3227,20.3368,97.8148,22.9,100.0,12.0,77.99999999999999,457.27701309973446,36.82298690026552,54.30054488684548,461.95968249261773
5.3812,20.0827,97.8148,22.7,100.0,12.0,75.0,457.27891022630905,36.77244201342003,54.262986900265524,461.9531209730372
6.4248,19.7736,97.8148,22.6,100.0,12.0,71.99999999999999,457.33125129075387,36.843531787111026,54.28651868737655,462.0133605783597
7.4509,19.4102,97.8148,20.3,100.0,12.0,69.0,457.3739757249813,36.89244201342003,54.3194551131545,462.06342546449116
8.4565,18.9937,97.8148,23.1,100.0,12.0,65.99999999999999,457.27412714844405,36.81706357422205,54.31999999999999,461.9586409296829
9.439,18.5251,97.8148,21.7,100.0,12.0,63.0,457.31438961448214,36.87701309973447,54.33054488684549,462.0045163754635
10.3956,18.0057,97.8148,22.1,100.0,12.0,59.999999999999986,457.28625622133853,36.841089773690996,54.353531787111024,461.97650637491654
11.3237,17.4369,97.8148,22.5,100.0,12.0,57.0,457.29732604026003,36.88592332604348,54.37457108631444,461.99351697183727
12.2207,16.8204,97.8148,21.8,100.0,12.0,53.999999999999986,457.2743896144821,36.83353178711102,54.41592332604346,461.971502554687
13.0843,16.1578,97.8148,22.5,100.0,12.0,51.0,457.3299999999999,36.83945511315449,54.38646821288897,462.023551648296
13.912,15.4508,97.8148,23.1,100.0,12.0,48.0,457.4134813126234,36.82,54.368910226309005,462.10256836088905
14.7016,14.7016,97.8148,21.8,100.0,12.0,45.0,457.35597380053105,36.82,54.349999999999994,462.043419681562
15.4508,13.912,97.8148,22.9,100.0,12.0,41.99999999999999,457.36623626656905,36.814026199468934,54.39353178711102,462.0582245799091
16.1578,13.0843,97.8148,22.7,100.0,12.0,38.99999999999999,457.3881028734254,36.84755798657997,54.40407667395652,462.0837832454968
16.8204,12.2207,97.8148,22.3,100.0,12.0,35.99999999999999,457.46425814578873,36.76353178711102,54.39999999999999,462.15199312600475
17.4369,11.3237,97.8148,21.8,100.0,12.0,32.99999999999999,457.47480303263427,36.85,54.36348131262344,462.1650203230178
18.0057,10.3956,97.8148,23.2,100.0,12.0,29.999999999999993,457.5086477602709,36.793531787111014,54.361089773690985,462.1937416692096
18.5251,9.439,97.8148,22.6,100.0,12.0,26.999999999999993,457.491352239729,36.83646821288897,54.3894551131545,462.18337874921554
18.9937,8.4565,97.8148,23.1,100.0,12.0,24.0,457.43194760106206,36.71999999999999,54.39,462.1153721594866
19.4102,7.4509,97.8148,23.8,100.0,12.0,20.999999999999996,457.484026199469,36.853481312623444,54.36597380053106,462.17472066288565
19.7736,6.4248,97.8148,21.2,100.0,12.0,17.999999999999996,457.52371325894325,36.75,54.376468212888966,462.20700015205205
20.0827,5.3812,97.8148,23.0,100.0,12.0,14.999999999999996,457.5666802044395,36.86,54.40701309973446,462.2618841173761
20.3368,4.3227,97.8148,22.1,100.0,12.0,12.0,457.52706357422187,36.823531787111015,54.40945511315449,462.2200506272276
20.5352,3.2525,97.8148,21.4,100.0,12.0,8.999999999999998,457.51919264711637,36.81651868737655,54.38402619946894,462.2087082632603
20.6773,2.1733,97.8148,23.1,100.0,12.0,6.0,457.51059536133306,36.88,54.39407667395651,462.20644180397755
20.7627,1.0881,97.8148,22.7,100.0,12.0,3.0,457.48999999999995,36.86,54.40999999999998,462.186334501573
20.7912,0.0,97.8148,21.4,100.0,12.0,0.0,457.5071140487095,36.9505448868455,54.374076673956516,462.2062768794459
25.8819,0.0,96.5926,22.5,100.0,14.999999999999996,0.0,457.57189712657447,37.007013099734465,54.37891022630901,462.27548705936954
25.8464,1.3546,96.5926,22.4,100.0,14.999999999999996,3.0,457.58052493207606,36.85103929920341,54.43348131262344,462.27798972302094
25.7401,2.7054,96.5926,21.9,100.0,14.999999999999996,6.0,457.5465186873766,36.80353178711102,54.39407667395651,462.23590545538
25.5633,4.0488,96.5926,23.5,100.0,14.999999999999996,8.999999999999998,457.57353178711094,36.849455113154505,54.411634660536485,462.26836937075666
25.3163,5.3812,96.5926,22.6,100.0,14.999999999999996,12.0,457.5664177384013,36.7894551131545,54.44592332604347,462.26058583476635
25.0,6.6987,96.5926,22.1,100.0,14.999999999999996,14.999999999999996,457.48584280318624,36.76701309973447,54.41194760106212,462.1750422289789
24.6152,7.9979,96.5926,22.4,100.0,14.999999999999996,17.999999999999996,457.5628859512903,36.684571086314435,54.410544886845486,462.2445886657233
24.1628,9.2752,96.5926,22.5,100.0,14.999999999999996,20.999999999999996,457.4708273076529,36.76108977369098,54.44005047448757,462.16301740247724
23.6443,10.5271,96.5926,22.2,100.0,14.999999999999996,24.0,457.48688210238964,36.75,54.42194760106211,462.17589527847355
23.0609,11.7501,96.5926,22.8,100.0,14.999999999999996,26.999999999999993,457.4265186873766,36.77537843919798,54.39298690026552,462.1147535858724
22.4144,12.941,96.5926,22.8,100.0,14.999999999999996,29.999999999999993,457.39841581395103,36.7394551131545,54.387063574222054,462.0833810421557
21.7064,14.0963,96.5926,22.0,100.0,14.999999999999996,32.99999999999999,457.4324114937018,36.81836533946351,54.347557986579965,462.1186645985187
20.9389,15.213,96.5926,22.6,100.0,14.999999999999996,35.99999999999999,457.41506549867233,36.743531787111024,54.317557986579956,462.09201072835117
20.114,16.288,96.5926,23.6,100.0,14.999999999999996,38.99999999999999,457.49673067892695,36.7005448868455,54.368910226309005,462.1754720623915
19.234,17.3184,96.5926,22.0,100.0,14.999999999999996,41.99999999999999,457.42272443422746,36.709455113154505,54.38348131262344,462.10463746127493
18.3013,18.3013,96.5926,22.2,100.0,14.999999999999996,45.0,457.4553279647104,36.67597380053106,54.33244201342003,462.1282488581061
17.3184,19.234,96.5926,21.9,100.0,14.999999999999996,48.0,457.3829869002655,36.78,54.31402619946895,462.06274308561717
16.288,20.114,96.5926,22.2,100.0,14.999999999999996,51.0,457.42462156080194,36.70108977369099,54.32651868737655,462.0991506520103
15.213,20.9389,96.5926,23.3,100.0,14.999999999999996,53.999999999999986,457.34462156080195,36.627608461067545,54.327557986579954,462.01425100201794
14.0963,21.7064,96.5926,24.0,100.0,14.999999999999996,57.0,457.295973800531,36.65701309973446,54.33402619946894,461.96918800566624
12.941,22.4144,96.5926,21.9,100.0,14.999999999999996,59.999999999999986,457.3204944123578,36.7405448868455,54.29810287342545,461.99587251814137
11.7501,23.0609,96.5926,21.8,100.0,14.999999999999996,63.0,457.2825734821133,36.767557986579966,54.299142172628876,461.96060673114135
10.5271,23.6443,96.5926,21.6,100.0,14.999999999999996,65.99999999999999,457.294127148444,36.84646821288897,54.28592332604348,461.9767769223706
9.2752,24.1628,96.5926,23.4,100.0,14.999999999999996,69.0,457.2152673966226,36.86402619946894,54.312442013420025,461.90323502402686
7.9979,24.6152,96.5926,21.8,100.0,14.999999999999996,71.99999999999999,457.1945710863144,36.792986900265525,54.309999999999995,461.8767972261024
6.6987,25.0,96.5926,22.2,100.0,14.999999999999996,75.0,457.1285972857834,36.862986900265525,54.31646821288898,461.81783527577073
5.3812,25.3163,96.5926,21.7,100.0,14.999999999999996,77.99999999999999,457.2183148649759,36.804076673956516,54.29597380053105,461.89953483278015
4.0488,25.5633,96.5926,21.8,100.0,14.999999999999996,80.99999999999999,457.1238447276366,36.89,54.296518687376555,461.8129420665309
2.7054,25.7401,96.5926,22.7,100.0,14.999999999999996,83.99999999999999,457.1548335523525,36.99701309973447,54.25054488684549,461.84677376712364
1.3546,25.8464,96.5926,22.8,100.0,14.999999999999996,86.99999999999999,457.2170130997345,37.03353178711102,54.23407667395651,461.909314278405
0.0,25.8819,96.5926,22.2,100.0,14.999999999999996,90.0,457.1823915389324,37.00353178711102,54.243531787111024,461.8737503243898
-1.3546,25.8464,96.5926,22.7,100.0,14.999999999999996,93.0,457.1705448868454,36.98841581395108,54.23457108631444,461.8597608771274
-2.7054,25.7401,96.5926,22.0,100.0,14.999999999999996,96.0,457.1875075120924,37.1305448868455,54.217013099734466,461.8858938073021
-4.0488,25.5633,96.5926,22.2,100.0,14.999999999999996,98.99999999999999,457.1976084610675,37.12706357422205,54.223531787111014,461.8963773744407
-5.3812,25.3163,96.5926,22.9,100.0,14.999999999999996,102.0,457.22303737475306,37.016468212888974,54.19511597315993,461.9093367972712
-6.6987,25.0,96.5926,22.3,100.0,14.999999999999996,104.99999999999999,457.2856913797235,37.11,54.17701309973447,461.9767357660346
-7.9979,24.6152,96.5926,21.8,100.0,14.999999999999996,107.99999999999997,457.3104944123579,37.14,54.16054488684549,462.00176679544774
-9.2752,24.1628,96.5926,21.7,100.0,14.999999999999996,110.99999999999999,457.3144400889696,37.28542891368556,54.114884026840066,462.0120355536245
-10.5271,23.6443,96.5926,22.6,100.0,14.999999999999996,114.0,457.34755798657994,37.133531787111025,54.09646821288897,462.03042740968976
-11.7501,23.0609,96.5926,22.1,100.0,14.999999999999996,116.99999999999999,457.33358226159856,37.192986900265524,54.098647760270964,462.02163090950575
-12.941,22.4144,96.5926,20.9,100.0,14.999999999999996,119.99999999999997,457.3609083018587,37.21298690026553,54.12298690026552,462.0531403937721
-14.0963,21.7064,96.5926,22.2,100.0,14.999999999999996,122.99999999999999,457.405378439198,37.22,54.129999999999995,462.09854525318076
-15.213,20.9389,96.5926,21.0,100.0,14.999999999999996,126.0,457.39379425314894,37.20244201342003,54.1426739597399,462.08714963366435
-16.288,20.114,96.5926,22.2,100.0,14.999999999999996,129.0,457.3686477602709,37.22,54.14999999999999,462.06453104956967
-17.3184,19.234,96.5926,22.3,100.0,14.999999999999996,131.99999999999997,457.46807235370727,37.374076673956516,54.10244201342003,462.1698097691616
-18.3013,18.3013,96.5926,21.2,100.0,14.999999999999996,135.0,457.5117961775993,37.3394551131545,54.11353178711103,462.2115888554452
-19.234,17.3184,96.5926,22.2,100.0,14.999999999999996,138.0,457.50280542843313,37.13298690026553,54.15542891368555,462.19096288422526
-20.114,16.288,96.5926,22.7,100.0,14.999999999999996,141.0,457.5772755657725,37.18999999999999,54.157013099734456,462.2694466240222
-20.9389,15.213,96.5926,21.8,100.0,14.999999999999996,143.99999999999997,457.68423819101946,37.1894551131545,54.10841581395108,462.3695903949595
-21.7064,14.0963,96.5926,22.9,100.0,14.999999999999996,147.0,457.66795144996263,37.377557986579966,54.14999999999999,462.3735049994166
-22.4144,12.941,96.5926,22.1,100.0,14.999999999999996,150.0,457.7333803636482,37.31,54.15054488684549,462.43287632982424
-23.0609,11.7501,96.5926,21.3,100.0,14.999999999999996,152.99999999999997,457.8000305197181,37.22407667395652,54.120544886845494,462.48841413264887
-23.6443,10.5271,96.5926,22.3,100.0,14.999999999999996,155.99999999999997,457.7981838676311,37.222986900265525,54.112986900265525,462.48561410874936
-24.1628,9.2752,96.5926,22.3,100.0,14.999999999999996,159.0,457.79722509128493,37.120544886845494,54.16701309973446,462.482755853798
-24.6152,7.9979,96.5926,21.2,100.0,14.999999999999996,161.99999999999997,457.81049441235785,37.133531787111025,54.148910226309,462.49481343661444
-25.0,6.6987,96.5926,22.7,100.0,14.999999999999996,164.99999999999997,457.8313217200108,37.08755798657997,54.11945511315451,462.50829346839254
-25.3163,5.3812,96.5926,22.2,100.0,14.999999999999996,167.99999999999997,457.87262348525223,37.0094551131545,54.16054488684548,462.5477312964362
-25.5633,4.0488,96.5926,20.9,100.0,14.999999999999996,170.99999999999997,457.84792140159306,36.977013099734464,54.15298690026552,462.51979916513585
-25.7401,2.7054,96.5926,22.3,100.0,14.999999999999996,173.99999999999997,457.8460242750186,36.87353178711103,54.14054488684549,462.50820305324373
-25.8464,1.3546,96.5926,22.2,100.0,14.999999999999996,176.99999999999997,457.7769626252468,36.91054488684549,54.17353178711102,462.4466535510118
-25.8819,0.0,96.5926,21.0,100.0,14.999999999999996,180.0,457.8654289136855,36.84189712657454,54.14597380053105,462.5255267085332
-25.8464,-1.3546,96.5926,22.5,100.0,14.999999999999996,182.99999999999997,457.899929570743,36.85592332604348,54.145973800531046,462.56079715418423
-25.7401,-2.7054,96.5926,21.9,100.0,14.999999999999996,186.0,457.82023241766836,36.744339139994565,54.17407667395652,462.47631534304384
-25.5633,-4.0488,96.5926,20.7,100.0,14.999999999999996,188.99999999999997,457.78191708134386,36.74597380053106,54.12701309973447,462.43300460101085
-25.3163,-5.3812,96.5926,22.9,100.0,14.999999999999996,192.0,457.80782045261805,36.741089773690994,54.11348131262344,462.4566758141854
-25.0,-6.6987,96.5926,22.4,100.0,14.999999999999996,194.99999999999997,457.8495560621296,36.662442013420026,54.16054488684549,462.4972597357919
-24.6152,-7.9979,96.5926,22.0,100.0,14.999999999999996,197.99999999999997,457.74215959261255,36.660544886845486,54.13755798657996,462.38810041420777
-24.1628,-9.2752,96.5926,22.0,100.0,14.999999999999996,200.99999999999997,457.697820452618,36.65646821288897,54.10782045261801,462.34040245586607
-23.6443,-10.5271,96.5926,22.4,100.0,14.999999999999996,204.0,457.71189712657457,36.64407667395652,54.135923326043475,462.3566451570238
-23.0609,-11.7501,96.5926,22.7,100.0,14.999999999999996,207.0,457.7184763820387,36.61,54.11353178711103,462.35783765820344
-22.4144,-12.941,96.5926,22.7,100.0,14.999999999999996,209.99999999999997,457.5456913797235,36.603531787111024,54.10298690026552,462.1850402500816
-21.7064,-14.0963,96.5926,21.5,100.0,14.999999999999996,212.99999999999997,457.48732604026,36.6015841860489,54.124076673956516,462.12957612362777
-20.9389,-15.213,96.5926,23.1,100.0,14.999999999999996,215.99999999999994,457.515973800531,36.33,54.15244201342003,462.1398296605314
-20.114,-16.288,96.5926,21.6,100.0,14.999999999999996,219.0,457.4360242750186,36.512986900265524,54.13701309973447,462.07329581385164
-19.234,-17.3184,96.5926,22.4,100.0,14.999999999999996,221.99999999999997,457.43999999999994,36.51597380053106,54.11103929920341,462.0744253003416
-18.3013,-18.3013,96.5926,23.0,100.0,14.999999999999996,224.99999999999997,457.36184665208697,36.47755798657997,54.130544886845485,461.9963061534348
-17.3184,-19.234,96.5926,22.5,100.0,14.999999999999996,228.0,457.34452061182685,36.42,54.1594551131545,461.9780011124074
-16.288,-20.114,96.5926,22.8,100.0,14.999999999999996,231.0,457.34324936630355,36.256468212888976,54.148365339463496,461.96257932557387
-15.213,-20.9389,96.5926,22.2,100.0,14.999999999999996,233.99999999999997,457.244621560802,36.44,54.120544886845494,461.8761207565618
-14.0963,-21.7064,96.5926,23.0,100.0,14.999999999999996,236.99999999999997,457.2121795473819,36.518910226309,54.09108977369099,461.8467862002399
-12.941,-22.4144,96.5926,22.3,100.0,14.999999999999996,239.99999999999994,457.1970130997344,36.53402619946894,54.13701309973447,461.83834839153735
-11.7501,-23.0609,96.5926,22.5,100.0,14.999999999999996,242.99999999999997,457.184288665507,36.487013099734476,54.14407667395652,461.8228631915067
-10.5271,-23.6443,96.5926,23.1,100.0,14.999999999999996,245.99999999999997,457.12090830185866,36.46298690026552,54.120544886845494,461.75546298799134
-9.2752,-24.1628,96.5926,22.3,100.0,14.999999999999996,249.0,457.0789607007965,36.43,54.09298690026553,461.7081030771634
-7.9979,-24.6152,96.5926,22.2,100.0,14.999999999999996,252.0,457.1516651802546,36.51755798657997,54.1394551131545,461.79243997529034
-6.6987,-25.0,96.5926,22.1,100.0,14.999999999999996,254.99999999999997,456.98940463866694,36.599455113154505,54.12244201342003,461.6363014279521
-5.3812,-25.3163,96.5926,23.3,100.0,14.999999999999996,258.0,457.0242886655069,36.55646821288897,54.14298690026552,461.66983746926206
-4.0488,-25.5633,96.5926,22.3,100.0,14.999999999999996,260.99999999999994,456.90893018107846,36.67755798657997,54.17542891368556,461.5690531622093
-2.7054,-25.7401,96.5926,21.6,100.0,14.999999999999996,263.99999999999994,456.96542891368546,36.699999999999996,54.18,461.62730164307715
-1.3546,-25.8464,96.5926,21.5,100.0,14.999999999999996,266.99999999999994,456.8963376868929,36.572986900265526,54.19353178711102,461.5504150686714
0.0,-25.8819,96.5926,21.9,100.0,14.999999999999996,270.0,456.84566086000547,36.63706357422205,54.206518687376544,461.50685687447987
1.3546,-25.8464,96.5926,20.4,100.0,14.999999999999996,273.0,456.8713217200109,36.775923326043475,54.20049441235791,461.54259472037546
2.7054,-25.7401,96.5926,22.6,100.0,14.999999999999996,276.0,456.88935416417934,36.7894551131545,54.20298690026552,461.5618157354376
4.0488,-25.5633,96.5926,22.6,100.0,14.999999999999996,278.99999999999994,456.9288797065908,36.8205448868455,54.235428913685546,461.6072306465051
5.3812,-25.3163,96.5926,22.5,100.0,14.999999999999996,282.0,456.9397680536801,36.86646821288897,54.23999999999999,461.6222110204869
6.6987,-25.0,96.5926,22.3,100.0,14.999999999999996,284.99999999999994,456.8570635742221,37.03,54.204076673956514,461.54921662346794
7.9979,-24.6152,96.5926,23.0,100.0,14.999999999999996,287.99999999999994,456.8943590947639,36.91646821288897,54.24945511315449,461.5823700901091
9.2752,-24.1628,96.5926,21.7,100.0,14.999999999999996,291.0,456.90353178711104,36.84054488684549,54.26945511315451,461.58773474321646
10.5271,-23.6443,96.5926,22.2,100.0,14.999999999999996,294.0,456.9489607007966,36.90701309973446,54.31701309973447,461.6436051907996
11.7501,-23.0609,96.5926,22.4,100.0,14.999999999999996,296.99999999999994,456.9443086202764,36.95054488684549,54.35457108631444,461.64690332100616
12.941,-22.4144,96.5926,22.2,100.0,14.999999999999996,300.0,456.95298690026544,36.942986900265524,54.32407667395652,461.65129895264596
14.0963,-21.7064,96.5926,22.5,100.0,14.999999999999996,303.0,456.9628054284331,37.06755798657997,54.309999999999995,461.66934650257264
15.213,-20.9389,96.5926,22.1,100.0,14.999999999999996,305.99999999999994,456.99384472763666,37.037013099734466,54.331897126574525,461.7001943942301
16.288,-20.114,96.5926,21.8,100.0,14.999999999999996,309.0,457.10239153893247,37.07402619946894,54.31353178711102,461.8084446006157
17.3184,-19.234,96.5926,23.3,100.0,14.999999999999996,311.99999999999994,457.1180523989379,37.03493450132764,54.34298690026552,461.8242744028925
18.3013,-18.3013,96.5926,21.9,100.0,14.999999999999996,314.99999999999994,457.14,37.089999999999996,54.360544886845496,461.85248352736477
19.234,-17.3184,96.5926,20.6,100.0,14.999999999999996,318.0,457.1010392992034,37.12,54.33651868737655,461.8135032580528
20.114,-16.288,96.5926,22.8,100.0,14.999999999999996,321.0,457.12409662872597,37.038910226309,54.37651868737655,461.8345227177587
20.9389,-15.213,96.5926,22.0,100.0,14.999999999999996,323.99999999999994,457.22386468240603,37.0494551131545,54.41353178711102,461.93847750630573
21.7064,-14.0963,96.5926,22.6,100.0,14.999999999999996,327.0,457.3130174199837,37.165973800531056,54.345973800531056,462.02812725919625
22.4144,-12.941,96.5926,22.4,100.0,14.999999999999996,329.99999999999994,457.1806963103081,37.112986900265525,54.32353178711103,461.89025642598557
23.0609,-11.7501,96.5926,22.5,100.0,14.999999999999996,332.99999999999994,457.24371325894316,37.05244201342003,54.39457108631443,461.9561301007365
23.6443,-10.5271,96.5926,24.0,100.0,14.999999999999996,335.99999999999994,457.2951664476475,37.107013099734466,54.41755798657996,462.0141451241382
24.1628,-9.2752,96.5926,22.2,100.0,14.999999999999996,339.0,457.40805239893785,37.13896070079659,54.49298690026552,462.13733285965685
24.6152,-7.9979,96.5926,22.2,100.0,14.999999999999996,341.99999999999994,457.294127148444,36.94646821288897,54.50810287342546,462.01092359025796
25.0,-6.6987,96.5926,22.8,100.0,14.999999999999996,345.0,457.35999999999996,36.99701309973447,54.52999999999999,462.0827517645534
25.3163,-5.3812,96.5926,22.2,100.0,14.999999999999996,347.99999999999994,457.3329364257778,37.12298690026553,54.428910226309,462.0541496022359
25.5633,-4.0488,96.5926,22.2,100.0,14.999999999999996,351.0,457.3135317871109,37.07244201342003,54.44651868737655,462.03295954900676
25.7401,-2.7054,96.5926,21.8,100.0,14.999999999999996,353.99999999999994,457.3810897736909,37.02353178711102,54.48353178711102,462.10026879948623
25.8464,-1.3546,96.5926,21.9,100.0,14.999999999999996,356.99999999999994,457.44090830185866,37.11,54.42701309973447,462.159752080369
30.8593,-1.6173,95.1057,22.8,100.0,17.999999999999996,356.99999999999994,457.53805239893774,37.18,54.39298690026552,462.257524348653
30.7324,-3.2301,95.1057,22.4,100.0,17.999999999999996,353.99999999999994,457.5034308381359,37.01054488684549,54.438910226309,462.2150631557937
30.5212,-4.8341,95.1057,21.5,100.0,17.999999999999996,351.0,457.4954289136855,37.11646821288897,54.37054488684549,462.20758955344724
30.2264,-6.4248,95.1057,21.2,100.0,17.999999999999996,347.99999999999994,457.5129364257779,37.18651868737655,54.40945511315449,462.2351273699727
29.8487,-7.9979,95.1057,22.1,100.0,17.999999999999996,345.0,457.4381028734254,37.1194551131545,54.3994551131545,462.1544899976026
29.3893,-9.5492,95.1057,22.2,100.0,17.999999999999996,341.99999999999994,457.34836533946344,37.15999999999999,54.38054488684549,462.0667013980444
28.8492,-11.0742,95.1057,22.2,100.0,17.999999999999996,339.0,457.2945710863145,37.24646821288897,54.39407667395651,462.0220121558737
28.2301,-12.5689,95.1057,21.8,100.0,17.999999999999996,335.99999999999994,457.323531787111,37.16755798657996,54.327557986579954,462.0364960148795
27.5336,-14.0291,95.1057,22.2,100.0,17.999999999999996,332.99999999999994,457.27223002186946,37.2194551131545,54.38,461.9960655547768
26.7617,-15.4508,95.1057,22.2,100.0,17.999999999999996,329.99999999999994,457.28221006710015,37.32353178711102,54.369455113154494,462.01309864355176
25.9163,-16.8303,95.1057,21.1,100.0,17.999999999999996,327.0,457.21493450132755,37.36298690026552,54.31701309973447,461.94353229939196
25.0,-18.1636,95.1057,22.2,100.0,17.999999999999996,323.99999999999994,457.09760846106747,37.370544886845494,54.33353178711102,461.82996217485504
24.0151,-19.4471,95.1057,22.6,100.0,17.999999999999996,321.0,457.1048535071219,37.369455113154494,54.336468212888974,461.83739027180525
22.9644,-20.6773,95.1057,21.4,100.0,17.999999999999996,318.0,457.0354289136855,37.42054488684549,54.25054488684549,461.76271187966717
21.8508,-21.8508,95.1057,22.2,100.0,17.999999999999996,314.99999999999994,456.9781028734254,37.427013099734474,54.24402619946893,461.70573116833987
20.6773,-22.9644,95.1057,22.2,100.0,17.999999999999996,311.99999999999994,456.98181613236875,37.192986900265524,54.27298690026553,461.6938982240049
19.4471,-24.0151,95.1057,21.8,100.0,17.999999999999996,309.0,456.95994952551234,37.27348131262344,54.23457108631444,461.67423209492404
18.1636,-25.0,95.1057,22.5,100.0,17.999999999999996,305.99999999999994,456.9,37.18,54.209999999999994,461.6044697573887
16.8303,-25.9163,95.1057,20.9,100.0,17.999999999999996,303.0,456.84217954738193,37.18999999999999,54.20701309973446,461.5476935082626
15.4508,-26.7617,95.1057,21.3,100.0,17.999999999999996,300.0,456.8254289136855,37.05,54.266518687376546,461.52684651341804
14.0291,-27.5336,95.1057,21.7,100.0,17.999999999999996,296.99999999999994,456.7728859512904,37.02891022630901,54.23999999999999,461.470028423102
12.5689,-28.2301,95.1057,22.8,100.0,17.999999999999996,294.0,456.77966710470497,37.04592332604347,54.18353178711102,461.4714723927028
11.0742,-28.8492,95.1057,21.8,100.0,17.999999999999996,291.0,456.718910226309,36.9605448868455,54.14999999999999,461.40054977929947
9.5492,-29.3893,95.1057,22.9,100.0,17.999999999999996,287.99999999999994,456.68462156080193,36.92488402684006,54.14999999999999,461.36375359419867
7.9979,-29.8487,95.1057,21.7,100.0,17.999999999999996,284.99999999999994,456.68547938817323,36.95646821288898,54.16244201342002,461.3685920732283
6.4248,-30.2264,95.1057,22.6,100.0,17.999999999999996,282.0,456.66021199155045,36.99646821288898,54.15999999999999,461.34650044884387
4.8341,-30.5212,95.1057,22.5,100.0,17.999999999999996,278.99999999999994,456.6499999999999,36.85407667395652,54.1705448868455,461.32623315916857
3.2301,-30.7324,95.1057,22.3,100.0,17.999999999999996,276.0,456.6609083018586,36.77298690026553,54.15999999999999,461.32932199963795
1.6173,-30.8593,95.1057,21.4,100.0,17.999999999999996,273.0,456.6351159731599,36.82402619946894,54.13353178711102,461.3047553506321
0.0,-30.9017,95.1057,21.9,100.0,17.999999999999996,270.0,456.59402619946883,36.8105448868455,54.15054488684549,461.2650024524405
-1.6173,-30.8593,95.1057,21.8,100.0,17.999999999999996,266.99999999999994,456.705711334493,36.71402619946894,54.13706357422205,461.36628413632474
-3.2301,-30.7324,95.1057,22.6,100.0,17.999999999999996,263.99999999999994,456.723531787111,36.67,54.1494551131545,461.3818774910256
-4.8341,-30.5212,95.1057,22.0,100.0,17.999999999999996,260.99999999999994,456.71887970659077,36.60597380053105,54.10054488684549,461.36645018399645
-6.4248,-30.2264,95.1057,20.8,100.0,17.999999999999996,258.0,456.7868821023897,36.58244201342003,54.06999999999999,461.4283212206287
-7.9979,-29.8487,95.1057,22.2,100.0,17.999999999999996,254.99999999999997,456.79194760106213,36.52,54.06,461.4272178720838
-9.5492,-29.3893,95.1057,21.8,100.0,17.999999999999996,252.0,456.80348131262343,36.55,54.029999999999994,461.43749732692106
-11.0742,-28.8492,95.1057,20.9,100.0,17.999999999999996,249.0,456.8429364257779,36.40103929920341,54.04,461.46595304983174
-12.5689,-28.2301,95.1057,21.2,100.0,17.999999999999996,245.99999999999997,456.89130176524134,36.44,54.05108977369099,461.5182071538028
-14.0291,-27.5336,95.1057,22.8,100.0,17.999999999999996,242.99999999999997,456.92407667395645,36.34244201342003,54.05755798657996,461.54371895988237
-15.4508,-26.7617,95.1057,24.2,100.0,17.999999999999996,239.99999999999994,456.8718666068563,36.357013099734466,54.09353178711102,461.49739444505053
-16.8303,-25.9163,95.1057,22.2,100.0,17.999999999999996,236.99999999999997,457.05976805368,36.3294551131545,54.056468212888966,461.67690286362983
-18.1636,-25.0,95.1057,22.2,100.0,17.999999999999996,233.99999999999997,457.0352169221351,36.35298690026553,54.02462156080202,461.65072175663477
-19.4471,-24.0151,95.1057,22.1,100.0,17.999999999999996,231.0,457.1814832370737,36.313531787111025,54.05298690026552,461.79574120875617
-20.6773,-22.9644,95.1057,21.8,100.0,17.999999999999996,228.0,457.19223002186953,36.23651868737655,54.09,461.8046649601438
-21.8508,-21.8508,95.1057,22.2,100.0,17.999999999999996,224.99999999999997,457.2315841860489,36.3805448868455,54.04054488684549,461.84915948306633
-22.9644,-20.6773,95.1057,21.7,100.0,17.999999999999996,221.99999999999997,457.3503129405256,36.37298690026553,54.04298690026552,461.96639201996703
-24.0151,-19.4471,95.1057,22.6,100.0,17.999999999999996,219.0,457.36782045261793,36.41,54.09108977369099,461.99226971723635
-25.0,-18.1636,95.1057,22.8,100.0,17.999999999999996,215.99999999999994,457.41750751209236,36.51651868737655,54.131897126574536,462.0546446061793
-25.9163,-16.8303,95.1057,22.3,100.0,17.999999999999996,212.99999999999997,457.5692231668346,36.43646821288897,54.08,462.19244542217405
-26.7617,-15.4508,95.1057,22.6,100.0,17.999999999999996,209.99999999999997,457.5786477602709,36.43597380053105,54.12488402684005,462.20699058303944
-27.5336,-14.0291,95.1057,22.3,100.0,17.999999999999996,207.0,457.62950558764203,36.487013099734476,54.10755798657998,462.2593366721769
-28.2301,-12.5689,95.1057,22.6,100.0,17.999999999999996,204.0,457.6370130997344,36.67298690026553,54.06701309973446,462.2767413925996
-28.8492,-11.0742,95.1057,21.8,100.0,17.999999999999996,200.99999999999997,457.6490916981413,36.563531787111025,54.110544886845496,462.28512203707373
-29.3893,-9.5492,95.1057,22.9,100.0,17.999999999999996,197.99999999999997,457.7351159731599,36.662442013420026,54.064076673956514,462.3726802439316
-29.8487,-7.9979,95.1057,22.2,100.0,17.999999999999996,194.99999999999997,457.795479388173,36.65108977369099,54.08108977369099,462.4335277647549
-30.2264,-6.4248,95.1057,22.2,100.0,17.999999999999996,192.0,457.8519476010621,36.68755798657996,54.108910226309,462.49557511286866
-30.5212,-4.8341,95.1057,22.6,100.0,17.999999999999996,188.99999999999997,457.8251664476475,36.79298690026552,54.06755798657996,462.472602155513
-30.7324,-3.2301,95.1057,22.1,100.0,17.999999999999996,186.0,457.90080735288353,36.738910226309,54.09592332604347,462.54650125099477
-30.8593,-1.6173,95.1057,22.5,100.0,17.999999999999996,182.99999999999997,457.89701309973447,36.867013099734464,54.06402619946894,462.5492083978215
-30.9017,0.0,95.1057,22.2,100.0,17.999999999999996,180.0,457.9585773310139,36.86999999999999,54.05701309973446,462.60957201111944
-30.8593,1.6173,95.1057,21.2,100.0,17.999999999999996,176.99999999999997,457.8934308381358,36.889455113154504,54.077013099734465,462.5489695686857
-30.7324,3.2301,95.1057,21.8,100.0,17.999999999999996,173.99999999999997,457.8683653394635,36.9094551131545,54.02646821288898,462.5198451125537
-30.5212,4.8341,95.1057,22.0,100.0,17.999999999999996,170.99999999999997,457.92044393787035,36.916518687376545,54.05407667395651,462.57518905938485
-30.2264,6.4248,95.1057,22.0,100.0,17.999999999999996,167.99999999999997,457.85059536133303,37.099455113154505,54.03646821288898,462.5186235594656
-29.8487,7.9979,95.1057,22.6,100.0,17.999999999999996,164.99999999999997,457.8370635742221,37.14402619946894,54.01651868737654,462.5064753662124
-29.3893,9.5492,95.1057,22.1,100.0,17.999999999999996,161.99999999999997,457.76402619946884,37.182986900265526,54.04298690026552,462.44039900323975
-28.8492,11.0742,95.1057,22.9,100.0,17.999999999999996,159.0,457.76298690026545,37.26945511315449,54.035973800531046,462.44551130360827
-28.2301,12.5689,95.1057,21.7,100.0,17.999999999999996,155.99999999999997,457.6808273076529,37.23,54.105378439197985,462.369121547997
-27.5336,14.0291,95.1057,22.1,100.0,17.999999999999996,152.99999999999997,457.75,37.35,54.092442013420026,462.4457560438577
-26.7617,15.4508,95.1057,22.2,100.0,17.999999999999996,150.0,457.69994952551235,37.39402619946894,54.02049441235791,462.39136108670834
-25.9163,16.8303,95.1057,22.2,100.0,17.999999999999996,147.0,457.6940261994689,37.16353178711102,54.065923326043475,462.3722242724679
-25.0,18.1636,95.1057,22.2,100.0,17.999999999999996,143.99999999999997,457.638910226309,37.37298690026552,54.05810287342546,462.33363579696965
-24.0151,19.4471,95.1057,22.2,100.0,17.999999999999996,141.0,457.49090830185867,37.416518687376545,54.031897126574535,462.187594983508
-22.9644,20.6773,95.1057,22.2,100.0,17.999999999999996,138.0,457.47254296239515,37.30353178711103,54.06,462.16356914870784
-21.8508,21.8508,95.1057,22.2,100.0,17.999999999999996,135.0,457.48374377866145,37.38651868737655,54.04298690026552,462.1793721428984
-20.6773,22.9644,95.1057,21.7,100.0,17.999999999999996,131.99999999999997,457.4255599110303,37.48353178711102,54.01701309973448,462.1266013976817
-19.4471,24.0151,95.1057,22.9,100.0,17.999999999999996,129.0,457.35986900265516,37.46348131262344,54.01353178711103,462.05954575390433
-18.1636,25.0,95.1057,22.7,100.0,17.999999999999996,126.0,457.3294551131545,37.40108977369099,54.049455113154494,462.0285874579444
-16.8303,25.9163,95.1057,22.2,100.0,17.999999999999996,122.99999999999999,457.294127148444,37.35646821288897,54.04999999999999,461.99007234116823
-15.4508,26.7617,95.1057,21.6,100.0,17.999999999999996,119.99999999999997,457.1976084610675,37.47353178711102,54.03755798657997,461.9025616299093
-14.0291,27.5336,95.1057,21.8,100.0,17.999999999999996,116.99999999999999,457.20641773840134,37.427013099734474,53.9905448868455,461.9020119764881
-12.5689,28.2301,95.1057,22.4,100.0,17.999999999999996,114.0,457.1905448868454,37.37298690026552,54.056468212888966,461.8896364278258
-11.0742,28.8492,95.1057,21.8,100.0,17.999999999999996,110.99999999999999,457.17701309973444,37.23,54.07597380053105,461.8669777644538
-9.5492,29.3893,95.1057,21.9,100.0,17.999999999999996,107.99999999999997,457.0457113344929,37.24646821288897,54.07244201342002,461.73792418305976
-7.9979,29.8487,95.1057,23.5,100.0,17.999999999999996,104.99999999999999,457.0554289136855,37.3105448868455,54.09755798657997,461.7556579397135
-6.4248,30.2264,95.1057,23.4,100.0,17.999999999999996,102.0,457.01755798657996,37.29999999999999,54.077013099734465,461.7149138308246
-4.8341,30.5212,95.1057,22.2,100.0,17.999999999999996,98.99999999999999,457.0058728515558,37.25054488684549,54.08646821288897,461.7004623767699
-3.2301,30.7324,95.1057,21.8,100.0,17.999999999999996,96.0,456.99891022630896,37.187063574222044,54.09407667395652,461.68934444766546
-1.6173,30.8593,95.1057,22.0,100.0,17.999999999999996,93.0,456.95901117528416,37.107013099734466,54.09,461.64293172914205
0.0,30.9017,95.1057,21.8,100.0,17.999999999999996,90.0,456.95701309973435,37.12,54.112986900265525,461.64469191392106
1.6173,30.8593,95.1057,22.4,100.0,17.999999999999996,86.99999999999999,456.91815334791306,37.11,54.10999999999999,461.605072609549
3.2301,30.7324,95.1057,23.4,100.0,17.999999999999996,83.99999999999999,456.93537843919796,36.989999999999995,54.139999999999986,461.6160090046413
4.8341,30.5212,95.1057,23.0,100.0,17.999999999999996,80.99999999999999,456.99,36.993531787111024,54.16646821288897,461.673464445101
6.4248,30.2264,95.1057,21.9,100.0,17.999999999999996,77.99999999999999,457.0090916981412,37.016468212888974,54.16646821288896,461.6942008433437
7.9979,29.8487,95.1057,22.2,100.0,17.999999999999996,75.0,456.95711404870957,36.87701309973447,54.220544886845495,461.63793785033505
9.5492,29.3893,95.1057,22.0,100.0,17.999999999999996,71.99999999999999,457.0056103855179,36.7705448868455,54.22755798657997,461.6782742779903
11.0742,28.8492,95.1057,22.4,100.0,17.999999999999996,69.0,457.1020785984068,36.762986900265524,54.24999999999999,461.77580054049304
12.5689,28.2301,95.1057,22.2,100.0,17.999999999999996,65.99999999999999,457.0959233260434,36.77646821288897,54.252986900265526,461.77113197243307
14.0291,27.5336,95.1057,21.1,100.0,17.999999999999996,63.0,457.107063574222,36.7405448868455,54.25054488684549,461.7790129797475
15.4508,26.7617,95.1057,21.8,100.0,17.999999999999996,59.999999999999986,457.19293642577793,36.84293642577794,54.28244201342003,461.87592120940843
16.8303,25.9163,95.1057,20.7,100.0,17.999999999999996,57.0,457.1365186873765,36.83054488684549,54.309455113154506,461.82226307202194
18.1636,25.0,95.1057,20.5,100.0,17.999999999999996,53.999999999999986,457.155711334493,36.68,54.31353178711102,461.8297592630165
19.4471,24.0151,95.1057,21.1,100.0,17.999999999999996,51.0,457.25140271421657,36.70706357422204,54.30353178711101,461.9254565023608
20.6773,22.9644,95.1057,21.5,100.0,17.999999999999996,48.0,457.23597380053104,36.774026199468935,54.29701309973446,461.9147436181182
21.8508,21.8508,95.1057,22.5,100.0,17.999999999999996,45.0,457.2462562213385,36.85,54.31760846106755,461.93339770724504
22.9644,20.6773,95.1057,23.1,100.0,17.999999999999996,41.99999999999999,457.2821795473818,36.8394551131545,54.34402619946894,461.97122244595135
24.0151,19.4471,95.1057,20.6,100.0,17.999999999999996,38.99999999999999,457.34348131262345,36.75244201342003,54.35999999999999,462.026851484954
25.0,18.1636,95.1057,22.9,100.0,17.999999999999996,35.99999999999999,457.41760846106746,36.707557986579964,54.376518687376546,462.09860325274644
25.9163,16.8303,95.1057,22.6,100.0,17.999999999999996,32.99999999999999,457.46130176524144,36.68701309973447,54.3894551131545,462.1417448904992
26.7617,15.4508,95.1057,22.8,100.0,17.999999999999996,29.999999999999993,457.46262348525227,36.84054488684549,54.35646821288896,462.1513856629104
27.5336,14.0291,95.1057,21.1,100.0,17.999999999999996,26.999999999999993,457.5061047978757,36.85298690026553,54.385973800531055,462.1988887016368
28.2301,12.5689,95.1057,23.0,100.0,17.999999999999996,24.0,457.4556103855178,36.75353178711102,54.41760846106754,462.1447107591245
28.8492,11.0742,95.1057,21.6,100.0,17.999999999999996,20.999999999999996,457.5674570376048,36.78407667395652,54.37298690026553,462.2526016596037
29.3893,9.5492,95.1057,21.9,100.0,17.999999999999996,17.999999999999996,457.6131988918159,36.8505448868455,54.42402619946893,462.3091791066002
29.8487,7.9979,95.1057,21.1,100.0,17.999999999999996,14.999999999999996,457.62158418604884,36.85701309973447,54.39,462.3139905168164
30.2264,6.4248,95.1057,22.0,100.0,17.999999999999996,12.0,457.63999999999993,36.870544886845494,54.37836533946351,462.3319297834025
30.5212,4.8341,95.1057,22.9,100.0,17.999999999999996,8.999999999999998,457.59262348525226,36.91,54.40999999999998,462.2919048265023
30.7324,3.2301,95.1057,21.7,100.0,17.999999999999996,6.0,457.52656916186413,37.00646821288897,54.36353178711103,462.2287677838603
30.8593,1.6173,95.1057,22.2,100.0,17.999999999999996,3.0,457.58135223972903,37.017557986579966,54.38298690026552,462.2861697920707
30.9017,0.0,95.1057,22.5,100.0,17.999999999999996,0.0,457.6732493663036,37.08054488684549,54.362936425777946,462.37982098211126
35.8368,0.0,93.358,21.9,100.0,20.999999999999996,0.0,457.71999999999997,37.127557986579966,54.4894551131545,462.44475851778805
35.7877,1.8756,93.358,23.2,100.0,20.999999999999996,3.0,457.76836533946346,36.970544886845495,54.47353178711102,462.47817587444723
35.6405,3.746,93.358,22.7,100.0,20.999999999999996,6.0,457.7720785984067,36.84646821288897,54.46592332604347,462.47105311341136
35.3956,5.6061,93.358,22.2,100.0,20.999999999999996,8.999999999999998,457.778910226309,36.91592332604347,54.48651868737654,462.4857800642861
35.0537,7.4509,93.358,22.8,100.0,20.999999999999996,12.0,457.7362562213385,36.80353178711102,54.458910226309,462.4313496234538
34.6157,9.2752,93.358,21.6,100.0,20.999999999999996,14.999999999999996,457.74438961448215,36.65,54.509455113154495,462.4331621113129
34.0828,11.0742,93.358,22.1,100.0,20.999999999999996,17.999999999999996,457.75272443422745,36.6994551131545,54.47,462.44068552903104
33.4565,12.8428,93.358,22.0,100.0,20.999999999999996,20.999999999999996,457.7048840268401,36.629999999999995,54.49244201342003,462.3904670282564
32.7385,14.5761,93.358,22.3,100.0,20.999999999999996,24.0,457.6429364257779,36.65651868737655,54.459999999999994,462.32742642275355
31.9308,16.2696,93.358,22.0,100.0,20.999999999999996,26.999999999999993,457.5907568783959,36.675923326043474,54.461089773690986,462.2774431352876
31.0356,17.9184,93.358,23.4,100.0,20.999999999999996,29.999999999999993,457.56864776027095,36.72054488684549,54.4594551131545,462.2589080603763
30.0553,19.5181,93.358,22.8,100.0,20.999999999999996,32.99999999999999,457.53321884658527,36.63457108631443,54.435378439197976,462.2141804105692
28.9926,21.0643,93.358,21.8,100.0,20.999999999999996,35.99999999999999,457.56,36.542986900265525,54.453531787111025,462.23557913220276
27.8504,22.5528,93.358,22.8,100.0,20.999999999999996,38.99999999999999,457.4818971265745,36.66646821288897,54.40298690026551,462.16209393827074
26.6319,23.9795,93.358,22.7,100.0,20.999999999999996,41.99999999999999,457.4661552723633,36.65244201342003,54.415923326043476,462.14692191623544
25.3404,25.3404,93.358,22.1,100.0,20.999999999999996,45.0,457.49402619946886,36.56999999999999,54.43402619946894,462.17011166505
23.9795,26.6319,93.358,22.0,100.0,20.999999999999996,48.0,457.406468212889,36.55542891368555,54.39999999999999,462.0782796735334
22.5528,27.8504,93.358,22.6,100.0,20.999999999999996,51.0,457.3657618089805,36.57646821288897,54.363975724981366,462.03540985368636
21.0643,28.9926,93.358,23.6,100.0,20.999999999999996,53.999999999999986,457.31651868737646,36.55054488684549,54.3794551131545,461.98643457819236
19.5181,30.0553,93.358,22.6,100.0,20.999999999999996,57.0,457.20831486497593,36.66701309973447,54.3294551131545,461.88267203286523
17.9184,31.0356,93.358,22.4,100.0,20.999999999999996,59.999999999999986,457.167820452618,36.67054488684549,54.28457108631443,461.8375900440765
16.2696,31.9308,93.358,21.6,100.0,20.999999999999996,63.0,457.22130176524144,36.738153347913034,54.309455113154506,461.89882833149136
14.5761,32.7385,93.358,23.4,100.0,20.999999999999996,65.99999999999999,457.14805239893786,36.59298690026553,54.30597380053105,461.8143861908689
12.8428,33.4565,93.358,22.6,100.0,20.999999999999996,69.0,457.14324936630356,36.63298690026552,54.327013099734465,461.8152774895566
11.0742,34.0828,93.358,20.5,100.0,20.999999999999996,71.99999999999999,457.03792140159305,36.828910226309006,54.27646821288898,461.7206571393693
9.2752,34.6157,93.358,21.8,100.0,20.999999999999996,75.0,456.95298690026544,36.779455113154505,54.234621560802005,461.62772309658584
7.4509,35.0537,93.358,22.6,100.0,20.999999999999996,77.99999999999999,457.02135223972897,36.88,54.21005047448757,461.7005310539256
5.6061,35.3956,93.358,21.4,100.0,20.999999999999996,80.99999999999999,457.0621290728943,36.99542891368556,54.202986900265536,461.7492992762036
3.746,35.6405,93.358,22.9,100.0,20.999999999999996,83.99999999999999,456.98,36.88163466053649,54.19163466053648,461.6575664303731
1.8756,35.7877,93.358,21.2,100.0,20.999999999999996,86.99999999999999,456.9848840268401,37.063481312623445,54.14353178711102,461.67132021646916
0.0,35.8368,93.358,22.2,100.0,20.999999999999996,90.0,457.0142381910194,37.13701309973447,54.139999999999986,461.70587093006264
-1.8756,35.7877,93.358,22.2,100.0,20.999999999999996,93.0,457.05397572498134,37.1494551131545,54.10646821288898,461.7422751315808
-3.746,35.6405,93.358,21.7,100.0,20.999999999999996,96.0,457.0351159731599,37.297013099734464,54.09353178711102,461.7339868365385
-5.6061,35.3956,93.358,21.9,100.0,20.999999999999996,98.99999999999999,457.05119072266615,37.29999999999999,54.07298690026551,461.7477329162789
-7.4509,35.0537,93.358,22.0,100.0,20.999999999999996,102.0,457.1099999999999,37.315973800531054,54.07493450132765,461.8074626313489
-9.2752,34.6157,93.358,22.6,100.0,20.999999999999996,104.99999999999999,457.0581028734254,37.39999999999999,54.05597380053105,461.76067145847145
-11.0742,34.0828,93.358,22.4,100.0,20.999999999999996,107.99999999999997,457.1516851350241,37.39353178711102,54.083481312623434,461.8559974626277
-12.8428,33.4565,93.358,21.5,100.0,20.999999999999996,110.99999999999999,457.2405448868455,37.398910226309006,54.07891022630899,461.9438525468221
-14.5761,32.7385,93.358,23.0,100.0,20.999999999999996,114.0,457.23909169814124,37.44,54.048910226309,461.9422315328972
-16.2696,31.9308,93.358,23.4,100.0,20.999999999999996,116.99999999999999,457.32114024817855,37.42353178711102,54.0305448868455,462.0199625882896
-17.9184,31.0356,93.358,20.7,100.0,20.999999999999996,119.99999999999997,457.3368316279021,37.65244201342003,54.023481312623446,462.0532658537946
-19.5181,30.0553,93.358,24.5,100.0,20.999999999999996,122.99999999999999,457.40787092710553,37.64646821288897,54.037013099734466,462.1246755364969
-21.0643,28.9926,93.358,22.2,100.0,20.999999999999996,126.0,457.3859233260434,37.5794551131545,54.05462156080201,462.0995568224453
-22.5528,27.8504,93.358,22.2,100.0,20.999999999999996,129.0,457.5057113344929,37.61054488684549,54.02646821288898,462.2173604030079
-23.9795,26.6319,93.358,21.2,100.0,20.999999999999996,131.99999999999997,457.57602427501854,37.62701309973446,54.02646821288898,462.288296816714
-25.3404,25.3404,93.358,22.3,100.0,20.999999999999996,135.0,457.6000199547694,37.62592332604348,54.043481312623435,462.31394770343076
-26.6319,23.9795,93.358,21.6,100.0,20.999999999999996,138.0,457.7683148649759,37.61646821288897,53.99542891368556,462.47414535161187
-27.8504,22.5528,93.358,21.5,100.0,20.999999999999996,141.0,457.788910226309,37.6405448868455,54.01457108631443,462.4987252254959
-28.9926,21.0643,93.358,21.5,100.0,20.999999999999996,143.99999999999997,457.8999999999999,37.63999999999999,54.037013099734466,462.61126054684485
-30.0553,19.5181,93.358,21.9,100.0,20.999999999999996,147.0,457.95696262524683,37.561089773690995,53.99755798657997,462.65662358864273
-31.0356,17.9184,93.358,21.9,100.0,20.999999999999996,150.0,457.9941571968136,37.63298690026552,54.02298690026553,462.7022507434791
-31.9308,16.2696,93.358,21.9,100.0,20.999999999999996,152.99999999999997,458.0205448868454,37.5794551131545,54.03782045261801,462.7257514168773
-32.7385,14.5761,93.358,23.0,100.0,20.999999999999996,155.99999999999997,458.1183653394635,37.40353178711103,54.00298690026552,462.8042604013081
-33.4565,12.8428,93.358,22.4,100.0,20.999999999999996,159.0,458.13163466053646,37.330544886845495,54.03646821288898,462.81541045562284
-34.0828,11.0742,93.358,22.8,100.0,20.999999999999996,161.99999999999997,458.1241271484441,37.355923326043474,54.00108977369098,462.80589730448685
-34.6157,9.2752,93.358,21.5,100.0,20.999999999999996,164.99999999999997,458.14353178711104,37.112986900265525,54.06244201342003,462.8127236274747
-35.0537,7.4509,93.358,21.8,100.0,20.999999999999996,167.99999999999997,458.19447013733935,37.15755798657996,53.99353178711102,462.8586804358421
-35.3956,5.6061,93.358,23.0,100.0,20.999999999999996,170.99999999999997,458.2137637334308,37.08701309973446,54.04054488684549,462.8776083448879
-35.6405,3.746,93.358,21.0,100.0,20.999999999999996,173.99999999999997,458.20353178711093,37.079455113154495,54.012986900265524,462.86365734150985
-35.7877,1.8756,93.358,22.2,100.0,20.999999999999996,176.99999999999997,458.1983653394634,36.923481312623444,54.037013099734466,462.84887842225663
-35.8368,0.0,93.358,21.3,100.0,20.999999999999996,180.0,458.228910226309,36.95646821288898,54.04,462.8820976339018
-35.7877,-1.8756,93.358,21.5,100.0,20.999999999999996,182.99999999999997,458.223037374753,36.85298690026553,54.037013099734466,462.86768455915814
-35.6405,-3.746,93.358,22.1,100.0,20.999999999999996,186.0,458.22108977369095,36.7694551131545,54.029455113154505,462.8582309547186
-35.3956,-5.6061,93.358,22.0,100.0,20.999999999999996,188.99999999999997,458.16478307786485,36.793531787111014,54.03353178711103,462.80487788218574
-35.0537,-7.4509,93.358,21.8,100.0,20.999999999999996,192.0,458.19841581395104,36.626468212888966,54.068910226309,462.8290542751447
-34.6157,-9.2752,93.358,22.6,100.0,20.999999999999996,194.99999999999997,458.12810287342546,36.6494551131545,54.00701309973447,462.75403689913924
-34.0828,-11.0742,93.358,22.4,100.0,20.999999999999996,197.99999999999997,458.07787092710555,36.539455113154496,54.04054488684549,462.69952248164617
-33.4565,-12.8428,93.358,23.0,100.0,20.999999999999996,200.99999999999997,458.04561038551776,36.52,53.97651868737655,462.65857407277156
-32.7385,-14.5761,93.358,22.4,100.0,20.999999999999996,204.0,457.9723915389324,36.39646821288897,54.02298690026553,462.5817737696626
-31.9308,-16.2696,93.358,23.0,100.0,20.999999999999996,207.0,457.981846652087,36.30298690026552,54.002936425777946,462.58144781578
-31.0356,-17.9184,93.358,21.8,100.0,20.999999999999996,209.99999999999997,457.8643896144821,36.23516644764751,54.01945511315451,462.4617693336965
-30.0553,-19.5181,93.358,22.3,100.0,20.999999999999996,212.99999999999997,457.815973800531,36.17999999999999,54.02298690026553,462.40992785682573
-28.9926,-21.0643,93.358,23.0,100.0,20.999999999999996,215.99999999999994,457.7451159731599,36.273531787111025,53.98701309973446,462.34290076632846
-27.8504,-22.5528,93.358,21.5,100.0,20.999999999999996,219.0,457.6929869002655,36.258052398937885,54.029999999999994,462.29509787737396
-26.6319,-23.9795,93.358,22.0,100.0,20.999999999999996,221.99999999999997,457.64163466053645,36.148910226309006,53.97945511315449,462.22980330094543
-25.3404,-25.3404,93.358,21.8,100.0,20.999999999999996,224.99999999999997,457.475216922135,36.16701309973447,53.95755798657996,462.06389709474814
-23.9795,-26.6319,93.358,22.6,100.0,20.999999999999996,228.0,457.4586782799891,36.20407667395652,54.00353178711102,462.0557963568575
-22.5528,-27.8504,93.358,21.2,100.0,20.999999999999996,231.0,457.40402619946894,36.01701309973447,53.989999999999995,461.98548517903777
-21.0643,-28.9926,93.358,23.1,100.0,20.999999999999996,233.99999999999997,457.3595055876421,36.03999999999999,53.96054488684549,461.9397572799485
-19.5181,-30.0553,93.358,21.7,100.0,20.999999999999996,236.99999999999997,457.2407773045139,36.07,53.96,461.82448498324135
-17.9184,-31.0356,93.358,22.6,100.0,20.999999999999996,239.99999999999994,457.27384472763663,36.059999999999995,53.9905448868455,461.8600130008802
-16.2696,-31.9308,93.358,23.0,100.0,20.999999999999996,242.99999999999997,457.11760846106745,36.17999999999999,53.970000000000006,461.71231439627616
-14.5761,-32.7385,93.358,23.7,100.0,20.999999999999996,245.99999999999997,457.03574185421115,36.301352239729034,53.94,461.63728305528144
-12.8428,-33.4565,93.358,22.9,100.0,20.999999999999996,249.0,457.0199495255124,36.35298690026553,53.96,461.62804888879185
-11.0742,-34.0828,93.358,22.8,100.0,20.999999999999996,252.0,456.9419476010621,36.23,53.97999999999999,461.5434939173683
-9.2752,-34.6157,93.358,23.2,100.0,20.999999999999996,254.99999999999997,456.92303737475305,36.46135223972904,54.016468212888974,461.5472577419495
-7.4509,-35.0537,93.358,22.6,100.0,20.999999999999996,258.0,456.8494551131544,36.59646821288897,54.04054488684549,461.48792683504763
-5.6061,-35.3956,93.358,22.4,100.0,20.999999999999996,260.99999999999994,456.8575075120923,36.490050474487575,54.0305448868455,461.4863007008567
-3.746,-35.6405,93.358,22.2,100.0,20.999999999999996,263.99999999999994,456.7429869002655,36.599455113154505,54.037013099734466,461.3823522653384
-1.8756,-35.7877,93.358,22.0,100.0,20.999999999999996,266.99999999999994,456.68288595129036,36.71,54.04402619946894,461.33246058417365
0.0,-35.8368,93.358,21.5,100.0,20.999999999999996,270.0,456.66272443422747,36.76945511315451,54.05782045261801,461.3188535807928
1.8756,-35.7877,93.358,21.7,100.0,20.999999999999996,273.0,456.60298690026553,36.85,54.05298690026552,461.2655802670348
3.746,-35.6405,93.358,20.9,100.0,20.999999999999996,276.0,456.6932493663036,36.73244201342003,54.09592332604347,461.35058820111976
5.6061,-35.3956,93.358,21.9,100.0,20.999999999999996,278.99999999999994,456.61893018107827,36.88353178711103,54.10293642577794,461.28989805402745
7.4509,-35.0537,93.358,22.0,100.0,20.999999999999996,282.0,456.6834813126233,37.03592332604348,54.117013099734464,461.36765472588837
9.2752,-34.6157,93.358,23.0,100.0,20.999999999999996,284.99999999999994,456.71999999999997,36.96646821288898,54.172442013420024,461.4047373465425
11.0742,-34.0828,93.358,22.6,100.0,20.999999999999996,287.99999999999994,456.69999999999993,37.065973800531054,54.1394551131545,461.3890516838592
12.8428,-33.4565,93.358,22.6,100.0,20.999999999999996,291.0,456.7988092773338,37.07999999999999,54.14999999999999,461.48922095449853
14.5761,-32.7385,93.358,23.5,100.0,20.999999999999996,294.0,456.7532693210728,37.188910226309005,54.158365339463494,461.45389002104184
16.2696,-31.9308,93.358,22.1,100.0,20.999999999999996,296.99999999999994,456.7554993429425,37.1694551131545,54.198910226309,461.4592901255202
17.9184,-31.0356,93.358,22.0,100.0,20.999999999999996,300.0,456.80402619946886,37.20646821288897,54.24592332604347,461.5158283595664
19.5181,-30.0553,93.358,22.8,100.0,20.999999999999996,303.0,456.85054488684546,37.26244201342002,54.248910226309,461.56673862937004
21.0643,-28.9926,93.358,22.3,100.0,20.999999999999996,305.99999999999994,456.98140271421664,37.33353178711102,54.236468212888965,461.7005409424598
22.5528,-27.8504,93.358,22.8,100.0,20.999999999999996,309.0,456.98013146869323,37.33353178711102,54.25651868737654,461.70163847761796
23.9795,-26.6319,93.358,22.1,100.0,20.999999999999996,311.99999999999994,457.0885972857834,37.28353178711102,54.33706357422204,461.8144259213593
25.3404,-25.3404,93.358,21.8,100.0,20.999999999999996,314.99999999999994,457.0764177384013,37.42158418604891,54.316468212888964,461.811114347289
26.6319,-23.9795,93.358,22.7,100.0,20.999999999999996,318.0,457.06353178711095,37.44945511315451,54.28353178711102,461.79674706656596
27.8504,-22.5528,93.358,23.0,100.0,20.999999999999996,321.0,457.2168616762718,37.378910226309,54.34701309973446,461.9502563736362
28.9926,-21.0643,93.358,22.6,100.0,20.999999999999996,323.99999999999994,457.2284662884386,37.45,54.34945511315449,461.9677869241259
30.0553,-19.5181,93.358,22.2,100.0,20.999999999999996,327.0,457.3180523989378,37.32,54.387557986579964,462.0504192333357
31.0356,-17.9184,93.358,22.3,100.0,20.999999999999996,329.99999999999994,457.39353178711093,37.469455113154496,54.38,462.1363298715689
31.9308,-16.2696,93.358,21.4,100.0,20.999999999999996,332.99999999999994,457.4326739597399,37.42244201342003,54.39,462.1724380274158
32.7385,-14.5761,93.358,21.0,100.0,20.999999999999996,335.99999999999994,457.4954289136855,37.349455113154505,54.44701309973446,462.23535835075324
33.4565,-12.8428,93.358,22.6,100.0,20.999999999999996,339.0,457.54599375530046,37.276468212888965,54.38651868737655,462.27239253375745
34.0828,-11.0742,93.358,22.1,100.0,20.999999999999996,341.99999999999994,457.6285468112957,37.29999999999999,54.46402619946894,462.3651230428985
34.6157,-9.2752,93.358,21.9,100.0,20.999999999999996,345.0,457.6689607007966,37.23,54.449999999999996,462.3978297839938
35.0537,-7.4509,93.358,21.9,100.0,20.999999999999996,347.99999999999994,457.77592332604337,37.05353178711102,54.48701309973446,462.4938862206079
35.3956,-5.6061,93.358,22.1,100.0,20.999999999999996,351.0,457.7894551131545,37.22407667395652,54.455923326043475,462.51731284603756
35.6405,-3.746,93.358,22.4,100.0,20.999999999999996,353.99999999999994,457.81896070079654,37.10298690026553,54.47298690026552,462.5387969845505
35.7877,-1.8756,93.358,21.9,100.0,20.999999999999996,356.99999999999994,457.8332188465854,37.14810287342546,54.4705448868455,462.55624316053695
40.6179,-2.1287,91.3545,22.0,100.0,24.0,356.99999999999994,457.9084158139511,37.16646821288897,54.500544886845496,462.6356806663587
40.4508,-4.2516,91.3545,22.7,100.0,24.0,353.99999999999994,457.87841581395105,37.12402619946894,54.480544886845486,462.6002234767293
40.1729,-6.3628,91.3545,21.4,100.0,24.0,351.0,457.79711404870955,37.25999999999999,54.50298690026551,462.53332940705764
39.7848,-8.4565,91.3545,22.0,100.0,24.0,347.99999999999994,457.7870130997344,37.357013099734466,54.455973800531055,462.5256196937357
39.2877,-10.5271,91.3545,23.4,100.0,24.0,345.0,457.7970130997344,37.33054488684549,54.47999999999999,462.5362095929217
38.683,-12.5689,91.3545,22.1,100.0,24.0,341.99999999999994,457.6265186873764,37.377557986579966,54.40755798657997,462.3627307785856
37.9721,-14.5761,91.3545,22.3,100.0,24.0,339.0,457.50194760106206,37.45293642577794,54.416518687376545,462.24659221213506
37.1572,-16.5435,91.3545,22.2,100.0,24.0,335.99999999999994,457.4218666068564,37.706962625246895,54.36592332604347,462.18203415928633
36.2405,-18.4655,91.3545,22.2,100.0,24.0,332.99999999999994,457.4097375339619,37.607013099734466,54.40755798657997,462.16678568589776
35.2244,-20.3368,91.3545,21.8,100.0,24.0,329.99999999999994,457.3808578273711,37.559455113154506,54.35298690026553,462.12791406739257
34.1118,-22.1525,91.3545,22.6,100.0,24.0,327.0,457.29314841732844,37.59402619946894,54.347013099734475,462.0432146760537
32.9057,-23.9074,91.3545,23.3,100.0,24.0,323.99999999999994,457.18194760106206,37.57,54.33,461.92920129853263
31.6094,-25.5968,91.3545,21.8,100.0,24.0,321.0,457.0684357687204,37.629999999999995,54.28457108631443,461.8163991610627
30.2264,-27.216,91.3545,22.4,100.0,24.0,318.0,457.06353178711095,37.529999999999994,54.314076673956514,461.80687729250184
28.7606,-28.7606,91.3545,21.0,100.0,24.0,314.99999999999994,456.8819476010621,37.48597380053105,54.23950558764208,461.6148137158356
27.216,-30.2264,91.3545,20.9,100.0,24.0,311.99999999999994,456.89353178711104,37.6294551131545,54.24646821288897,461.63877067961346
25.5968,-31.6094,91.3545,22.6,100.0,24.0,309.0,456.80516644764754,37.62646821288897,54.23999999999999,461.55031015420036
23.9074,-32.9057,91.3545,20.5,100.0,24.0,305.99999999999994,456.69417762293165,37.51945511315451,54.22402619946894,461.429871599092
22.1525,-34.1118,91.3545,23.1,100.0,24.0,303.0,456.7256608600054,37.51,54.207557986579964,461.4583282712287
20.3368,-35.2244,91.3545,23.0,100.0,24.0,300.0,456.685378439198,37.37646821288897,54.24348131262344,461.4118447993458
18.4655,-36.2405,91.3545,22.4,100.0,24.0,296.99999999999994,456.5982038224006,37.44950558764207,54.14298690026552,461.31968116815005
16.5435,-37.1572,91.3545,22.2,100.0,24.0,294.0,456.5994551131545,37.422986900265535,54.13353178711102,461.31765804260425
14.5761,-37.9721,91.3545,22.3,100.0,24.0,291.0,456.4479413563625,37.29407667395652,54.110544886845496,461.1545536925507
12.5689,-38.683,91.3545,22.5,100.0,24.0,287.99999999999994,456.52836533946345,37.2405448868455,54.14244201342003,461.23357485136347
10.5271,-39.2877,91.3545,22.2,100.0,24.0,284.99999999999994,456.5302624660379,37.10054488684549,54.09353178711102,461.2184310708035
8.4565,-39.7848,91.3545,22.6,100.0,24.0,282.0,456.4265691618641,37.01701309973447,54.09005047448758,461.10867033274104
6.3628,-40.1729,91.3545,21.5,100.0,24.0,278.99999999999994,456.4925429623952,37.05,54.029999999999994,461.16958397131333
4.2516,-40.4508,91.3545,21.3,100.0,24.0,276.0,456.45597380053096,36.82,54.037013099734466,461.11578502902273
2.1287,-40.6179,91.3545,20.7,100.0,24.0,273.0,456.49194760106207,36.87597380053106,53.97999999999999,461.1491906838266
0.0,-40.6737,91.3545,22.4,100.0,24.0,270.0,456.4532493663035,36.7894551131545,53.99353178711102,461.1055566130443
-2.1287,-40.6179,91.3545,22.2,100.0,24.0,266.99999999999994,456.5808073528835,36.709455113154505,53.992391538932445,461.2253202956327
-4.2516,-40.4508,91.3545,21.8,100.0,24.0,263.99999999999994,456.5403129405256,36.563531787111025,53.992936425777934,461.1737052136193
-6.3628,-40.1729,91.3545,23.2,100.0,24.0,260.99999999999994,456.63163466053646,36.463531787111016,53.94298690026553,461.2503493319713
-8.4565,-39.7848,91.3545,22.6,100.0,24.0,258.0,456.59683162790213,36.40158418604891,53.998597285783376,461.2175088748529
-10.5271,-39.2877,91.3545,22.6,100.0,24.0,254.99999999999997,456.6541776229317,36.23891022630901,53.99646821288897,461.26122223132097
-12.5689,-38.683,91.3545,21.7,100.0,24.0,252.0,456.75701309973454,36.31298690026553,54.00701309973446,461.37008951314215
-14.5761,-37.9721,91.3545,22.2,100.0,24.0,249.0,456.8316346605365,36.299455113154494,53.933037374753106,461.43424817474954
-16.5435,-37.1572,91.3545,21.3,100.0,24.0,245.99999999999997,456.8554488684549,36.16,53.968910226309,461.45107002997923
-18.4655,-36.2405,91.3545,22.3,100.0,24.0,242.99999999999997,456.92968705947436,36.20054488684549,53.93244201342002,461.5234844164537
-20.3368,-35.2244,91.3545,22.4,100.0,24.0,239.99999999999994,456.9808273076529,36.01244201342003,53.99298690026553,461.5664796548478
-22.1525,-34.1118,91.3545,23.6,100.0,24.0,236.99999999999997,457.15950558764206,36.112986900265525,53.99353178711102,461.75129977818347
-23.9074,-32.9057,91.3545,22.0,100.0,24.0,233.99999999999997,457.21620574685085,36.11,53.96348131262344,461.80369012484573
-25.5968,-31.6094,91.3545,22.2,100.0,24.0,231.0,457.30610479787566,35.92103929920341,53.99701309973447,461.8818809754648
-27.216,-30.2264,91.3545,22.3,100.0,24.0,228.0,457.4016346605364,36.03163466053649,54.00054488684549,461.9854899610132
-28.7606,-28.7606,91.3545,21.8,100.0,24.0,224.99999999999997,457.473864682406,36.06755798657996,53.98457108631444,462.05793957245766
-30.2264,-27.216,91.3545,22.2,100.0,24.0,221.99999999999997,457.6423915389324,35.99999999999999,54.04135223972904,462.22616356646444
-31.6094,-25.5968,91.3545,21.9,100.0,24.0,219.0,457.71402619946895,36.037013099734466,54.014026199468944,462.2967781838367
-32.9057,-23.9074,91.3545,22.3,100.0,24.0,215.99999999999994,457.726468212889,36.02054488684549,54.02457108631444,462.30904559358385
-34.1118,-22.1525,91.3545,22.6,100.0,24.0,212.99999999999997,457.8731178976102,36.15701309973447,54.04755798657996,462.46757747315206
-35.2244,-20.3368,91.3545,21.3,100.0,24.0,209.99999999999997,457.975973800531,36.110544886845496,54.0205448868455,462.56262635500633
-36.2405,-18.4655,91.3545,21.3,100.0,24.0,207.0,458.0325934368827,36.21407667395652,54.07810287342546,462.63350204049493
-37.1572,-16.5435,91.3545,23.0,100.0,24.0,204.0,458.0899999999999,36.48298690026553,54.04,462.70701100498235
-37.9721,-14.5761,91.3545,22.1,100.0,24.0,200.99999999999997,458.1486477602708,36.5694551131545,54.05755798657996,462.7739492098817
-38.683,-12.5689,91.3545,21.9,100.0,24.0,197.99999999999997,458.16163466053655,36.57054488684549,54.029999999999994,462.78367422386
-39.2877,-10.5271,91.3545,21.8,100.0,24.0,194.99999999999997,458.250756878396,36.726468212888975,54.08054488684549,462.8901543371529
-39.7848,-8.4565,91.3545,22.2,100.0,24.0,192.0,458.2859233260435,36.663481312623446,54.01054488684549,462.9118029816687
-40.1729,-6.3628,91.3545,22.6,100.0,24.0,188.99999999999997,458.301089773691,36.791089773690985,54.0494551131545,462.94148309750494
-40.4508,-4.2516,91.3545,21.3,100.0,24.0,186.0,458.3364177384014,36.87646821288898,54.007063574222045,462.9783025683133
-40.6179,-2.1287,91.3545,22.6,100.0,24.0,182.99999999999997,458.39646821288886,37.05054488684549,54.04244201342003,463.0557747023959
-40.6737,0.0,91.3545,22.1,100.0,24.0,180.0,458.4172755657725,37.040544886845495,54.017557986579966,463.07266932253015
-40.6179,2.1287,91.3545,22.6,100.0,24.0,176.99999999999997,458.31355174188036,37.14108977369099,54.04298690026552,462.981011158057
-40.4508,4.2516,91.3545,23.0,100.0,24.0,173.99999999999997,458.3894551131545,37.13407667395652,54.023481312623446,463.05331090760745
-40.1729,6.3628,91.3545,22.6,100.0,24.0,170.99999999999997,458.3749345013277,37.19805239893789,53.99402619946894,463.0406359560676
-39.7848,8.4565,91.3545,21.2,100.0,24.0,167.99999999999997,458.39706357422205,37.20701309973447,54.00755798657996,463.06483999214083
-39.2877,10.5271,91.3545,22.2,100.0,24.0,164.99999999999997,458.2956103855178,37.309455113154506,53.97945511315449,462.96937643194923
-38.683,12.5689,91.3545,22.3,100.0,24.0,161.99999999999997,458.2876084610675,37.45,54.0205448868455,462.97759539618806
-37.9721,14.5761,91.3545,22.1,100.0,24.0,159.0,458.158910226309,37.5494551131545,53.998365339463504,462.85567087202037
-37.1572,16.5435,91.3545,22.2,100.0,24.0,155.99999999999997,458.1115337115613,37.55054488684549,54.00407667395651,462.8095299777918
-36.2405,18.4655,91.3545,22.1,100.0,24.0,152.99999999999997,458.0739757249812,37.6405448868455,53.97755798657997,462.7765709519702
-35.2244,20.3368,91.3545,21.1,100.0,24.0,150.0,458.06587285155575,37.64592332604347,54.018910226309,462.773813084066
-34.1118,22.1525,91.3545,23.6,100.0,24.0,147.0,457.9817656578811,37.848647760270964,53.99701309973447,462.7045442137826
-32.9057,23.9074,91.3545,22.6,100.0,24.0,143.99999999999997,457.87646821288894,37.77,53.97999999999999,462.5919081037937
-31.6094,25.5968,91.3545,22.2,100.0,24.0,141.0,457.82217954738195,37.67701309973447,54.00755798657996,462.53380603076636
-30.2264,27.216,91.3545,22.3,100.0,24.0,138.0,457.68397572498134,37.89999999999999,53.95,462.40851434140495
-28.7606,28.7606,91.3545,22.3,100.0,24.0,135.0,457.69864776027094,37.78592332604347,54.00054488684549,462.4196005915606
-27.216,30.2264,91.3545,22.3,100.0,24.0,131.99999999999997,457.5459233260434,37.832936425777945,53.987557986579965,462.27076421533826
-25.5968,31.6094,91.3545,22.1,100.0,24.0,129.0,457.5534813126233,37.78999999999999,53.957063574222055,462.27117265827184
-23.9074,32.9057,91.3545,21.2,100.0,24.0,126.0,457.421614705767,37.74701309973447,53.980544886845486,462.1398812310656
-22.1525,34.1118,91.3545,21.3,100.0,24.0,122.99999999999999,457.3594551131545,37.80701309973446,54.00054488684549,462.0855984219821
-20.3368,35.2244,91.3545,22.6,100.0,24.0,119.99999999999997,457.2765186873765,37.73597380053105,53.988910226308995,461.99634272247806
-18.4655,36.2405,91.3545,21.9,100.0,24.0,116.99999999999999,457.17321884658537,37.6994551131545,53.992391538932445,461.8915232935867
-16.5435,37.1572,91.3545,21.0,100.0,24.0,114.0,457.158910226309,37.5905448868455,54.035973800531046,461.87358089499776
-14.5761,37.9721,91.3545,22.1,100.0,24.0,110.99999999999999,457.1740062446995,37.538910226309,54.002179547381985,461.8803710515041
-12.5689,38.683,91.3545,22.3,100.0,24.0,107.99999999999997,457.07566086000537,37.533481312623444,54.02462156080202,461.785211656722
-10.5271,39.2877,91.3545,22.0,100.0,24.0,104.99999999999999,457.0015841860489,37.432986900265526,54.01945511315451,461.7031275479471
-8.4565,39.7848,91.3545,22.0,100.0,24.0,102.0,456.97376373343087,37.459455113154505,54.04298690026552,461.6804911962105
-6.3628,40.1729,91.3545,22.3,100.0,24.0,98.99999999999999,456.960595361333,37.387013099734475,54.06,461.66357671090276
-4.2516,40.4508,91.3545,22.6,100.0,24.0,96.0,456.995216922135,37.23348131262345,54.126468212888966,461.69322605120334
-2.1287,40.6179,91.3545,21.1,100.0,24.0,93.0,457.00272443422745,37.13,54.108102873425466,461.69017082548726
0.0,40.6737,91.3545,22.2,100.0,24.0,90.0,457.00782045261803,37.089999999999996,54.14701309973446,461.69656169661386
2.1287,40.6179,91.3545,22.0,100.0,24.0,86.99999999999999,456.9934308381358,37.039455113154496,54.15646821288897,461.6793693826735
4.2516,40.4508,91.3545,21.6,100.0,24.0,83.99999999999999,457.00018147183226,36.88597380053106,54.232986900265516,461.6827458294553
6.3628,40.1729,91.3545,22.5,100.0,24.0,80.99999999999999,457.000595361333,36.96402619946894,54.17701309973447,461.68282634498837
8.4565,39.7848,91.3545,22.4,100.0,24.0,77.99999999999999,457.054621560802,36.87646821288898,54.22244201342003,461.734636144878
10.5271,39.2877,91.3545,22.7,100.0,24.0,75.0,457.06597380053097,36.836518687376554,54.24542891368555,461.7453844634106
12.5689,38.683,91.3545,22.2,100.0,24.0,71.99999999999999,457.06140271421646,36.749455113154504,54.28189712657453,461.73820792507627
14.5761,37.9721,91.3545,22.9,100.0,24.0,69.0,457.1566496847213,36.65945511315449,54.310544886845484,461.82870556739806
16.5435,37.1572,91.3545,23.1,100.0,24.0,65.99999999999999,457.1721290728944,36.595973800531056,54.34298690026552,461.8428099740157
18.4655,36.2405,91.3545,20.7,100.0,24.0,63.0,457.2189607007966,36.61,54.352442013420024,461.89139207950035
20.3368,35.2244,91.3545,22.3,100.0,24.0,59.999999999999986,457.2559233260435,36.563531787111025,54.39054488684549,461.92878525438056
22.1525,34.1118,91.3545,21.1,100.0,24.0,57.0,457.2694551131544,36.56,54.39348131262344,461.94224637803785
23.9074,32.9057,91.3545,22.5,100.0,24.0,53.999999999999986,457.3366496847213,36.44244201342003,54.45701309973447,462.0069577403479
25.5968,31.6094,91.3545,22.2,100.0,24.0,51.0,457.3614531887042,36.516468212888974,54.39999999999999,462.0306389338549
27.216,30.2264,91.3545,21.8,100.0,24.0,48.0,457.55701309973443,36.48298690026553,54.44597380053105,462.2269925404655
28.7606,28.7606,91.3545,22.0,100.0,24.0,45.0,457.55326932107295,36.4794551131545,54.509455113154495,462.23048970020136
30.2264,27.216,91.3545,21.5,100.0,24.0,41.99999999999999,457.6529364257779,36.46592332604347,54.489999999999995,462.32578760345825
31.6094,25.5968,91.3545,22.9,100.0,24.0,38.99999999999999,457.6281838676312,36.62542891368555,54.53353178711101,462.3190270822452
32.9057,23.9074,91.3545,22.3,100.0,24.0,35.99999999999999,457.66971757919254,36.563481312623445,54.50407667395651,462.3517631942123
34.1118,22.1525,91.3545,22.6,100.0,24.0,32.99999999999999,457.75194760106206,36.46298690026552,54.530544886845476,462.4283460947335
35.2244,20.3368,91.3545,22.0,100.0,24.0,29.999999999999993,457.83234106444485,36.580544886845495,54.555973800531056,462.52020827861446
36.2405,18.4655,91.3545,22.2,100.0,24.0,26.999999999999993,457.7853784391979,36.690544886845494,54.55298690026553,462.48208308706813
37.1572,16.5435,91.3545,22.0,100.0,24.0,24.0,457.8596671047049,36.61,54.58189712657453,462.55264603628325
37.9721,14.5761,91.3545,22.4,100.0,24.0,20.999999999999996,457.96293642577785,36.69,54.5394551131545,462.6562000057503
38.683,12.5689,91.3545,21.6,100.0,24.0,17.999999999999996,458.02701309973435,36.63407667395652,54.57646821288897,462.7195599771097
39.2877,10.5271,91.3545,22.2,100.0,24.0,14.999999999999996,458.0313017652414,36.78298690026553,54.559999999999995,462.7336762351177
39.7848,8.4565,91.3545,21.9,100.0,24.0,12.0,458.0361857920815,36.79054488684549,54.58945511315451,462.74258535127314
40.1729,6.3628,91.3545,21.0,100.0,24.0,8.999999999999998,457.92755798658,36.937013099734465,54.57,462.6444382031222
40.4508,4.2516,91.3545,22.2,100.0,24.0,6.0,457.9934813126234,36.98353178711102,54.58701309973448,462.7154120487615
40.6179,2.1287,91.3545,22.3,100.0,24.0,3.0,458.0077699781304,37.05298690026552,54.5794551131545,462.7342197406845
40.6737,0.0,91.3545,23.5,100.0,24.0,0.0,457.9703129405256,37.031089773690994,54.559999999999995,462.69309779233805
45.399,0.0,89.1007,21.4,100.0,26.999999999999993,0.0,458.10117076789675,37.13,54.504026199468946,462.8239497161638
45.3368,2.376,89.1007,21.4,100.0,26.999999999999993,3.0,458.2034813126234,36.99701309973447,54.51353178711101,462.9156882340605
45.1503,4.7455,89.1007,24.2,100.0,26.999999999999993,6.0,458.1718466520869,36.83293642577795,54.54646821288896,462.8751704993783
44.8401,7.102,89.1007,22.8,100.0,26.999999999999993,8.999999999999998,458.166468212889,36.85701309973447,54.516518687376546,462.86823483481487
44.407,9.439,89.1007,22.3,100.0,26.999999999999993,12.0,458.161089773691,36.72054488684549,54.53597380053105,462.8543561832115
43.8521,11.7501,89.1007,20.6,100.0,26.999999999999993,14.999999999999996,458.1571140487096,36.71,54.51755798657996,462.8474147948354
43.1771,14.0291,89.1007,22.0,100.0,26.999999999999993,17.999999999999996,458.187820452618,36.61163466053648,54.51054488684549,462.86919330140984
42.3837,16.2696,89.1007,22.6,100.0,26.999999999999993,20.999999999999996,458.03750751209236,36.586468212888974,54.499455113154504,462.71710423520494
41.4741,18.4655,89.1007,22.7,100.0,26.999999999999993,24.0,457.9994046386668,36.62353178711101,54.47999999999999,462.68002780532333
40.4508,20.6107,89.1007,21.3,100.0,26.999999999999993,26.999999999999993,458.0185972857833,36.46646821288897,54.529455113154484,462.69244670568776
39.3167,22.6995,89.1007,22.4,100.0,26.999999999999993,29.999999999999993,457.90005047448756,36.453531787111025,54.46706357422204,462.5667273147632
38.0748,24.7261,89.1007,21.7,100.0,26.999999999999993,32.99999999999999,457.8853279647104,36.33701309973447,54.49646821288897,462.546448623313
36.7286,26.6849,89.1007,22.1,100.0,26.999999999999993,35.99999999999999,457.74428866550693,36.427013099734474,54.46298690026553,462.4099674870316
35.2817,28.5705,89.1007,21.6,100.0,26.999999999999993,38.99999999999999,457.696468212889,36.32755798657997,54.48407667395651,462.3572894362475
33.7381,30.3779,89.1007,20.9,100.0,26.999999999999993,41.99999999999999,457.63249248790765,36.29999999999999,54.42353178711102,462.28466229464885
32.102,32.102,89.1007,21.5,100.0,26.999999999999993,45.0,457.57075687839585,36.455923326043475,54.43108977369098,462.2367093057128
30.3779,33.7381,89.1007,24.1,100.0,26.999999999999993,48.0,457.46433913999454,36.33701309973447,54.43999999999999,462.1230503943751
28.5705,35.2817,89.1007,22.2,100.0,26.999999999999993,51.0,457.35999999999996,36.35402619946894,54.38701309973446,462.01486124888055
26.6849,36.7286,89.1007,22.6,100.0,26.999999999999993,53.999999999999986,457.29168513502395,36.440544886845494,54.366468212888975,461.9516332596121
24.7261,38.0748,89.1007,22.2,100.0,26.999999999999993,57.0,457.28516644764744,36.30701309973447,54.349999999999994,461.9327279521088
22.6995,39.3167,89.1007,23.0,100.0,26.999999999999993,59.999999999999986,457.23891022630903,36.4,54.28054488684549,461.8860883141595
20.6107,40.4508,89.1007,22.2,100.0,26.999999999999993,63.0,457.1243086202764,36.35999999999999,54.308910226309,461.7728238663845
18.4655,41.4741,89.1007,22.4,100.0,26.999999999999993,65.99999999999999,457.03945511315453,36.58592332604348,54.25054488684549,461.6998104139398
16.2696,42.3837,89.1007,21.8,100.0,26.999999999999993,69.0,457.0329869002655,36.51353178711103,54.227013099734464,461.68491210810146
14.0291,43.1771,89.1007,24.2,100.0,26.999999999999993,71.99999999999999,456.9218466520869,36.56999999999999,54.16701309973446,461.5723173632709
11.7501,43.8521,89.1007,21.1,100.0,26.999999999999993,75.0,456.9029869002655,36.71999999999999,54.139999999999986,461.5623873739975
9.439,44.407,89.1007,22.4,100.0,26.999999999999993,77.99999999999999,456.9380523989379,36.71298690026553,54.15999999999999,461.5988872790678
7.102,44.8401,89.1007,21.6,100.0,26.999999999999993,80.99999999999999,456.901352239729,36.89701309973447,54.12348131262345,461.5729481713295
4.7455,45.1503,89.1007,22.7,100.0,26.999999999999993,83.99999999999999,456.85462156080195,36.8694551131545,54.10298690026552,461.5220852281446
2.376,45.3368,89.1007,21.8,100.0,26.999999999999993,86.99999999999999,456.911089773691,37.04407667395652,54.04054488684549,461.5846488635373
0.0,45.399,89.1007,22.2,100.0,26.999999999999993,90.0,456.8786477602709,37.10646821288897,54.04999999999999,461.5586541952039
-2.376,45.3368,89.1007,22.2,100.0,26.999999999999993,93.0,456.92423819101936,37.22701309973447,54.0094551131545,461.60874254328314
-4.7455,45.1503,89.1007,22.6,100.0,26.999999999999993,96.0,456.89329984079114,37.21646821288897,54.00054488684549,461.57622533415247
-7.102,44.8401,89.1007,22.3,100.0,26.999999999999993,98.99999999999999,456.951352239729,37.37407667395652,53.96407667395651,461.6421574035676
-9.439,44.407,89.1007,21.1,100.0,26.999999999999993,102.0,456.886468212889,37.52054488684551,53.919455113154505,461.5846008743711
-11.7501,43.8521,89.1007,23.0,100.0,26.999999999999993,104.99999999999999,456.9195055876421,37.52,53.90597380053105,461.61568322343516
-14.0291,43.1771,89.1007,21.9,100.0,26.999999999999993,107.99999999999997,457.03896070079657,37.666468212888965,53.85,461.73931706764677
-16.2696,42.3837,89.1007,22.2,100.0,26.999999999999993,110.99999999999999,457.04326932107296,37.730544886845486,53.9,461.75464702496834
-18.4655,41.4741,89.1007,22.1,100.0,26.999999999999993,114.0,457.16298690026554,37.849455113154505,53.88298690026552,461.880887373822
-20.6107,40.4508,89.1007,22.0,100.0,26.999999999999993,116.99999999999999,457.24199807554965,37.67646821288897,53.89651868737655,461.9465291435108
-22.6995,39.3167,89.1007,22.4,100.0,26.999999999999993,119.99999999999997,457.301352239729,37.952986900265536,53.84402619946895,462.02179075483605
-24.7261,38.0748,89.1007,22.0,100.0,26.999999999999993,122.99999999999999,457.43249248790755,37.87353178711103,53.87108977369098,462.1482272032794
-26.6849,36.7286,89.1007,22.4,100.0,26.999999999999993,126.0,457.4019476010621,37.99402619946894,53.9,462.1312559177216
-28.5705,35.2817,89.1007,22.7,100.0,26.999999999999993,129.0,457.5705448868454,37.99810287342546,53.87244201342002,462.29525130430807
-30.3779,33.7381,89.1007,21.6,100.0,26.999999999999993,131.99999999999997,457.68826439048826,38.08701309973447,53.908910226309,462.42333259625326
-32.102,32.102,89.1007,21.4,100.0,26.999999999999993,135.0,457.75044393787033,38.29646821288897,53.88054488684549,462.498866506937
-33.7381,30.3779,89.1007,22.8,100.0,26.999999999999993,138.0,457.8494551131544,38.129455113154506,53.8905448868455,462.58422986829066
-35.2817,28.5705,89.1007,21.3,100.0,26.999999999999993,141.0,457.94080735288344,37.91298690026552,53.931039299203405,462.6615767649207
-36.7286,26.6849,89.1007,23.3,100.0,26.999999999999993,143.99999999999997,457.97005047448744,38.08701309973447,53.8805448868455,462.6989310726439
-38.0748,24.7261,89.1007,21.3,100.0,26.999999999999993,147.0,458.097063574222,38.00054488684549,53.921584186048904,462.8223182908913
-39.3167,22.6995,89.1007,22.9,100.0,26.999999999999993,150.0,458.2075579865799,37.84054488684549,53.91298690026552,462.91757710187085
-40.4508,20.6107,89.1007,21.3,100.0,26.999999999999993,152.99999999999997,458.2371140487096,37.73646821288897,53.949949525512416,462.9426430765239
-41.4741,18.4655,89.1007,21.8,100.0,26.999999999999993,155.99999999999997,458.37353178711106,37.808910226309,53.89163466053649,463.0767934391396
-42.3837,16.2696,89.1007,20.9,100.0,26.999999999999993,159.0,458.3565186873766,37.637557986579964,53.925973800531054,463.0499915179139
-43.1771,14.0291,89.1007,23.0,100.0,26.999999999999993,161.99999999999997,458.43999999999994,37.547820452618005,53.91836533946351,463.12445685973205
-43.8521,11.7501,89.1007,22.3,100.0,26.999999999999993,164.99999999999997,458.50054488684543,37.48353178711102,53.91108977369099,463.1783354361001
-44.407,9.439,89.1007,20.9,100.0,26.999999999999993,167.99999999999997,458.48379425314914,37.399455113154495,53.94108977369098,463.1584502106145
-44.8401,7.102,89.1007,22.6,100.0,26.999999999999993,170.99999999999997,458.56896070079654,37.33597380053106,53.90054488684549,463.2329170049787
-45.1503,4.7455,89.1007,22.5,100.0,26.999999999999993,173.99999999999997,458.6318971265745,37.05054488684549,53.959455113154505,463.2791628537177
-45.3368,2.376,89.1007,22.8,100.0,26.999999999999993,176.99999999999997,458.7299495255125,37.13701309973447,53.91402619946894,463.3778658445892
-45.399,0.0,89.1007,21.0,100.0,26.999999999999993,180.0,458.6561047978758,37.02,53.937013099734465,463.2980727895174
-45.3368,-2.376,89.1007,21.7,100.0,26.999999999999993,182.99999999999997,458.561089773691,36.86999999999999,53.961897126574534,463.1949441605922
-45.1503,-4.7455,89.1007,22.2,100.0,26.999999999999993,186.0,458.6027244342274,36.78,53.90999999999999,463.2229650594797
-44.8401,-7.102,89.1007,21.3,100.0,26.999999999999993,188.99999999999997,458.5859233260434,36.63651868737655,53.976468212888975,463.20270151961256
-44.407,-9.439,89.1007,22.5,100.0,26.999999999999993,192.0,458.49688210238975,36.63701309973447,53.948960700796576,463.1113818372195
-43.8521,-11.7501,89.1007,21.5,100.0,26.999999999999993,194.99999999999997,458.3465386421459,36.336518687376554,53.96651868737654,462.9409003477541
-43.1771,-14.0291,89.1007,21.9,100.0,26.999999999999993,197.99999999999997,458.32701309973436,36.449999999999996,53.972986900265525,462.93124408691654
-42.3837,-16.2696,89.1007,21.7,100.0,26.999999999999993,200.99999999999997,458.28646821288896,36.319455113154504,53.95592332604348,462.8788517838394
-41.4741,-18.4655,89.1007,22.1,100.0,26.999999999999993,204.0,458.26348131262347,36.22701309973447,53.99348131262344,462.85322814813566
-40.4508,-20.6107,89.1007,22.4,100.0,26.999999999999993,207.0,458.214551131545,35.991634660536484,53.95,462.78134700333464
-39.3167,-22.6995,89.1007,22.3,100.0,26.999999999999993,209.99999999999997,458.0140261994689,36.04239153893245,54.00755798657996,462.5934700176466
-38.0748,-24.7261,89.1007,22.8,100.0,26.999999999999993,212.99999999999997,457.958910226309,35.91348131262344,53.937013099734465,462.5206405964837
-36.7286,-26.6849,89.1007,22.2,100.0,26.999999999999993,215.99999999999994,457.9073260402601,35.937013099734465,53.99407667395652,462.4780518767833
-35.2817,-28.5705,89.1007,22.6,100.0,26.999999999999993,219.0,457.76075687839597,35.80353178711102,53.913531787111026,462.3131756029374
-33.7381,-30.3779,89.1007,21.7,100.0,26.999999999999993,221.99999999999997,457.67103929920336,35.85999999999999,53.96,462.2341413323046
-32.102,-32.102,89.1007,22.4,100.0,26.999999999999993,224.99999999999997,457.6040766739564,35.885923326043475,53.94054488684549,462.1675809317186
-30.3779,-33.7381,89.1007,22.1,100.0,26.999999999999993,228.0,457.4629364257779,35.85646821288898,53.92348131262343,462.0235560584223
-28.5705,-35.2817,89.1007,22.8,100.0,26.999999999999993,231.0,457.38623626656914,35.79755798657996,53.97755798657997,461.94935983297455
-26.6849,-36.7286,89.1007,21.7,100.0,26.999999999999993,233.99999999999997,457.2514226689859,35.83727556577252,53.93244201342002,461.8136877078457
-24.7261,-38.0748,89.1007,21.5,100.0,26.999999999999993,236.99999999999997,457.18810287342546,35.896468212888976,53.92407667395651,461.7546143616754
-22.6995,-39.3167,89.1007,22.2,100.0,26.999999999999993,239.99999999999994,457.0629869002654,35.92244201342003,53.96244201342003,461.63723959668965
-20.6107,-40.4508,89.1007,22.7,100.0,26.999999999999993,242.99999999999997,456.96656916186413,36.004026199468946,53.88054488684549,461.538566483279
-18.4655,-41.4741,89.1007,22.1,100.0,26.999999999999993,245.99999999999997,456.9285468112958,35.957557986579964,53.85353178711102,461.4941448744352
-16.2696,-42.3837,89.1007,21.3,100.0,26.999999999999993,249.0,456.794359094764,36.008910226309,53.91054488684549,461.37194861248247
-14.0291,-43.1771,89.1007,22.2,100.0,26.999999999999993,252.0,456.7072450460543,35.999455113154504,53.89592332604348,461.28325245684726
-11.7501,-43.8521,89.1007,21.4,100.0,26.999999999999993,254.99999999999997,456.64212907289436,36.21592332604347,53.907013099734456,461.23702497514086
-9.439,-44.407,89.1007,22.2,100.0,26.999999999999993,258.0,456.51103929920333,36.28999999999999,53.84402619946895,461.10570616660976
-7.102,-44.8401,89.1007,22.3,100.0,26.999999999999993,260.99999999999994,456.4303634150132,36.367013099734464,53.879999999999995,461.0361056240143
-4.7455,-45.1503,89.1007,22.1,100.0,26.999999999999993,263.99999999999994,456.38826439048836,36.47353178711102,53.87353178711101,461.0020865696863
-2.376,-45.3368,89.1007,23.0,100.0,26.999999999999993,266.99999999999994,456.328153347913,36.537013099734466,53.85810287342546,460.9458017048111
0.0,-45.399,89.1007,21.9,100.0,26.999999999999993,270.0,456.34810287342543,36.56701309973447,53.89402619946894,460.9721287704927
2.376,-45.3368,89.1007,21.3,100.0,26.999999999999993,273.0,456.3427549539456,36.71999999999999,53.907013099734456,460.98051418719615
4.7455,-45.1503,89.1007,21.2,100.0,26.999999999999993,276.0,456.30805239893783,36.80701309973447,53.90353178711102,460.95269349094804
7.102,-44.8401,89.1007,22.5,100.0,26.999999999999993,278.99999999999994,456.31971757919246,36.989999999999995,53.946468212888966,460.9839109819324
9.439,-44.407,89.1007,22.6,100.0,26.999999999999993,282.0,456.2983653394635,37.05298690026552,53.99353178711102,460.9733436160311
11.7501,-43.8521,89.1007,23.1,100.0,26.999999999999993,284.99999999999994,456.32090830185865,37.28,54.019999999999996,461.01706058825334
14.0291,-43.1771,89.1007,22.5,100.0,26.999999999999993,287.99999999999994,456.32805239893776,37.18999999999999,54.072986900265526,461.0230747137544
16.2696,-42.3837,89.1007,22.3,100.0,26.999999999999993,291.0,456.3301814718323,37.41,54.08706357422205,461.04463240362895
18.4655,-41.4741,89.1007,22.2,100.0,26.999999999999993,294.0,456.41478307786485,37.362936425777946,54.04999999999999,461.1202074626215
20.6107,-40.4508,89.1007,22.2,100.0,26.999999999999993,296.99999999999994,456.4621795473819,37.557557986579965,54.07244201342002,461.18555973095715
22.6995,-39.3167,89.1007,22.6,100.0,26.999999999999993,300.0,456.56896070079654,37.60298690026553,54.129999999999995,461.3016988904626
24.7261,-38.0748,89.1007,22.6,100.0,26.999999999999993,303.0,456.63696262524684,37.739999999999995,54.17457108631442,461.3854217332806
26.6849,-36.7286,89.1007,22.4,100.0,26.999999999999993,305.99999999999994,456.691089773691,37.722936425777945,54.116518687376555,461.430784632003
28.5705,-35.2817,89.1007,22.2,100.0,26.999999999999993,309.0,456.84135223972896,37.631897126574536,54.24298690026552,461.586917519801
30.3779,-33.7381,89.1007,22.5,100.0,26.999999999999993,311.99999999999994,456.9267811534146,37.87298690026552,54.22298690026551,461.68883328531405
32.102,-32.102,89.1007,23.5,100.0,26.999999999999993,314.99999999999994,456.989222695486,37.83103929920341,54.21298690026553,461.7460180044119
33.7381,-30.3779,89.1007,22.7,100.0,26.999999999999993,318.0,457.1589607007965,37.8435822615986,54.27108977369099,461.92185838369545
35.2817,-28.5705,89.1007,21.8,100.0,26.999999999999993,321.0,457.1478204526179,37.860544886845496,54.27189712657454,461.91231789315304
36.7286,-26.6849,89.1007,22.2,100.0,26.999999999999993,323.99999999999994,457.2499999999999,37.79542891368555,54.315973800531054,462.01329196968925
38.0748,-24.7261,89.1007,22.3,100.0,26.999999999999993,327.0,457.3310392992033,37.77,54.29646821288897,462.08912437632927
39.3167,-22.6995,89.1007,21.8,100.0,26.999999999999993,329.99999999999994,457.44891022630895,37.69054488684549,54.35054488684549,462.20565159959045
40.4508,-20.6107,89.1007,22.4,100.0,26.999999999999993,332.99999999999994,457.57049441235785,37.703531787111025,54.349999999999994,462.32697970807556
41.4741,-18.4655,89.1007,22.3,100.0,26.999999999999993,335.99999999999994,457.6185972857833,37.76,54.39,462.38389924586255
42.3837,-16.2696,89.1007,20.9,100.0,26.999999999999993,339.0,457.74054488684544,37.67,54.33760846106754,462.4910929159333
43.1771,-14.0291,89.1007,22.1,100.0,26.999999999999993,341.99999999999994,457.81153371156125,37.64646821288897,54.410544886845486,462.56801052722994
43.8521,-11.7501,89.1007,22.8,100.0,26.999999999999993,345.0,457.81999999999994,37.529999999999994,54.43701309973446,462.5700397725955
44.407,-9.439,89.1007,22.0,100.0,26.999999999999993,347.99999999999994,457.96896070079646,37.42244201342003,54.44945511315451,462.7102238915138
44.8401,-7.102,89.1007,21.9,100.0,26.999999999999993,351.0,457.99108977369093,37.36999999999999,54.487013099734476,462.7323090174531
45.1503,-4.7455,89.1007,22.9,100.0,26.999999999999993,353.99999999999994,458.148910226309,37.29,54.451089773690995,462.87783401141286
45.3368,-2.376,89.1007,22.6,100.0,26.999999999999993,356.99999999999994,458.09643769317074,37.292986900265525,54.489999999999995,462.8307176485982
49.9315,-2.6168,86.6025,20.6,100.0,29.999999999999993,356.99999999999994,458.1919476010621,37.34651868737655,54.5594551131545,462.93774683726684
49.7261,-5.2264,86.6025,20.9,100.0,29.999999999999993,353.99999999999994,458.16945511315447,37.41701309973447,54.52597380053106,462.91723265275704
49.3844,-7.8217,86.6025,21.9,100.0,29.999999999999993,351.0,458.1223915389324,37.46999999999999,54.53999999999999,462.8765906041813
48.9074,-10.3956,86.6025,22.6,100.0,29.999999999999993,347.99999999999994,458.09968705947426,37.58701309973447,54.54348131262344,462.8640169547082
48.2963,-12.941,86.6025,21.7,100.0,29.999999999999993,345.0,457.94031294052564,37.7094551131545,54.47999999999999,462.70876760765793
47.5528,-15.4508,86.6025,22.4,100.0,29.999999999999993,341.99999999999994,457.88389520212417,37.81,54.48298690026552,462.6614890468455
46.679,-17.9184,86.6025,22.6,100.0,29.999999999999993,339.0,457.745973800531,37.99,54.41298690026552,462.5315013855866
45.6773,-20.3368,86.6025,22.0,100.0,29.999999999999993,335.99999999999994,457.6488597518214,37.98701309973447,54.40755798657997,462.43450818731594
44.5503,-22.6995,86.6025,22.2,100.0,29.999999999999993,332.99999999999994,457.5739757249814,37.95488402684006,54.44244201342002,462.361866912315
43.3013,-25.0,86.6025,22.1,100.0,29.999999999999993,329.99999999999994,457.3981533479131,38.002986900265526,54.35407667395653,462.1814182228675
41.9335,-27.232,86.6025,21.8,100.0,29.999999999999993,327.0,457.3789102263089,38.057013099734476,54.35999999999999,462.16751656285766
40.4508,-29.3893,86.6025,23.1,100.0,29.999999999999993,323.99999999999994,457.25049441235797,38.05244201342003,54.32407667395652,462.0358300933039
38.8573,-31.466,86.6025,22.6,100.0,29.999999999999993,321.0,457.10321884658543,38.03353178711102,54.31108977369099,461.88699558714194
37.1572,-33.4565,86.6025,20.7,100.0,29.999999999999993,318.0,457.05727556577244,38.08,54.261089773691,461.8394801346405
35.3553,-35.3553,86.6025,21.1,100.0,29.999999999999993,314.99999999999994,456.9050654986723,38.08,54.309999999999995,461.69459751912416
33.4565,-37.1572,86.6025,21.9,100.0,29.999999999999993,311.99999999999994,456.78194760106214,38.037013099734466,54.237013099734455,461.560630480709
31.466,-38.8573,86.6025,21.1,100.0,29.999999999999993,309.0,456.65212907289435,37.961039299203414,54.26706357422205,461.4294330452401
29.3893,-40.4508,86.6025,22.5,100.0,29.999999999999993,305.99999999999994,456.57732604026,37.88353178711102,54.19,461.3399752186439
27.232,-41.9335,86.6025,22.2,100.0,29.999999999999993,303.0,456.465378439198,37.887013099734475,54.17701309973447,461.2279438885598
25.0,-43.3013,86.6025,23.4,100.0,29.999999999999993,300.0,456.408153347913,37.813531787111025,54.19597380053105,461.1675066663466
22.6995,-44.5503,86.6025,20.5,100.0,29.999999999999993,296.99999999999994,456.31,37.85244201342003,54.09298690026553,461.0614652062907
20.3368,-45.6773,86.6025,22.6,100.0,29.999999999999993,294.0,456.32288595129023,37.61054488684549,54.11402619946893,461.0568914582195
17.9184,-46.679,86.6025,21.8,100.0,29.999999999999993,291.0,456.2037637334309,37.543531787111014,54.11592332604347,460.93375226926923
15.4508,-47.5528,86.6025,21.8,100.0,29.999999999999993,287.99999999999994,456.224954456097,37.41054488684549,54.08701309973447,460.9405199407504
12.941,-48.2963,86.6025,21.9,100.0,29.999999999999993,284.99999999999994,456.1192231668347,37.29999999999999,54.007063574222045,460.81753293275074
10.3956,-48.9074,86.6025,22.2,100.0,29.999999999999993,282.0,456.1647830778649,37.12108977369099,54.00999999999999,460.8485268789106
7.8217,-49.3844,86.6025,21.2,100.0,29.999999999999993,278.99999999999994,456.13641773840135,37.07999999999999,53.999999999999986,460.8159697614888
5.2264,-49.7261,86.6025,20.7,100.0,29.999999999999993,276.0,456.1523715841629,36.97108977369099,54.018910226309,460.8252274376356
2.6168,-49.9315,86.6025,21.8,100.0,29.999999999999993,273.0,456.09966710470496,36.82298690026552,53.97244201342002,460.75575220953215
0.0,-50.0,86.6025,22.0,100.0,29.999999999999993,270.0,456.13542891368553,36.72651868737655,53.97755798657997,460.7840529481903
-2.6168,-49.9315,86.6025,21.1,100.0,29.999999999999993,266.99999999999994,456.15919264711636,36.55701309973447,53.95244201342003,460.7911568622543
-5.2264,-49.7261,86.6025,21.6,100.0,29.999999999999993,263.99999999999994,456.27553995626084,36.43,53.94,460.8948219088357
-7.8217,-49.3844,86.6025,23.9,100.0,29.999999999999993,260.99999999999994,456.2129869002655,36.357013099734466,53.94103929920342,460.82725346779813
-10.3956,-48.9074,86.6025,22.6,100.0,29.999999999999993,258.0,456.24896070079666,36.17298690026553,53.91298690026552,460.8451033463978
-12.941,-48.2963,86.6025,22.6,100.0,29.999999999999993,254.99999999999997,456.39641773840145,36.1594551131545,53.92999999999999,460.9920186060987
-15.4508,-47.5528,86.6025,22.1,100.0,29.999999999999993,252.0,456.52950558764206,35.94701309973447,53.99891022630899,461.11523454394603
-17.9184,-46.679,86.6025,21.8,100.0,29.999999999999993,249.0,456.55114024817857,35.9605448868455,53.977013099734464,461.13514547650755
-20.3368,-45.6773,86.6025,22.2,100.0,29.999999999999993,245.99999999999997,456.7228859512904,35.81999999999999,53.96054488684549,461.29232310559934
-22.6995,-44.5503,86.6025,22.7,100.0,29.999999999999993,242.99999999999997,456.83106981892155,35.843531787111026,53.94298690026553,461.39920996745997
-25.0,-43.3013,86.6025,23.0,100.0,29.999999999999993,239.99999999999994,456.89566086000536,35.78353178711103,54.01651868737655,461.4671064669333
-27.232,-41.9335,86.6025,22.4,100.0,29.999999999999993,236.99999999999997,457.037063574222,35.69108977369098,54.01108977369098,461.5993167112824
-29.3893,-40.4508,86.6025,22.5,100.0,29.999999999999993,233.99999999999997,457.12158418604884,35.68755798657997,54.00054488684549,461.6814955918037
-31.466,-38.8573,86.6025,23.0,100.0,29.999999999999993,231.0,457.1929059060597,35.669999999999995,54.065973800531054,461.7584126291874
-33.4565,-37.1572,86.6025,21.9,100.0,29.999999999999993,228.0,457.38163466053646,35.75646821288897,54.00999999999999,461.9454132728279
-35.3553,-35.3553,86.6025,22.1,100.0,29.999999999999993,224.99999999999997,457.53511597315986,35.59407667395652,54.09597380053106,462.094898288514
-37.1572,-33.4565,86.6025,22.4,100.0,29.999999999999993,221.99999999999997,457.6672755657725,35.678910226309,54.03945511315451,462.2256834790343
-38.8573,-31.466,86.6025,22.1,100.0,29.999999999999993,219.0,457.823531787111,35.686518687376555,54.08701309973447,462.3865470146154
-40.4508,-29.3893,86.6025,22.2,100.0,29.999999999999993,215.99999999999994,457.9408578273712,35.762986900265524,54.068910226309,462.50650541668904
-41.9335,-27.232,86.6025,21.7,100.0,29.999999999999993,212.99999999999997,458.0378709271054,35.66293642577794,54.10701309973447,462.59929215739146
-43.3013,-25.0,86.6025,23.0,100.0,29.999999999999993,209.99999999999997,458.17423819101936,35.92701309973447,54.06244201342003,462.74953316955794
-44.5503,-22.6995,86.6025,22.6,100.0,29.999999999999993,207.0,458.3094046386668,35.89298690026553,54.11348131262344,462.8866878066851
-45.6773,-20.3368,86.6025,21.9,100.0,29.999999999999993,204.0,458.39914217262884,36.01353178711102,54.05407667395651,462.9779597577591
-46.679,-17.9184,86.6025,22.4,100.0,29.999999999999993,200.99999999999997,458.4863977836319,36.1694551131545,54.08244201342003,463.0798170617331
-47.5528,-15.4508,86.6025,22.8,100.0,29.999999999999993,197.99999999999997,458.5349039816094,36.32,54.1,463.14167440365776
-48.2963,-12.941,86.6025,21.1,100.0,29.999999999999993,194.99999999999997,458.568647760271,36.3794551131545,54.063531787111025,463.17549042701893
-48.9074,-10.3956,86.6025,21.9,100.0,29.999999999999993,192.0,458.6780523989379,36.55353178711102,54.1,463.30176606461816
-49.3844,-7.8217,86.6025,22.5,100.0,29.999999999999993,188.99999999999997,458.74885975182144,36.613531787111015,54.08701309973447,463.37508782796357
-49.7261,-5.2264,86.6025,22.5,100.0,29.999999999999993,186.0,458.6984158139511,36.832986900265524,54.07239153893244,463.34083472209
-49.9315,-2.6168,86.6025,21.8,100.0,29.999999999999993,182.99999999999997,458.68776997813035,36.984076673956515,54.09810287342546,463.34533232723845
-50.0,0.0,86.6025,22.4,100.0,29.999999999999993,180.0,458.73732604026003,37.15,54.05701309973446,463.4028673496019
-49.9315,2.6168,86.6025,22.6,100.0,29.999999999999993,176.99999999999997,458.7252774902228,37.195923326043484,54.05457108631443,463.39433917116884
-49.7261,5.2264,86.6025,22.1,100.0,29.999999999999993,173.99999999999997,458.65108977369096,37.25,54.06701309973446,463.32669527680054
-49.3844,7.8217,86.6025,22.6,100.0,29.999999999999993,170.99999999999997,458.60896070079656,37.391947601062114,54.029999999999994,463.2921081569006
-48.9074,10.3956,86.6025,21.5,100.0,29.999999999999993,167.99999999999997,458.6442886655069,37.54,54.00298690026552,463.3359016087994
-48.2963,12.941,86.6025,22.7,100.0,29.999999999999993,164.99999999999997,458.54054488684545,37.56,54.0594551131545,463.2414161020755
-47.5528,15.4508,86.6025,22.4,100.0,29.999999999999993,161.99999999999997,458.46462156080196,37.74353178711103,54.00054488684549,463.174310883851
-46.679,17.9184,86.6025,22.7,100.0,29.999999999999993,159.0,458.3701009489751,37.88646821288898,54.022442013420026,463.09497747083503
-45.6773,20.3368,86.6025,22.5,100.0,29.999999999999993,155.99999999999997,458.33656916186413,37.8794551131545,54.00542891368556,463.0592295839582
-44.5503,22.6995,86.6025,21.5,100.0,29.999999999999993,152.99999999999997,458.2888092773339,38.103531787111024,53.98244201342003,463.0276621209797
-43.3013,25.0,86.6025,21.7,100.0,29.999999999999993,150.0,458.21108977369084,38.072986900265526,54.02701309973447,462.9534245122073
-41.9335,27.232,86.6025,20.9,100.0,29.999999999999993,147.0,458.1064177384013,38.19945511315451,53.94701309973447,462.85091397385776
-40.4508,29.3893,86.6025,21.7,100.0,29.999999999999993,143.99999999999997,458.02891022630894,38.2094551131545,54.029455113154505,462.78464438977306
-38.8573,31.466,86.6025,20.9,100.0,29.999999999999993,141.0,457.8936627844557,38.35646821288897,53.970000000000006,462.6560125751434
-37.1572,33.4565,86.6025,22.1,100.0,29.999999999999993,138.0,457.73072635867777,38.269999999999996,53.989999999999995,462.4899251365837
-35.3553,35.3553,86.6025,23.0,100.0,29.999999999999993,135.0,457.72103929920337,38.30348131262345,53.96646821288897,462.48036303088816
-33.4565,37.1572,86.6025,22.2,100.0,29.999999999999993,131.99999999999997,457.6353784391979,38.28402619946894,53.96402619946894,462.3936876568348
-31.466,38.8573,86.6025,23.1,100.0,29.999999999999993,129.0,457.47566086000535,38.18755798657996,53.92462156080202,462.2230356383731
-29.3893,40.4508,86.6025,23.2,100.0,29.999999999999993,126.0,457.392179547382,38.21348131262344,53.95701309973447,462.1463354044687
-27.232,41.9335,86.6025,22.3,100.0,29.999999999999993,122.99999999999999,457.24069631030824,38.116468212888975,53.96701309973447,461.98956483265573
-25.0,43.3013,86.6025,21.6,100.0,29.999999999999993,119.99999999999997,457.2175075120924,38.12298690026552,53.9294551131545,461.9627662859528
-22.6995,44.5503,86.6025,21.9,100.0,29.999999999999993,116.99999999999999,457.0811402481785,37.973531787111014,53.97945511315449,461.8213285040815
-20.3368,45.6773,86.6025,22.1,100.0,29.999999999999993,114.0,456.96701309973446,37.88701309973447,53.977013099734464,461.7009798192779
-17.9184,46.679,86.6025,22.2,100.0,29.999999999999993,110.99999999999999,456.8951159731599,37.90701309973446,53.94457108631444,461.62766965592203
-15.4508,47.5528,86.6025,22.5,100.0,29.999999999999993,107.99999999999997,456.83000000000004,37.83810287342546,53.95298690026553,461.55855070025535
-12.941,48.2963,86.6025,21.7,100.0,29.999999999999993,104.99999999999999,456.7408273076529,37.78298690026553,53.97999999999999,461.4689348469568
-10.3956,48.9074,86.6025,22.4,100.0,29.999999999999993,102.0,456.64891022630894,37.60646821288898,53.989999999999995,461.36470797225337
-7.8217,49.3844,86.6025,22.6,100.0,29.999999999999993,98.99999999999999,456.6609587763462,37.419455113154505,54.04298690026552,461.3676314227077
-5.2264,49.7261,86.6025,21.2,100.0,29.999999999999993,96.0,456.6321795473819,37.34054488684549,54.03163466053649,461.3314223361862
-2.6168,49.9315,86.6025,22.2,100.0,29.999999999999993,93.0,456.65098882471574,37.21597380053105,54.07244201342002,461.3447553465923
0.0,50.0,86.6025,22.2,100.0,29.999999999999993,90.0,456.60841581395107,37.203531787111025,54.09646821288897,461.30442881319567
2.6168,49.9315,86.6025,22.3,100.0,29.999999999999993,86.99999999999999,456.59701309973434,37.05646821288898,54.12592332604348,461.2847599736074
5.2264,49.7261,86.6025,22.6,100.0,29.999999999999993,83.99999999999999,456.6599495255124,36.88,54.13597380053106,461.33409537988337
7.8217,49.3844,86.6025,22.2,100.0,29.999999999999993,80.99999999999999,456.710494412358,36.76353178711102,54.203531787111025,461.38276499457453
10.3956,48.9074,86.6025,22.8,100.0,29.999999999999993,77.99999999999999,456.6718971265745,36.76402619946894,54.232986900265516,461.34805962061256
12.941,48.2963,86.6025,21.1,100.0,29.999999999999993,75.0,456.79,36.688052398937884,54.258960700796585,461.46197254503846
15.4508,47.5528,86.6025,21.8,100.0,29.999999999999993,71.99999999999999,456.75869823475847,36.616468212888975,54.26402619946894,461.42589729757617
17.9184,46.679,86.6025,21.8,100.0,29.999999999999993,69.0,456.8294046386669,36.56298690026553,54.31999999999999,461.4982333157819
20.3368,45.6773,86.6025,20.9,100.0,29.999999999999993,65.99999999999999,457.02668020443934,36.387013099734475,54.39592332604347,461.68855044878893
22.6995,44.5503,86.6025,22.1,100.0,29.999999999999993,63.0,457.07135223972904,36.207557986579964,54.433481312623435,461.72309037064383
25.0,43.3013,86.6025,22.3,100.0,29.999999999999993,59.999999999999986,457.19049441235785,36.13999999999999,54.40651868737655,461.8325638764508
27.232,41.9335,86.6025,21.6,100.0,29.999999999999993,57.0,457.2150654986723,36.26244201342003,54.451089773690995,461.8717376039309
29.3893,40.4508,86.6025,23.2,100.0,29.999999999999993,53.999999999999986,457.3434308381359,36.181089773690985,54.49999999999999,461.99819803545626
31.466,38.8573,86.6025,21.3,100.0,29.999999999999993,51.0,457.3687287544767,36.197557986579966,54.46760846106754,462.02071124371264
33.4565,37.1572,86.6025,22.2,100.0,29.999999999999993,48.0,457.51488402684,36.28999999999999,54.55353178711103,462.1827788186619
35.3553,35.3553,86.6025,22.7,100.0,29.999999999999993,45.0,457.55503545030274,36.307507512092386,54.54592332604347,462.2230017201211
37.1572,33.4565,86.6025,22.3,100.0,29.999999999999993,41.99999999999999,457.67423819101936,36.34054488684549,54.573531787111015,462.346854513061
38.8573,31.466,86.6025,22.0,100.0,29.999999999999993,38.99999999999999,457.74348131262343,36.16651868737655,54.586468212888974,462.40328098978836
40.4508,29.3893,86.6025,21.3,100.0,29.999999999999993,35.99999999999999,457.82026246603795,36.18646821288897,54.62701309973447,462.4856362811637
41.9335,27.232,86.6025,20.9,100.0,29.999999999999993,32.99999999999999,457.8359738005311,36.39,54.57999999999999,462.51160786068994
43.3013,25.0,86.6025,21.9,100.0,29.999999999999993,29.999999999999993,458.05047445758845,36.22407667395652,54.6594551131545,462.72030095400993
44.5503,22.6995,86.6025,21.6,100.0,29.999999999999993,26.999999999999993,458.1021795473819,36.311089773690995,54.62108977369099,462.7737736677397
45.6773,20.3368,86.6025,21.7,100.0,29.999999999999993,24.0,458.1437437786615,36.54646821288897,54.65701309973447,462.8376857855765
46.679,17.9184,86.6025,22.0,100.0,29.999999999999993,20.999999999999996,458.1564682128889,36.50244201342003,54.63999999999999,462.8447982188532
47.5528,15.4508,86.6025,22.0,100.0,29.999999999999993,17.999999999999996,458.1411402481785,36.51353178711103,54.63950558764208,462.8304419140248
48.2963,12.941,86.6025,21.5,100.0,29.999999999999993,14.999999999999996,458.2674269892353,36.64407667395652,54.692986900265524,462.9720788672828
48.9074,10.3956,86.6025,21.8,100.0,29.999999999999993,12.0,458.2524924879076,36.7794551131545,54.660544886845486,462.96419986552655
49.3844,7.8217,86.6025,22.6,100.0,29.999999999999993,8.999999999999998,458.26849633680814,36.87701309973448,54.628365339463514,462.9840031033675
49.7261,5.2264,86.6025,22.0,100.0,29.999999999999993,6.0,458.3042886655069,36.94701309973447,54.634076673956514,463.02568516250153
49.9315,2.6168,86.6025,21.6,100.0,29.999999999999993,3.0,458.23,37.077013099734465,54.594026199468935,462.9578225897757
50.0,0.0,86.6025,21.9,100.0,29.999999999999993,0.0,458.185973800531,37.18999999999999,54.609999999999985,462.9251935113716
54.4639,0.0,83.8671,21.4,100.0,32.99999999999999,0.0,458.34810287342543,37.21,54.50483355235248,463.0748798933471
54.3893,2.8504,83.8671,22.5,100.0,32.99999999999999,3.0,458.4380523989378,37.010544886845494,54.47298690026552,463.14418340511304
54.1655,5.693,83.8671,22.3,100.0,32.99999999999999,6.0,458.4755599110302,36.917557986579965,54.52054488684551,463.17948458257916
53.7934,8.52,83.8671,22.3,100.0,32.99999999999999,8.999999999999998,458.44792140159313,36.78,54.547013099734464,463.14429897769867
53.2737,11.3237,83.8671,21.0,100.0,32.99999999999999,12.0,458.47662972995187,36.718910226309,54.51348131262343,463.1639213297651
52.6081,14.0963,83.8671,22.0,100.0,32.99999999999999,14.999999999999996,458.444288665507,36.46999999999999,54.54810287342546,463.1163160990039
51.7983,16.8303,83.8671,22.3,100.0,32.99999999999999,17.999999999999996,458.33675063369634,36.52,54.55706357422205,463.01485998539704
50.8464,19.5181,83.8671,21.8,100.0,32.99999999999999,20.999999999999996,458.28755798657994,36.55298690026552,54.50646821288896,462.96280815382624
49.7553,22.1525,83.8671,21.6,100.0,32.99999999999999,24.0,458.22158418604886,36.33597380053106,54.53646821288898,462.8839482755268
48.5277,24.7261,83.8671,22.2,100.0,32.99999999999999,26.999999999999993,458.12537843919796,36.30646821288897,54.557557986579965,462.7888818215179
47.1671,27.232,83.8671,20.9,100.0,32.99999999999999,29.999999999999993,457.9046720352896,36.239455113154506,54.47755798657996,462.55571675510146
45.6773,29.6632,83.8671,22.4,100.0,32.99999999999999,32.99999999999999,457.8689607007966,36.11244201342003,54.49054488684549,462.5119599788373
44.0622,32.0131,83.8671,22.0,100.0,32.99999999999999,35.99999999999999,457.8410392992034,36.029505587642085,54.4794551131545,462.4765438039975
42.3264,34.2752,83.8671,21.9,100.0,32.99999999999999,38.99999999999999,457.7594551131544,36.008910226309,54.448910226309,462.39057536460564
40.4746,36.4435,83.8671,22.5,100.0,32.99999999999999,41.99999999999999,457.67691215075934,35.95646821288898,54.452442013420026,462.30519352849933
38.5118,38.5118,83.8671,23.0,100.0,32.99999999999999,45.0,457.5195055876421,36.00054488684549,54.410544886845486,462.1478601272472
36.4435,40.4746,83.8671,22.5,100.0,32.99999999999999,48.0,457.4313017652414,36.012986900265524,54.39108977369098,462.0592188311924
34.2752,42.3264,83.8671,22.1,100.0,32.99999999999999,51.0,457.28656916186407,36.01,54.37298690026553,461.913572154234
32.0131,44.0622,83.8671,22.3,100.0,32.99999999999999,53.999999999999986,457.18488402684005,36.040544886845495,54.359455113154496,461.81369557276554
29.6632,45.6773,83.8671,21.7,100.0,32.99999999999999,57.0,457.0208073528835,36.059999999999995,54.343531787111026,461.6509085884898
27.232,47.1671,83.8671,22.0,100.0,32.99999999999999,59.999999999999986,456.9438142079184,36.18999999999999,54.25353178711102,461.5742747968692
24.7261,48.5277,83.8671,20.9,100.0,32.99999999999999,63.0,456.8186477602709,36.20646821288897,54.28896070079658,461.4558229516083
22.1525,49.7553,83.8671,23.2,100.0,32.99999999999999,65.99999999999999,456.77140271421666,36.34298690026553,54.21298690026553,461.4108526931225
19.5181,50.8464,83.8671,22.0,100.0,32.99999999999999,69.0,456.6950654986723,36.35999999999999,54.18,461.33274851330094
16.8303,51.7983,83.8671,22.3,100.0,32.99999999999999,71.99999999999999,456.6250654986723,36.507013099734465,54.14999999999999,461.2715414450917
14.0963,52.6081,83.8671,21.7,100.0,32.99999999999999,75.0,456.56625622133834,36.626468212888966,54.14054488684549,461.2216854120837
11.3237,53.2737,83.8671,21.8,100.0,32.99999999999999,77.99999999999999,456.5276084610675,36.77701309973447,54.083481312623434,461.1887129262951
8.52,53.7934,83.8671,21.3,100.0,32.99999999999999,80.99999999999999,456.4659233260434,36.69054488684549,54.05298690026552,461.1171875291912
5.693,54.1655,83.8671,21.4,100.0,32.99999999999999,83.99999999999999,456.4264682128889,36.88298690026553,53.983531787111026,461.0853471020159
2.8504,54.3893,83.8671,20.6,100.0,32.99999999999999,86.99999999999999,456.32656916186414,37.03,53.95353178711102,460.9947312229722
0.0,54.4639,83.8671,21.7,100.0,32.99999999999999,90.0,456.29457108631436,37.23298690026552,53.938910226309005,460.9776968062129
-2.8504,54.3893,83.8671,21.1,100.0,32.99999999999999,93.0,456.32610479787576,37.32,53.92999999999999,461.0149034684257
-5.693,54.1655,83.8671,21.8,100.0,32.99999999999999,96.0,456.42688210238964,37.43597380053106,53.85896070079658,461.1157538925261
-8.52,53.7934,83.8671,21.0,100.0,32.99999999999999,98.99999999999999,456.3856608600054,37.62701309973446,53.85755798657996,461.0903383348097
-11.3237,53.2737,83.8671,21.7,100.0,32.99999999999999,102.0,456.4947830778649,37.78836533946351,53.875115973159936,461.2135900572067
-14.0963,52.6081,83.8671,21.8,100.0,32.99999999999999,104.99999999999999,456.49891022630885,37.881089773690995,53.83701309973448,461.2208321181417
-16.8303,51.7983,83.8671,21.7,100.0,32.99999999999999,107.99999999999997,456.56935416417923,37.95646821288898,53.81999999999999,461.2947658938824
-19.5181,50.8464,83.8671,21.7,100.0,32.99999999999999,110.99999999999999,456.6313017652414,38.04646821288897,53.80353178711102,461.3615713603161
-22.1525,49.7553,83.8671,23.0,100.0,32.99999999999999,114.0,456.70412714844406,38.22244201342003,53.822986900265526,461.45046185561193
-24.7261,48.5277,83.8671,23.1,100.0,32.99999999999999,116.99999999999999,456.81462156080204,38.279455113154505,53.801089773690975,461.56199195377377
-27.232,47.1671,83.8671,23.0,100.0,32.99999999999999,119.99999999999997,456.91999999999996,38.37,53.81298690026552,461.67518978078965
-29.6632,45.6773,83.8671,21.7,100.0,32.99999999999999,122.99999999999999,457.0629869002654,38.41,53.82402619946893,461.82131597676744
-32.0131,44.0622,83.8671,21.0,100.0,32.99999999999999,126.0,457.1975885062981,38.44646821288897,53.83755798657997,461.95914159585294
-34.2752,42.3264,83.8671,22.1,100.0,32.99999999999999,129.0,457.2951664476475,38.489455113154506,53.822986900265526,462.057595252102
-36.4435,40.4746,83.8671,21.4,100.0,32.99999999999999,131.99999999999997,457.399243121604,38.497013099734474,53.85298690026553,462.1647236904797
-38.5118,38.5118,83.8671,21.9,100.0,32.99999999999999,135.0,457.56641773840136,38.65999999999999,53.821897126574534,462.3401549208729
-40.4746,36.4435,83.8671,21.8,100.0,32.99999999999999,138.0,457.75,38.46999999999999,53.87402619946894,462.51206913867776
-42.3264,34.2752,83.8671,22.9,100.0,32.99999999999999,141.0,457.9036933041738,38.4905448868455,53.829505587642075,462.6607072781296
-44.0622,32.0131,83.8671,21.5,100.0,32.99999999999999,143.99999999999997,458.02075687839584,38.5994551131545,53.86597380053105,462.7898819118354
-45.6773,29.6632,83.8671,21.8,100.0,32.99999999999999,147.0,458.1964177384013,38.30353178711103,53.88701309973447,462.9416031817412
-47.1671,27.232,83.8671,22.3,100.0,32.99999999999999,150.0,458.2078204526179,38.45891022630901,53.86782045261801,462.9635369875789
-48.5277,24.7261,83.8671,22.0,100.0,32.99999999999999,152.99999999999997,458.3454289136855,38.25353178711102,53.919999999999995,463.08879418558365
-49.7553,22.1525,83.8671,22.0,100.0,32.99999999999999,155.99999999999997,458.4424420134201,38.27646821288897,53.88999999999999,463.183217267293
-50.8464,19.5181,83.8671,21.7,100.0,32.99999999999999,159.0,458.53864776027086,38.133481312623445,53.90054488684549,463.2678735094166
-51.7983,16.8303,83.8671,21.7,100.0,32.99999999999999,161.99999999999997,458.68732604026013,37.89999999999999,53.986468212888965,463.4058823753375
-52.6081,14.0963,83.8671,22.2,100.0,32.99999999999999,164.99999999999997,458.773794253149,37.84054488684549,53.976468212888975,463.48544772355154
-53.2737,11.3237,83.8671,22.1,100.0,32.99999999999999,167.99999999999997,458.81701309973437,37.71999999999999,53.948960700796576,463.5151996110353
-53.7934,8.52,83.8671,21.3,100.0,32.99999999999999,170.99999999999997,458.9272755657725,37.51945511315451,54.00054488684549,463.61407724344036
-54.1655,5.693,83.8671,22.5,100.0,32.99999999999999,173.99999999999997,458.82272443422744,37.4083653394635,53.99891022630899,463.50141376294283
-54.3893,2.8504,83.8671,22.7,100.0,32.99999999999999,176.99999999999997,458.9799999999999,37.17054488684549,53.96597380053105,463.6341403902699
-54.4639,0.0,83.8671,22.6,100.0,32.99999999999999,180.0,458.91729552054187,37.08353178711102,53.9905448868455,463.5679576878373
-54.3893,-2.8504,83.8671,21.7,100.0,32.99999999999999,182.99999999999997,458.8785972857834,36.949999999999996,54.04,463.5247470707127
-54.1655,-5.693,83.8671,22.6,100.0,32.99999999999999,186.0,458.8999999999999,36.796468212888975,54.00646821288897,463.52981423180523
-53.7934,-8.52,83.8671,22.5,100.0,32.99999999999999,188.99999999999997,458.8529364257779,36.65646821288897,53.999999999999986,463.4713733645278
-53.2737,-11.3237,83.8671,21.8,100.0,32.99999999999999,192.0,458.8208777821405,36.53597380053105,54.05836533946351,463.4369235759079
-52.6081,-14.0963,83.8671,22.7,100.0,32.99999999999999,194.99999999999997,458.80207859840687,36.45597380053105,54.03298690026553,463.40905151424045
-51.7983,-16.8303,83.8671,23.4,100.0,32.99999999999999,197.99999999999997,458.6890111752842,36.13462156080202,54.029455113154505,463.2715206745681
-50.8464,-19.5181,83.8671,22.6,100.0,32.99999999999999,200.99999999999997,458.5978709271055,36.00353178711102,54.065973800531054,463.1753350978648
-49.7553,-22.1525,83.8671,22.3,100.0,32.99999999999999,204.0,458.50249248790755,35.92701309973447,54.0594551131545,463.07419554000563
-48.5277,-24.7261,83.8671,21.9,100.0,32.99999999999999,207.0,458.3589607007966,35.88701309973447,54.010544886845494,462.92326958461365
-47.1671,-27.232,83.8671,22.1,100.0,32.99999999999999,209.99999999999997,458.3250960183905,35.748910226309,54.06782045261801,462.8857390664916
-45.6773,-29.6632,83.8671,21.9,100.0,32.99999999999999,212.99999999999997,458.20090830185865,35.75353178711102,54.00945511315449,462.75631669975087
-44.0622,-32.0131,83.8671,22.6,100.0,32.99999999999999,215.99999999999994,458.04646821288895,35.586468212888974,54.00999999999999,462.59057908929367
-42.3264,-34.2752,83.8671,21.9,100.0,32.99999999999999,219.0,457.8965186873765,35.556468212888966,54.029455113154505,462.4420680232471
-40.4746,-36.4435,83.8671,21.9,100.0,32.99999999999999,221.99999999999997,457.75135223972904,35.46999999999999,53.988910226308995,462.28694963704623
-38.5118,-38.5118,83.8671,22.1,100.0,32.99999999999999,224.99999999999997,457.58353178711104,35.54651868737655,54.0004944123579,462.12800926835973
-36.4435,-40.4746,83.8671,22.2,100.0,32.99999999999999,228.0,457.40724504605436,35.487557986579965,53.95353178711102,461.94343613128103
-34.2752,-42.3264,83.8671,22.0,100.0,32.99999999999999,231.0,457.28787092710553,35.45706357422205,53.97755798657997,461.82569982683526
-32.0131,-44.0622,83.8671,22.7,100.0,32.99999999999999,233.99999999999997,457.18234106444487,35.43755798657997,53.95,461.71648876471653
-29.6632,-45.6773,83.8671,21.8,100.0,32.99999999999999,236.99999999999997,456.9689607007965,35.59298690026553,53.89896070079658,461.5112021663988
-27.232,-47.1671,83.8671,22.5,100.0,32.99999999999999,239.99999999999994,456.8770130997344,35.41,53.95,461.4120454636343
-24.7261,-48.5277,83.8671,22.2,100.0,32.99999999999999,242.99999999999997,456.7391421726288,35.52462156080202,53.8994551131545,461.27843434429275
-22.1525,-49.7553,83.8671,22.1,100.0,32.99999999999999,245.99999999999997,456.6055599110302,35.62,53.87592332604347,461.15077453680925
-19.5181,-50.8464,83.8671,21.9,100.0,32.99999999999999,249.0,456.44750751209233,35.853481312623444,53.90646821288897,461.0159504305935
-16.8303,-51.7983,83.8671,22.3,100.0,32.99999999999999,252.0,456.30412714844414,35.71755798657996,53.864621560802014,460.8585443030395
-14.0963,-52.6081,83.8671,23.8,100.0,32.99999999999999,254.99999999999997,456.19363273608616,35.972986900265525,53.789455113154496,460.7602324602719
-11.3237,-53.2737,83.8671,21.8,100.0,32.99999999999999,258.0,456.1328859512903,36.03755798657996,53.81999999999999,460.7087014935673
-8.52,-53.7934,83.8671,22.8,100.0,32.99999999999999,260.99999999999994,456.01701309973447,36.16298690026552,53.830000000000005,460.6049790850639
-5.693,-54.1655,83.8671,22.3,100.0,32.99999999999999,263.99999999999994,455.91420814264984,36.31651868737655,53.83810287342547,460.5162277671869
-2.8504,-54.3893,83.8671,22.2,100.0,32.99999999999999,266.99999999999994,455.87760846106755,36.4394551131545,53.881897126574536,460.49482800905025
0.0,-54.4639,83.8671,22.2,100.0,32.99999999999999,270.0,455.87272443422745,36.54646821288897,53.89402619946894,460.4998928142218
2.8504,-54.3893,83.8671,22.2,100.0,32.99999999999999,273.0,455.8824924879076,36.663481312623446,53.8805448868455,460.51728625128897
5.693,-54.1655,83.8671,21.6,100.0,32.99999999999999,276.0,455.8434813126234,36.96,53.88940463866691,460.5034082257394
8.52,-53.7934,83.8671,22.2,100.0,32.99999999999999,278.99999999999994,455.85194760106214,37.03,53.85597380053106,460.5135013717676
11.3237,-53.2737,83.8671,20.0,100.0,32.99999999999999,282.0,455.821947601062,37.262986900265524,53.879999999999995,460.50540985699035
14.0963,-52.6081,83.8671,21.3,100.0,32.99999999999999,284.99999999999994,455.7983852942329,37.27298690026553,53.90646821288897,460.4859942544231
16.8303,-51.7983,83.8671,22.5,100.0,32.99999999999999,287.99999999999994,455.83467203528954,37.42407667395651,53.9905448868455,460.54401383754475
19.5181,-50.8464,83.8671,21.6,100.0,32.99999999999999,291.0,455.9621290728944,37.5694551131545,53.989999999999995,460.6819371390484
22.1525,-49.7553,83.8671,23.3,100.0,32.99999999999999,294.0,456.0381838676312,37.73537843919797,53.99353178711102,460.7711855206254
24.7261,-48.5277,83.8671,22.6,100.0,32.99999999999999,296.99999999999994,456.0673765147476,37.860544886845496,54.00054488684549,460.8111669960371
27.232,-47.1671,83.8671,22.0,100.0,32.99999999999999,300.0,456.2108578273711,37.96054488684549,54.077013099734465,460.9703603416177
29.6632,-45.6773,83.8671,21.5,100.0,32.99999999999999,303.0,456.4109888247159,38.06701309973447,54.043531787111014,461.1732771251114
32.0131,-44.0622,83.8671,20.8,100.0,32.99999999999999,305.99999999999994,456.43303737475304,38.184571086314435,54.10755798657996,461.2123230221192
34.2752,-42.3264,83.8671,22.5,100.0,32.99999999999999,309.0,456.5889607007966,38.22999999999999,54.139999999999986,461.37419903353236
36.4435,-40.4746,83.8671,21.6,100.0,32.99999999999999,311.99999999999994,456.72311836895886,38.29592332604347,54.12701309973447,461.51090793518523
38.5118,-38.5118,83.8671,22.6,100.0,32.99999999999999,314.99999999999994,456.85644825811954,38.26592332604348,54.18108977369099,461.64671090790114
40.4746,-36.4435,83.8671,23.0,100.0,32.99999999999999,318.0,456.95688210238967,38.42348131262344,54.163481312623446,461.7571209248664
42.3264,-34.2752,83.8671,23.0,100.0,32.99999999999999,321.0,457.1101814718322,38.24999999999999,54.24646821288897,461.9041673537741
44.0622,-32.0131,83.8671,22.6,100.0,32.99999999999999,323.99999999999994,457.26696262524683,38.29,54.275923326043475,462.0660938236146
45.6773,-29.6632,83.8671,21.8,100.0,32.99999999999999,327.0,457.3810392992034,38.287013099734466,54.269999999999996,462.17804294721606
47.1671,-27.232,83.8671,21.9,100.0,32.99999999999999,329.99999999999994,457.40805239893785,38.14999999999999,54.31999999999999,462.1993198820066
48.5277,-24.7261,83.8671,22.2,100.0,32.99999999999999,332.99999999999994,457.58516644764745,38.012442013420035,54.3294551131545,462.3643801090619
49.7553,-22.1525,83.8671,22.1,100.0,32.99999999999999,335.99999999999994,457.7270330545038,38.08,54.35407667395651,462.51323098907903
50.8464,-19.5181,83.8671,22.6,100.0,32.99999999999999,339.0,457.8949445949278,37.97646821288897,54.39348131262344,462.6755269439083
51.7983,-16.8303,83.8671,21.2,100.0,32.99999999999999,341.99999999999994,457.9972450460542,37.843531787111026,54.39999999999999,462.76664677556175
52.6081,-14.0963,83.8671,21.9,100.0,32.99999999999999,345.0,458.095711334493,37.839999999999996,54.44348131262344,462.8689220508254
53.2737,-11.3237,83.8671,21.8,100.0,32.99999999999999,347.99999999999994,458.1934813126234,37.690544886845494,54.49945511315449,462.9600782992843
53.7934,-8.52,83.8671,22.2,100.0,32.99999999999999,351.0,458.23841581395106,37.54,54.442986900265524,462.9856759666567
54.1655,-5.693,83.8671,21.5,100.0,32.99999999999999,353.99999999999994,458.29696262524686,37.419455113154505,54.467013099734466,463.03669086639235
54.3893,-2.8504,83.8671,22.3,100.0,32.99999999999999,356.99999999999994,458.34701309973445,37.31,54.52,463.08363274623315
58.698,-3.0762,80.9017,23.0,100.0,35.99999999999999,356.99999999999994,458.4978709271055,37.39592332604347,54.56537843919798,463.24521934965384
58.4565,-6.144,80.9017,23.1,100.0,35.99999999999999,353.99999999999994,458.35797187608074,37.471897126574525,54.52646821288897,463.1083125926264
58.0549,-9.195,80.9017,23.6,100.0,35.99999999999999,351.0,458.2810897736909,37.6494551131545,54.49108977369098,463.0424576420651
57.4941,-12.2207,80.9017,21.9,100.0,35.99999999999999,347.99999999999994,458.2075579865799,38.037013099734466,54.46755798657997,462.99859117992554
56.7757,-15.213,80.9017,20.9,100.0,35.99999999999999,345.0,458.133531787111,37.99298690026553,54.48402619946894,462.92365365386115
55.9017,-18.1636,80.9017,21.9,100.0,35.99999999999999,341.99999999999994,458.0029869002655,38.201089773690995,54.43,462.805233515636
54.8745,-21.0643,80.9017,21.9,100.0,35.99999999999999,339.0,457.8954289136855,38.43755798657996,54.369455113154494,462.7112569770926
53.6969,-23.9074,80.9017,23.3,100.0,35.99999999999999,335.99999999999994,457.78028242080745,38.28298690026553,54.377507512092386,462.58543792742523
52.372,-26.6849,80.9017,21.6,100.0,35.99999999999999,332.99999999999994,457.63103929920334,38.38298690026553,54.37,462.44515211369117
50.9037,-29.3893,80.9017,21.5,100.0,35.99999999999999,329.99999999999994,457.4576589355551,38.442986900265524,54.28298690026552,462.2683372538369
49.2958,-32.0131,80.9017,22.0,100.0,35.99999999999999,327.0,457.3651969673657,38.509455113154495,54.26701309973448,462.1804953055419
47.5528,-34.5492,80.9017,22.6,100.0,35.99999999999999,323.99999999999994,457.2653784391979,38.51,54.261089773691,462.0810667865233
45.6795,-36.9905,80.9017,21.3,100.0,35.99999999999999,321.0,457.10623626656906,38.64488402684006,54.18,461.925330216082
43.681,-39.3305,80.9017,21.6,100.0,35.99999999999999,318.0,456.7830573295224,38.57542891368556,54.21054488684548,461.6033019337159
41.5627,-41.5627,80.9017,21.5,100.0,35.99999999999999,314.99999999999994,456.6680523989378,38.547013099734464,54.14999999999999,461.4800156027887
39.3305,-43.681,80.9017,21.7,100.0,35.99999999999999,311.99999999999994,456.49571133449297,38.52054488684549,54.16054488684548,461.3084992362532
36.9905,-45.6795,80.9017,21.7,100.0,35.99999999999999,309.0,456.39358226159857,38.334026199468944,54.08701309973447,461.1832656117164
34.5492,-47.5528,80.9017,22.6,100.0,35.99999999999999,305.99999999999994,456.2256103855179,38.3505448868455,54.12353178711103,461.022698527813
32.0131,-49.2958,80.9017,22.2,100.0,35.99999999999999,303.0,456.13329984079115,38.293531787111014,54.04402619946894,460.91727952879836
29.3893,-50.9037,80.9017,21.1,100.0,35.99999999999999,300.0,456.04683162790207,38.12706357422205,54.067013099734474,460.82060231739604
26.6849,-52.372,80.9017,21.6,100.0,35.99999999999999,296.99999999999994,455.9304944123578,38.07407667395652,53.97537843919798,460.69034342747625
23.9074,-53.6969,80.9017,22.0,100.0,35.99999999999999,294.0,455.7339757249813,38.03755798657996,53.971089773690984,460.4923354183434
21.0643,-54.8745,80.9017,22.2,100.0,35.99999999999999,291.0,455.7040766739565,37.78999999999999,54.03298690026553,460.4496207736819
18.1636,-55.9017,80.9017,22.9,100.0,35.99999999999999,287.99999999999994,455.60184665208686,37.64244201342003,53.94755798657996,460.3263354689158
15.213,-56.7757,80.9017,21.3,100.0,35.99999999999999,284.99999999999994,455.50457108631446,37.44701309973447,53.879999999999995,460.2062010345134
12.2207,-57.4941,80.9017,22.6,100.0,35.99999999999999,282.0,455.53805239893785,37.21298690026553,53.89651868737655,460.2222922719797
9.195,-58.0549,80.9017,23.6,100.0,35.99999999999999,278.99999999999994,455.5203429888951,37.150544886845495,53.88999999999999,460.19895475990614
6.144,-58.4565,80.9017,21.8,100.0,35.99999999999999,276.0,455.5272250912849,36.95646821288898,53.87462156080201,460.18833991144976
3.0762,-58.698,80.9017,22.3,100.0,35.99999999999999,273.0,455.5327549539455,36.7805448868455,53.87950558764207,460.1802912342872
0.0,-58.7785,80.9017,20.9,100.0,35.99999999999999,270.0,455.53711404870955,36.64298690026553,53.86353178711101,460.1717623033612
-3.0762,-58.698,80.9017,21.3,100.0,35.99999999999999,266.99999999999994,455.61054488684545,36.361089773690985,53.871089773690976,460.222980494264
-6.144,-58.4565,80.9017,21.8,100.0,35.99999999999999,263.99999999999994,455.7310897736909,36.251039299203406,53.843481312623446,460.3304079858848
-9.195,-58.0549,80.9017,22.6,100.0,35.99999999999999,260.99999999999994,455.7576084610675,36.13054488684549,53.824076673956526,460.34491978708314
-12.2207,-57.4941,80.9017,22.1,100.0,35.99999999999999,258.0,455.8470130997344,35.90701309973446,53.839999999999996,460.41780867131314
-15.213,-56.7757,80.9017,22.5,100.0,35.99999999999999,254.99999999999997,455.92542891368555,35.79353178711102,53.8094551131545,460.4830410639437
-18.1636,-55.9017,80.9017,22.2,100.0,35.99999999999999,252.0,456.06005047448747,35.629455113154506,53.85755798657996,460.60923162994703
-21.0643,-54.8745,80.9017,21.9,100.0,35.99999999999999,249.0,456.21651868737655,35.527013099734475,53.913531787111026,460.7627909160829
-23.9074,-53.6969,80.9017,21.5,100.0,35.99999999999999,245.99999999999997,456.33005047448756,35.51,53.90864776027095,460.87332030547105
-26.6849,-52.372,80.9017,22.6,100.0,35.99999999999999,242.99999999999997,456.4608777821404,35.47945511315449,53.93239153893244,461.0032836519466
-29.3893,-50.9037,80.9017,21.8,100.0,35.99999999999999,239.99999999999994,456.68026246603813,35.35402619946894,53.9894551131545,461.2175523090785
-32.0131,-49.2958,80.9017,22.5,100.0,35.99999999999999,236.99999999999997,456.83228049635716,35.27054488684549,53.96701309973447,461.3590601072274
-34.5492,-47.5528,80.9017,21.8,100.0,35.99999999999999,233.99999999999997,457.0116346605364,35.32592332604348,54.03646821288898,461.5490168669582
-36.9905,-45.6795,80.9017,21.8,100.0,35.99999999999999,231.0,457.2124924879075,35.27298690026553,53.99462156080201,461.7389587736402
-39.3305,-43.681,80.9017,22.0,100.0,35.99999999999999,228.0,457.30592332604346,35.25298690026553,54.04701309973447,461.83607505204515
-41.5627,-41.5627,80.9017,21.4,100.0,35.99999999999999,224.99999999999997,457.5638447276366,35.309999999999995,54.04,462.0950007324649
-43.681,-39.3305,80.9017,22.3,100.0,35.99999999999999,221.99999999999997,457.6962057468509,35.33755798657997,54.077557986579954,462.23256271849834
-45.6795,-36.9905,80.9017,22.4,100.0,35.99999999999999,219.0,457.9110392992034,35.39999999999999,54.05597380053105,462.4475410417924
-47.5528,-34.5492,80.9017,20.8,100.0,35.99999999999999,215.99999999999994,458.09836533946356,35.39651868737655,54.110544886845496,462.6391433177977
-49.2958,-32.0131,80.9017,22.5,100.0,35.99999999999999,212.99999999999997,458.2343391399946,35.53407667395652,54.11293642577794,462.78460439037775
-50.9037,-29.3893,80.9017,22.4,100.0,35.99999999999999,209.99999999999997,458.3467001592088,35.705973800531055,54.13239153893246,462.911362925565
-52.372,-26.6849,80.9017,21.8,100.0,35.99999999999999,207.0,458.5022300218695,35.690544886845494,54.17402619946893,463.0690391766739
-53.6969,-23.9074,80.9017,21.8,100.0,35.99999999999999,204.0,458.5562057468509,35.79701309973447,54.12244201342003,463.1246686425879
-54.8745,-21.0643,80.9017,22.4,100.0,35.99999999999999,200.99999999999997,458.64571133449294,35.97348131262344,54.10298690026552,463.2246896213575
-55.9017,-18.1636,80.9017,21.3,100.0,35.99999999999999,197.99999999999997,458.7672755657724,36.189455113154494,54.13701309973447,463.3658446398366
-56.7757,-15.213,80.9017,22.3,100.0,35.99999999999999,194.99999999999997,458.79119072266616,36.30651868737655,54.16108977369098,463.4014929080316
-57.4941,-12.2207,80.9017,21.3,100.0,35.99999999999999,192.0,459.0340261994689,36.359455113154496,54.077557986579954,463.6363116310155
-58.0549,-9.195,80.9017,21.8,100.0,35.99999999999999,188.99999999999997,458.9921795473819,36.610544886845496,54.0994551131545,463.6171954599053
-58.4565,-6.144,80.9017,21.9,100.0,35.99999999999999,186.0,459.1083653394635,36.70836533946351,54.1294551131545,463.74345614942837
-58.698,-3.0762,80.9017,21.2,100.0,35.99999999999999,182.99999999999997,459.0710897736909,36.85298690026553,54.14999999999999,463.72042289452304
-58.7785,0.0,80.9017,22.0,100.0,35.99999999999999,180.0,459.03656916186407,37.137013099734475,54.10999999999999,463.7042394348629
-58.698,3.0762,80.9017,20.8,100.0,35.99999999999999,176.99999999999997,459.1269626252468,37.25999999999999,54.082986900265524,463.8004364826957
-58.4565,6.144,80.9017,22.0,100.0,35.99999999999999,173.99999999999997,459.00706357422195,37.46999999999999,54.06592332604347,463.696678202602
-58.0549,9.195,80.9017,22.4,100.0,35.99999999999999,170.99999999999997,459.0145511315449,37.63108977369099,54.098910226309,463.7209820093582
-57.4941,12.2207,80.9017,22.3,100.0,35.99999999999999,167.99999999999997,458.9427244342275,37.717013099734466,54.0305448868455,463.64889428213485
-56.7757,15.213,80.9017,22.5,100.0,35.99999999999999,164.99999999999997,458.86298690026547,38.0694551131545,54.01597380053105,463.5970767652287
-55.9017,18.1636,80.9017,22.5,100.0,35.99999999999999,161.99999999999997,458.83724504605425,38.189455113154494,54.023481312623446,463.58234269267405
-54.8745,21.0643,80.9017,21.8,100.0,35.99999999999999,159.0,458.70963658498675,38.2405448868455,54.037013099734466,463.46183095689156
-53.6969,23.9074,80.9017,22.9,100.0,35.99999999999999,155.99999999999997,458.5253178711102,38.42999999999999,53.980544886845486,463.2884967869193
-52.372,26.6849,80.9017,23.0,100.0,35.99999999999999,152.99999999999997,458.3695865818478,38.47108977369099,53.968102873425465,463.1363285031159
-50.9037,29.3893,80.9017,23.0,100.0,35.99999999999999,150.0,458.3310392992034,38.58651868737655,53.980544886845486,463.10923143010217
-49.2958,32.0131,80.9017,22.4,100.0,35.99999999999999,147.0,458.0964177384013,38.688910226309005,53.930544886845496,462.8797504655473
-47.5528,34.5492,80.9017,21.8,100.0,35.99999999999999,143.99999999999997,457.9494551131544,38.65945511315449,53.91054488684549,462.72951468225756
-45.6795,36.9905,80.9017,21.2,100.0,35.99999999999999,141.0,457.89891022630894,38.682986900265526,53.933531787111015,462.6841377365327
-43.681,39.3305,80.9017,22.2,100.0,35.99999999999999,138.0,457.79158418604896,38.69054488684549,53.88298690026552,462.57266358109354
-41.5627,41.5627,80.9017,22.3,100.0,35.99999999999999,135.0,457.5689607007966,38.69298690026552,53.89701309973447,462.35418139467953
-39.3305,43.681,80.9017,22.3,100.0,35.99999999999999,131.99999999999997,457.39701309973447,38.87597380053105,53.83597380053106,462.1922554592945
-36.9905,45.6795,80.9017,21.6,100.0,35.99999999999999,129.0,457.2605448868454,38.65353178711102,53.90298690026552,462.0463541968513
-34.5492,47.5528,80.9017,22.2,100.0,35.99999999999999,126.0,457.121089773691,38.771089773690996,53.83597380053106,461.91038112731127
-32.0131,49.2958,80.9017,22.1,100.0,35.99999999999999,122.99999999999999,457.02678115341456,38.512986900265524,53.897013099734465,461.80257347973287
-29.3893,50.9037,80.9017,23.0,100.0,35.99999999999999,119.99999999999997,456.90787092710553,38.454026199468935,53.818910226309,461.67086733303574
-26.6849,52.372,80.9017,22.0,100.0,35.99999999999999,116.99999999999999,456.70462156080197,38.489455113154506,53.851089773690994,461.47642342780307
-23.9074,53.6969,80.9017,23.3,100.0,35.99999999999999,114.0,456.61755798657987,38.37353178711103,53.86348131262344,461.3820508239992
-21.0643,54.8745,80.9017,22.0,100.0,35.99999999999999,110.99999999999999,456.54140271421653,38.21646821288898,53.81646821288897,461.28815623841905
-18.1636,55.9017,80.9017,20.5,100.0,35.99999999999999,107.99999999999997,456.41999999999996,38.02163466053649,53.827820452618,461.1532232967027
-15.213,56.7757,80.9017,23.0,100.0,35.99999999999999,104.99999999999999,456.33239153893237,38.03646821288897,53.87244201342002,461.0729492067832
-12.2207,57.4941,80.9017,21.9,100.0,35.99999999999999,102.0,456.3120281239192,37.905923326043464,53.891089773690986,461.0442230315443
-9.195,58.0549,80.9017,22.0,100.0,35.99999999999999,98.99999999999999,456.25298690026557,37.78,53.85402619946894,460.97111904468267
-6.144,58.4565,80.9017,22.1,100.0,35.99999999999999,96.0,456.2618971265745,37.52,53.884076673956514,460.9622141657011
-3.0762,58.698,80.9017,22.6,100.0,35.99999999999999,93.0,456.231089773691,37.40348131262344,53.92701309973447,460.9272723893135
0.0,58.7785,80.9017,22.4,100.0,35.99999999999999,90.0,456.2226739597399,37.287013099734466,53.96646821288897,460.91412353305867
3.0762,58.698,80.9017,21.8,100.0,35.99999999999999,86.99999999999999,456.2882343421188,37.039455113154496,53.97407667395651,460.9599494391393
6.144,58.4565,80.9017,22.0,100.0,35.99999999999999,83.99999999999999,456.2670130997344,36.85298690026553,54.019999999999996,460.92937667979504
9.195,58.0549,80.9017,22.6,100.0,35.99999999999999,80.99999999999999,456.3238447276365,36.77049441235792,54.10407667395651,460.9889061995774
12.2207,57.4941,80.9017,21.8,100.0,35.99999999999999,77.99999999999999,456.3496870594744,36.64651868737655,54.16701309973446,461.0120058299255
15.213,56.7757,80.9017,22.1,100.0,35.99999999999999,75.0,456.4270130997343,36.59,54.217013099734466,461.0899379693747
18.1636,55.9017,80.9017,21.3,100.0,35.99999999999999,71.99999999999999,456.49194760106207,36.362936425777946,54.19054488684549,461.13314403244664
21.0643,54.8745,80.9017,21.3,100.0,35.99999999999999,69.0,456.5822300218695,36.282391538932444,54.24457108631443,461.2225256856672
23.9074,53.6969,80.9017,23.0,100.0,35.99999999999999,65.99999999999999,456.6643391399945,36.12348131262345,54.309455113154506,461.2989718815761
26.6849,52.372,80.9017,24.5,100.0,35.99999999999999,63.0,456.8549345013276,36.07506549867236,54.33,461.4862841178986
29.3893,50.9037,80.9017,21.8,100.0,35.99999999999999,59.999999999999986,457.02547938817315,35.95407667395652,54.321089773690986,461.6446308944442
32.0131,49.2958,80.9017,21.4,100.0,35.99999999999999,57.0,457.1288597518214,35.832986900265524,54.410544886845486,461.7480966534441
34.5492,47.5528,80.9017,21.9,100.0,35.99999999999999,53.999999999999986,457.234621560802,35.89701309973447,54.40402619946893,461.8570046779033
36.9905,45.6795,80.9017,21.9,100.0,35.99999999999999,51.0,457.35919264711646,35.75646821288897,54.453531787111025,461.9752625866145
39.3305,43.681,80.9017,21.3,100.0,35.99999999999999,48.0,457.4669121507592,35.817013099734474,54.48348131262344,462.09012527436676
41.5627,41.5627,80.9017,21.6,100.0,35.99999999999999,45.0,457.56542891368554,35.821897126574534,54.51353178711101,462.19157845921023
43.681,39.3305,80.9017,22.5,100.0,35.99999999999999,41.99999999999999,457.75696262524673,35.839999999999996,54.507013099734465,462.38183021064543
45.6795,36.9905,80.9017,20.2,100.0,35.99999999999999,38.99999999999999,457.8841271484441,35.86353178711102,54.59701309973448,462.5201624212184
47.5528,34.5492,80.9017,22.3,100.0,35.99999999999999,35.99999999999999,458.0110897736909,35.868910226309,54.541089773691,462.63967355838474
49.2958,32.0131,80.9017,23.0,100.0,35.99999999999999,32.99999999999999,458.12244201341997,35.96108977369099,54.57597380053105,462.7611789793165
50.9037,29.3893,80.9017,22.1,100.0,35.99999999999999,29.999999999999993,458.17815334791294,36.04353178711102,54.60542891368556,462.82621928304764
52.372,26.6849,80.9017,21.8,100.0,35.99999999999999,26.999999999999993,458.3176084610675,36.17999999999999,54.571039299203406,462.9708640461812
53.6969,23.9074,80.9017,23.1,100.0,35.99999999999999,24.0,458.33173560951167,36.220544886845495,54.59891022630901,462.9913052494915
54.8745,21.0643,80.9017,21.8,100.0,35.99999999999999,20.999999999999996,458.47805239893785,36.35298690026553,54.60353178711101,463.1470715352955
55.9017,18.1636,80.9017,22.1,100.0,35.99999999999999,17.999999999999996,458.4804439378703,36.3105448868455,54.61701309973447,463.14769918826414
56.7757,15.213,80.9017,21.3,100.0,35.99999999999999,14.999999999999996,458.5274570376048,36.523481312623446,54.62537843919798,463.2119660740552
57.4941,12.2207,80.9017,22.1,100.0,35.99999999999999,12.0,458.5065386421458,36.749455113154504,54.60000000000001,463.20614031844974
58.0549,9.195,80.9017,21.6,100.0,35.99999999999999,8.999999999999998,458.5803129405256,36.7894551131545,54.63054488684549,463.2859417884238
58.4565,6.144,80.9017,22.6,100.0,35.99999999999999,6.0,458.55571133449297,37.0194551131545,54.58701309973446,463.27478072253007
58.698,3.0762,80.9017,21.5,100.0,35.99999999999999,3.0,458.56298690026557,37.2,54.55,463.29208438618195
58.7785,0.0,80.9017,21.3,100.0,35.99999999999999,0.0,458.5225429623951,37.30646821288897,54.549455113154494,463.26055090884097
62.932,0.0,77.7146,22.5,100.0,38.99999999999999,0.0,458.7423410644448,37.33646821288897,54.56457108631444,463.48229713952713
62.8458,3.2936,77.7146,21.8,100.0,38.99999999999999,3.0,458.7675075120923,37.133531787111025,54.60000000000001,463.495075628471
62.5873,6.5782,77.7146,22.2,100.0,38.99999999999999,6.0,458.81049441235785,36.97755798657997,54.60402619946893,463.52562955542754
62.1572,9.8447,77.7146,21.9,100.0,38.99999999999999,8.999999999999998,458.7710392992034,36.77701309973447,54.63402619946894,463.4741546310576
61.5568,13.0843,77.7146,22.7,100.0,38.99999999999999,12.0,458.7014027142166,36.53646821288898,54.672986900265535,463.390791727736
60.7877,16.288,77.7146,21.8,100.0,38.99999999999999,14.999999999999996,458.68636726391384,36.49298690026553,54.660494412357906,463.371008217036
59.8519,19.4471,77.7146,21.9,100.0,38.99999999999999,17.999999999999996,458.58945511315443,36.29999999999999,54.620544886845494,463.25520209136965
58.7521,22.5528,77.7146,22.8,100.0,38.99999999999999,20.999999999999996,458.5516346605365,36.218910226309006,54.63999999999999,463.2137095421848
57.4913,25.5968,77.7146,21.3,100.0,38.99999999999999,24.0,458.496730678927,36.16701309973447,54.66108977369099,463.1577912710402
56.0729,28.5705,77.7146,22.6,100.0,38.99999999999999,26.999999999999993,458.35792140159316,35.97,54.652986900265525,463.0040755638223
54.5007,31.466,77.7146,22.9,100.0,38.99999999999999,29.999999999999993,458.2068515826715,35.951089773690995,54.59000000000001,462.84561982719504
52.7792,34.2752,77.7146,22.7,100.0,38.99999999999999,32.99999999999999,458.132774908715,35.767557986579966,54.60353178711102,462.75966044320324
50.9131,36.9905,77.7146,20.6,100.0,38.99999999999999,35.99999999999999,458.02108977369096,35.798910226309005,54.628910226309,462.65451309090776
48.9074,39.6044,77.7146,22.0,100.0,38.99999999999999,38.99999999999999,457.857063574222,35.673531787111024,54.55592332604348,462.47382661609333
46.7676,42.1098,77.7146,21.5,100.0,38.99999999999999,41.99999999999999,457.6767001592088,35.58353178711103,54.53353178711101,462.2856862290271
44.4997,44.4997,77.7146,21.5,100.0,38.99999999999999,45.0,457.5619476010621,35.55353178711102,54.53810287342545,462.17030863097057
42.1098,46.7676,77.7146,23.0,100.0,38.99999999999999,48.0,457.36288595129037,35.61239153893245,54.501897126574534,461.9734934681978
39.6044,48.9074,77.7146,22.4,100.0,38.99999999999999,51.0,457.2429869002655,35.599455113154505,54.495428913685565,461.85303078611105
36.9905,50.9131,77.7146,21.4,100.0,38.99999999999999,53.999999999999986,457.05999999999995,35.77646821288897,54.41108977369098,461.6756068584829
34.2752,52.7792,77.7146,22.1,100.0,38.99999999999999,57.0,456.99896070079654,35.762986900265524,54.40999999999998,461.61400478498996
31.466,54.5007,77.7146,22.2,100.0,38.99999999999999,59.999999999999986,456.7909083018586,35.86999999999999,54.38701309973446,461.4136300556668
28.5705,56.0729,77.7146,21.3,100.0,38.99999999999999,63.0,456.680595361333,35.97353178711102,54.34,461.3069442018187
25.5968,57.4913,77.7146,22.1,100.0,38.99999999999999,65.99999999999999,456.6237437786614,35.98402619946894,54.30646821288897,461.24753225759616
22.5528,58.7521,77.7146,21.5,100.0,38.99999999999999,69.0,456.45841581395104,36.17054488684549,54.25651868737654,461.09257585095287
19.4471,59.8519,77.7146,22.0,100.0,38.99999999999999,71.99999999999999,456.2909083018587,36.3394551131545,54.227013099734464,460.9365660766945
16.288,60.7877,77.7146,22.6,100.0,38.99999999999999,75.0,456.27085782737106,36.41651868737655,54.211089773690986,460.9209268304969
13.0843,61.5568,77.7146,22.0,100.0,38.99999999999999,77.99999999999999,456.12163466053653,36.43353178711102,54.15750751209238,460.7682535329498
9.8447,62.1572,77.7146,21.3,100.0,38.99999999999999,80.99999999999999,456.114026199469,36.686468212888975,54.03005047448758,460.76582794311133
6.5782,62.5873,77.7146,21.3,100.0,38.99999999999999,83.99999999999999,456.02194760106204,36.84646821288897,54.01945511315451,460.6862060495748
3.2936,62.8458,77.7146,23.4,100.0,38.99999999999999,86.99999999999999,455.9591421726289,37.07999999999999,53.97945511315449,460.63808711950065
0.0,62.932,77.7146,21.2,100.0,38.99999999999999,90.0,455.908910226309,37.29407667395652,53.91651868737655,460.59827785834136
-3.2936,62.8458,77.7146,21.4,100.0,38.99999999999999,93.0,455.93241149370175,37.44945511315451,53.932936425777946,460.63606803011135
-6.5782,62.5873,77.7146,21.7,100.0,38.99999999999999,96.0,455.9089607007965,37.58,53.884026199468934,460.617764666915
-9.8447,62.1572,77.7146,22.5,100.0,38.99999999999999,98.99999999999999,456.01457108631445,37.7805448868455,53.84407667395652,460.7340265357587
-13.0843,61.5568,77.7146,20.7,100.0,38.99999999999999,102.0,456.119667104705,37.87298690026553,53.86298690026552,460.847843885889
-16.288,60.7877,77.7146,21.9,100.0,38.99999999999999,104.99999999999999,456.0532693210729,38.1305448868455,53.86945511315449,460.804124445512
-19.4471,59.8519,77.7146,22.1,100.0,38.99999999999999,107.99999999999997,456.21054488684547,38.26348131262345,53.830000000000005,460.9661854931595
-22.5528,58.7521,77.7146,21.4,100.0,38.99999999999999,110.99999999999999,456.3680523989379,38.480544886845486,53.82054488684549,461.13902744953737
-25.5968,57.4913,77.7146,21.9,100.0,38.99999999999999,114.0,456.3929869002654,38.48701309973447,53.86298690026552,461.1691989139161
-28.5705,56.0729,77.7146,21.3,100.0,38.99999999999999,116.99999999999999,456.51262348525216,38.62706357422205,53.85293642577795,461.29812941679427
-31.466,54.5007,77.7146,23.2,100.0,38.99999999999999,119.99999999999997,456.6504944123579,38.85,53.86701309973446,461.454929161384
-34.2752,52.7792,77.7146,21.2,100.0,38.99999999999999,122.99999999999999,456.82891022630906,38.878910226309,53.88999999999999,461.6366048949569
-36.9905,50.9131,77.7146,21.7,100.0,38.99999999999999,126.0,456.9958428031863,38.984026199468936,53.87298690026552,461.8086761372848
-39.6044,48.9074,77.7146,21.8,100.0,38.99999999999999,129.0,457.130857827371,39.179455113154496,53.90646821288897,461.9627238166939
-42.1098,46.7676,77.7146,21.4,100.0,38.99999999999999,131.99999999999997,457.28402619946894,39.112986900265525,53.88298690026553,462.10592144956456
-44.4997,44.4997,77.7146,22.9,100.0,38.99999999999999,135.0,457.49207859840675,39.00646821288897,53.910544886845486,462.30601704145107
-46.7676,42.1098,77.7146,21.8,100.0,38.99999999999999,138.0,457.71968705947444,39.06999999999999,53.91353178711102,462.5369668811165
-48.9074,39.6044,77.7146,21.3,100.0,38.99999999999999,141.0,457.8710392992034,38.96592332604347,53.94592332604348,462.6817420788107
-50.9131,36.9905,77.7146,22.0,100.0,38.99999999999999,143.99999999999997,458.10566086000546,38.78999999999999,53.984026199468936,462.9035922270287
-52.7792,34.2752,77.7146,22.2,100.0,38.99999999999999,147.0,458.24335031527875,38.95,53.97945511315449,463.0527531313083
-54.5007,31.466,77.7146,21.8,100.0,38.99999999999999,150.0,458.4219980755496,38.862936425777946,53.99891022630899,463.22450113615776
-56.0729,28.5705,77.7146,22.6,100.0,38.99999999999999,152.99999999999997,458.5028859512903,38.756468212888976,54.07646821288896,463.30467801262074
-57.4913,25.5968,77.7146,21.7,100.0,38.99999999999999,155.99999999999997,458.68787092710556,38.563481312623445,54.06999999999999,463.47089436834125
-58.7521,22.5528,77.7146,21.5,100.0,38.99999999999999,159.0,458.81168513502405,38.467013099734466,54.077013099734465,463.5862345443881
-59.8519,19.4471,77.7146,22.1,100.0,38.99999999999999,161.99999999999997,459.0004944123579,38.230544886845486,54.091089773690996,463.75518803140045
-60.7877,16.288,77.7146,23.7,100.0,38.99999999999999,164.99999999999997,459.1229364257779,38.103531787111024,54.14651868737655,463.87239125953886
-61.5568,13.0843,77.7146,21.9,100.0,38.99999999999999,167.99999999999997,459.1338142079184,37.839999999999996,54.15999999999999,463.8631592928149
-62.1572,9.8447,77.7146,21.5,100.0,38.99999999999999,170.99999999999997,459.2386477602709,37.68,54.14999999999999,463.95273519689715
-62.5873,6.5782,77.7146,22.2,100.0,38.99999999999999,173.99999999999997,459.37782045261804,37.43353178711102,54.13646821288898,464.06896946081145
-62.8458,3.2936,77.7146,22.0,100.0,38.99999999999999,176.99999999999997,459.3230373747531,37.38755798657997,54.13597380053106,464.01097596360853
-62.932,0.0,77.7146,22.1,100.0,38.99999999999999,180.0,459.44101934443404,37.12,54.17597380053105,464.11095741588395
-62.8458,-3.2936,77.7146,22.4,100.0,38.99999999999999,182.99999999999997,459.396730678927,36.930544886845496,54.201089773690995,464.05493148632905
-62.5873,-6.5782,77.7146,21.2,100.0,38.99999999999999,186.0,459.3545710863144,36.66298690026552,54.212442013420024,463.9933032441302
-62.1572,-9.8447,77.7146,22.3,100.0,38.99999999999999,188.99999999999997,459.30787092710557,36.53646821288898,54.21646821288898,463.93755962472073
-61.5568,-13.0843,77.7146,21.3,100.0,38.99999999999999,192.0,459.19891022630895,36.463531787111016,54.205973800531055,463.8227203351333
-60.7877,-16.288,77.7146,21.4,100.0,38.99999999999999,194.99999999999997,459.086801108184,36.26353178711102,54.203531787111025,463.6957596825923
-59.8519,-19.4471,77.7146,21.5,100.0,38.99999999999999,197.99999999999997,459.0270130997344,36.01701309973447,54.24407667395652,463.62209162431014
-58.7521,-22.5528,77.7146,21.3,100.0,38.99999999999999,200.99999999999997,458.9329869002656,35.76701309973447,54.24651868737656,463.5099249001857
-57.4913,-25.5968,77.7146,22.1,100.0,38.99999999999999,204.0,458.8129869002655,35.63999999999999,54.19353178711102,463.37512388550147
-56.0729,-28.5705,77.7146,22.4,100.0,38.99999999999999,207.0,458.65267395973996,35.59646821288898,54.19054488684549,463.2126930847038
-54.5007,-31.466,77.7146,20.5,100.0,38.99999999999999,209.99999999999997,458.60792140159316,35.419999999999995,54.24298690026552,463.16099101732675
-52.7792,-34.2752,77.7146,21.8,100.0,38.99999999999999,212.99999999999997,458.40527749022283,35.3505448868455,54.20054488684549,462.95006050406346
-50.9131,-36.9905,77.7146,22.1,100.0,38.99999999999999,215.99999999999994,458.2218971265745,35.19646821288897,54.16755798657995,462.752874349979
-48.9074,-39.6044,77.7146,21.7,100.0,38.99999999999999,219.0,457.95288595129045,35.12810287342546,54.19597380053105,462.48462994870374
-46.7676,-42.1098,77.7146,22.2,100.0,38.99999999999999,221.99999999999997,457.773461357854,35.17054488684549,54.17891022630901,462.3081909987089
-44.4997,-44.4997,77.7146,20.9,100.0,38.99999999999999,224.99999999999997,457.55059536133297,35.173531787111024,54.11701309973448,462.08048623667935
-42.1098,-46.7676,77.7146,20.8,100.0,38.99999999999999,228.0,457.43021199155044,35.05244201342003,54.139999999999986,461.95477282277204
-39.6044,-48.9074,77.7146,22.2,100.0,38.99999999999999,231.0,457.17896070079644,35.039455113154496,54.08353178711101,461.6983798245935
-36.9905,-50.9131,77.7146,21.6,100.0,38.99999999999999,233.99999999999997,457.0165186873765,35.093531787111026,54.10646821288898,461.544325313284
-34.2752,-52.7792,77.7146,21.6,100.0,38.99999999999999,236.99999999999997,456.838415813951,34.967013099734466,54.00701309973447,461.3467108720645
-31.466,-54.5007,77.7146,22.2,100.0,38.99999999999999,239.99999999999994,456.6741271484441,35.03298690026553,54.04755798657996,461.1937847610917
-28.5705,-56.0729,77.7146,22.2,100.0,38.99999999999999,242.99999999999997,456.47597380053105,35.03999999999999,53.97999999999999,460.9901914977618
-25.5968,-57.4913,77.7146,20.6,100.0,38.99999999999999,245.99999999999997,456.255973800531,35.29402619946894,53.932986900265526,460.7862291670877
-22.5528,-58.7521,77.7146,21.4,100.0,38.99999999999999,249.0,456.08592332604337,35.353531787111024,53.97891022630899,460.6277937936569
-19.4471,-59.8519,77.7146,20.9,100.0,38.99999999999999,252.0,455.98075687839594,35.52,53.95646821288897,460.5338440390709
-16.288,-60.7877,77.7146,20.5,100.0,38.99999999999999,254.99999999999997,455.7083653394634,35.771089773690996,53.8894551131545,460.2757417856779
-13.0843,-61.5568,77.7146,22.5,100.0,38.99999999999999,258.0,455.5794551131544,35.836518687376554,53.86,460.14975344210427
-9.8447,-62.1572,77.7146,21.7,100.0,38.99999999999999,260.99999999999994,455.53750751209236,36.11646821288897,53.85701309973447,460.1297620090741
-6.5782,-62.5873,77.7146,21.4,100.0,38.99999999999999,263.99999999999994,455.40402619946883,36.269999999999996,53.879999999999995,460.0123850274974
-3.2936,-62.8458,77.7146,20.9,100.0,38.99999999999999,266.99999999999994,455.3405448868454,36.41189712657453,53.90108977369099,459.9632219525785
0.0,-62.932,77.7146,21.0,100.0,38.99999999999999,270.0,455.364621560802,36.662442013420026,53.9294551131545,460.01028178987644
3.2936,-62.8458,77.7146,21.8,100.0,38.99999999999999,273.0,455.372179547382,36.79163466053648,53.91054488684549,460.02586137816655
6.5782,-62.5873,77.7146,23.0,100.0,38.99999999999999,276.0,455.43966710470494,36.91353178711102,53.9005448868455,460.1012583557465
9.8447,-62.1572,77.7146,20.9,100.0,38.99999999999999,278.99999999999994,455.38,37.22836533946351,53.89244201342003,460.06661571126676
13.0843,-61.5568,77.7146,22.7,100.0,38.99999999999999,282.0,455.39836533946345,37.447557986579966,53.91592332604347,460.10533309353576
16.288,-60.7877,77.7146,20.5,100.0,38.99999999999999,284.99999999999994,455.4043391399945,37.582986900265524,53.930544886845496,460.1240014210003
19.4471,-59.8519,77.7146,22.6,100.0,38.99999999999999,287.99999999999994,455.49114024817845,37.69108977369098,53.99353178711102,460.2261385099286
22.5528,-58.7521,77.7146,21.7,100.0,38.99999999999999,291.0,455.55462156080205,37.82348131262344,54.027557986579964,460.30381921727
25.5968,-57.4913,77.7146,19.6,100.0,38.99999999999999,294.0,455.65919264711647,37.99353178711102,53.99646821288897,460.4176656916476
28.5705,-56.0729,77.7146,21.8,100.0,38.99999999999999,296.99999999999994,455.82244201341996,38.19646821288897,54.01810287342546,460.5985500032103
31.466,-54.5007,77.7146,21.8,100.0,38.99999999999999,300.0,455.96815334791296,38.25054488684549,54.0905448868455,460.7557358273495
34.2752,-52.7792,77.7146,22.1,100.0,38.99999999999999,303.0,456.055973800531,38.529999999999994,54.029455113154505,460.8587572770805
36.9905,-50.9131,77.7146,22.8,100.0,38.99999999999999,305.99999999999994,456.26678115341457,38.547013099734464,54.13298690026553,461.0809344071313
39.6044,-48.9074,77.7146,21.5,100.0,38.99999999999999,309.0,456.4106458358206,38.68999999999999,54.12891022630901,461.2347912447181
42.1098,-46.7676,77.7146,23.0,100.0,38.99999999999999,311.99999999999994,456.592179547382,38.67597380053105,54.184076673956525,461.41972599603633
44.4997,-44.4997,77.7146,22.2,100.0,38.99999999999999,314.99999999999994,456.68272443422745,38.85,54.18353178711102,461.52387632016763
46.7676,-42.1098,77.7146,22.6,100.0,38.99999999999999,318.0,456.8154793881731,38.78999999999999,54.23999999999999,461.65682482624084
48.9074,-39.6044,77.7146,22.6,100.0,38.99999999999999,321.0,457.02846628843855,38.8094551131545,54.28293642577795,461.87425777060514
50.9131,-36.9905,77.7146,22.6,100.0,38.99999999999999,323.99999999999994,457.30968705947436,38.730544886845486,54.257013099734465,462.1428658501298
52.7792,-34.2752,77.7146,20.5,100.0,38.99999999999999,327.0,457.4707568783959,38.68701309973446,54.29945511315449,462.30358987039773
54.5007,-31.466,77.7146,22.2,100.0,38.99999999999999,329.99999999999994,457.6212712455232,38.75646821288897,54.328910226309,462.46180621872304
56.0729,-28.5705,77.7146,22.0,100.0,38.99999999999999,332.99999999999994,457.85156423127944,38.682986900265526,54.32054488684548,462.6825585013545
57.4913,-25.5968,77.7146,21.7,100.0,38.99999999999999,335.99999999999994,458.020262466038,38.353531787111024,54.359455113154496,462.8266463701094
58.7521,-22.5528,77.7146,21.2,100.0,38.99999999999999,339.0,458.1207568783959,38.3805448868455,54.4194551131545,462.9353855598621
59.8519,-19.4471,77.7146,21.8,100.0,38.99999999999999,341.99999999999994,458.221685135024,38.22348131262345,54.489999999999995,463.0305684851029
60.7877,-16.288,77.7146,22.0,100.0,38.99999999999999,345.0,458.45207859840684,38.065973800531054,54.47999999999999,463.2444248262277
61.5568,-13.0843,77.7146,21.2,100.0,38.99999999999999,347.99999999999994,458.5339757249813,37.99,54.52,463.32394433501685
62.1572,-9.8447,77.7146,22.3,100.0,38.99999999999999,351.0,458.5848335523525,37.89,54.542442013420036,463.36872967975097
62.5873,-6.5782,77.7146,21.6,100.0,38.99999999999999,353.99999999999994,458.63919264711643,37.643481312623436,54.57701309973447,463.4065073736246
62.8458,-3.2936,77.7146,22.2,100.0,38.99999999999999,356.99999999999994,458.7046016060325,37.44945511315451,54.596518687376545,463.45782232647906
66.8214,-3.502,74.3145,21.8,100.0,41.99999999999999,356.99999999999994,458.92511597315996,37.49651868737655,54.463531787111016,463.6642398108536
66.5465,-6.9943,74.3145,22.1,100.0,41.99999999999999,353.99999999999994,458.78592332604336,37.69701309973447,54.414076673956515,463.5369240729922
66.0892,-10.4675,74.3145,20.2,100.0,41.99999999999999,351.0,458.69571133449296,37.90646821288897,54.39402619946894,463.4623674207214
65.4508,-13.912,74.3145,21.8,100.0,41.99999999999999,347.99999999999994,458.6605448868456,38.117820452618005,54.38782045261801,463.4441699768618
64.6331,-17.3184,74.3145,20.9,100.0,41.99999999999999,345.0,458.49005047448753,38.36646821288897,54.30402619946894,463.28613137962736
63.6381,-20.6773,74.3145,21.8,100.0,41.99999999999999,341.99999999999994,458.326730678927,38.41542891368555,54.25646821288896,463.122987527495
62.4687,-23.9795,74.3145,20.9,100.0,41.99999999999999,339.0,458.21506549867223,38.61,54.25298690026552,463.02825500994305
61.1281,-27.216,74.3145,21.2,100.0,41.99999999999999,335.99999999999994,458.0105448868455,38.55353178711102,54.25651868737654,462.82156805931004
59.62,-30.3779,74.3145,21.8,100.0,41.99999999999999,332.99999999999994,457.806468212889,38.8505448868455,54.19353178711102,462.6370781326594
57.9484,-33.4565,74.3145,22.2,100.0,41.99999999999999,329.99999999999994,457.6873260402601,38.88701309973447,54.129999999999995,462.514805282709
56.118,-36.4435,74.3145,21.9,100.0,41.99999999999999,327.0,457.4475579865799,39.08348131262344,54.118910226309005,462.2928111743496
54.1338,-39.3305,74.3145,20.5,100.0,41.99999999999999,323.99999999999994,457.22651868737654,39.07999999999999,54.08353178711101,462.0696529761994
52.0012,-42.1098,74.3145,23.8,100.0,41.99999999999999,321.0,456.97428866550695,39.04054488684549,54.063531787111025,461.8143892471345
49.7261,-44.7736,74.3145,20.9,100.0,41.99999999999999,318.0,456.6689607007966,39.18999999999999,53.99298690026553,461.51667185699586
47.3147,-47.3147,74.3145,22.1,100.0,41.99999999999999,314.99999999999994,456.6008073528835,38.99054488684549,54.00646821288897,461.4339156094922
44.7736,-49.7261,74.3145,21.8,100.0,41.99999999999999,311.99999999999994,456.3845710863144,38.97244201342002,53.95592332604347,461.2124994230907
42.1098,-52.0012,74.3145,21.5,100.0,41.99999999999999,309.0,456.1991926471164,38.82,53.935973800531045,461.01386643103524
39.3305,-54.1338,74.3145,22.4,100.0,41.99999999999999,305.99999999999994,456.06696262524684,38.723531787111014,53.91244201342003,460.87214899160057
36.4435,-56.118,74.3145,21.5,100.0,41.99999999999999,303.0,455.9008578273711,38.650544886845495,53.88701309973447,460.69867263602345
33.4565,-57.9484,74.3145,21.5,100.0,41.99999999999999,300.0,455.8027549539457,38.56999999999999,53.85407667395652,460.59098764306174
30.3779,-59.62,74.3145,22.1,100.0,41.99999999999999,296.99999999999994,455.58846628843867,38.39298690026553,53.863481312623435,460.3652318293499
27.216,-61.1281,74.3145,21.1,100.0,41.99999999999999,294.0,455.450857827371,38.26592332604347,53.80706357422205,460.2118695494099
23.9795,-62.4687,74.3145,21.8,100.0,41.99999999999999,291.0,455.39776997813044,38.110544886845496,53.839999999999996,460.15028863690446
20.6773,-63.6381,74.3145,21.6,100.0,41.99999999999999,287.99999999999994,455.26402619946896,37.86353178711102,53.81189712657453,459.99424003253057
17.3184,-64.6331,74.3145,21.6,100.0,41.99999999999999,284.99999999999994,455.12999999999994,37.60651868737655,53.71760846106754,459.82947774861117
13.912,-65.4508,74.3145,23.4,100.0,41.99999999999999,282.0,455.1053784391979,37.53108977369099,53.73646821288897,459.80114854128107
10.4675,-66.0892,74.3145,21.3,100.0,41.99999999999999,278.99999999999994,455.07805239893787,37.367013099734464,53.75,459.76231896840585
6.9943,-66.5465,74.3145,22.3,100.0,41.99999999999999,276.0,455.10696262524687,37.04701309973447,53.77402619946894,459.76784848800696
3.502,-66.8214,74.3145,22.2,100.0,41.99999999999999,273.0,455.11896070079655,36.813531787111025,53.748365339463504,459.75797033730504
0.0,-66.9131,74.3145,20.4,100.0,41.99999999999999,270.0,455.17298690026547,36.6,53.777013099734475,459.7977546069992
-3.502,-66.8214,74.3145,21.6,100.0,41.99999999999999,266.99999999999994,455.2037437786615,36.35298690026553,53.74651868737655,459.80504159664525
-6.9943,-66.5465,74.3145,21.1,100.0,41.99999999999999,263.99999999999994,455.28217954738193,36.20108977369099,53.72755798657996,459.8684946823588
-10.4675,-66.0892,74.3145,21.4,100.0,41.99999999999999,260.99999999999994,455.3616346605365,36.01836533946351,53.70108977369099,459.92972072407434
-13.912,-65.4508,74.3145,22.7,100.0,41.99999999999999,258.0,455.52108977369096,35.80348131262345,53.699999999999996,460.0706929404593
-17.3184,-64.6331,74.3145,22.6,100.0,41.99999999999999,254.99999999999997,455.6254289136855,35.559999999999995,53.73054488684548,460.15868624488354
-20.6773,-63.6381,74.3145,21.9,100.0,41.99999999999999,252.0,455.8289607007965,35.432986900265526,53.797013099734464,460.3581829322638
-23.9795,-62.4687,74.3145,21.7,100.0,41.99999999999999,249.0,455.964026199469,35.305973800531056,53.822986900265526,460.48519942871127
-27.216,-61.1281,74.3145,21.5,100.0,41.99999999999999,245.99999999999997,456.12000000000006,35.10755798657996,53.830000000000005,460.62529666506714
-30.3779,-59.62,74.3145,22.8,100.0,41.99999999999999,242.99999999999997,456.36054488684545,34.94353178711103,53.92298690026552,460.8618945621579
-33.4565,-57.9484,74.3145,20.6,100.0,41.99999999999999,239.99999999999994,456.55782045261805,34.863531787111015,53.897013099734465,461.0481507241829
-36.4435,-56.118,74.3145,22.1,100.0,41.99999999999999,236.99999999999997,456.7894551131545,34.91701309973447,53.94054488684549,461.2866641136175
-39.3305,-54.1338,74.3145,21.7,100.0,41.99999999999999,233.99999999999997,457.0524725331382,34.830595361333074,53.98864776027096,461.5462134053995
-42.1098,-52.0012,74.3145,22.6,100.0,41.99999999999999,231.0,457.25163466053647,34.83945511315451,53.992442013420025,461.7445493201698
-44.7736,-49.7261,74.3145,21.7,100.0,41.99999999999999,228.0,457.49727556577244,34.918365339463506,54.029999999999994,461.99814965872383
-47.3147,-47.3147,74.3145,22.0,100.0,41.99999999999999,224.99999999999997,457.65054488684547,34.9194551131545,54.075428913685556,462.15532193498024
-49.7261,-44.7736,74.3145,22.3,100.0,41.99999999999999,221.99999999999997,457.9004944123579,35.01,54.02651868737656,462.4039658183732
-52.0012,-42.1098,74.3145,22.6,100.0,41.99999999999999,219.0,458.1707064039083,35.04701309973447,54.073531787111015,462.6798419790957
-54.1338,-39.3305,74.3145,21.1,100.0,41.99999999999999,215.99999999999994,458.33433913999454,35.0305448868455,54.130544886845485,462.8472981445518
-56.118,-36.4435,74.3145,23.1,100.0,41.99999999999999,212.99999999999997,458.48805239893784,35.330544886845495,54.1294551131545,463.0221803600985
-57.9484,-33.4565,74.3145,21.2,100.0,41.99999999999999,209.99999999999997,458.6777195036429,35.250544886845496,54.12760846106754,463.2036801252735
-59.62,-30.3779,74.3145,22.6,100.0,41.99999999999999,207.0,458.86914217262887,35.45646821288898,54.15353178711101,463.411971987554
-61.1281,-27.216,74.3145,22.1,100.0,41.99999999999999,204.0,459.0490111752841,35.56054488684549,54.19,463.6023113765239
-62.4687,-23.9795,74.3145,21.5,100.0,41.99999999999999,200.99999999999997,459.121947601062,35.68,54.15597380053105,463.679732862324
-63.6381,-20.6773,74.3145,22.5,100.0,41.99999999999999,197.99999999999997,459.3264682128889,35.87646821288897,54.12348131262345,463.89360482954964
-64.6331,-17.3184,74.3145,22.4,100.0,41.99999999999999,194.99999999999997,459.38298690026556,36.17,54.15651868737654,463.9762128274959
-65.4508,-13.912,74.3145,22.0,100.0,41.99999999999999,192.0,459.44168513502404,36.374076673956516,54.15950558764207,464.0506303617002
-66.0892,-10.4675,74.3145,21.7,100.0,41.99999999999999,188.99999999999997,459.53651868737643,36.50706357422205,54.16597380053104,464.1557178532713
-66.5465,-6.9943,74.3145,22.0,100.0,41.99999999999999,186.0,459.6110392992034,36.69,54.15701309973446,464.2428735194313
-66.8214,-3.502,74.3145,22.2,100.0,41.99999999999999,182.99999999999997,459.5731683720977,36.96,54.14407667395652,464.2252898393664
-66.9131,0.0,74.3145,21.1,100.0,41.99999999999999,180.0,459.68597380053103,37.23054488684549,54.12,464.355771345112
-66.8214,3.502,74.3145,21.6,100.0,41.99999999999999,176.99999999999997,459.6956913797236,37.36298690026552,54.0905448868455,464.3725966391076
-66.5465,6.9943,74.3145,22.6,100.0,41.99999999999999,173.99999999999997,459.51945511315444,37.680544886845496,54.07054488684548,464.2214739914778
-66.0892,10.4675,74.3145,20.8,100.0,41.99999999999999,170.99999999999997,459.4599999999999,37.89,54.08,464.1807730830737
-65.4508,13.912,74.3145,22.2,100.0,41.99999999999999,167.99999999999997,459.39135223972903,38.06651868737655,54.110544886845496,464.13082791985977
-64.6331,17.3184,74.3145,21.8,100.0,41.99999999999999,164.99999999999997,459.3035822615986,38.22348131262344,54.10701309973447,464.0564449165299
-63.6381,20.6773,74.3145,21.8,100.0,41.99999999999999,161.99999999999997,459.15940463866684,38.40353178711102,54.06,463.92313341959857
-62.4687,23.9795,74.3145,22.5,100.0,41.99999999999999,159.0,458.96805239893797,38.69701309973446,54.00163466053648,463.7513433853592
-61.1281,27.216,74.3145,22.1,100.0,41.99999999999999,155.99999999999997,458.874026199469,38.85999999999999,53.989999999999995,463.6705636769612
-59.62,30.3779,74.3145,22.1,100.0,41.99999999999999,152.99999999999997,458.7052169221351,38.88108977369099,53.9994551131545,463.5063713975143
-57.9484,33.4565,74.3145,22.2,100.0,41.99999999999999,150.0,458.53244201342,39.14597380053105,53.99353178711102,463.35699964328586
-56.118,36.4435,74.3145,22.2,100.0,41.99999999999999,147.0,458.43184665208685,39.11592332604347,53.9694551131545,463.25210800135835
-54.1338,39.3305,74.3145,22.9,100.0,41.99999999999999,143.99999999999997,458.1021795473819,39.3105448868455,53.8994551131545,462.9342038636348
-52.0012,42.1098,74.3145,22.1,100.0,41.99999999999999,141.0,457.968647760271,39.14646821288897,53.891089773690986,462.78718420231763
-49.7261,44.7736,74.3145,21.4,100.0,41.99999999999999,138.0,457.7820785984067,39.26597380053106,53.891039299203406,462.6126806531897
-47.3147,47.3147,74.3145,21.4,100.0,41.99999999999999,135.0,457.59602427501864,39.257013099734465,53.802986900265516,462.4175557969294
-44.7736,49.7261,74.3145,22.7,100.0,41.99999999999999,131.99999999999997,457.38373321371273,39.2394551131545,53.84049441235791,462.2103558820996
-42.1098,52.0012,74.3145,22.1,100.0,41.99999999999999,129.0,457.1837132589432,39.11,53.793531787111014,461.99597815496895
-39.3305,54.1338,74.3145,23.2,100.0,41.99999999999999,126.0,457.0095560621296,39.22999999999999,53.77298690026552,461.831420923567
-36.4435,56.118,74.3145,21.3,100.0,41.99999999999999,122.99999999999999,456.8354289136856,39.06999999999999,53.76592332604347,461.64472110255207
-33.4565,57.9484,74.3145,21.1,100.0,41.99999999999999,119.99999999999997,456.6489102263089,38.92999999999999,53.77,461.4487891531145
-30.3779,59.62,74.3145,21.5,100.0,41.99999999999999,116.99999999999999,456.4418971265745,39.01701309973447,53.73054488684548,461.2466847767782
-27.216,61.1281,74.3145,22.9,100.0,41.99999999999999,114.0,456.2996365849868,38.675923326043474,53.75407667395652,461.07991297798105
-23.9795,62.4687,74.3145,21.5,100.0,41.99999999999999,110.99999999999999,456.2089607007965,38.56,53.72701309973446,460.9773111122932
-20.6773,63.6381,74.3145,21.9,100.0,41.99999999999999,107.99999999999997,456.04727556577257,38.46999999999999,53.704026199468935,460.80709725545347
-17.3184,64.6331,74.3145,21.9,100.0,41.99999999999999,104.99999999999999,455.8905448868455,38.293531787111014,53.75701309973447,460.64346294217654
-13.912,65.4508,74.3145,22.5,100.0,41.99999999999999,102.0,455.8526739597399,37.978910226309,53.7694551131545,460.58138507910684
-10.4675,66.0892,74.3145,21.9,100.0,41.99999999999999,98.99999999999999,455.715711334493,37.8794551131545,53.74597380053106,460.43489482937736
-6.9943,66.5465,74.3145,22.0,100.0,41.99999999999999,96.0,455.6716346605365,37.721089773690984,53.75755798657997,460.379619758087
-3.502,66.8214,74.3145,22.8,100.0,41.99999999999999,93.0,455.6156103855178,37.42646821288898,53.827013099734465,460.30823617343344
0.0,66.9131,74.3145,21.6,100.0,41.99999999999999,90.0,455.6913217200108,37.332986900265524,53.8494551131545,460.3782101900669
3.502,66.8214,74.3145,21.8,100.0,41.99999999999999,86.99999999999999,455.72836533946344,37.120544886845494,53.8805448868455,460.401336819279
6.9943,66.5465,74.3145,22.2,100.0,41.99999999999999,83.99999999999999,455.7229869002654,36.87402619946894,53.925973800531054,460.38152140132013
10.4675,66.0892,74.3145,22.6,100.0,41.99999999999999,80.99999999999999,455.79189712657455,36.71348131262344,53.97999999999999,460.44323601974463
13.912,65.4508,74.3145,23.0,100.0,41.99999999999999,77.99999999999999,455.88506549867225,36.51,54.02701309973447,460.5247997548097
17.3184,64.6331,74.3145,22.2,100.0,41.99999999999999,75.0,455.89810287342533,36.31755798657997,54.10054488684549,460.53112183515947
20.6773,63.6381,74.3145,21.7,100.0,41.99999999999999,71.99999999999999,455.979505587642,36.135973800531055,54.11353178711103,460.5989496741583
23.9795,62.4687,74.3145,22.4,100.0,41.99999999999999,69.0,456.16978800844953,36.10651868737655,54.154621560802,460.78984279147187
27.216,61.1281,74.3145,21.4,100.0,41.99999999999999,65.99999999999999,456.3026739597399,35.89,54.23353178711102,460.9137645296702
30.3779,59.62,74.3145,21.9,100.0,41.99999999999999,63.0,456.42493450132764,35.78298690026553,54.21597380053104,461.0244188773363
33.4565,57.9484,74.3145,21.3,100.0,41.99999999999999,59.999999999999986,456.65039346338267,35.82054488684549,54.29103929920341,461.25937414261875
36.4435,56.118,74.3145,21.3,100.0,41.99999999999999,57.0,456.80664968472126,35.6194551131545,54.33701309973447,461.403913909861
39.3305,54.1338,74.3145,23.3,100.0,41.99999999999999,53.999999999999986,456.89701309973435,35.73298690026552,54.345973800531056,461.50320887356935
42.1098,52.0012,74.3145,20.8,100.0,41.99999999999999,51.0,457.09511597315986,35.48353178711102,54.39646821288897,461.68604248844173
44.7736,49.7261,74.3145,22.2,100.0,41.99999999999999,48.0,457.2865186873765,35.601089773690994,54.453481312623445,461.89130690386344
47.3147,47.3147,74.3145,22.6,100.0,41.99999999999999,45.0,457.47224997663886,35.48244201342003,54.41701309973447,462.0617648157232
49.7261,44.7736,74.3145,22.3,100.0,41.99999999999999,41.99999999999999,457.6696365849867,35.55353178711102,54.49244201342003,462.27153936940226
52.0012,42.1098,74.3145,21.8,100.0,41.99999999999999,38.99999999999999,457.8276084610675,35.53,54.49054488684549,462.42590698537407
54.1338,39.3305,74.3145,22.6,100.0,41.99999999999999,35.99999999999999,457.98701309973444,35.63999999999999,54.489999999999995,462.5921247362695
56.118,36.4435,74.3145,21.3,100.0,41.99999999999999,32.99999999999999,458.2119980755496,35.67810287342546,54.55244201342003,462.82516259886063
57.9484,33.4565,74.3145,22.2,100.0,41.99999999999999,29.999999999999993,458.32760846106754,35.812986900265535,54.54407667395652,462.9490501216896
59.62,30.3779,74.3145,22.7,100.0,41.99999999999999,26.999999999999993,458.43023194631985,35.90701309973446,54.56348131262344,463.0602170831069
61.1281,27.216,74.3145,22.1,100.0,41.99999999999999,24.0,458.52727556577247,36.025973800531055,54.5594551131545,463.165054131128
62.4687,23.9795,74.3145,20.8,100.0,41.99999999999999,20.999999999999996,458.5357113344929,36.2694551131545,54.53457108631443,463.18947676604523
63.6381,20.6773,74.3145,21.8,100.0,41.99999999999999,17.999999999999996,458.693037374753,36.272442013420026,54.57054488684549,463.34969186883103
64.6331,17.3184,74.3145,21.1,100.0,41.99999999999999,14.999999999999996,458.79062588105114,36.31402619946894,54.58701309973448,463.4514957299123
65.4508,13.912,74.3145,21.0,100.0,41.99999999999999,12.0,458.81945511315445,36.68,54.56592332604348,463.50636972835184
66.0892,10.4675,74.3145,22.1,100.0,41.99999999999999,8.999999999999998,458.85,36.88755798657997,54.540544886845495,463.5500894949405
66.5465,6.9943,74.3145,22.3,100.0,41.99999999999999,6.0,458.924621560802,37.00158418604891,54.5215841860489,463.6308107202961
66.8214,3.502,74.3145,21.8,100.0,41.99999999999999,3.0,458.98509601839044,37.22244201342003,54.497013099734474,463.70545930929705
66.9131,0.0,74.3145,23.0,100.0,41.99999999999999,0.0,458.9388597518214,37.50407667395652,54.4705448868455,463.67927818454194
70.7107,0.0,70.7107,21.0,100.0,45.0,0.0,459.0948840268401,37.53353178711102,54.454026199468935,463.8341508743877
70.6138,3.7007,70.7107,21.9,100.0,45.0,3.0,459.13760846106754,37.22244201342003,54.46298690026553,463.8524233362261
70.3233,7.3913,70.7107,21.9,100.0,45.0,6.0,459.16869776340997,37.0567811534146,54.474076673956525,463.871235435738
69.8401,11.0616,70.7107,22.0,100.0,45.0,8.999999999999998,459.09805239893785,36.80298690026552,54.50244201342002,463.78443025473075
69.1655,14.7016,70.7107,21.9,100.0,45.0,12.0,459.10896070079656,36.61,54.49298690026552,463.77884332629714
68.3013,18.3013,70.7107,21.8,100.0,45.0,14.999999999999996,458.9914731434735,36.37701309973447,54.531402714216625,463.64871765427574
67.2499,21.8508,70.7107,21.8,100.0,45.0,17.999999999999996,458.9866802044394,36.199999999999996,54.548910226309005,463.63217771415543
66.0141,25.3404,70.7107,22.0,100.0,45.0,20.999999999999996,458.8559233260435,36.04646821288897,54.560544886845484,463.4921351008755
64.5974,28.7606,70.7107,21.0,100.0,45.0,24.0,458.7339757249813,35.97402619946894,54.556518687376546,463.3653038119426
63.0037,32.102,70.7107,22.6,100.0,45.0,26.999999999999993,458.54031294052555,35.752986900265526,54.529455113154505,463.15327499524733
61.2372,35.3553,70.7107,21.6,100.0,45.0,29.999999999999993,458.441352239729,35.61402619946894,54.50407667395652,463.04160361635786
59.303,38.5118,70.7107,21.3,100.0,45.0,32.99999999999999,458.3316651802547,35.514884026840065,54.48135223972903,462.9227149711001
57.2061,41.5627,70.7107,21.8,100.0,45.0,35.99999999999999,458.083531787111,35.39999999999999,54.508365339463516,462.6714211906043
54.9525,44.4997,70.7107,20.2,100.0,45.0,38.99999999999999,457.9508073528835,35.29999999999999,54.467013099734466,462.5274991513093
52.5483,47.3147,70.7107,21.8,100.0,45.0,41.99999999999999,457.7770130997344,35.32592332604348,54.39999999999999,462.34951560626934
50.0,50.0,70.7107,20.9,100.0,45.0,45.0,457.5329869002655,35.37353178711103,54.419999999999995,462.11390073549217
47.3147,52.5483,70.7107,21.5,100.0,45.0,48.0,457.3699495255124,35.33646821288898,54.3794551131545,461.94486884598456
44.4997,54.9525,70.7107,21.3,100.0,45.0,51.0,457.0495255424115,35.51701309973447,54.34,461.6368297894679
41.5627,57.2061,70.7107,22.5,100.0,45.0,53.999999999999986,456.9595560621296,35.34810287342547,54.364571086314434,461.5376808481056
38.5118,59.303,70.7107,21.8,100.0,45.0,57.0,456.7524420134199,35.43597380053106,54.28592332604348,461.3301019831413
35.3553,61.2372,70.7107,22.1,100.0,45.0,59.999999999999986,456.54986900265527,35.529455113154505,54.29298690026553,461.1375646090131
32.102,63.0037,70.7107,20.9,100.0,45.0,63.0,456.5145511315449,35.67298690026553,54.21108977369098,461.10404427165207
28.7606,64.5974,70.7107,22.5,100.0,45.0,65.99999999999999,456.2743590947639,35.73701309973446,54.208910226309,460.87094811948407
25.3404,66.0141,70.7107,21.2,100.0,45.0,69.0,456.1022905899572,35.97103929920341,54.124621560802005,460.70889920726586
21.8508,67.2499,70.7107,21.7,100.0,45.0,71.99999999999999,455.94711404870964,36.037013099734466,54.08407667395652,460.5556692433303
18.3013,68.3013,70.7107,21.4,100.0,45.0,75.0,455.93527749022275,36.203531787111025,54.067013099734474,460.5550074415364
14.7016,69.1655,70.7107,21.2,100.0,45.0,77.99999999999999,455.83288595129034,36.449999999999996,54.025973800531055,460.46827063303476
11.0616,69.8401,70.7107,21.4,100.0,45.0,80.99999999999999,455.61277490871504,36.694026199468944,53.96755798657996,460.26291348943334
7.3913,70.3233,70.7107,21.3,100.0,45.0,83.99999999999999,455.5262562213384,36.86407667395652,53.91054488684549,460.18417737472066
3.7007,70.6138,70.7107,21.8,100.0,45.0,86.99999999999999,455.5508578273711,37.14298690026553,53.86999999999999,460.2262079055548
0.0,70.7107,70.7107,22.2,100.0,45.0,90.0,455.51148370842236,37.32108977369099,53.80457108631444,460.1939888806964
-3.7007,70.6138,70.7107,21.2,100.0,45.0,93.0,455.6270130997344,37.5905448868455,53.7605448868455,460.3251245778423
-7.3913,70.3233,70.7107,21.6,100.0,45.0,96.0,455.5591421726289,37.83353178711102,53.77298690026552,460.2793089687217
-11.0616,69.8401,70.7107,22.2,100.0,45.0,98.99999999999999,455.667870455757,38.05189712657454,53.74750751209238,460.4019435280203
-14.7016,69.1655,70.7107,21.5,100.0,45.0,102.0,455.7394551131544,38.17646821288897,53.73701309973446,460.4818783067642
-18.3013,68.3013,70.7107,22.4,100.0,45.0,104.99999999999999,455.76331979556045,38.35755798657996,53.71189712657453,460.5176151014203
-21.8508,67.2499,70.7107,20.9,100.0,45.0,107.99999999999997,455.8455803371483,38.561897126574536,53.71787092710559,460.6167850609151
-25.3404,66.0141,70.7107,21.3,100.0,45.0,110.99999999999999,455.9791421726288,38.771089773690996,53.729455113154486,460.76786980591703
-28.7606,64.5974,70.7107,21.6,100.0,45.0,114.0,456.22239153893247,38.91108977369098,53.7694551131545,461.02505111115687
-32.102,63.0037,70.7107,20.6,100.0,45.0,116.99999999999999,456.34750751209236,39.098597285783384,53.76945511315451,461.16472352661646
-35.3553,61.2372,70.7107,21.4,100.0,45.0,119.99999999999997,456.5302824208074,39.21402619946894,53.773531787111025,461.35586193182183
-38.5118,59.303,70.7107,21.3,100.0,45.0,122.99999999999999,456.7205448868456,39.359455113154496,53.76054488684549,461.55500107253965
-41.5627,57.2061,70.7107,21.3,100.0,45.0,126.0,457.00054488684543,39.31968705947437,53.81566086000542,461.8351017096121
-44.4997,54.9525,70.7107,22.0,100.0,45.0,129.0,457.23592332604346,39.48298690026552,53.791089773691,462.0790810818288
-47.3147,52.5483,70.7107,20.9,100.0,45.0,131.99999999999997,457.3988597518215,39.517557986579966,53.86755798657996,462.2521693782807
-50.0,50.0,70.7107,21.4,100.0,45.0,135.0,457.60452061182673,39.7105448868455,53.83651868737655,462.46858855922983
-52.5483,47.3147,70.7107,21.4,100.0,45.0,138.0,457.7513721944984,39.470544886845495,53.86701309973446,462.5969063449275
-54.9525,44.4997,70.7107,21.2,100.0,45.0,141.0,458.05059536133297,39.440544886845494,53.92244201342003,462.89689375122566
-57.2061,41.5627,70.7107,22.2,100.0,45.0,143.99999999999997,458.2669121507593,39.39646821288897,53.95810287342546,463.1113487548541
-59.303,38.5118,70.7107,21.6,100.0,45.0,147.0,458.4955298626607,39.32999999999999,53.92896070079659,463.32853636087435
-61.2372,35.3553,70.7107,21.8,100.0,45.0,150.0,458.6520485500372,39.16353178711102,53.992442013420025,463.4767174904887
-63.0037,32.102,70.7107,22.0,100.0,45.0,152.99999999999997,458.84506549867234,39.08701309973447,54.019999999999996,463.6644790422701
-64.5974,28.7606,70.7107,22.2,100.0,45.0,155.99999999999997,458.99249248790755,39.05810287342546,54.05462156080201,463.81197232543974
-66.0141,25.3404,70.7107,21.3,100.0,45.0,159.0,459.231089773691,38.77592332604348,54.092442013420026,464.0288335087533
-67.2499,21.8508,70.7107,21.4,100.0,45.0,161.99999999999997,459.3359233260433,38.53353178711102,54.09,464.1121110569913
-68.3013,18.3013,70.7107,22.0,100.0,45.0,164.99999999999997,459.50696262524684,38.34298690026553,54.108910226309,464.26781873331765
-69.1655,14.7016,70.7107,22.1,100.0,45.0,167.99999999999997,459.6178709271055,38.239999999999995,54.115428913685555,464.36985746501415
-69.8401,11.0616,70.7107,22.4,100.0,45.0,170.99999999999997,459.72885975182135,37.98646821288897,54.11293642577795,464.4586161808379
-70.3233,7.3913,70.7107,20.8,100.0,45.0,173.99999999999997,459.828910226309,37.638910226309,54.12244201342003,464.5304650638482
-70.6138,3.7007,70.7107,21.6,100.0,45.0,176.99999999999997,459.81244201342014,37.49,54.13950558764208,464.5041097725823
-70.7107,0.0,70.7107,21.8,100.0,45.0,180.0,459.838910226309,37.334026199468944,54.190544886845494,464.5237001763369
-70.6138,-3.7007,70.7107,21.6,100.0,45.0,182.99999999999997,459.90732604026,37.0094551131545,54.22054488684548,464.5689569925018
-70.3233,-7.3913,70.7107,22.2,100.0,45.0,186.0,459.86016151706286,36.80348131262345,54.203531787111025,464.50391521000563
-69.8401,-11.0616,70.7107,22.3,100.0,45.0,188.99999999999997,459.7676084610674,36.55189712657454,54.24945511315449,464.3977803065334
-69.1655,-14.7016,70.7107,22.2,100.0,45.0,192.0,459.7090717433719,36.41646821288897,54.26701309973448,464.3312379229075
-68.3013,-18.3013,70.7107,21.3,100.0,45.0,194.99999999999997,459.63,36.01,54.26701309973448,464.2212465094276
-67.2499,-21.8508,70.7107,21.6,100.0,45.0,197.99999999999997,459.5871746167973,35.883531787111025,54.22054488684548,464.16362030386824
-66.0141,-25.3404,70.7107,21.1,100.0,45.0,200.99999999999997,459.37080735288356,35.67298690026553,54.217013099734466,463.9327377453367
-64.5974,-28.7606,70.7107,21.4,100.0,45.0,204.0,459.18792140159314,35.502986900265526,54.21407667395651,463.73826168385733
-63.0037,-32.102,70.7107,22.0,100.0,45.0,207.0,458.96353178711104,35.336468212888974,54.230544886845486,463.5052766635814
-61.2372,-35.3553,70.7107,21.7,100.0,45.0,209.99999999999997,458.78194760106203,35.17701309973447,54.262986900265524,463.3171370050766
-59.303,-38.5118,70.7107,21.8,100.0,45.0,212.99999999999997,458.5951159731599,35.09646821288897,54.209999999999994,463.1198188109145
-57.2061,-41.5627,70.7107,21.5,100.0,45.0,215.99999999999994,458.3809083018587,35.01592332604347,54.1805448868455,462.8981566459817
-54.9525,-44.4997,70.7107,21.9,100.0,45.0,219.0,458.1734813126234,34.7894551131545,54.14353178711102,462.6713382084316
-52.5483,-47.3147,70.7107,21.3,100.0,45.0,221.99999999999997,457.90108977369084,34.67701309973447,54.172442013420024,462.39653624043314
-50.0,-50.0,70.7107,21.4,100.0,45.0,224.99999999999997,457.67815334791305,34.692936425777944,54.10542891368555,462.16911334243525
-47.3147,-52.5483,70.7107,21.3,100.0,45.0,228.0,457.4401615170628,34.66701309973446,54.068910226309,461.92721311812136
-44.4997,-54.9525,70.7107,21.7,100.0,45.0,231.0,457.1771440970791,34.51194760106212,54.08103929920342,461.6565546200572
-41.5627,-57.2061,70.7107,20.1,100.0,45.0,233.99999999999997,456.91782045261795,34.599455113154505,54.008910226309,461.3978536199876
-38.5118,-59.303,70.7107,22.2,100.0,45.0,236.99999999999997,456.6669121507593,34.62348131262345,54.029455113154505,461.15359277722126
-35.3553,-61.2372,70.7107,21.0,100.0,45.0,239.99999999999994,456.3881838676312,34.7694551131545,53.91298690026552,460.87492830416437
-32.102,-63.0037,70.7107,21.4,100.0,45.0,242.99999999999997,456.18516644764753,34.82353178711102,53.97592332604347,460.68534245392993
-28.7606,-64.5974,70.7107,21.7,100.0,45.0,245.99999999999997,455.98326932107295,34.92999999999999,53.85646821288897,460.4794957097439
-25.3404,-66.0141,70.7107,20.8,100.0,45.0,249.0,455.7710897736909,35.17646821288897,53.836468212888974,460.2858193547436
-21.8508,-67.2499,70.7107,21.9,100.0,45.0,252.0,455.5581028734254,35.20701309973447,53.82054488684549,460.07539590479763
-18.3013,-68.3013,70.7107,21.7,100.0,45.0,254.99999999999997,455.3937132589433,35.36999999999999,53.7494551131545,459.9168130224527
-14.7016,-69.1655,70.7107,21.5,100.0,45.0,258.0,455.21298690026555,35.652986900265525,53.72701309973446,459.7570998409822
-11.0616,-69.8401,70.7107,22.8,100.0,45.0,260.99999999999994,455.0444400889697,35.92407667395652,53.73402619946894,459.6121487867411
-7.3913,-70.3233,70.7107,21.9,100.0,45.0,263.99999999999994,454.9894551131544,36.07755798657996,53.75,459.57160155349044
-3.7007,-70.6138,70.7107,22.9,100.0,45.0,266.99999999999994,454.8799999999999,36.35298690026553,53.76293642577795,459.4864605074811
0.0,-70.7107,70.7107,21.3,100.0,45.0,270.0,454.80140271421664,36.59407667395652,53.773531787111025,459.42903160259465
3.7007,-70.6138,70.7107,22.6,100.0,45.0,273.0,454.705973800531,36.817013099734474,53.74701309973447,459.3492750409194
7.3913,-70.3233,70.7107,22.4,100.0,45.0,276.0,454.68280542843326,37.056518687376546,53.76891022630901,459.34816298361665
11.0616,-69.8401,70.7107,20.1,100.0,45.0,278.99999999999994,454.7232188465854,37.36755798657996,53.74353178711102,459.4103909981055
14.7016,-69.1655,70.7107,22.3,100.0,45.0,282.0,454.7792231668346,37.63542891368556,53.74646821288896,459.4880305068955
18.3013,-68.3013,70.7107,22.6,100.0,45.0,284.99999999999994,454.84319889181603,37.793531787111014,53.76298690026553,459.5662578818441
21.8508,-67.2499,70.7107,21.3,100.0,45.0,287.99999999999994,454.910857827371,38.03651868737656,53.86701309973447,459.6654440170336
25.3404,-66.0141,70.7107,21.6,100.0,45.0,291.0,455.02641773840134,38.24891022630901,53.85646821288897,459.7961930482986
28.7606,-64.5974,70.7107,21.0,100.0,45.0,294.0,455.1053784391979,38.40592332604347,53.80999999999999,459.88198108950894
32.102,-63.0037,70.7107,22.1,100.0,45.0,296.99999999999994,455.26,38.61,53.94701309973447,460.0681253057887
35.3553,-61.2372,70.7107,21.9,100.0,45.0,300.0,455.41945511315447,38.730544886845486,53.887557986579964,460.2290778607448
38.5118,-59.303,70.7107,22.0,100.0,45.0,303.0,455.5704944123579,38.834076673956524,53.95054488684549,460.3946374403447
41.5627,-57.2061,70.7107,21.3,100.0,45.0,305.99999999999994,455.6949345013277,38.92,53.92298690026553,460.52179996870456
44.4997,-54.9525,70.7107,22.0,100.0,45.0,309.0,455.93999999999994,39.10298690026553,53.999999999999986,460.7888097431645
47.3147,-52.5483,70.7107,21.5,100.0,45.0,311.99999999999994,456.15760846106747,39.119455113154494,53.98597380053104,461.00388381494383
50.0,-50.0,70.7107,21.3,100.0,45.0,314.99999999999994,456.42260353048283,39.25298690026552,54.01108977369098,461.28037874234195
52.5483,-47.3147,70.7107,21.6,100.0,45.0,318.0,456.680595361333,39.259455113154495,54.10999999999999,461.54779069492184
54.9525,-44.4997,70.7107,21.6,100.0,45.0,321.0,456.8951664476475,39.232986900265516,54.06054488684549,461.7520578165327
57.2061,-41.5627,70.7107,21.8,100.0,45.0,323.99999999999994,457.1680523989379,39.24298690026553,54.110544886845496,462.02877748365825
59.303,-38.5118,70.7107,22.5,100.0,45.0,327.0,457.3443590947639,39.14597380053105,54.18701309973447,462.2039619575572
61.2372,-35.3553,70.7107,21.9,100.0,45.0,329.99999999999994,457.62615527236335,39.05701309973446,54.19701309973448,462.4764474982167
63.0037,-32.102,70.7107,22.3,100.0,45.0,332.99999999999994,457.78549934294244,39.043531787111014,54.20646821288897,462.63409080956546
64.5974,-28.7606,70.7107,22.2,100.0,45.0,335.99999999999994,458.02516644764745,38.86348131262344,54.238910226308995,462.8598952833021
66.0141,-25.3404,70.7107,21.4,100.0,45.0,339.0,458.2690916981412,38.65,54.268910226309,463.08692221114444
67.2499,-21.8508,70.7107,22.6,100.0,45.0,341.99999999999994,458.4323915389324,38.59,54.31651868737656,463.2491013638571
68.3013,-18.3013,70.7107,22.2,100.0,45.0,345.0,458.5461857920814,38.3205448868455,54.38646821288897,463.34755485441207
69.1655,-14.7016,70.7107,22.3,100.0,45.0,347.99999999999994,458.69750751209233,38.238910226309,54.42701309973447,463.4953261987227
69.8401,-11.0616,70.7107,22.2,100.0,45.0,351.0,458.8443896144821,38.040544886845495,54.456468212888964,463.62782904631183
70.3233,-7.3913,70.7107,22.5,100.0,45.0,353.99999999999994,458.9248335523524,37.80298690026552,54.44592332604347,463.6867770774377
70.6138,-3.7007,70.7107,22.2,100.0,45.0,356.99999999999994,458.93815334791304,37.65,54.449999999999996,463.68799164782405
74.2126,-3.8893,66.9131,20.9,100.0,48.0,356.99999999999994,459.14265400497044,37.69646821288897,54.497013099734474,463.8996926914761
73.9074,-7.768,66.9131,21.6,100.0,48.0,353.99999999999994,459.0196870594743,37.877557986579966,54.47755798657996,463.7904557355462
73.3995,-11.6253,66.9131,22.2,100.0,48.0,351.0,458.95999999999987,38.14999999999999,54.45701309973447,463.7513022900793
72.6905,-15.4508,66.9131,20.5,100.0,48.0,347.99999999999994,458.8729364257779,38.499455113154504,54.456468212888964,463.6939580782212
71.7823,-19.234,66.9131,22.5,100.0,48.0,345.0,458.71887970659077,38.487557986579965,54.40999999999998,463.5350588887965
70.6773,-22.9644,66.9131,22.2,100.0,48.0,341.99999999999994,458.5329364257779,38.66353178711102,54.35407667395651,463.3591351517501
69.3785,-26.6319,66.9131,20.5,100.0,48.0,339.0,458.28638769003186,38.88999999999999,54.34,463.13246576112346
67.8897,-30.2264,66.9131,20.6,100.0,48.0,335.99999999999994,458.15402619946883,39.14,54.28,463.0155177991161
66.2147,-33.7381,66.9131,21.8,100.0,48.0,332.99999999999994,457.84293642577796,39.259455113154495,54.186518687376555,462.70685974839205
64.3582,-37.1572,66.9131,20.3,100.0,48.0,329.99999999999994,457.6099999999999,39.52108977369099,54.19,462.4990645794865
62.3254,-40.4746,66.9131,22.2,100.0,48.0,327.0,457.40999999999997,39.37,54.14353178711102,462.28284311055916
60.1217,-43.681,66.9131,21.2,100.0,48.0,323.99999999999994,457.11864776027085,39.49646821288898,54.14353178711102,462.0053583735282
57.7532,-46.7676,66.9131,22.3,100.0,48.0,321.0,456.85782045261794,39.509455113154495,54.11945511315451,461.7455799179886
55.2264,-49.7261,66.9131,23.2,100.0,48.0,318.0,456.6045710863144,39.5205448868455,54.03402619946894,461.4859518906239
52.5483,-52.5483,66.9131,22.1,100.0,48.0,314.99999999999994,456.37,39.439455113154494,54.00999999999999,461.2441084931303
49.7261,-55.2264,66.9131,22.1,100.0,48.0,311.99999999999994,456.1601009489751,39.41810287342546,54.025378439197986,461.0364042539566
46.7676,-57.7532,66.9131,21.9,100.0,48.0,309.0,455.9650654986723,39.33805239893788,53.95194760106211,460.8279895706183
43.681,-60.1217,66.9131,21.8,100.0,48.0,305.99999999999994,455.66909169814124,39.245973800531054,53.93597380053106,460.5254139115154
40.4746,-62.3254,66.9131,21.3,100.0,48.0,303.0,455.57334984393003,39.20407667395652,53.93,460.42641281303287
37.1572,-64.3582,66.9131,21.3,100.0,48.0,300.0,455.3261353175939,38.92999999999999,53.8805448868455,460.15274368470216
33.7381,-66.2147,66.9131,22.3,100.0,48.0,296.99999999999994,455.15753803181053,38.77298690026553,53.855973800531046,459.969776022676
30.2264,-67.8897,66.9131,21.8,100.0,48.0,294.0,454.88789088187497,38.5994551131545,53.86054488684549,459.68888337820493
26.6319,-69.3785,66.9131,21.3,100.0,48.0,291.0,454.7377904042484,38.437013099734465,53.78298690026553,459.51765110568
22.9644,-70.6773,66.9131,21.6,100.0,48.0,287.99999999999994,454.62194760106206,38.20597380053106,53.830000000000005,459.38924734328475
19.234,-71.7823,66.9131,21.4,100.0,48.0,284.99999999999994,454.5464177384014,37.93054488684549,53.797870927105585,459.2879086482854
15.4508,-72.6905,66.9131,22.1,100.0,48.0,282.0,454.4859738005311,37.52,53.72999999999999,459.1864149573864
11.6253,-73.3995,66.9131,20.8,100.0,48.0,278.99999999999994,454.50191708134383,37.3205448868455,53.73542891368555,459.18657648259443
7.768,-73.9074,66.9131,21.4,100.0,48.0,276.0,454.46542891368546,37.17402619946893,53.74353178711103,459.1395229236219
3.8893,-74.2126,66.9131,22.1,100.0,48.0,273.0,454.495973800531,36.88298690026553,53.726518687376554,459.1442951119431
0.0,-74.3145,66.9131,21.1,100.0,48.0,270.0,454.52792140159306,36.66701309973447,53.744026199468934,459.16067071934424
-3.8893,-74.2126,66.9131,22.6,100.0,48.0,266.99999999999994,454.57877922896427,36.328960700796586,53.71457108631443,459.18069978809234
-7.768,-73.9074,66.9131,21.6,100.0,48.0,263.99999999999994,454.71234106444484,36.0794551131545,53.72353178711102,459.29430441194336
-11.6253,-73.3995,66.9131,21.5,100.0,48.0,260.99999999999994,454.8440261994689,35.739999999999995,53.7494551131545,459.4011751120192
-15.4508,-72.6905,66.9131,22.1,100.0,48.0,258.0,455.0390107039355,35.52244201342003,53.741584186048904,459.57643871269045
-19.234,-71.7823,66.9131,22.6,100.0,48.0,254.99999999999997,455.15374377866146,35.324026199468946,53.779999999999994,459.6792421925012
-22.9644,-70.6773,66.9131,22.3,100.0,48.0,252.0,455.3794046386669,35.17646821288897,53.853531787111024,459.8999771373603
-26.6319,-69.3785,66.9131,21.5,100.0,48.0,249.0,455.55306742312257,34.99353178711102,53.84701309973447,460.0572196209017
-30.2264,-67.8897,66.9131,21.0,100.0,48.0,245.99999999999997,455.755973800531,34.85542891368556,53.88999999999999,460.2526922024762
-33.7381,-66.2147,66.9131,22.6,100.0,48.0,242.99999999999997,456.0304944123579,34.7694551131545,53.936468212888975,460.5234732846147
-37.1572,-64.3582,66.9131,22.2,100.0,48.0,239.99999999999994,456.2441271484441,34.59298690026553,53.96841581395108,460.7254803086053
-40.4746,-62.3254,66.9131,21.4,100.0,48.0,236.99999999999997,456.569667104705,34.48462156080201,54.02298690026553,461.0461290998105
-43.681,-60.1217,66.9131,22.2,100.0,48.0,233.99999999999997,456.72244201342005,34.46755798657996,54.03108977369099,461.19709480263725
-46.7676,-57.7532,66.9131,21.0,100.0,48.0,231.0,457.03592332604336,34.50353178711102,54.09407667395652,461.517603182675
-49.7261,-55.2264,66.9131,22.4,100.0,48.0,228.0,457.3704944123579,34.46054488684549,54.154621560802,461.85281351237506
-52.5483,-52.5483,66.9131,23.0,100.0,48.0,224.99999999999997,457.66976805368006,34.399455113154495,54.147557986579955,462.14380569071926
-55.2264,-49.7261,66.9131,21.2,100.0,48.0,221.99999999999997,457.8951669189961,34.572986900265526,54.211039299203414,462.3874047731848
-57.7532,-46.7676,66.9131,21.2,100.0,48.0,219.0,458.1471746167973,34.67244201342003,54.24945511315449,462.6489114054007
-60.1217,-43.681,66.9131,21.6,100.0,48.0,215.99999999999994,458.3475075120923,34.67701309973447,54.265115973159936,462.84947411836515
-62.3254,-40.4746,66.9131,22.3,100.0,48.0,212.99999999999997,458.55732604026,34.951897126574536,54.25701309973446,463.07696968046764
-64.3582,-37.1572,66.9131,22.6,100.0,48.0,209.99999999999997,458.79896070079656,35.02103929920341,54.25103929920341,463.3207687971381
-66.2147,-33.7381,66.9131,20.9,100.0,48.0,207.0,459.02462156080196,35.230544886845486,54.254026199468946,463.5604532862075
-67.8897,-30.2264,66.9131,21.8,100.0,48.0,204.0,459.23103929920336,35.33701309973448,54.31646821288898,463.7802611903174
-69.3785,-26.6319,66.9131,22.2,100.0,48.0,200.99999999999997,459.36488402684006,35.58407667395652,54.31217954738199,463.931175970011
-70.6773,-22.9644,66.9131,21.3,100.0,48.0,197.99999999999997,459.57023194631984,35.684621560802015,54.313481312623445,464.1423753110984
-71.7823,-19.234,66.9131,21.6,100.0,48.0,194.99999999999997,459.6456103855178,35.97402619946894,54.32402619946894,464.240581520181
-72.6905,-15.4508,66.9131,22.4,100.0,48.0,192.0,459.788314864976,36.19054488684549,54.321634660536475,464.398417329101
-73.3995,-11.6253,66.9131,22.6,100.0,48.0,188.99999999999997,459.83836533946345,36.54646821288897,54.29945511315449,464.47324724088367
-73.9074,-7.768,66.9131,21.7,100.0,48.0,186.0,459.88727556577254,36.79163466053648,54.269999999999996,464.53758029712
-74.2126,-3.8893,66.9131,20.5,100.0,48.0,182.99999999999997,459.85033289529497,37.065973800531054,54.27353178711102,464.5232301299277
-74.3145,0.0,66.9131,21.1,100.0,48.0,180.0,459.92,37.370544886845494,54.27298690026553,464.61653127306624
-74.2126,3.8893,66.9131,21.6,100.0,48.0,176.99999999999997,459.9129869002656,37.49810287342546,54.26348131262345,464.61875623224176
-73.9074,7.768,66.9131,21.8,100.0,48.0,173.99999999999997,459.8697375339619,37.78701309973447,54.21706357422203,464.59393435683785
-73.3995,11.6253,66.9131,21.7,100.0,48.0,170.99999999999997,459.76298690026545,38.042986900265525,54.19,464.5060054248464
-72.6905,15.4508,66.9131,21.8,100.0,48.0,167.99999999999997,459.697063574222,38.259455113154495,54.18108977369099,464.4574971441225
-71.7823,19.234,66.9131,22.3,100.0,48.0,164.99999999999997,459.5651664476475,38.53353178711102,54.16646821288896,464.3479100445055
-70.6773,22.9644,66.9131,21.6,100.0,48.0,161.99999999999997,459.43452061182677,38.69353178711102,54.1494551131545,464.22993399933915
-69.3785,26.6319,66.9131,21.7,100.0,48.0,159.0,459.21755798657995,39.03293642577795,54.112986900265525,464.0393852254839
-67.8897,30.2264,66.9131,21.7,100.0,48.0,155.99999999999997,459.1224220586506,39.04407667395651,54.11293642577795,463.9461695595123
-66.2147,33.7381,66.9131,22.5,100.0,48.0,152.99999999999997,458.9353279647104,39.239999999999995,54.05755798657996,463.7710991745268
-64.3582,37.1572,66.9131,22.0,100.0,48.0,150.0,458.6727749087151,39.45646821288897,54.06646821288897,463.5307005057064
-62.3254,40.4746,66.9131,21.4,100.0,48.0,147.0,458.47467203528953,39.55701309973447,54.042936425777945,463.34050239619626
-60.1217,43.681,66.9131,21.7,100.0,48.0,143.99999999999997,458.14495445609697,39.71,53.96,463.0176724419697
-57.7532,46.7676,66.9131,20.6,100.0,48.0,141.0,458.01668020443935,39.647013099734465,53.96298690026552,462.88569749823165
-55.2264,49.7261,66.9131,21.8,100.0,48.0,138.0,457.78542891368556,39.796518687376555,53.92701309973447,462.66552126474767
-52.5483,52.5483,66.9131,21.7,100.0,48.0,135.0,457.51462156080197,39.7194551131545,53.910544886845486,462.38902550385683
-49.7261,55.2264,66.9131,21.0,100.0,48.0,131.99999999999997,457.3372755657724,39.8194551131545,53.85782045261801,462.2160073508253
-46.7676,57.7532,66.9131,21.4,100.0,48.0,129.0,457.0261047978758,39.72945511315449,53.898910226309006,461.90516623425077
-43.681,60.1217,66.9131,22.2,100.0,48.0,126.0,456.8497175791925,39.60348131262345,53.82353178711102,461.71102733019643
-40.4746,62.3254,66.9131,21.9,100.0,48.0,122.99999999999999,456.6499999999999,39.59189712657454,53.798910226309005,461.5095487198717
-37.1572,64.3582,66.9131,22.7,100.0,48.0,119.99999999999997,456.4727549539455,39.47239153893244,53.81994952551242,461.32638410996645
-33.7381,66.2147,66.9131,21.8,100.0,48.0,116.99999999999999,456.18272443422745,39.351089773690994,53.73108977369098,461.0186724492619
-30.2264,67.8897,66.9131,21.3,100.0,48.0,114.0,456.0110392992034,39.15239153893245,53.74298690026553,460.83325223655424
-26.6319,69.3785,66.9131,21.8,100.0,48.0,110.99999999999999,455.79407667395657,38.859455113154496,53.77054488684549,460.59697033326665
-22.9644,70.6773,66.9131,22.3,100.0,48.0,107.99999999999997,455.7418971265745,38.65,53.75,460.5253107013003
-19.234,71.7823,66.9131,21.8,100.0,48.0,104.99999999999999,455.53760846106746,38.51353178711102,53.75,460.31170673049974
-15.4508,72.6905,66.9131,22.2,100.0,48.0,102.0,455.4435822615986,38.239455113154506,53.77298690026552,460.1984861674412
-11.6253,73.3995,66.9131,21.6,100.0,48.0,98.99999999999999,455.3465691618641,38.0205448868455,53.78108977369099,460.08528067980916
-7.768,73.9074,66.9131,21.9,100.0,48.0,96.0,455.27244201342,37.82298690026552,53.7805448868455,459.9955671560831
-3.8893,74.2126,66.9131,21.3,100.0,48.0,93.0,455.21755798658,37.58945511315451,53.789455113154496,459.92314327106794
0.0,74.3145,66.9131,21.4,100.0,48.0,90.0,455.17909169814124,37.28701309973447,53.85194760106212,459.8677626508214
3.8893,74.2126,66.9131,22.4,100.0,48.0,86.99999999999999,455.19864776027094,37.088102873425456,53.89646821288897,459.87625029278473
7.768,73.9074,66.9131,22.1,100.0,48.0,83.99999999999999,455.2352169221351,36.88755798657997,53.937013099734465,459.9010720170998
11.6253,73.3995,66.9131,21.2,100.0,48.0,80.99999999999999,455.352179547382,36.60755798657996,54.00646821288897,460.0026296980505
15.4508,72.6905,66.9131,23.0,100.0,48.0,77.99999999999999,455.448748709246,36.37542891368555,54.06244201342003,460.08638554724365
19.234,71.7823,66.9131,20.7,100.0,48.0,75.0,455.5722300218696,36.13701309973447,54.08054488684549,460.1919662685646
22.9644,70.6773,66.9131,22.8,100.0,48.0,71.99999999999999,455.796468212889,35.889949525512414,54.116468212888975,460.3988499596014
26.6319,69.3785,66.9131,21.6,100.0,48.0,69.0,455.878415813951,35.71407667395652,54.207557986579964,460.47701855855877
30.2264,67.8897,66.9131,21.6,100.0,48.0,65.99999999999999,456.1145206118268,35.593531787111026,54.20054488684549,460.7006126369571
33.7381,66.2147,66.9131,21.1,100.0,48.0,63.0,456.24184665208696,35.52,54.24244201342003,460.82592760399854
37.1572,64.3582,66.9131,20.5,100.0,48.0,59.999999999999986,456.5316346605363,35.3094551131545,54.31108977369099,461.1047446498628
40.4746,62.3254,66.9131,20.9,100.0,48.0,57.0,456.6845710863144,35.41706357422205,54.34054488684549,461.2678838582963
43.681,60.1217,66.9131,21.5,100.0,48.0,53.999999999999986,456.8994046386669,35.33,54.38298690026552,461.4789097275874
46.7676,57.7532,66.9131,21.8,100.0,48.0,51.0,457.11158418604884,35.12646821288897,54.43701309973447,461.67982147957366
49.7261,55.2264,66.9131,21.3,100.0,48.0,48.0,457.3167811534145,35.18,54.39597380053105,461.8822281601968
52.5483,52.5483,66.9131,21.3,100.0,48.0,45.0,457.56,35.09298690026554,54.51701309973447,462.13069152232123
55.2264,49.7261,66.9131,23.0,100.0,48.0,41.99999999999999,457.8135623068292,35.20085782737112,54.53511597315992,462.3920815693731
57.7532,46.7676,66.9131,21.8,100.0,48.0,38.99999999999999,458.0022100671002,35.162442013420026,54.546518687376555,462.5772848461191
60.1217,43.681,66.9131,21.4,100.0,48.0,35.99999999999999,458.1432693210729,35.26945511315451,54.578365339463495,462.7288489507737
62.3254,40.4746,66.9131,21.0,100.0,48.0,32.99999999999999,458.2546215608019,35.29402619946894,54.624026199468936,462.84635755879384
64.3582,37.1572,66.9131,21.8,100.0,48.0,29.999999999999993,458.49082730765286,35.63407667395652,54.66244201342003,463.11079528826775
66.2147,33.7381,66.9131,21.5,100.0,48.0,26.999999999999993,458.6501009489751,35.56054488684549,54.62701309973447,463.2586513097763
67.8897,30.2264,66.9131,21.8,100.0,48.0,24.0,458.74488402683994,35.808910226309,54.665923326043476,463.37620768171035
69.3785,26.6319,66.9131,22.1,100.0,48.0,20.999999999999996,458.97229058995725,35.921089773690994,54.63402619946894,463.606260784608
70.6773,22.9644,66.9131,21.4,100.0,48.0,17.999999999999996,459.0181838676312,36.1494551131545,54.61407667395652,463.6670935025099
71.7823,19.234,66.9131,21.4,100.0,48.0,14.999999999999996,459.1594551131545,36.32592332604348,54.64293642577794,463.82413523503726
72.6905,15.4508,66.9131,21.7,100.0,48.0,12.0,459.155711334493,36.64353178711102,54.637557986579964,463.8447783641141
73.3995,11.6253,66.9131,21.7,100.0,48.0,8.999999999999998,459.1759233260434,36.87646821288898,54.61054488684549,463.8800643302306
73.9074,7.768,66.9131,21.4,100.0,48.0,6.0,459.2283653394635,37.00755798657996,54.59244201342003,463.94028236991284
74.2126,3.8893,66.9131,20.1,100.0,48.0,3.0,459.1568515826715,37.27298690026553,54.56348131262344,463.8873391252792
74.3145,0.0,66.9131,21.6,100.0,48.0,0.0,459.1383852942329,37.54054488684549,54.554884026840064,463.8896255923155
77.7146,0.0,62.932,21.7,100.0,51.0,0.0,459.3081028734254,37.58,54.5605448868455,464.0614644888483
77.6081,4.0673,62.932,22.0,100.0,51.0,3.0,459.37397572498134,37.19945511315451,54.609999999999985,464.10182194653294
77.2889,8.1234,62.932,21.8,100.0,51.0,6.0,459.35,36.99701309973447,54.62457108631443,464.0636219794283
76.7578,12.1572,62.932,20.5,100.0,51.0,8.999999999999998,459.33435909476395,36.77,54.63999999999999,464.0319126364021
76.0163,16.1578,62.932,21.6,100.0,51.0,12.0,459.3297375339619,36.542986900265525,54.62353178711102,464.00746534889805
75.0665,20.114,62.932,21.8,100.0,51.0,14.999999999999996,459.17620574685094,36.314026199468934,54.5916346605365,463.83374499684646
73.911,24.0151,62.932,21.8,100.0,51.0,17.999999999999996,459.11095877634625,36.129455113154506,54.62293642577794,463.75842329717733
72.5528,27.8504,62.932,21.8,100.0,51.0,20.999999999999996,459.0688597518213,35.87646821288897,54.595973800531056,463.693928492164
70.9958,31.6094,62.932,21.8,100.0,51.0,24.0,458.8570130997344,35.79353178711102,54.54353178711103,463.4716088914361
69.2442,35.2817,62.932,21.6,100.0,51.0,26.999999999999993,458.7117961775994,35.51945511315451,54.561897126574536,463.3089080322823
67.3028,38.8573,62.932,21.1,100.0,51.0,29.999999999999993,458.56321884658536,35.297013099734464,54.556518687376546,463.14416604766836
65.1769,42.3264,62.932,21.7,100.0,51.0,32.99999999999999,458.4281533479131,35.137063574222054,54.54810287342546,462.9972791990105
62.8724,45.6795,62.932,22.2,100.0,51.0,35.99999999999999,458.2035822615985,35.10646821288896,54.57542891368556,462.77582515604337
60.3956,48.9074,62.932,21.7,100.0,51.0,38.99999999999999,457.949404638667,34.98,54.55457108631443,462.5121175010675
57.7532,52.0012,62.932,21.7,100.0,51.0,41.99999999999999,457.75940463866687,34.93054488684549,54.495923326043474,462.3133365590881
54.9525,54.9525,62.932,20.3,100.0,51.0,45.0,457.4834813126233,35.12244201342003,54.41108977369098,462.0446821436906
52.0012,57.7532,62.932,22.1,100.0,51.0,48.0,457.2150654986723,34.99353178711102,54.43701309973447,461.77218601937403
48.9074,60.3956,62.932,23.0,100.0,51.0,51.0,456.9975075120924,34.967013099734466,54.41701309973446,461.55240784994135
45.6795,62.8724,62.932,21.9,100.0,51.0,53.999999999999986,456.76130176524146,35.03298690026553,54.3394551131545,461.31439750285995
42.3264,65.1769,62.932,21.5,100.0,51.0,57.0,456.515973800531,35.07,54.34,461.0743701780084
38.8573,67.3028,62.932,22.2,100.0,51.0,59.999999999999986,456.3153784391979,35.27407667395652,54.23244201342003,460.8786639149696
35.2817,69.2442,62.932,22.2,100.0,51.0,63.0,456.17021199155045,35.39,54.23999999999999,460.7447145745853
31.6094,70.9958,62.932,22.4,100.0,51.0,65.99999999999999,455.907063574222,35.440544886845494,54.16701309973446,460.4794763579513
27.8504,72.5528,62.932,21.7,100.0,51.0,69.0,455.71114024817854,35.73701309973446,54.158910226309,460.3074679043205
24.0151,73.911,62.932,22.0,100.0,51.0,71.99999999999999,455.53,35.937013099734465,54.082986900265524,460.13478382163714
20.114,75.0665,62.932,21.5,100.0,51.0,75.0,455.4032693210729,36.20298690026553,54.00407667395651,460.02090633603717
16.1578,76.0163,62.932,22.7,100.0,51.0,77.99999999999999,455.2086982347586,36.26353178711102,53.986468212888965,459.8309922529794
12.1572,76.7578,62.932,21.3,100.0,51.0,80.99999999999999,455.225378439198,36.477013099734464,53.97755798657997,459.8633432075053
8.1234,77.2889,62.932,21.8,100.0,51.0,83.99999999999999,455.0876084610675,36.68701309973447,53.94054488684549,459.73932906342014
4.0673,77.6081,62.932,22.6,100.0,51.0,86.99999999999999,455.04244201342,37.07542891368556,53.85950558764208,459.7162796821706
0.0,77.7146,62.932,22.1,100.0,51.0,90.0,454.9727244342275,37.30054488684549,53.8183653394635,459.6606651387206
-4.0673,77.6081,62.932,21.5,100.0,51.0,93.0,455.004621560802,37.648910226309006,53.77054488684549,459.7150395411766
-8.1234,77.2889,62.932,21.8,100.0,51.0,96.0,455.1161857920815,37.78646821288898,53.7494551131545,459.83427849052003
-12.1572,76.7578,62.932,21.3,100.0,51.0,98.99999999999999,455.135973800531,38.10597380053106,53.70999999999999,459.8756179519027
-16.1578,76.0163,62.932,21.4,100.0,51.0,102.0,455.28542891368556,38.35244201342003,53.68244201342002,460.04079837557407
-20.114,75.0665,62.932,21.9,100.0,51.0,104.99999999999999,455.3429869002655,38.750544886845496,53.67,460.12966579898193
-24.0151,73.911,62.932,21.3,100.0,51.0,107.99999999999997,455.4589607007965,38.87701309973446,53.69945511315451,460.25853442348716
-27.8504,72.5528,62.932,21.1,100.0,51.0,110.99999999999999,455.661947601062,38.977013099734464,53.70999999999999,460.46908923593327
-31.6094,70.9958,62.932,21.3,100.0,51.0,114.0,455.90018147183224,39.31755798657997,53.71701309973446,460.73459098317625
-35.2817,69.2442,62.932,22.2,100.0,51.0,116.99999999999999,456.0151159731599,39.45,53.76348131262344,460.86505662597943
-38.8573,67.3028,62.932,21.0,100.0,51.0,119.99999999999997,456.3247830778649,39.54646821288897,53.71755798657996,461.17437790407985
-42.3264,65.1769,62.932,21.8,100.0,51.0,122.99999999999999,456.4835822615986,39.667557986579965,53.827013099734465,461.35466115586104
-45.6795,62.8724,62.932,21.0,100.0,51.0,126.0,456.70103929920344,39.967013099734466,53.77646821288897,461.58976371507504
-48.9074,60.3956,62.932,22.1,100.0,51.0,129.0,456.99397572498134,40.04999999999999,53.82755798657996,461.8927390073625
-52.0012,57.7532,62.932,22.3,100.0,51.0,131.99999999999997,457.328910226309,39.995973800531054,53.8405448868455,462.2209583335102
-54.9525,54.9525,62.932,21.0,100.0,51.0,135.0,457.5522100671001,40.031897126574535,53.84891022630901,462.44597831249587
-57.7532,52.0012,62.932,20.5,100.0,51.0,138.0,457.84163466053644,39.85891022630901,53.9,462.7233570429108
-60.3956,48.9074,62.932,21.1,100.0,51.0,141.0,458.15153371156134,39.90592332604347,53.957557986579964,463.040741860406
-62.8724,45.6795,62.932,20.8,100.0,51.0,143.99999999999997,458.43727509442385,39.73805239893788,53.974026199468945,463.3109576824642
-65.1769,42.3264,62.932,21.3,100.0,51.0,147.0,458.62467203528956,39.79353178711102,53.98701309973446,463.5026564702727
-67.3028,38.8573,62.932,21.7,100.0,51.0,150.0,458.85369330417393,39.64760846106754,54.004621560802015,463.7188198310356
-69.2442,35.2817,62.932,20.0,100.0,51.0,152.99999999999997,459.109243121604,39.43646821288896,54.02298690026553,463.955833305741
-70.9958,31.6094,62.932,20.8,100.0,51.0,155.99999999999997,459.3540766739565,39.33755798657997,54.04999999999999,464.19286263936743
-72.5528,27.8504,62.932,22.2,100.0,51.0,159.0,459.414621560802,39.258910226309,54.1,464.2519429534057
-73.911,24.0151,62.932,21.3,100.0,51.0,161.99999999999997,459.66542891368556,38.96353178711102,54.126468212888966,464.47835031240004
-75.0665,20.114,62.932,20.9,100.0,51.0,164.99999999999997,459.78620574685084,38.652986900265525,54.147557986579955,464.5743927804325
-76.0163,16.1578,62.932,21.4,100.0,51.0,167.99999999999997,459.91922316683457,38.599455113154505,54.16597380053104,464.70373625695845
-76.7578,12.1572,62.932,21.5,100.0,51.0,170.99999999999997,460.05646821288894,38.10407667395652,54.18,464.8003302534236
-77.2889,8.1234,62.932,23.8,100.0,51.0,173.99999999999997,460.1204944123579,37.7094551131545,54.19244201342003,464.83297339429527
-77.6081,4.0673,62.932,21.7,100.0,51.0,176.99999999999997,460.1696870594743,37.48298690026552,54.22999999999998,464.86773182850624
-77.7146,0.0,62.932,20.6,100.0,51.0,180.0,460.2418466520869,37.187063574222044,54.24054488684549,464.91662888803864
-77.6081,-4.0673,62.932,21.1,100.0,51.0,182.99999999999997,460.21,36.99646821288898,54.24945511315449,464.8709349274285
-77.2889,-8.1234,62.932,22.4,100.0,51.0,186.0,460.1805448868455,36.68,54.26701309973448,464.8187442467448
-76.7578,-12.1572,62.932,21.0,100.0,51.0,188.99999999999997,460.0905448868454,36.4294551131545,54.29108977369099,464.7127468909483
-76.0163,-16.1578,62.932,21.8,100.0,51.0,192.0,460.01114024817855,36.152986900265525,54.28298690026552,464.61159077347025
-75.0665,-20.114,62.932,20.7,100.0,51.0,194.99999999999997,459.8422300218694,35.85999999999999,54.31353178711102,464.42521017562706
-73.911,-24.0151,62.932,21.3,100.0,51.0,197.99999999999997,459.81506549867225,35.595973800531056,54.33298690026552,464.38027657929314
-72.5528,-27.8504,62.932,21.5,100.0,51.0,200.99999999999997,459.64646821288886,35.43407667395652,54.32244201342003,464.19971697171405
-70.9958,-31.6094,62.932,21.8,100.0,51.0,204.0,459.49999999999994,35.05298690026553,54.33298690026552,464.0269769702345
-69.2442,-35.2817,62.932,21.0,100.0,51.0,207.0,459.1737942531491,34.90353178711102,54.33244201342003,463.6926181374778
-67.3028,-38.8573,62.932,21.7,100.0,51.0,209.99999999999997,458.9388597518214,34.75651868737655,54.32651868737655,463.4482314285575
-65.1769,-42.3264,62.932,22.2,100.0,51.0,212.99999999999997,458.6811402481785,34.79,54.31457108631444,463.1941333303559
-62.8724,-45.6795,62.932,21.3,100.0,51.0,215.99999999999994,458.5155599110302,34.489455113154506,54.24646821288897,462.99969817279555
-60.3956,-48.9074,62.932,21.6,100.0,51.0,219.0,458.171947601062,34.35,54.194026199468944,462.64289527048726
-57.7532,-52.0012,62.932,22.0,100.0,51.0,221.99999999999997,457.9227549539457,34.228910226309004,54.205973800531055,462.3885329412441
-54.9525,-54.9525,62.932,22.4,100.0,51.0,224.99999999999997,457.6454289136856,34.24646821288897,54.17407667395652,462.1114473523929
-52.0012,-57.7532,62.932,20.3,100.0,51.0,228.0,457.3550654986723,34.18701309973447,54.14701309973446,461.81631286648917
-48.9074,-60.3956,62.932,21.3,100.0,51.0,231.0,457.00706357422206,34.30348131262344,54.08701309973447,461.4732819708519
-45.6795,-62.8724,62.932,21.8,100.0,51.0,233.99999999999997,456.7037132589433,34.30542891368556,54.092442013420026,461.1736510691328
-42.3264,-65.1769,62.932,21.6,100.0,51.0,236.99999999999997,456.43945511315457,34.27054488684549,53.9905448868455,460.89741306283463
-38.8573,-67.3028,62.932,22.4,100.0,51.0,239.99999999999994,456.10996948028173,34.37298690026552,54.010544886845494,460.58109540744647
-35.2817,-69.2442,62.932,20.9,100.0,51.0,242.99999999999997,455.8091421726288,34.57651868737655,53.94244201342003,460.2904482857073
-31.6094,-70.9958,62.932,21.7,100.0,51.0,245.99999999999997,455.57836533946346,34.639455113154504,53.94891022630901,460.06741215882727
-27.8504,-72.5528,62.932,20.9,100.0,51.0,249.0,455.3229869002655,34.7805448868455,53.856518687376536,459.8143465655774
-24.0151,-73.911,62.932,21.1,100.0,51.0,252.0,455.15353178711104,34.99651868737655,53.78651868737654,459.65474370556007
-20.114,-75.0665,62.932,21.6,100.0,51.0,254.99999999999997,454.93566086000544,35.15,53.84402619946895,459.4574595971851
-16.1578,-76.0163,62.932,21.7,100.0,51.0,258.0,454.7754793881731,35.30244201342002,53.76462156080201,459.3012449323753
-12.1572,-76.7578,62.932,21.1,100.0,51.0,260.99999999999994,454.55189712657443,35.57646821288897,53.697557986579966,459.0931713776548
-8.1234,-77.2889,62.932,20.9,100.0,51.0,263.99999999999994,454.3370130997345,35.94701309973447,53.713481312623436,458.9111540351818
-4.0673,-77.6081,62.932,21.5,100.0,51.0,266.99999999999994,454.29597380053104,36.32,53.704026199468935,458.89878692518465
0.0,-77.7146,62.932,22.2,100.0,51.0,270.0,454.2383653394635,36.61701309973447,53.72755798657996,458.8681168721742
4.0673,-77.6081,62.932,20.4,100.0,51.0,273.0,454.24108977369104,36.85646821288898,53.7405448868455,458.89150466385104
8.1234,-77.2889,62.932,21.9,100.0,51.0,276.0,454.1961552723632,37.05646821288897,53.74646821288896,458.86382745425533
12.1572,-76.7578,62.932,23.6,100.0,51.0,278.99999999999994,454.23326932107295,37.25999999999999,53.74891022630899,458.9173301463197
16.1578,-76.0163,62.932,23.0,100.0,51.0,282.0,454.2751664476475,37.559455113154506,53.809949525512415,458.990359579995
20.114,-75.0665,62.932,21.9,100.0,51.0,284.99999999999994,454.3299495255124,37.972986900265525,53.84108977369099,459.0822515824382
24.0151,-73.911,62.932,21.6,100.0,51.0,287.99999999999994,454.41623626656906,38.25999999999999,53.807013099734455,459.18747591957396
27.8504,-72.5528,62.932,21.7,100.0,51.0,291.0,454.565973800531,38.43999999999999,53.83298690026554,459.35372929348165
31.6094,-70.9958,62.932,20.8,100.0,51.0,294.0,454.6745710863144,38.747013099734474,53.91298690026552,459.49636208917167
35.2817,-69.2442,62.932,21.2,100.0,51.0,296.99999999999994,454.9002119915505,39.04244201342002,53.85298690026553,459.7375983606399
38.8573,-67.3028,62.932,22.0,100.0,51.0,300.0,455.0783653394634,39.099455113154505,53.937013099734465,459.928567684488
42.3264,-65.1769,62.932,21.5,100.0,51.0,303.0,455.23836533946354,39.46646821288897,53.90244201342003,460.114164795169
45.6795,-62.8724,62.932,21.8,100.0,51.0,305.99999999999994,455.4507768331654,39.502986900265526,54.00701309973447,460.3397153797739
48.9074,-60.3956,62.932,21.0,100.0,51.0,309.0,455.7699999999999,39.60999999999999,53.96701309973447,460.6600519937743
52.0012,-57.7532,62.932,20.5,100.0,51.0,311.99999999999994,456.0029364257779,39.62353178711102,54.04592332604348,460.90092658659387
54.9525,-54.9525,62.932,21.3,100.0,51.0,314.99999999999994,456.2881028734255,39.675973800531054,54.083481312623434,461.19197594032687
57.7532,-52.0012,62.932,21.8,100.0,51.0,318.0,456.585973800531,39.71999999999999,54.09,461.4912328217939
60.3956,-48.9074,62.932,21.9,100.0,51.0,321.0,456.9391421726288,39.71651868737655,54.115923326043486,461.8433875931676
62.8724,-45.6795,62.932,21.4,100.0,51.0,323.99999999999994,457.18298690026546,39.75999999999999,54.13298690026553,462.09038226497705
65.1769,-42.3264,62.932,21.3,100.0,51.0,327.0,457.4748335523525,39.67701309973447,54.21999999999999,462.38219808105623
67.3028,-38.8573,62.932,21.7,100.0,51.0,329.99999999999994,457.76189712657447,39.57244201342003,54.2594551131545,462.6618863673584
69.2442,-35.2817,62.932,21.2,100.0,51.0,332.99999999999994,457.97999999999996,39.472986900265525,54.27597380053105,462.8711250735181
70.9958,-31.6094,62.932,22.1,100.0,51.0,335.99999999999994,458.2308073528835,39.299455113154494,54.29999999999999,463.1073417464533
72.5528,-27.8504,62.932,21.7,100.0,51.0,339.0,458.3913017652415,39.25999999999999,54.32651868737655,463.2659104302005
73.911,-24.0151,62.932,21.6,100.0,51.0,341.99999999999994,458.576468212889,38.879455113154506,54.37701309973447,463.4229696315789
75.0665,-20.114,62.932,21.5,100.0,51.0,345.0,458.7875075120923,38.69353178711102,54.422442013420024,463.6215791418928
76.0163,-16.1578,62.932,21.3,100.0,51.0,347.99999999999994,458.9889607007965,38.432986900265526,54.41298690026552,463.79816048652214
76.7578,-12.1572,62.932,22.4,100.0,51.0,351.0,459.07950558764196,38.22999999999999,54.46244201342004,463.87679715702416
77.2889,-8.1234,62.932,22.6,100.0,51.0,353.99999999999994,459.21423819101943,38.057557986579965,54.48755798657996,463.99890975367725
77.6081,-4.0673,62.932,21.3,100.0,51.0,356.99999999999994,459.23893018107833,37.80701309973446,54.50407667395652,464.00480558660746
80.7908,-4.2341,58.7785,21.3,100.0,53.999999999999986,356.99999999999994,459.42098882471583,37.95646821288898,54.417063574222034,464.1869830789276
80.4585,-8.4565,58.7785,22.0,100.0,53.999999999999986,353.99999999999994,459.3162562213385,38.08701309973447,54.40999999999998,464.09319311539747
79.9057,-12.6558,58.7785,20.0,100.0,53.999999999999986,351.0,459.1943896144821,38.617013099734464,54.3894551131545,464.0139803730785
79.1338,-16.8204,58.7785,21.5,100.0,53.999999999999986,347.99999999999994,459.0818466520869,38.78646821288898,54.34,463.9109479651452
78.145,-20.9389,58.7785,20.2,100.0,53.999999999999986,345.0,458.8826739597398,39.012986900265524,54.309455113154506,463.72927287589783
76.9421,-25.0,58.7785,21.3,100.0,53.999999999999986,341.99999999999994,458.78379425314904,39.15646821288897,54.25755798657996,463.6374461482699
75.5282,-28.9926,58.7785,21.7,100.0,53.999999999999986,339.0,458.56005047448747,39.2694551131545,54.1994551131545,463.41880726898796
73.9074,-32.9057,58.7785,21.3,100.0,53.999999999999986,335.99999999999994,458.33516644764745,39.60457108631444,54.17810287342546,463.22231561582515
72.0839,-36.7286,58.7785,21.2,100.0,53.999999999999986,332.99999999999994,458.04488402684,39.81701309973447,54.13701309973447,462.94851387892646
70.0629,-40.4508,58.7785,21.3,100.0,53.999999999999986,329.99999999999994,457.7770635742219,39.76353178711102,54.06706357422205,462.670753082968
67.8499,-44.0622,58.7785,21.6,100.0,53.999999999999986,327.0,457.49999999999994,39.92999999999999,54.06298690026552,462.410490206027
65.4508,-47.5528,58.7785,21.3,100.0,53.999999999999986,323.99999999999994,457.20189712657447,39.847013099734475,54.06298690026552,462.10839176722106
62.8724,-50.9131,58.7785,21.5,100.0,53.999999999999986,321.0,456.91329984079107,39.91755798657997,54.0205448868455,461.8239862511304
60.1217,-54.1338,58.7785,22.0,100.0,53.999999999999986,318.0,456.6867811534146,39.90701309973446,53.9894551131545,461.59532822400234
57.2061,-57.2061,58.7785,21.1,100.0,53.999999999999986,314.99999999999994,456.2897880084494,39.90244201342003,53.89353178711103,461.1909455831916
54.1338,-60.1217,58.7785,21.7,100.0,53.999999999999986,311.99999999999994,456.0059738005311,39.89999999999999,53.879999999999995,460.90835590361195
50.9131,-62.8724,58.7785,21.5,100.0,53.999999999999986,309.0,455.7043391399945,39.81298690026553,53.90244201342003,460.6050280793187
47.5528,-65.4508,58.7785,21.3,100.0,53.999999999999986,305.99999999999994,455.418415813951,39.7194551131545,53.79646821288897,460.3016712647859
44.0622,-67.8499,58.7785,20.9,100.0,53.999999999999986,303.0,455.09701309973445,39.480000000000004,53.80999999999999,459.96464845931354
40.4508,-70.0629,58.7785,20.8,100.0,53.999999999999986,300.0,454.88760846106743,39.38,53.782442013420024,459.7456599037736
36.7286,-72.0839,58.7785,21.2,100.0,53.999999999999986,296.99999999999994,454.6775579865799,39.02646821288897,53.75701309973447,459.5046935725645
32.9057,-73.9074,58.7785,21.7,100.0,53.999999999999986,294.0,454.44244201342,38.957013099734475,53.73298690026552,459.26334042028395
28.9926,-75.5282,58.7785,21.6,100.0,53.999999999999986,291.0,454.3140766739565,38.617063574222044,53.71054488684549,459.1049776415487
25.0,-76.9421,58.7785,20.9,100.0,53.999999999999986,287.99999999999994,454.1743391399945,38.406518687376554,53.61999999999999,458.9384440324591
20.9389,-78.145,58.7785,21.3,100.0,53.999999999999986,284.99999999999994,454.12054488684544,38.118910226309,53.68782045261801,458.86915637261933
16.8204,-79.1338,58.7785,21.6,100.0,53.999999999999986,282.0,454.12244201342,37.7094551131545,53.698910226309,458.83849915264983
12.6558,-79.9057,58.7785,21.4,100.0,53.999999999999986,278.99999999999994,453.99054488684556,37.41,53.65597380053106,458.678412911637
8.4565,-80.4585,58.7785,21.5,100.0,53.999999999999986,276.0,453.9248335523524,37.108102873425466,53.57,458.57879444474486
4.2341,-80.7908,58.7785,20.9,100.0,53.999999999999986,273.0,453.96298690026543,36.77810287342546,53.5594551131545,458.5887455644729
0.0,-80.9017,58.7785,20.8,100.0,53.999999999999986,270.0,453.9679214015931,36.525973800531055,53.56103929920341,458.57366404381634
-4.2341,-80.7908,58.7785,21.3,100.0,53.999999999999986,266.99999999999994,454.117063574222,36.14755798657997,53.519999999999996,458.6865419626645
-8.4565,-80.4585,58.7785,22.1,100.0,53.999999999999986,263.99999999999994,454.2029869002655,35.83348131262345,53.53348131262344,458.74854257376546
-12.6558,-79.9057,58.7785,22.2,100.0,53.999999999999986,260.99999999999994,454.4040261994689,35.637557986579964,53.609999999999985,458.94126711980743
-16.8204,-79.1338,58.7785,21.3,100.0,53.999999999999986,258.0,454.62158418604884,35.30701309973447,53.662442013420026,459.13726451324027
-20.9389,-78.145,58.7785,22.2,100.0,53.999999999999986,254.99999999999997,454.8523410644449,35.112986900265525,53.64651868737654,459.34902088514275
-25.0,-76.9421,58.7785,21.7,100.0,53.999999999999986,252.0,455.03244201342,34.88651868737655,53.63706357422205,459.50900650551586
-28.9926,-75.5282,58.7785,21.7,100.0,53.999999999999986,249.0,455.29114024817846,34.57407667395652,53.72651868737654,459.7520287900948
-32.9057,-73.9074,58.7785,21.5,100.0,53.999999999999986,245.99999999999997,455.5951159731599,34.523531787111025,53.745973800531054,460.05153368445593
-36.7286,-72.0839,58.7785,22.2,100.0,53.999999999999986,242.99999999999997,455.83587285155596,34.209999999999994,53.81945511315449,460.2751360078195
-40.4508,-70.0629,58.7785,23.0,100.0,53.999999999999986,239.99999999999994,456.0978709271056,34.32244201342003,53.86999999999999,460.5488842566045
-44.0622,-67.8499,58.7785,21.2,100.0,53.999999999999986,236.99999999999997,456.485973800531,34.194026199468944,53.92999999999999,460.9307112835388
-47.5528,-65.4508,58.7785,21.5,100.0,53.999999999999986,233.99999999999997,456.846730678927,34.11646821288897,53.958910226309,461.2856303074658
-50.9131,-62.8724,58.7785,22.1,100.0,53.999999999999986,231.0,457.1181028734254,34.0705448868455,54.04244201342003,461.5607734007083
-54.1338,-60.1217,58.7785,21.5,100.0,53.999999999999986,228.0,457.4903129405256,34.03999999999999,54.00353178711102,461.92260117892215
-57.2061,-57.2061,58.7785,21.5,100.0,53.999999999999986,224.99999999999997,457.7340766739565,33.9594551131545,54.025973800531055,462.16072462427775
-60.1217,-54.1338,58.7785,21.8,100.0,53.999999999999986,221.99999999999997,458.0210392992034,34.192986900265524,54.12,462.47314213247466
-62.8724,-50.9131,58.7785,20.5,100.0,53.999999999999986,219.0,458.3925429623952,34.07348131262344,54.15999999999999,462.83693799468193
-65.4508,-47.5528,58.7785,22.3,100.0,53.999999999999986,215.99999999999994,458.7443391399945,34.33054488684549,54.16592332604347,463.2050326313185
-67.8499,-44.0622,58.7785,21.3,100.0,53.999999999999986,212.99999999999997,459.00706357422195,34.499455113154504,54.15646821288897,463.47666593198414
-70.0629,-40.4508,58.7785,21.8,100.0,53.999999999999986,209.99999999999997,459.18425814578876,34.766468212888974,54.172442013420024,463.67396273091884
-72.0839,-36.7286,58.7785,22.2,100.0,53.999999999999986,207.0,459.44402619946885,34.92298690026553,54.16298690026551,463.94186852920774
-73.9074,-32.9057,58.7785,21.4,100.0,53.999999999999986,204.0,459.68010094897505,35.06592332604348,54.169999999999995,464.1872500265037
-75.5282,-28.9926,58.7785,22.1,100.0,53.999999999999986,200.99999999999997,459.8197880084495,35.38651868737655,54.19646821288897,464.35299107004596
-76.9421,-25.0,58.7785,20.4,100.0,53.999999999999986,197.99999999999997,459.9821795473819,35.599455113154505,54.19597380053105,464.53001009805735
-78.145,-20.9389,58.7785,22.4,100.0,53.999999999999986,194.99999999999997,460.1724924879075,35.82054488684549,54.2,464.7359188598658
-79.1338,-16.8204,58.7785,21.5,100.0,53.999999999999986,192.0,460.2010392992034,36.25,54.18353178711102,464.7955617139559
-79.9057,-12.6558,58.7785,19.7,100.0,53.999999999999986,188.99999999999997,460.2737437786615,36.593531787111026,54.19646821288897,464.89597002709104
-80.4585,-8.4565,58.7785,22.6,100.0,53.999999999999986,186.0,460.3769626252469,36.81348131262344,54.18054488684549,465.0136681503441
-80.7908,-4.2341,58.7785,20.6,100.0,53.999999999999986,182.99999999999997,460.39571133449294,37.07353178711102,54.187013099734465,465.05364224252077
-80.9017,0.0,58.7785,21.3,100.0,53.999999999999986,180.0,460.38646821288904,37.31353178711103,54.16353178711101,465.06095078346306
-80.7908,4.2341,58.7785,22.6,100.0,53.999999999999986,176.99999999999997,460.42945511315446,37.59646821288898,54.16054488684548,465.1259422783458
-80.4585,8.4565,58.7785,21.7,100.0,53.999999999999986,173.99999999999997,460.251089773691,38.05,54.129999999999995,464.9827147732162
-79.9057,12.6558,58.7785,21.8,100.0,53.999999999999986,170.99999999999997,460.1749345013277,38.21701309973447,54.12701309973447,464.9206856880702
-79.1338,16.8204,58.7785,22.3,100.0,53.999999999999986,167.99999999999997,460.0994551131545,38.529999999999994,54.117063574222044,464.8706551991834
-78.145,20.9389,58.7785,20.5,100.0,53.999999999999986,164.99999999999997,459.9804944123578,38.71646821288897,54.13298690026553,464.7702662837427
-76.9421,25.0,58.7785,20.6,100.0,53.999999999999986,161.99999999999997,459.83005047448756,38.99462156080202,54.11103929920341,464.6420777373482
-75.5282,28.9926,58.7785,21.3,100.0,53.999999999999986,159.0,459.6181028734254,39.26592332604348,54.08592332604348,464.45225839223133
-73.9074,32.9057,58.7785,20.9,100.0,53.999999999999986,155.99999999999997,459.3880523989378,39.31,54.025973800531055,464.2213530547522
-72.0839,36.7286,58.7785,21.5,100.0,53.999999999999986,152.99999999999997,459.15343083813576,39.67298690026553,54.00646821288897,464.01779874143745
-70.0629,40.4508,58.7785,21.4,100.0,53.999999999999986,150.0,458.88054488684537,39.8405448868455,53.980544886845486,463.7591214400096
-67.8499,44.0622,58.7785,20.7,100.0,53.999999999999986,147.0,458.608153347913,40.047063574222044,53.92999999999999,463.50151080455026
-65.4508,47.5528,58.7785,21.4,100.0,53.999999999999986,143.99999999999997,458.44592332604344,40.17755798657996,53.859455113154496,463.34408562656694
-62.8724,50.9131,58.7785,22.0,100.0,53.999999999999986,141.0,458.11680110818395,40.22999999999999,53.822986900265526,463.0187580179247
-60.1217,54.1338,58.7785,22.3,100.0,53.999999999999986,138.0,457.85587285155583,40.26054488684549,53.83701309973448,462.7648817258574
-57.2061,57.2061,58.7785,21.2,100.0,53.999999999999986,135.0,457.52994952551234,40.26701309973447,53.83701309973448,462.44298138937415
-54.1338,60.1217,58.7785,21.8,100.0,53.999999999999986,131.99999999999997,457.2389607007965,40.30244201342003,53.790544886845495,462.1527634172637
-50.9131,62.8724,58.7785,21.4,100.0,53.999999999999986,129.0,456.96015142346266,40.25298690026552,53.71462156080202,461.8637715958755
-47.5528,65.4508,58.7785,21.9,100.0,53.999999999999986,126.0,456.6699999999999,40.27701309973447,53.73701309973446,461.5814048043066
-44.0622,67.8499,58.7785,23.0,100.0,53.999999999999986,122.99999999999999,456.4314531887041,40.048910226309005,53.69945511315451,461.3211659459349
-40.4508,70.0629,58.7785,21.4,100.0,53.999999999999986,119.99999999999997,456.1142886655069,39.995923326043474,53.68054488684549,461.0005630223164
-36.7286,72.0839,58.7785,21.0,100.0,53.999999999999986,116.99999999999999,455.9540261994689,39.66298690026552,53.668365339463506,460.8118053778209
-32.9057,73.9074,58.7785,22.2,100.0,53.999999999999986,114.0,455.64428866550696,39.51163466053648,53.64940463866692,460.4901146443069
-28.9926,75.5282,58.7785,21.6,100.0,53.999999999999986,110.99999999999999,455.56597380053097,39.31,53.60298690026553,460.3899573073419
-25.0,76.9421,58.7785,20.8,100.0,53.999999999999986,107.99999999999997,455.3710897736909,38.97646821288897,53.63054488684549,460.1719567953801
-20.9389,78.145,58.7785,21.1,100.0,53.999999999999986,104.99999999999999,455.21239153893237,38.82353178711102,53.58353178711102,459.9965031495342
-16.8204,79.1338,58.7785,21.7,100.0,53.999999999999986,102.0,455.0999999999999,38.60298690026553,53.57,459.86513838039735
-12.6558,79.9057,58.7785,21.6,100.0,53.999999999999986,98.99999999999999,454.96734599502946,38.35298690026552,53.57407667395651,459.7134098733686
-8.4565,80.4585,58.7785,22.5,100.0,53.999999999999986,96.0,455.0080523989378,37.90945511315449,53.65,459.72576285743526
-4.2341,80.7908,58.7785,22.0,100.0,53.999999999999986,93.0,454.8832693210729,37.576518687376556,53.67108977369098,459.57738123452737
0.0,80.9017,58.7785,21.4,100.0,53.999999999999986,90.0,454.8848535071219,37.374026199468936,53.72755798657996,459.5690353709175
4.2341,80.7908,58.7785,21.4,100.0,53.999999999999986,86.99999999999999,454.98467203528963,37.06000000000001,53.779999999999994,459.64854376693074
8.4565,80.4585,58.7785,23.1,100.0,53.999999999999986,83.99999999999999,455.0640766739565,36.79,53.83945511315451,459.71241543600047
12.6558,79.9057,58.7785,22.9,100.0,53.999999999999986,80.99999999999999,455.1310897736909,36.54592332604347,53.86646821288897,459.76244930188756
16.8204,79.1338,58.7785,21.9,100.0,53.999999999999986,77.99999999999999,455.2220785984068,36.33,53.92298690026552,459.84203620341225
20.9389,78.145,58.7785,21.3,100.0,53.999999999999986,75.0,455.3524420134201,36.02298690026553,53.986468212888965,459.9543898941536
25.0,76.9421,58.7785,21.3,100.0,53.999999999999986,71.99999999999999,455.56971757919246,35.67298690026553,54.07592332604347,460.1527301376531
28.9926,75.5282,58.7785,20.9,100.0,53.999999999999986,69.0,455.79085782737104,35.599455113154505,54.049455113154494,460.3628687040183
32.9057,73.9074,58.7785,22.9,100.0,53.999999999999986,65.99999999999999,455.939172692347,35.39,54.12244201342003,460.5021390014142
36.7286,72.0839,58.7785,21.3,100.0,53.999999999999986,63.0,456.1864177384013,35.187063574222044,54.18651868737655,460.73892388144174
40.4508,70.0629,58.7785,20.5,100.0,53.999999999999986,59.999999999999986,456.243531787111,35.17054488684549,54.23293642577795,460.7996733056314
44.0622,67.8499,58.7785,21.8,100.0,53.999999999999986,57.0,456.6159233260434,34.96999999999999,54.238960700796575,461.15384330264203
47.5528,65.4508,58.7785,21.1,100.0,53.999999999999986,53.999999999999986,456.9105448868455,34.868910226309,54.29054488684549,461.44398380873383
50.9131,62.8724,58.7785,21.4,100.0,53.999999999999986,51.0,457.0897375339619,34.87592332604348,54.30597380053105,461.62376127874336
54.1338,60.1217,58.7785,21.1,100.0,53.999999999999986,48.0,457.4586278055015,34.87701309973447,54.33298690026552,461.9922896131015
57.2061,57.2061,58.7785,22.4,100.0,53.999999999999986,45.0,457.7365186873765,34.790544886845495,54.42348131262344,462.27158453851354
60.1217,54.1338,58.7785,20.5,100.0,53.999999999999986,41.99999999999999,457.89145318870413,34.8805448868455,54.43054488684549,462.4326108002607
62.8724,50.9131,58.7785,20.9,100.0,53.999999999999986,38.99999999999999,458.12836533946347,34.811634660536484,54.419999999999995,462.6607671246262
65.4508,47.5528,58.7785,20.1,100.0,53.999999999999986,35.99999999999999,458.3804439378703,35.05,54.48646821288897,462.93618253814776
67.8499,44.0622,58.7785,21.2,100.0,53.999999999999986,32.99999999999999,458.6018971265745,35.12701309973447,54.51298690026552,463.1644123183372
70.0629,40.4508,58.7785,21.8,100.0,53.999999999999986,29.999999999999993,458.89023194631983,35.21353178711102,54.547013099734464,463.4604777483963
72.0839,36.7286,58.7785,21.1,100.0,53.999999999999986,26.999999999999993,459.09199807554967,35.34189712657454,54.5794551131545,463.6738393633554
73.9074,32.9057,58.7785,21.3,100.0,53.999999999999986,24.0,459.32387477600616,35.50054488684549,54.57054488684549,463.91449103876283
75.5282,28.9926,58.7785,19.8,100.0,53.999999999999986,20.999999999999996,459.3548840268401,35.74298690026553,54.609455113154496,463.9683859700141
76.9421,25.0,58.7785,21.2,100.0,53.999999999999986,17.999999999999996,459.46846628843855,36.016468212888974,54.63999999999999,464.1055775316432
78.145,20.9389,58.7785,21.8,100.0,53.999999999999986,14.999999999999996,459.5708073528835,36.27298690026553,54.633531787111025,464.2261079960726
79.1338,16.8204,58.7785,20.8,100.0,53.999999999999986,12.0,459.6664682128891,36.57054488684549,54.60646821288898,464.340966449566
79.9057,12.6558,58.7785,22.4,100.0,53.999999999999986,8.999999999999998,459.75353178711094,36.65407667395652,54.57999999999999,464.43062746500937
80.4585,8.4565,58.7785,22.0,100.0,53.999999999999986,6.0,459.85668020443944,36.94810287342546,54.56945511315451,464.55479124204487
80.7908,4.2341,58.7785,22.6,100.0,53.999999999999986,3.0,459.7797375339618,37.46,54.52348131262344,464.5142286962228
80.9017,0.0,58.7785,21.6,100.0,53.999999999999986,0.0,459.71163466053645,37.51,54.507013099734465,464.4489225085113
83.8671,0.0,54.4639,20.5,100.0,57.0,0.0,459.914288665507,37.62054488684549,54.46592332604347,464.65362919064876
83.7521,4.3893,54.4639,21.8,100.0,57.0,3.0,459.91815334791295,37.257013099734465,54.507013099734465,464.6329812670672
83.4076,8.7665,54.4639,20.5,100.0,57.0,6.0,459.9489607007966,37.06999999999999,54.529455113154505,464.65115175223707
82.8345,13.1197,54.4639,22.0,100.0,57.0,8.999999999999998,459.90805239893785,36.6894551131545,54.542986900265525,464.58203817828223
82.0344,17.4369,54.4639,20.5,100.0,57.0,12.0,459.7890916981413,36.33298690026553,54.564884026840055,464.4388241206361
81.0094,21.7064,54.4639,22.2,100.0,57.0,14.999999999999996,459.684026199469,36.16353178711102,54.55701309973447,464.3206571461538
79.7623,25.9163,54.4639,21.7,100.0,57.0,17.999999999999996,459.5189102263089,35.939455113154494,54.52999999999999,464.13661155892987
78.2966,30.0553,54.4639,21.4,100.0,57.0,20.999999999999996,459.4219476010622,35.8,54.529455113154484,464.0297699636206
76.6164,34.1118,54.4639,20.8,100.0,57.0,24.0,459.305640905236,35.516468212888974,54.515428913685554,463.8911761085027
74.7261,38.0748,54.4639,21.4,100.0,57.0,26.999999999999993,459.1447830778649,35.361089773690985,54.46646821288898,463.7142812737044
72.631,41.9335,54.4639,21.6,100.0,57.0,29.999999999999993,458.93896070079654,35.13298690026553,54.459999999999994,463.49238183346824
70.3368,45.6773,54.4639,21.8,100.0,57.0,32.99999999999999,458.7075579865799,34.82,54.41701309973447,463.23457067527704
67.8499,49.2958,54.4639,21.0,100.0,57.0,35.99999999999999,458.482109118125,34.860544886845496,54.42760846106754,463.01562234335387
65.1769,52.7792,54.4639,21.7,100.0,57.0,38.99999999999999,458.2709383502282,34.65646821288897,54.42298690026553,462.7906494610021
62.3254,56.118,54.4639,22.6,100.0,57.0,41.99999999999999,457.93820382240057,34.65701309973446,54.341089773690996,462.4515770487479
59.303,59.303,54.4639,22.2,100.0,57.0,45.0,457.58217954738194,34.6994551131545,54.29755798657996,462.0970980516847
56.118,62.3254,54.4639,21.8,100.0,57.0,48.0,457.34228049635715,34.55353178711102,54.26945511315451,461.84530077380913
52.7792,65.1769,54.4639,23.3,100.0,57.0,51.0,457.07244201341996,34.66353178711102,54.28701309973447,461.58840699844046
49.2958,67.8499,54.4639,21.0,100.0,57.0,53.999999999999986,456.740595361333,34.83353178711102,54.19,461.2612085226641
45.6773,70.3368,54.4639,21.8,100.0,57.0,57.0,456.5304944123579,34.84701309973447,54.13651868737655,461.0479034828742
41.9335,72.631,54.4639,20.1,100.0,57.0,59.999999999999986,456.228153347913,35.007013099734465,54.130544886845485,460.7599535150148
38.0748,74.7261,54.4639,21.8,100.0,57.0,63.0,456.00966710470493,35.1405448868455,54.05298690026552,460.5446772906278
34.1118,76.6164,54.4639,22.5,100.0,57.0,65.99999999999999,455.78755798657994,35.25,54.00353178711102,460.327320458879
30.0553,78.2966,54.4639,21.4,100.0,57.0,69.0,455.5833298891606,35.54646821288897,53.9594551131545,460.142743799589
25.9163,79.7623,54.4639,22.3,100.0,57.0,71.99999999999999,455.3820785984068,35.739999999999995,53.89402619946894,459.95081385795436
21.7064,81.0094,54.4639,21.5,100.0,57.0,75.0,455.20760846106754,35.95755798657997,53.8905448868455,459.79463198846065
17.4369,82.0344,54.4639,21.1,100.0,57.0,77.99999999999999,455.0537437786615,36.28,53.824076673956526,459.6598517999801
13.1197,82.8345,54.4639,22.2,100.0,57.0,80.99999999999999,454.9790916981413,36.613531787111015,53.75054488684549,459.60379205139753
8.7665,83.4076,54.4639,21.7,100.0,57.0,83.99999999999999,454.87734599502943,36.870544886845494,53.700050474487576,459.51771717823584
4.3893,83.7521,54.4639,21.8,100.0,57.0,86.99999999999999,454.73815334791294,37.15244201342003,53.635973800531055,459.3951564213121
0.0,83.8671,54.4639,21.7,100.0,57.0,90.0,454.71173560951166,37.44945511315451,53.586468212888974,459.38734610872507
-4.3893,83.7521,54.4639,21.0,100.0,57.0,93.0,454.643864682406,37.804076673956516,53.546518687376555,459.3445564824534
-8.7665,83.4076,54.4639,21.4,100.0,57.0,96.0,454.7394551131546,38.06108977369099,53.51891022630901,459.4571713916123
-13.1197,82.8345,54.4639,21.3,100.0,57.0,98.99999999999999,454.8221595926126,38.39755798657996,53.4905448868455,459.5637145251052
-17.4369,82.0344,54.4639,21.3,100.0,57.0,102.0,454.93891022630896,38.67353178711103,53.4794551131545,459.70110530429463
-21.7064,81.0094,54.4639,22.0,100.0,57.0,104.99999999999999,455.0746215608019,38.90701309973446,53.5194551131545,459.8597600711101
-25.9163,79.7623,54.4639,21.3,100.0,57.0,107.99999999999997,455.277063574222,39.26054488684549,53.499455113154504,460.0878032495348
-30.0553,78.2966,54.4639,22.1,100.0,57.0,110.99999999999999,455.41130176524143,39.48298690026552,53.50054488684548,460.2397943825237
-34.1118,76.6164,54.4639,21.3,100.0,57.0,114.0,455.70132172001087,39.55353178711102,53.556468212888966,460.53932707385263
-38.0748,74.7261,54.4639,21.5,100.0,57.0,116.99999999999999,455.81130176524147,40.00353178711102,53.540000000000006,460.6850952357439
-41.9335,72.631,54.4639,21.3,100.0,57.0,119.99999999999997,455.98597380053104,40.217013099734466,53.589999999999996,460.88231094877443
-45.6773,70.3368,54.4639,20.9,100.0,57.0,122.99999999999999,456.24493450132763,40.24999999999999,53.58353178711102,461.14064843266755
-49.2958,67.8499,54.4639,21.8,100.0,57.0,126.0,456.59571133449293,40.30298690026553,53.6294551131545,461.497662852011
-52.7792,65.1769,54.4639,21.8,100.0,57.0,129.0,456.89,40.44945511315451,53.68999999999999,461.8086688434411
-56.118,62.3254,54.4639,21.5,100.0,57.0,131.99999999999997,457.17675063369643,40.53597380053106,53.66646821288897,462.09721520734945
-59.303,59.303,54.4639,21.4,100.0,57.0,135.0,457.4669626252468,40.42407667395652,53.68755798657996,462.3769909403725
-62.3254,56.118,54.4639,20.8,100.0,57.0,138.0,457.83885975182136,40.410544886845486,53.75244201342003,462.7512924447708
-65.1769,52.7792,54.4639,21.5,100.0,57.0,141.0,458.12914217262886,40.35407667395651,53.80353178711102,463.0395041946238
-67.8499,49.2958,54.4639,21.4,100.0,57.0,143.99999999999997,458.3729869002655,40.33701309973447,53.86701309973446,463.2866551563579
-70.3368,45.6773,54.4639,20.4,100.0,57.0,147.0,458.70435909476396,40.077013099734465,53.88298690026552,463.593822552489
-72.631,41.9335,54.4639,20.8,100.0,57.0,150.0,459.0069626252469,40.04054488684549,53.8894551131545,463.8908388249147
-74.7261,38.0748,54.4639,21.3,100.0,57.0,152.99999999999997,459.2910392992034,39.839999999999996,53.94,464.1605411714167
-76.6164,34.1118,54.4639,21.8,100.0,57.0,155.99999999999997,459.4681533479131,39.73,53.95836533946351,464.3285065888679
-78.2966,30.0553,54.4639,21.2,100.0,57.0,159.0,459.66841581395107,39.556518687376546,54.00701309973447,464.51752187783734
-79.7623,25.9163,54.4639,20.9,100.0,57.0,161.99999999999997,459.88488402684,39.205115973159934,54.02701309973447,464.7042778147495
-81.0094,21.7064,54.4639,20.5,100.0,57.0,164.99999999999997,460.0124924879076,39.02651868737655,54.03592332604347,464.81656964386656
-82.0344,17.4369,54.4639,20.9,100.0,57.0,167.99999999999997,460.2540261994689,38.58298690026553,54.08,465.02372187982786
-82.8345,13.1197,54.4639,20.7,100.0,57.0,170.99999999999997,460.4194551131546,38.27054488684549,54.118910226309005,465.1661699830648
-83.4076,8.7665,54.4639,22.5,100.0,57.0,173.99999999999997,460.4668316279022,37.96755798657996,54.13108977369099,465.1896531190161
-83.7521,4.3893,54.4639,22.0,100.0,57.0,176.99999999999997,460.558910226309,37.500544886845496,54.15402619946893,465.2455902093737
-83.8671,0.0,54.4639,21.8,100.0,57.0,180.0,460.6126739597398,37.28353178711102,54.13353178711102,465.2789877252231
-83.7521,-4.3893,54.4639,21.2,100.0,57.0,182.99999999999997,460.6299495255123,37.089999999999996,54.139999999999986,465.2813751912664
-83.4076,-8.7665,54.4639,20.2,100.0,57.0,186.0,460.5499495255123,36.73701309973447,54.14298690026552,465.1745125970729
-82.8345,-13.1197,54.4639,21.1,100.0,57.0,188.99999999999997,460.44064583582065,36.43,54.17407667395652,465.04576529754934
-82.0344,-17.4369,54.4639,21.7,100.0,57.0,192.0,460.39098882471586,36.05701309973447,54.2,464.9705482981412
-81.0094,-21.7064,54.4639,21.0,100.0,57.0,194.99999999999997,460.31130176524135,35.87348131262345,54.1994551131545,464.87738397222665
-79.7623,-25.9163,54.4639,20.9,100.0,57.0,197.99999999999997,460.1456103855178,35.402986900265525,54.207013099734475,464.67811924784655
-78.2966,-30.0553,54.4639,19.2,100.0,57.0,200.99999999999997,459.90734599502935,35.279455113154505,54.24457108631443,464.43716512097836
-76.6164,-34.1118,54.4639,21.7,100.0,57.0,204.0,459.8140062446995,35.010544886845494,54.219455113154496,464.32144889595804
-74.7261,-38.0748,54.4639,21.5,100.0,57.0,207.0,459.5197981020496,34.78810287342546,54.21298690026552,464.01261286513414
-72.631,-41.9335,54.4639,21.6,100.0,57.0,209.99999999999997,459.27,34.59701309973447,54.20701309973446,463.7502414927867
-70.3368,-45.6773,54.4639,21.5,100.0,57.0,212.99999999999997,458.94864776027083,34.32999999999999,54.189455113154494,463.410085374112
-67.8499,-49.2958,54.4639,21.3,100.0,57.0,215.99999999999994,458.6464682128888,34.13646821288897,54.16701309973446,463.09388526988005
-65.1769,-52.7792,54.4639,21.3,100.0,57.0,219.0,458.408647760271,33.882986900265536,54.10701309973447,462.8327062873351
-62.3254,-56.118,54.4639,21.8,100.0,57.0,221.99999999999997,458.0143896144821,33.8494551131545,54.11945511315451,462.4412201860133
-59.303,-59.303,54.4639,22.3,100.0,57.0,224.99999999999997,457.69267395973986,33.73348131262345,54.09298690026553,462.1110069990523
-56.118,-62.3254,54.4639,21.6,100.0,57.0,228.0,457.3462562213385,33.97402619946893,54.061089773690995,461.7818034130356
-52.7792,-65.1769,54.4639,21.4,100.0,57.0,231.0,457.0386477602709,33.82,53.970544886845495,461.4552390664993
-49.2958,-67.8499,54.4639,20.6,100.0,57.0,233.99999999999997,456.70950558764207,33.78651868737655,53.932986900265526,461.12240068674294
-45.6773,-70.3368,54.4639,21.1,100.0,57.0,236.99999999999997,456.3310392992034,34.039455113154496,53.91810287342546,460.7644341198232
-41.9335,-72.631,54.4639,19.8,100.0,57.0,239.99999999999994,456.00646821288905,34.01,53.80999999999999,460.4281651376169
-38.0748,-74.7261,54.4639,22.0,100.0,57.0,242.99999999999997,455.67108977369094,34.042986900265525,53.83701309973448,460.1016094213709
-34.1118,-76.6164,54.4639,20.5,100.0,57.0,245.99999999999997,455.34891022630904,34.25108977369099,53.70163466053648,459.7821579402428
-30.0553,-78.2966,54.4639,21.8,100.0,57.0,249.0,455.0619476010621,34.49646821288897,53.72999999999999,459.51963546037365
-25.9163,-79.7623,54.4639,21.9,100.0,57.0,252.0,454.7803328952949,34.632442013420025,53.671089773690994,459.24409969608075
-21.7064,-81.0094,54.4639,21.2,100.0,57.0,254.99999999999997,454.4703328952949,35.007013099734465,53.57945511315449,458.95482616304156
-17.4369,-82.0344,54.4639,21.8,100.0,57.0,258.0,454.36,35.26,53.549455113154494,458.86144024412835
-13.1197,-82.8345,54.4639,23.0,100.0,57.0,260.99999999999994,454.1923915389325,35.507013099734465,53.57999999999999,458.71809743143956
-8.7665,-83.4076,54.4639,21.3,100.0,57.0,263.99999999999994,454.0728859512903,35.75402619946894,53.55054488684549,458.6155219825032
-4.3893,-83.7521,54.4639,22.6,100.0,57.0,266.99999999999994,453.9295560621296,36.019999999999996,53.56810287342546,458.4964818973205
0.0,-83.8671,54.4639,21.0,100.0,57.0,270.0,453.85566086000534,36.419455113154505,53.55353178711103,458.4531801310624
4.3893,-83.7521,54.4639,22.7,100.0,57.0,273.0,453.7529869002655,36.78891022630901,53.57999999999999,458.3841330549651
8.7665,-83.4076,54.4639,21.9,100.0,57.0,276.0,453.796468212889,37.06298690026553,53.60244201342004,458.4518746283659
13.1197,-82.8345,54.4639,22.1,100.0,57.0,278.99999999999994,453.7091926471164,37.542986900265525,53.6294551131545,458.4077069745071
17.4369,-82.0344,54.4639,22.1,100.0,57.0,282.0,453.76651868737645,37.84701309973447,53.593481312623446,458.48523544541666
21.7064,-81.0094,54.4639,20.4,100.0,57.0,284.99999999999994,453.8494551131545,38.059999999999995,53.59701309973447,458.5853588152595
25.9163,-79.7623,54.4639,22.0,100.0,57.0,287.99999999999994,453.98321884658543,38.36706357422205,53.66103929920341,458.7508056671789
30.0553,-78.2966,54.4639,21.6,100.0,57.0,291.0,454.13896070079653,38.806518687376546,53.66402619946894,458.94222863773456
34.1118,-76.6164,54.4639,21.2,100.0,57.0,294.0,454.3259738005311,39.06651868737655,53.65,459.1476950308604
38.0748,-74.7261,54.4639,21.3,100.0,57.0,296.99999999999994,454.60978800844947,39.220494412357915,53.75,459.4533371682451
41.9335,-72.631,54.4639,21.5,100.0,57.0,300.0,454.8123410644448,39.459455113154505,53.703481312623445,459.66876997186057
45.6773,-70.3368,54.4639,21.5,100.0,57.0,303.0,455.0721795473819,39.72163466053648,53.791634660536474,459.95873382028776
49.2958,-67.8499,54.4639,22.8,100.0,57.0,305.99999999999994,455.45324936630357,39.85298690026552,53.797013099734464,460.34773980291254
52.7792,-65.1769,54.4639,22.1,100.0,57.0,309.0,455.6524420134199,40.07646821288897,53.80592332604348,460.5652490170961
56.118,-62.3254,54.4639,21.7,100.0,57.0,311.99999999999994,456.04374377866145,40.17701309973447,53.88999999999999,460.9709543141234
59.303,-59.303,54.4639,20.2,100.0,57.0,314.99999999999994,456.33750751209243,40.24646821288897,53.91348131262344,461.270378881201
62.3254,-56.118,54.4639,24.6,100.0,57.0,318.0,456.71999999999997,40.158910226309004,53.919455113154505,461.6418569738496
65.1769,-52.7792,54.4639,22.5,100.0,57.0,321.0,456.9816346605365,40.12760846106754,53.96592332604347,461.90341009593465
67.8499,-49.2958,54.4639,21.7,100.0,57.0,323.99999999999994,457.2560242750186,40.29755798657996,54.00353178711102,462.1940570376903
70.3368,-45.6773,54.4639,21.1,100.0,57.0,327.0,457.73293642577795,40.05950558764208,54.02896070079659,462.6481748275895
72.631,-41.9335,54.4639,20.9,100.0,57.0,329.99999999999994,457.99805239893783,40.08353178711102,54.1294551131545,462.9242955739043
74.7261,-38.0748,54.4639,21.0,100.0,57.0,332.99999999999994,458.3640062446995,39.879455113154506,54.14945511315449,463.27108333012166
76.6164,-34.1118,54.4639,22.6,100.0,57.0,335.99999999999994,458.5797375339619,39.81,54.19646821288897,463.4840546809222
78.2966,-30.0553,54.4639,21.3,100.0,57.0,339.0,458.89615527236333,39.493481312623445,54.25537843919797,463.776953372554
79.7623,-25.9163,54.4639,20.4,100.0,57.0,341.99999999999994,459.06836533946336,39.25755798657996,54.28701309973446,463.93102903967036
81.0094,-21.7064,54.4639,21.6,100.0,57.0,345.0,459.2541271484441,38.97298690026552,54.31353178711102,464.0939632725221
82.0344,-17.4369,54.4639,21.6,100.0,57.0,347.99999999999994,459.4329364257779,38.80701309973446,54.35999999999999,464.26244403196756
82.8345,-13.1197,54.4639,21.8,100.0,57.0,351.0,459.5167506336964,38.485923326043476,54.38,464.3210040556089
83.4076,-8.7665,54.4639,22.0,100.0,57.0,353.99999999999994,459.6704944123578,38.220544886845495,54.40054488684548,464.4536497528408
83.7521,-4.3893,54.4639,21.8,100.0,57.0,356.99999999999994,459.75239153893233,37.9205448868455,54.453531787111025,464.51632519683625
86.4839,-4.5324,50.0,21.8,100.0,59.999999999999986,356.99999999999994,459.8749950694153,37.96348131262344,54.39896070079657,464.63478553461266
86.1281,-9.0524,50.0,20.7,100.0,59.999999999999986,353.99999999999994,459.741947601062,38.3094551131545,54.362442013420036,464.5272304577493
85.5363,-13.5476,50.0,20.5,100.0,59.999999999999986,351.0,459.6232493663035,38.72999999999999,54.37348131262345,464.44592766875826
84.7101,-18.0057,50.0,21.5,100.0,59.999999999999986,347.99999999999994,459.43675063369636,38.853531787111024,54.343531787111026,464.2681813481063
83.6516,-22.4144,50.0,20.3,100.0,59.999999999999986,345.0,459.30239153893245,39.199999999999996,54.290544886845495,464.1581520748002
82.3639,-26.7617,50.0,21.8,100.0,59.999999999999986,341.99999999999994,459.0502824208074,39.3394551131545,54.25348131262343,463.91615056361434
80.8504,-31.0356,50.0,21.0,100.0,59.999999999999986,339.0,458.8027244342275,39.6494551131545,54.21646821288898,463.6932657096919
79.1154,-35.2244,50.0,21.1,100.0,59.999999999999986,335.99999999999994,458.4581028734255,39.952442013420026,54.15298690026552,463.3708835299823
77.1634,-39.3167,50.0,20.5,100.0,59.999999999999986,332.99999999999994,458.2172955205418,40.07597380053106,54.120544886845494,463.13951134519874
75.0,-43.3013,50.0,20.8,100.0,59.999999999999986,329.99999999999994,457.86924312160403,40.196468212888966,54.06054488684549,462.7985980607579
72.631,-47.1671,50.0,21.8,100.0,59.999999999999986,327.0,457.4883653394635,40.412442013420026,54.00353178711102,462.4339426728362
70.0629,-50.9037,50.0,22.0,100.0,59.999999999999986,323.99999999999994,457.26366231310703,40.31999999999999,53.95457108631443,462.19785267037247
67.3028,-54.5007,50.0,22.2,100.0,59.999999999999986,321.0,456.84542891368545,40.509455113154495,53.89402619946893,461.79359884355586
64.3582,-57.9484,50.0,22.0,100.0,59.999999999999986,318.0,456.48646821288884,40.438102873425464,53.84353178711102,461.4263340347928
61.2372,-61.2372,50.0,21.1,100.0,59.999999999999986,314.99999999999994,456.1689102263089,40.41,53.779999999999994,461.10230009950965
57.9484,-64.3582,50.0,20.5,100.0,59.999999999999986,311.99999999999994,455.8514332339347,40.40163466053649,53.7405448868455,460.7828853477643
54.5007,-67.3028,50.0,21.6,100.0,59.999999999999986,309.0,455.5395055876421,40.22054488684549,53.739999999999995,460.4583813788475
50.9037,-70.0629,50.0,21.3,100.0,59.999999999999986,305.99999999999994,455.15457108631443,40.20348131262344,53.69945511315451,460.07133682709576
47.1671,-72.631,50.0,20.9,100.0,59.999999999999986,303.0,454.8370130997344,39.90402619946893,53.62896070079658,459.7228569673945
43.3013,-75.0,50.0,21.7,100.0,59.999999999999986,300.0,454.53607474950616,39.79646821288897,53.699999999999996,459.42408745178795
39.3167,-77.1634,50.0,22.3,100.0,59.999999999999986,296.99999999999994,454.28810287342554,39.46,53.5905448868455,459.1369278478971
35.2244,-79.1154,50.0,22.2,100.0,59.999999999999986,294.0,454.0992231668346,39.227013099734464,53.65945511315449,458.93812236563
31.0356,-80.8504,50.0,20.5,100.0,59.999999999999986,291.0,453.80407667395656,38.90701309973446,53.5605448868455,458.60726950498827
26.7617,-82.3639,50.0,21.8,100.0,59.999999999999986,287.99999999999994,453.74914217262886,38.69054488684549,53.582986900265524,458.5372163425686
22.4144,-83.6516,50.0,22.1,100.0,59.999999999999986,284.99999999999994,453.6515841860488,38.25542891368556,53.5794551131545,458.40374746079937
18.0057,-84.7101,50.0,21.1,100.0,59.999999999999986,282.0,453.5493241158097,37.90646821288897,53.47054488684549,458.2608306508191
13.5476,-85.5363,50.0,21.3,100.0,59.999999999999986,278.99999999999994,453.47701309973445,37.53298690026552,53.449999999999996,458.15611860534204
9.0524,-86.1281,50.0,21.4,100.0,59.999999999999986,276.0,453.4353279647104,37.23,53.462391538932444,458.09158129737176
4.5324,-86.4839,50.0,20.7,100.0,59.999999999999986,273.0,453.4745710863144,36.95646821288898,53.4605448868455,458.10806260563186
0.0,-86.6025,50.0,20.9,100.0,59.999999999999986,270.0,453.48732604026003,36.576518687376556,53.45298690026552,458.0893126967634
-4.5324,-86.4839,50.0,21.1,100.0,59.999999999999986,266.99999999999994,453.62623626656904,36.20298690026552,53.44651868737655,458.19640859534684
-9.0524,-86.1281,50.0,21.3,100.0,59.999999999999986,263.99999999999994,453.746468212889,35.78,53.40407667395652,458.2772754796687
-13.5476,-85.5363,50.0,22.0,100.0,59.999999999999986,260.99999999999994,453.93864776027095,35.43,53.39353178711102,458.4391454349471
-18.0057,-84.7101,50.0,20.9,100.0,59.999999999999986,258.0,454.1301009489752,35.01407667395652,53.410544886845486,458.59875758484765
-22.4144,-83.6516,50.0,20.3,100.0,59.999999999999986,254.99999999999997,454.37999999999994,34.760544886845494,53.52054488684549,458.83976354040544
-26.7617,-82.3639,50.0,22.0,100.0,59.999999999999986,252.0,454.549243121604,34.60407667395652,53.578910226309,459.0023487586082
-31.0356,-80.8504,50.0,21.6,100.0,59.999999999999986,249.0,454.86999999999995,34.27054488684549,53.57054488684549,459.29401305298416
-35.2244,-79.1154,50.0,21.4,100.0,59.999999999999986,245.99999999999997,455.27412714844405,33.9794551131545,53.713481312623436,459.68932149364315
-39.3167,-77.1634,50.0,20.1,100.0,59.999999999999986,242.99999999999997,455.55308784924057,33.96,53.69108977369098,459.961553360783
-43.3013,-75.0,50.0,21.3,100.0,59.999999999999986,239.99999999999994,455.90732604026005,33.849999999999994,53.80244201342003,460.3172983972984
-47.1671,-72.631,50.0,21.5,100.0,59.999999999999986,236.99999999999997,456.20150366319183,33.80646821288897,53.787013099734466,460.6036604454825
-50.9037,-70.0629,50.0,21.4,100.0,59.999999999999986,233.99999999999997,456.61701309973444,33.7105448868455,53.886468212888964,461.0197923572802
-54.5007,-67.3028,50.0,22.0,100.0,59.999999999999986,231.0,456.97108977369095,33.65353178711102,53.96,461.3749220435597
-57.9484,-64.3582,50.0,22.1,100.0,59.999999999999986,228.0,457.4022100671001,33.563531787111025,53.96407667395651,461.79585750801687
-61.2372,-61.2372,50.0,21.8,100.0,59.999999999999986,224.99999999999997,457.7562562213384,33.74298690026553,53.99407667395652,462.1631092921634
-64.3582,-57.9484,50.0,21.4,100.0,59.999999999999986,221.99999999999997,458.06249248790755,33.7394551131545,54.073531787111015,462.47545307345626
-67.3028,-54.5007,50.0,21.3,100.0,59.999999999999986,219.0,458.43103929920346,33.867013099734464,54.12,462.8552330580755
-70.0629,-50.9037,50.0,23.2,100.0,59.999999999999986,215.99999999999994,458.81729552054196,33.939455113154494,54.169999999999995,463.248946228874
-72.631,-47.1671,50.0,21.8,100.0,59.999999999999986,212.99999999999997,458.9717356095116,34.23108977369099,54.16298690026551,463.4225401784642
-75.0,-43.3013,50.0,21.0,100.0,59.999999999999986,209.99999999999997,459.37483355235247,34.33592332604348,54.16353178711101,463.829582398058
-77.1634,-39.3167,50.0,21.7,100.0,59.999999999999986,207.0,459.73917269234704,34.65592332604347,54.20836533946351,464.21943819943715
-79.1154,-35.2244,50.0,21.5,100.0,59.999999999999986,204.0,459.8770130997344,34.84701309973447,54.209999999999994,464.37044005783395
-80.8504,-31.0356,50.0,22.1,100.0,59.999999999999986,200.99999999999997,460.02231101607526,35.06402619946894,54.24999999999999,464.53533241927653
-82.3639,-26.7617,50.0,20.9,100.0,59.999999999999986,197.99999999999997,460.2140261994689,35.39353178711102,54.22945511315449,464.7477657880243
-83.6516,-22.4144,50.0,20.9,100.0,59.999999999999986,194.99999999999997,460.3776589355551,35.78592332604347,54.2,464.9364054957191
-84.7101,-18.0057,50.0,20.6,100.0,59.999999999999986,192.0,460.4696870594744,36.05054488684549,54.2,465.047970092644
-85.5363,-13.5476,50.0,22.6,100.0,59.999999999999986,188.99999999999997,460.58348131262335,36.38701309973447,54.14651868737655,465.18061381181644
-86.1281,-9.0524,50.0,21.8,100.0,59.999999999999986,186.0,460.7457418542112,36.7594551131545,54.12298690026552,465.36780495432834
-86.4839,-4.5324,50.0,22.2,100.0,59.999999999999986,182.99999999999997,460.7401309973447,37.112986900265525,54.09,465.3864740278875
-86.6025,0.0,50.0,22.2,100.0,59.999999999999986,180.0,460.6992231668346,37.467013099734466,54.09298690026553,465.37469046880153
-86.4839,4.5324,50.0,21.6,100.0,59.999999999999986,176.99999999999997,460.65358226159856,37.72298690026552,54.1094551131545,465.3521029540572
-86.1281,9.0524,50.0,22.0,100.0,59.999999999999986,173.99999999999997,460.5751159731599,38.10646821288897,54.09,465.30341549718884
-85.5363,13.5476,50.0,21.7,100.0,59.999999999999986,170.99999999999997,460.5457418542111,38.353531787111024,54.09,465.29463981502147
-84.7101,18.0057,50.0,21.3,100.0,59.999999999999986,167.99999999999997,460.3281533479129,38.78298690026553,54.03462156080201,465.10844882115924
-83.6516,22.4144,50.0,21.0,100.0,59.999999999999986,164.99999999999997,460.1461047978757,39.10054488684549,54.0094551131545,464.9519454876231
-82.3639,26.7617,50.0,21.1,100.0,59.999999999999986,161.99999999999997,459.96244201341995,39.49701309973447,53.96701309973447,464.79877432030327
-80.8504,31.0356,50.0,21.7,100.0,59.999999999999986,159.0,459.7231683720978,39.58353178711103,53.94298690026553,464.56656505020203
-79.1154,35.2244,50.0,21.0,100.0,59.999999999999986,155.99999999999997,459.51303737475314,39.90701309973446,53.883531787111025,464.37940976077556
-77.1634,39.3167,50.0,21.2,100.0,59.999999999999986,152.99999999999997,459.295378439198,40.18244201342003,53.85353178711102,464.18431273332936
-75.0,43.3013,50.0,21.6,100.0,59.999999999999986,150.0,459.0470130997344,40.26701309973447,53.85,463.9454871854687
-72.631,47.1671,50.0,20.5,100.0,59.999999999999986,147.0,458.666801108184,40.500544886845496,53.806468212888966,463.5845819227495
-70.0629,50.9037,50.0,21.6,100.0,59.999999999999986,143.99999999999997,458.4488597518214,40.685428913685556,53.77,463.38091677758564
-67.3028,54.5007,50.0,20.6,100.0,59.999999999999986,141.0,458.1017356095116,40.72298690026552,53.739999999999995,463.0373088969463
-64.3582,57.9484,50.0,21.5,100.0,59.999999999999986,138.0,457.7167506336964,40.697557986579966,53.72701309973447,462.6526850385281
-61.2372,61.2372,50.0,21.8,100.0,59.999999999999986,135.0,457.4459738005311,40.8,53.65402619946893,462.385351707566
-57.9484,64.3582,50.0,21.3,100.0,59.999999999999986,131.99999999999997,457.127820452618,40.73701309973447,53.6405448868455,462.0634767256622
-54.5007,67.3028,50.0,21.4,100.0,59.999999999999986,129.0,456.8665186873765,40.69244201342003,53.58054488684549,461.7940726394285
-50.9037,70.0629,50.0,22.1,100.0,59.999999999999986,126.0,456.5002319463199,40.6294551131545,53.56701309973447,461.4245759409254
-47.1671,72.631,50.0,20.9,100.0,59.999999999999986,122.99999999999999,456.23244201342004,40.489999999999995,53.52298690026553,461.1422680391103
-43.3013,75.0,50.0,21.3,100.0,59.999999999999986,119.99999999999997,455.85493450132765,40.274026199468935,53.487013099734476,460.7456772079977
-39.3167,77.1634,50.0,21.7,100.0,59.999999999999986,116.99999999999999,455.67620574685094,40.08945511315451,53.509455113154495,460.5553502909534
-35.2244,79.1154,50.0,20.5,100.0,59.999999999999986,114.0,455.4999495255123,39.8405448868455,53.46896070079658,460.3546489317213
-31.0356,80.8504,50.0,20.6,100.0,59.999999999999986,110.99999999999999,455.27407667395653,39.62755798657996,53.47407667395652,460.1133611616115
-26.7617,82.3639,50.0,21.5,100.0,59.999999999999986,107.99999999999997,455.09298690026554,39.39,53.44701309973446,459.9106239641442
-22.4144,83.6516,50.0,21.7,100.0,59.999999999999986,104.99999999999999,454.8834813126234,39.143531787111016,53.43701309973446,459.6810981766398
-18.0057,84.7101,50.0,21.7,100.0,59.999999999999986,102.0,454.7739757249813,38.76651868737655,53.43353178711101,459.54037285867366
-13.5476,85.5363,50.0,21.6,100.0,59.999999999999986,98.99999999999999,454.5933503152787,38.5605448868455,53.455923326043475,459.3468901728627
-9.0524,86.1281,50.0,22.2,100.0,59.999999999999986,96.0,454.54374377866145,38.23646821288897,53.45457108631443,459.2705451906736
-4.5324,86.4839,50.0,21.3,100.0,59.999999999999986,93.0,454.55054488684556,37.84054488684549,53.49755798657996,459.24948928092346
0.0,86.6025,50.0,21.3,100.0,59.999999999999986,90.0,454.53049441235794,37.485115973159935,53.54293642577794,459.2057820970449
4.5324,86.4839,50.0,23.1,100.0,59.999999999999986,86.99999999999999,454.544288665507,37.13462156080202,53.5905448868455,459.19651237587243
9.0524,86.1281,50.0,22.9,100.0,59.999999999999986,83.99999999999999,454.62646821288894,36.866518687376555,53.63,459.260865630691
13.5476,85.5363,50.0,21.9,100.0,59.999999999999986,80.99999999999999,454.72402619946894,36.580544886845495,53.68755798657996,459.3413002875272
18.0057,84.7101,50.0,21.0,100.0,59.999999999999986,77.99999999999999,454.84867827998903,36.199999999999996,53.76244201342003,459.4433156596136
22.4144,83.6516,50.0,20.9,100.0,59.999999999999986,75.0,455.0637437786614,35.94701309973447,53.79646821288897,459.6403579374031
26.7617,82.3639,50.0,22.6,100.0,59.999999999999986,71.99999999999999,455.21212907289436,35.71760846106754,53.83189712657454,459.7735346423298
31.0356,80.8504,50.0,21.6,100.0,59.999999999999986,69.0,455.49217954738197,35.33945511315451,53.917557986579965,460.03163562493756
35.2244,79.1154,50.0,21.1,100.0,59.999999999999986,65.99999999999999,455.737063574222,35.24,53.968910226309006,460.2724975340911
39.3167,77.1634,50.0,21.0,100.0,59.999999999999986,63.0,455.9256103855178,34.96108977369099,54.022442013420026,460.4442031828226
43.3013,75.0,50.0,21.8,100.0,59.999999999999986,59.999999999999986,456.18135223972905,34.95298690026553,54.04,460.6988810758258
47.1671,72.631,50.0,21.8,100.0,59.999999999999986,57.0,456.5154793881731,34.67054488684549,54.15701309973446,461.02213794095513
50.9037,70.0629,50.0,20.8,100.0,59.999999999999986,53.999999999999986,456.82927364132223,34.69542891368556,54.15787092710558,461.3348382970006
54.5007,67.3028,50.0,20.9,100.0,59.999999999999986,51.0,457.14805239893786,34.62,54.17597380053105,461.64696722644874
57.9484,64.3582,50.0,21.4,100.0,59.999999999999986,48.0,457.4093241158097,34.54189712657453,54.227013099734464,461.9058360693264
61.2372,61.2372,50.0,21.7,100.0,59.999999999999986,45.0,457.76103929920333,34.46646821288896,54.31298690026552,462.25859329750193
64.3582,57.9484,50.0,21.1,100.0,59.999999999999986,41.99999999999999,457.9886477602709,34.49891022630901,54.3394551131545,462.4895162769411
67.3028,54.5007,50.0,20.2,100.0,59.999999999999986,38.99999999999999,458.2951464928781,34.56701309973447,54.33080735288354,462.79710059720765
70.0629,50.9037,50.0,20.9,100.0,59.999999999999986,35.99999999999999,458.54950558764216,34.7794551131545,54.369455113154494,463.06943023907365
72.631,47.1671,50.0,20.1,100.0,59.999999999999986,32.99999999999999,458.7304944123579,34.80298690026552,54.39353178711102,463.2532468329411
75.0,43.3013,50.0,22.0,100.0,59.999999999999986,29.999999999999993,458.9991926471164,35.05244201342003,54.40706357422204,463.53970823283123
77.1634,39.3167,50.0,20.2,100.0,59.999999999999986,26.999999999999993,459.23093835022814,35.099999999999994,54.45950558764209,463.7789370884381
79.1154,35.2244,50.0,21.8,100.0,59.999999999999986,24.0,459.3972250912849,35.353531787111024,54.47646821288897,463.964835111827
80.8504,31.0356,50.0,21.4,100.0,59.999999999999986,20.999999999999996,459.5729869002655,35.80298690026552,54.48298690026552,464.1740837455132
82.3639,26.7617,50.0,21.4,100.0,59.999999999999986,17.999999999999996,459.7192431216039,35.92646821288897,54.4594551131545,464.325667894608
83.6516,22.4144,50.0,21.2,100.0,59.999999999999986,14.999999999999996,459.8278204526179,36.05054488684549,54.500544886845496,464.44760268711315
84.7101,18.0057,50.0,21.7,100.0,59.999999999999986,12.0,459.94103929920334,36.42,54.49999999999999,464.58844801784653
85.5363,13.5476,50.0,21.0,100.0,59.999999999999986,8.999999999999998,459.95950558764207,36.69348131262345,54.51163466053649,464.62961234152067
86.1281,9.0524,50.0,21.2,100.0,59.999999999999986,6.0,459.9980523989379,37.02646821288897,54.51,464.69399356903256
86.4839,4.5324,50.0,21.6,100.0,59.999999999999986,3.0,459.9819980755496,37.439455113154494,54.47646821288897,464.70725940283603
86.6025,0.0,50.0,20.2,100.0,59.999999999999986,0.0,459.955640905236,37.696518687376546,54.429455113154496,464.69644361196595
89.1007,0.0,45.399,21.6,100.0,63.0,0.0,460.06646821288894,37.739999999999995,54.4705448868455,464.8144823842637
88.9785,4.6632,45.399,21.3,100.0,63.0,3.0,460.0783148649759,37.298910226309,54.527013099734454,464.7972242501506
88.6125,9.3136,45.399,21.8,100.0,63.0,6.0,460.1099999999999,37.06999999999999,54.53298690026552,464.81097626913294
88.0037,13.9384,45.399,20.9,100.0,63.0,8.999999999999998,460.07407667395637,36.65,54.52651868737655,464.74134716803314
87.1536,18.5251,45.399,22.4,100.0,63.0,12.0,459.96539839396746,36.4505448868455,54.51298690026552,464.61648236266615
86.0646,23.0609,45.399,21.7,100.0,63.0,14.999999999999996,459.876730678927,36.19054488684549,54.509455113154495,464.507958657199
84.7398,27.5336,45.399,21.4,100.0,63.0,17.999999999999996,459.74561038551786,35.95651868737655,54.51348131262343,464.3604388292459
83.1826,31.9308,45.399,21.1,100.0,63.0,20.999999999999996,459.61701309973444,35.6,54.51,464.2052335236231
81.3975,36.2405,45.399,20.7,100.0,63.0,24.0,459.3910897736909,35.26,54.491089773690994,463.9533595397104
79.3893,40.4508,45.399,21.7,100.0,63.0,26.999999999999993,459.234127148444,35.09298690026552,54.49999999999999,463.7863206988488
77.1634,44.5503,45.399,21.3,100.0,63.0,29.999999999999993,459.025711334493,34.84054488684549,54.457557986579964,463.5559220374725
74.7261,48.5277,45.399,20.9,100.0,63.0,32.99999999999999,458.7414531887041,34.712986900265534,54.410544886845486,463.25934391883067
72.0839,52.372,45.399,22.0,100.0,63.0,35.99999999999999,458.471089773691,34.59054488684549,54.37,462.97769152934865
69.2442,56.0729,45.399,21.5,100.0,63.0,38.99999999999999,458.1851159731599,34.48592332604347,54.35646821288896,462.68510354620946
66.2147,59.62,45.399,21.3,100.0,63.0,41.99999999999999,457.8994551131545,34.55108977369098,54.29402619946894,462.39975138230994
63.0037,63.0037,45.399,21.3,100.0,63.0,45.0,457.58488402684003,34.32353178711102,54.21353178711102,462.06183347364833
59.62,66.2147,45.399,21.5,100.0,63.0,48.0,457.3170130997343,34.36,54.24103929920341,461.8025015249704
56.0729,69.2442,45.399,21.7,100.0,63.0,51.0,456.9516346605364,34.41,54.248910226309,461.4453258834447
52.372,72.0839,45.399,21.6,100.0,63.0,53.999999999999986,456.6261552723633,34.499455113154504,54.14999999999999,461.1180766158761
48.5277,74.7261,45.399,21.1,100.0,63.0,57.0,456.3131683720978,34.7694551131545,54.05462156080201,460.8172357353072
44.5503,77.1634,45.399,21.4,100.0,63.0,59.999999999999986,456.0636327360862,34.55108977369098,54.08244201342002,460.5569730696956
40.4508,79.3893,45.399,20.5,100.0,63.0,63.0,455.75615527236323,34.92646821288897,54.00945511315449,460.2722590946496
36.2405,81.3975,45.399,21.1,100.0,63.0,65.99999999999999,455.4591926471163,35.03108977369099,53.98701309973446,459.983533401932
31.9308,83.1826,45.399,20.6,100.0,63.0,69.0,455.262179547382,35.3594551131545,53.89701309973447,459.80303523705106
27.5336,84.7398,45.399,21.2,100.0,63.0,71.99999999999999,454.9877899328997,35.64348131262345,53.86592332604347,459.5496539481615
23.0609,86.0646,45.399,21.5,100.0,63.0,75.0,454.78836533946355,35.989455113154506,53.76054488684549,459.3668406774848
18.5251,87.1536,45.399,21.2,100.0,63.0,77.99999999999999,454.6162057468509,36.18999999999999,53.708910226308994,459.2061167551677
13.9384,88.0037,45.399,20.9,100.0,63.0,80.99999999999999,454.50430862027633,36.50005047448758,53.66651868737655,459.114926208088
9.3136,88.6125,45.399,22.4,100.0,63.0,83.99999999999999,454.40896070079657,36.7894551131545,53.63054488684549,459.0394350353364
4.6632,88.9785,45.399,21.3,100.0,63.0,86.99999999999999,454.38529791634085,37.17701309973447,53.561089773691,459.03912644053014
0.0,89.1007,45.399,20.1,100.0,63.0,90.0,454.30428866550693,37.490050474487575,53.53542891368555,458.98140782979885
-4.6632,88.9785,45.399,21.8,100.0,63.0,93.0,454.3259738005311,37.94298690026553,53.49999999999999,459.0359579866424
-9.3136,88.6125,45.399,21.4,100.0,63.0,96.0,454.34859728578334,38.24701309973447,53.42651868737655,459.07502084698837
-13.9384,88.0037,45.399,21.9,100.0,63.0,98.99999999999999,454.4482038224006,38.597013099734475,53.38,459.1974779739402
-18.5251,87.1536,45.399,21.3,100.0,63.0,102.0,454.55701309973443,38.96,53.372986900265516,459.3349926674519
-23.0609,86.0646,45.399,21.0,100.0,63.0,104.99999999999999,454.6143391399945,39.38646821288898,53.37755798657997,459.42861787941507
-27.5336,84.7398,45.399,21.2,100.0,63.0,107.99999999999997,454.87945511315445,39.469455113154496,53.438910226309,459.7052030346678
-31.9308,83.1826,45.399,21.8,100.0,63.0,110.99999999999999,455.04023194631986,39.83945511315451,53.414621560802004,459.89337532732225
-36.2405,81.3975,45.399,20.2,100.0,63.0,114.0,455.3177394584123,40.071089773690986,53.488647760270965,460.1966661552343
-40.4508,79.3893,45.399,21.1,100.0,63.0,116.99999999999999,455.4908777821405,40.262986900265524,53.51646821288897,460.38794535354305
-44.5503,77.1634,45.399,20.8,100.0,63.0,119.99999999999997,455.7832188465854,40.47407667395652,53.543531787111014,460.6988205552528
-48.5277,74.7261,45.399,21.8,100.0,63.0,122.99999999999999,456.1186278055015,40.842442013420026,53.526518687376566,461.0611628662549
-52.372,72.0839,45.399,21.0,100.0,63.0,126.0,456.42919264711645,40.85,53.589999999999996,461.3764390392064
-56.0729,69.2442,45.399,20.6,100.0,63.0,129.0,456.8078709271056,40.849455113154505,53.662986900265516,461.7594883562815
-59.62,66.2147,45.399,21.9,100.0,63.0,131.99999999999997,457.0145710863144,41.107013099734466,53.67646821288897,461.9883850823513
-63.0037,63.0037,45.399,21.3,100.0,63.0,135.0,457.43760846106744,41.03646821288897,53.69348131262345,462.40258140870856
-66.2147,59.62,45.399,21.3,100.0,63.0,138.0,457.75379425314895,40.90646821288897,53.73706357422205,462.7089228622961
-69.2442,56.0729,45.399,21.2,100.0,63.0,141.0,458.0846720352895,40.83353178711102,53.78407667395651,463.03528048687366
-72.0839,52.372,45.399,22.4,100.0,63.0,143.99999999999997,458.4650960183906,40.87,53.838910226309004,463.42122245480806
-74.7261,48.5277,45.399,21.7,100.0,63.0,147.0,458.82891022630895,40.72999999999999,53.86054488684549,463.7713445815407
-77.1634,44.5503,45.399,20.3,100.0,63.0,150.0,459.08571133449294,40.46244201342003,53.92298690026552,464.00925430580907
-79.3893,40.4508,45.399,21.3,100.0,63.0,152.99999999999997,459.38701309973453,40.38,53.95298690026553,464.30366894970354
-81.3975,36.2405,45.399,21.5,100.0,63.0,155.99999999999997,459.60446004373904,40.046468212888975,53.97651868737655,464.49267365377415
-83.1826,31.9308,45.399,21.3,100.0,63.0,159.0,459.890262466038,39.876518687376546,53.99592332604347,464.7631116919005
-84.7398,27.5336,45.399,20.5,100.0,63.0,161.99999999999997,460.0612712455232,39.65407667395652,54.044026199468924,464.9188917055961
-86.0646,23.0609,45.399,21.5,100.0,63.0,164.99999999999997,460.27488402684,39.36755798657996,54.027557986579964,465.10402117133003
-87.1536,18.5251,45.399,21.4,100.0,63.0,167.99999999999997,460.56135223972893,38.862986900265525,54.043531787111014,465.34696115449424
-88.0037,13.9384,45.399,22.3,100.0,63.0,170.99999999999997,460.63651868737657,38.52353178711102,54.13348131262344,465.4035868456565
-88.6125,9.3136,45.399,21.2,100.0,63.0,173.99999999999997,460.7740261994689,38.122936425777944,54.169455113154505,465.51089285756655
-88.9785,4.6632,45.399,20.8,100.0,63.0,176.99999999999997,460.8253178711102,37.72950558764208,54.2,465.5331665766658
-89.1007,0.0,45.399,22.0,100.0,63.0,180.0,460.8227749087151,37.45293642577794,54.19646821288897,465.50790486116597
-88.9785,-4.6632,45.399,21.1,100.0,63.0,182.99999999999997,460.85423819101925,37.089999999999996,54.19701309973448,465.5100570208527
-88.6125,-9.3136,45.399,21.0,100.0,63.0,186.0,460.80402619946886,36.89298690026552,54.22999999999998,465.44853200333966
-88.0037,-13.9384,45.399,20.5,100.0,63.0,188.99999999999997,460.76217954738195,36.54592332604347,54.230544886845486,465.3797832004857
-87.1536,-18.5251,45.399,21.8,100.0,63.0,192.0,460.654127148444,36.15407667395652,54.25108977369099,465.24458391331564
-86.0646,-23.0609,45.399,21.3,100.0,63.0,194.99999999999997,460.51597380053096,35.63353178711102,54.28592332604348,465.07168499537295
-84.7398,-27.5336,45.399,22.1,100.0,63.0,197.99999999999997,460.4540261994689,35.192986900265524,54.269999999999996,464.97493423867854
-83.1826,-31.9308,45.399,21.4,100.0,63.0,200.99999999999997,460.23194760106213,35.05298690026553,54.25651868737654,464.7428614872644
-81.3975,-36.2405,45.399,22.2,100.0,63.0,204.0,460.0287487092461,34.82999999999999,54.28298690026552,464.5279552468388
-79.3893,-40.4508,45.399,20.4,100.0,63.0,207.0,459.662280496357,34.652986900265525,54.23999999999999,464.14676473311926
-77.1634,-44.5503,45.399,21.3,100.0,63.0,209.99999999999997,459.51945511315444,34.230544886845486,54.21999999999999,463.97162438099673
-74.7261,-48.5277,45.399,20.2,100.0,63.0,212.99999999999997,459.12407667395655,34.0494551131545,54.209999999999994,463.5655371953526
-72.0839,-52.372,45.399,21.2,100.0,63.0,215.99999999999994,458.79896070079656,33.82,54.168960700796575,463.22192850029836
-69.2442,-56.0729,45.399,21.3,100.0,63.0,219.0,458.5223410644448,33.59,54.15760846106753,462.9298779614914
-66.2147,-59.62,45.399,22.6,100.0,63.0,221.99999999999997,458.15174570311177,33.46999999999999,54.19646821288897,462.5586667197573
-63.0037,-63.0037,45.399,21.8,100.0,63.0,224.99999999999997,457.7556103855178,33.6005448868455,54.141089773690986,462.16929047481483
-59.62,-66.2147,45.399,21.1,100.0,63.0,228.0,457.3459233260435,33.572986900265526,54.082986900265524,461.75470599054097
-56.0729,-69.2442,45.399,21.8,100.0,63.0,231.0,456.9599999999999,33.34298690026553,53.96701309973447,461.3422101632779
-52.372,-72.0839,45.399,21.0,100.0,63.0,233.99999999999997,456.5775075120923,33.45,53.95407667395652,460.96959254997927
-48.5277,-74.7261,45.399,21.0,100.0,63.0,236.99999999999997,456.12859728578337,33.6494551131545,53.94353178711102,460.5382586853948
-44.5503,-77.1634,45.399,20.8,100.0,63.0,239.99999999999994,455.867820452618,33.52810287342546,53.81701309973446,460.2563137051879
-40.4508,-79.3893,45.399,21.9,100.0,63.0,242.99999999999997,455.41,33.78,53.821947601062114,459.82187697365106
-36.2405,-81.3975,45.399,20.8,100.0,63.0,245.99999999999997,455.1222100671001,34.016518687376546,53.71999999999999,459.5423680575821
-31.9308,-83.1826,45.399,21.5,100.0,63.0,249.0,454.8560242750185,34.25348131262344,53.73353178711101,459.29793842300984
-27.5336,-84.7398,45.399,20.8,100.0,63.0,252.0,454.5358728515559,34.48646821288897,53.60244201342004,458.98300403013445
-23.0609,-86.0646,45.399,20.7,100.0,63.0,254.99999999999997,454.1949039816094,34.8594551131545,53.577820452618006,458.6706609955583
-18.5251,-87.1536,45.399,21.5,100.0,63.0,258.0,453.97199807554966,35.05189712657453,53.53,458.45901826540484
-13.9384,-88.0037,45.399,22.2,100.0,63.0,260.99999999999994,453.8384662884386,35.300544886845486,53.45706357422205,458.3373643925715
-9.3136,-88.6125,45.399,22.6,100.0,63.0,263.99999999999994,453.6075075120924,35.69701309973447,53.44651868737655,458.13816472258196
-4.6632,-88.9785,45.399,20.7,100.0,63.0,266.99999999999994,453.44103929920334,36.067013099734474,53.42298690026553,457.99958633608395
0.0,-89.1007,45.399,20.4,100.0,63.0,270.0,453.34891022630893,36.449999999999996,53.427557986579956,457.93923271083827
4.6632,-88.9785,45.399,21.5,100.0,63.0,273.0,453.3185972857833,36.86,53.42298690026553,457.94150911933735
9.3136,-88.6125,45.399,21.3,100.0,63.0,276.0,453.2668316279022,37.13,53.48054488684549,457.9187987355301
13.9384,-88.0037,45.399,20.7,100.0,63.0,278.99999999999994,453.2764682128889,37.582986900265524,53.495923326043474,457.96708544654336
18.5251,-87.1536,45.399,22.6,100.0,63.0,282.0,453.35249248790757,38.03651868737656,53.56298690026553,458.0876038101571
23.0609,-86.0646,45.399,21.0,100.0,63.0,284.99999999999994,453.46587285155584,38.49,53.540000000000006,458.2349937979676
27.5336,-84.7398,45.399,21.3,100.0,63.0,287.99999999999994,453.561089773691,38.71646821288897,53.57049441235791,458.3518571350642
31.9308,-83.1826,45.399,21.7,100.0,63.0,291.0,453.67656916186417,39.112986900265525,53.63950558764208,458.5078534882764
36.2405,-81.3975,45.399,20.1,100.0,63.0,294.0,453.8551159731598,39.459455113154505,53.61646821288897,458.71150035339326
40.4508,-79.3893,45.399,21.3,100.0,63.0,296.99999999999994,454.1830373747531,39.73701309973447,53.69945511315451,459.0695950817202
44.5503,-77.1634,45.399,20.9,100.0,63.0,300.0,454.4396365849867,39.99407667395652,53.65646821288897,459.34075156639204
48.5277,-74.7261,45.399,21.9,100.0,63.0,303.0,454.65646821288897,40.10298690026553,53.759455113154495,459.5767973475204
52.372,-72.0839,45.399,21.5,100.0,63.0,305.99999999999994,454.9954289136855,40.33651868737655,53.722986900265525,459.9282926649021
56.0729,-69.2442,45.399,21.8,100.0,63.0,309.0,455.34326932107297,40.550544886845486,53.7405448868455,460.29326061909524
59.62,-66.2147,45.399,23.4,100.0,63.0,311.99999999999994,455.7429869002656,40.68999999999999,53.80755798657996,460.70880120229396
63.0037,-63.0037,45.399,20.9,100.0,63.0,314.99999999999994,456.13369330417385,40.70701309973447,53.888910226308994,461.10630198272855
66.2147,-59.62,45.399,21.6,100.0,63.0,318.0,456.5208578273711,40.73701309973447,53.919999999999995,461.4955733999263
69.2442,-56.0729,45.399,21.6,100.0,63.0,321.0,456.80189712657454,40.773531787111025,53.937063574222044,461.7788008774784
72.0839,-52.372,45.399,21.2,100.0,63.0,323.99999999999994,457.24587285155593,40.70348131262344,53.96651868737654,462.21526020890235
74.7261,-48.5277,45.399,20.8,100.0,63.0,327.0,457.59924312160393,40.5705448868455,53.983531787111026,462.5551406287583
77.1634,-44.5503,45.399,20.9,100.0,63.0,329.99999999999994,457.9815841860488,40.548910226309,54.04,462.93808136089234
79.3893,-40.4508,45.399,21.5,100.0,63.0,332.99999999999994,458.34189712657445,40.3905448868455,54.119455113154494,463.2899806812019
81.3975,-36.2405,45.399,21.2,100.0,63.0,335.99999999999994,458.62841581395105,40.14353178711102,54.16353178711101,463.5571325219908
83.1826,-31.9308,45.399,22.0,100.0,63.0,339.0,458.848314864976,39.86701309973446,54.228910226309004,463.7584818547857
84.7398,-27.5336,45.399,22.9,100.0,63.0,341.99999999999994,459.1308073528835,39.60999999999999,54.28293642577795,464.0222920803651
86.0646,-23.0609,45.399,21.5,100.0,63.0,345.0,459.348647760271,39.339999999999996,54.34945511315449,464.22266109086735
87.1536,-18.5251,45.399,21.7,100.0,63.0,347.99999999999994,459.595378439198,39.023531787111025,54.36348131262344,464.441746633781
88.0037,-13.9384,45.399,21.7,100.0,63.0,351.0,459.7694250647849,38.755428913685556,54.397063574222045,464.5954670680554
88.6125,-9.3136,45.399,21.9,100.0,63.0,353.99999999999994,459.99184665208685,38.32994952551242,54.45293642577794,464.7868396398667
88.9785,-4.6632,45.399,21.1,100.0,63.0,356.99999999999994,460.0394551131544,38.05163466053648,54.463531787111016,464.812331436971
91.2293,-4.7811,40.6737,20.9,100.0,65.99999999999999,356.99999999999994,460.14103929920344,38.13239153893245,54.43597380053105,464.9162618960985
90.8541,-9.5492,40.6737,21.1,100.0,65.99999999999999,353.99999999999994,460.0577699781304,38.57353178711103,54.40999999999998,464.86720380317394
90.2298,-14.291,40.6737,21.6,100.0,65.99999999999999,351.0,459.99298690026546,38.90945511315449,54.419999999999995,464.8322601698707
89.3582,-18.9937,40.6737,20.7,100.0,65.99999999999999,347.99999999999994,459.8070130997345,39.09298690026553,54.398960700796586,464.6611645552171
88.2417,-23.6443,40.6737,21.8,100.0,65.99999999999999,345.0,459.5762867410566,39.53542891368556,54.32706357422204,464.46188574595067
86.8833,-28.2301,40.6737,21.4,100.0,65.99999999999999,341.99999999999994,459.31542891368554,39.876468212888966,54.21999999999999,464.2204264735627
85.2868,-32.7385,40.6737,20.3,100.0,65.99999999999999,339.0,459.00168513502405,40.079455113154495,54.17651868737655,463.9224125390395
83.4565,-37.1572,40.6737,21.7,100.0,65.99999999999999,335.99999999999994,458.693531787111,40.332986900265524,54.152442013420014,463.63670358551985
81.3975,-41.4741,40.6737,21.5,100.0,65.99999999999999,332.99999999999994,458.315973800531,40.56542891368556,54.08,463.2750071649455
79.1154,-45.6773,40.6737,21.1,100.0,65.99999999999999,329.99999999999994,458.0168316279021,40.66706357422204,54.017557986579966,462.98069580172063
76.6164,-49.7553,40.6737,21.7,100.0,65.99999999999999,327.0,457.66452061182684,40.81,53.97945511315449,462.6403042333929
73.9074,-53.6969,40.6737,21.5,100.0,65.99999999999999,323.99999999999994,457.288910226309,41.037013099734466,53.92646821288897,462.28264928940257
70.9958,-57.4913,40.6737,20.5,100.0,65.99999999999999,321.0,456.8845710863144,40.97999999999999,53.830000000000005,461.8663666004762
67.8897,-61.1281,40.6737,21.8,100.0,65.99999999999999,318.0,456.442179547382,41.03163466053649,53.790544886845495,461.4287388450182
64.5974,-64.5974,40.6737,20.9,100.0,65.99999999999999,314.99999999999994,456.10488402684007,40.95,53.739999999999995,461.08193993382264
61.1281,-67.8897,40.6737,20.1,100.0,65.99999999999999,311.99999999999994,455.7329869002655,40.81348131262344,53.75054488684549,460.70317633105833
57.4913,-70.9958,40.6737,20.3,100.0,65.99999999999999,309.0,455.3753479194798,40.64353178711102,53.72755798657996,460.3316789621571
53.6969,-73.9074,40.6737,21.9,100.0,65.99999999999999,305.99999999999994,455.0649345013276,40.633531787111025,53.652986900265525,460.015023147627
49.7553,-76.6164,40.6737,21.1,100.0,65.99999999999999,303.0,454.6473459950294,40.37,53.59293642577794,459.5717016473724
45.6773,-79.1154,40.6737,22.1,100.0,65.99999999999999,300.0,454.36244201342004,40.28,53.64054488684548,459.287508177782
41.4741,-81.3975,40.6737,20.0,100.0,65.99999999999999,296.99999999999994,454.03742698923526,39.89999999999999,53.55891022630901,458.923252812096
37.1572,-83.4565,40.6737,22.1,100.0,65.99999999999999,294.0,453.80701309973455,39.59810287342546,53.594076673956515,458.67323874868805
32.7385,-85.2868,40.6737,21.5,100.0,65.99999999999999,291.0,453.5752979163408,39.31891022630901,53.5221290728944,458.41154640974895
28.2301,-86.8833,40.6737,21.1,100.0,65.99999999999999,287.99999999999994,453.4729869002654,38.92298690026553,53.55706357422205,458.2805994324654
23.6443,-88.2417,40.6737,21.3,100.0,65.99999999999999,284.99999999999994,453.2476084610675,38.49,53.49244201342003,458.01344524832047
18.9937,-89.3582,40.6737,21.0,100.0,65.99999999999999,282.0,453.1810392992033,38.07597380053106,53.47,457.9103351761836
14.291,-90.2298,40.6737,21.2,100.0,65.99999999999999,278.99999999999994,453.1239252504938,37.80462156080201,53.456468212888964,457.82974459897883
9.5492,-90.8541,40.6737,21.3,100.0,65.99999999999999,276.0,453.1490616497718,37.31353178711103,53.4705448868455,457.81597929625894
4.7811,-91.2293,40.6737,21.2,100.0,65.99999999999999,273.0,453.21402619946883,36.95298690026553,53.43298690026552,457.8466565061581
0.0,-91.3545,40.6737,21.8,100.0,65.99999999999999,270.0,453.2158728515559,36.52,53.43999999999999,457.81456006181986
-4.7811,-91.2293,40.6737,21.6,100.0,65.99999999999999,266.99999999999994,453.253531787111,36.18999999999999,53.43701309973446,457.8252882339625
-9.5492,-90.8541,40.6737,23.4,100.0,65.99999999999999,263.99999999999994,453.4950654986723,35.68,53.4394551131545,458.0246851365502
-14.291,-90.2298,40.6737,20.4,100.0,65.99999999999999,260.99999999999994,453.693531787111,35.3994551131545,53.453531787111025,458.20107187596824
-18.9937,-89.3582,40.6737,21.3,100.0,65.99999999999999,258.0,453.91755798657994,34.91353178711102,53.47054488684549,458.38761252988274
-23.6443,-88.2417,40.6737,21.0,100.0,65.99999999999999,254.99999999999997,454.17402619946887,34.60244201342003,53.51402619946894,458.62307624846505
-28.2301,-86.8833,40.6737,21.8,100.0,65.99999999999999,252.0,454.47308784924064,34.39,53.595973800531056,458.9128327763899
-32.7385,-85.2868,40.6737,21.7,100.0,65.99999999999999,249.0,454.7638142079185,34.038910226309,53.609455113154496,459.17616205532516
-37.1572,-83.4565,40.6737,20.8,100.0,65.99999999999999,245.99999999999997,455.0941776229316,33.7794551131545,53.72701309973447,459.497936916645
-41.4741,-81.3975,40.6737,21.3,100.0,65.99999999999999,242.99999999999997,455.4908073528835,33.70646821288897,53.74353178711102,459.88734358679665
-45.6773,-79.1154,40.6737,21.1,100.0,65.99999999999999,239.99999999999994,455.78950558764205,33.542986900265525,53.851089773690994,460.183816799149
-49.7553,-76.6164,40.6737,20.9,100.0,65.99999999999999,236.99999999999997,456.19158418604883,33.44701309973447,53.84353178711102,460.5741960670184
-53.6969,-73.9074,40.6737,21.0,100.0,65.99999999999999,233.99999999999997,456.5270635742219,33.4294551131545,53.94298690026553,460.9168407430849
-57.4913,-70.9958,40.6737,21.2,100.0,65.99999999999999,231.0,456.97917269234705,33.33,54.04,461.3688055932932
-61.1281,-67.8897,40.6737,21.6,100.0,65.99999999999999,228.0,457.34217954738193,33.3505448868455,54.098910226309,461.7367433127598
-64.5974,-64.5974,40.6737,21.7,100.0,65.99999999999999,224.99999999999997,457.7704944123579,33.3505448868455,54.116468212888975,462.1630410695134
-67.8897,-61.1281,40.6737,21.8,100.0,65.99999999999999,221.99999999999997,458.13433913999455,33.38651868737655,54.12755798657997,462.52732336900124
-70.9958,-57.4913,40.6737,21.3,100.0,65.99999999999999,219.0,458.51955606212965,33.52244201342003,54.189455113154494,462.9259492137119
-73.9074,-53.6969,40.6737,22.2,100.0,65.99999999999999,215.99999999999994,458.7768011081839,33.79646821288897,54.24298690026552,463.2069258188886
-76.6164,-49.7553,40.6737,21.3,100.0,65.99999999999999,212.99999999999997,459.117628415837,33.98054488684549,54.29,463.563456554752
-79.1154,-45.6773,40.6737,21.4,100.0,65.99999999999999,209.99999999999997,459.52130176524133,34.18402619946894,54.32402619946894,463.98219173342045
-81.3975,-41.4741,40.6737,21.5,100.0,65.99999999999999,207.0,459.7967506336964,34.47646821288897,54.309999999999995,464.2749776304339
-83.4565,-37.1572,40.6737,21.4,100.0,65.99999999999999,204.0,460.06633721554425,34.70994952551242,54.29353178711102,464.5574268364553
-85.2868,-32.7385,40.6737,21.1,100.0,65.99999999999999,200.99999999999997,460.27755798658,34.93999999999999,54.29701309973447,464.78425061273566
-86.8833,-28.2301,40.6737,21.4,100.0,65.99999999999999,197.99999999999997,460.5132693210729,35.2105448868455,54.3194551131545,465.0407045580006
-88.2417,-23.6443,40.6737,21.4,100.0,65.99999999999999,194.99999999999997,460.6349345013275,35.53402619946895,54.35298690026552,465.18970010735114
-89.3582,-18.9937,40.6737,21.5,100.0,65.99999999999999,192.0,460.84402619946894,35.97597380053106,54.349999999999994,465.43034889726874
-90.2298,-14.291,40.6737,21.3,100.0,65.99999999999999,188.99999999999997,460.9529869002655,36.406518687376554,54.313481312623445,465.56744408034734
-90.8541,-9.5492,40.6737,21.1,100.0,65.99999999999999,186.0,460.994691990059,36.75999999999999,54.27950558764208,465.63254651049493
-91.2293,-4.7811,40.6737,22.1,100.0,65.99999999999999,182.99999999999997,461.0509083018587,37.11760846106755,54.2705448868455,465.71552362590745
-91.3545,0.0,40.6737,20.9,100.0,65.99999999999999,180.0,461.09452061182685,37.425973800531054,54.26,465.782146559063
-91.2293,4.7811,40.6737,22.2,100.0,65.99999999999999,176.99999999999997,461.0443391399946,37.81646821288897,54.27353178711102,465.7655892976394
-90.8541,9.5492,40.6737,20.2,100.0,65.99999999999999,173.99999999999997,460.971352239729,38.17402619946893,54.25597380053105,465.72046825863896
-90.2298,14.291,40.6737,20.8,100.0,65.99999999999999,170.99999999999997,460.79651868737653,38.72,54.21348131262344,465.58755523579015
-89.3582,18.9937,40.6737,21.3,100.0,65.99999999999999,167.99999999999997,460.68597380053103,39.047013099734464,54.16353178711101,465.4996496928948
-88.2417,23.6443,40.6737,21.9,100.0,65.99999999999999,164.99999999999997,460.39708352899146,39.480000000000004,54.1294551131545,465.2463248998837
-86.8833,28.2301,40.6737,19.7,100.0,65.99999999999999,161.99999999999997,460.29532796471034,39.727013099734464,54.12701309973447,465.1663767546678
-85.2868,32.7385,40.6737,21.4,100.0,65.99999999999999,159.0,460.0325429623951,40.0094551131545,54.12298690026552,464.9300966746568
-83.4565,37.1572,40.6737,21.2,100.0,65.99999999999999,155.99999999999997,459.7708073528834,40.23483355235249,54.05810287342546,464.6830270315257
-81.3975,41.4741,40.6737,21.8,100.0,65.99999999999999,152.99999999999997,459.4226234852523,40.53488402684006,54.03891022630901,464.3623882396036
-79.1154,45.6773,40.6737,22.0,100.0,65.99999999999999,150.0,459.10755798658,40.67999999999999,53.98244201342003,464.05680282281514
-76.6164,49.7553,40.6737,21.8,100.0,65.99999999999999,147.0,458.79571133449303,40.77298690026553,53.946468212888966,463.75226428809697
-73.9074,53.6969,40.6737,20.9,100.0,65.99999999999999,143.99999999999997,458.3873260402601,41.02646821288897,53.885923326043475,463.36357701168436
-70.9958,57.4913,40.6737,21.3,100.0,65.99999999999999,141.0,458.0580523989379,40.98348131262345,53.83701309973448,463.02834587907387
-67.8897,61.1281,40.6737,21.9,100.0,65.99999999999999,138.0,457.7791926471164,41.059999999999995,53.802986900265516,462.75530706847206
-64.5974,64.5974,40.6737,21.3,100.0,65.99999999999999,135.0,457.3884662884387,41.173531787111024,53.76597380053105,462.3745762390422
-61.1281,67.8897,40.6737,22.0,100.0,65.99999999999999,131.99999999999997,457.0771140487096,41.15999999999999,53.649455113154495,462.0518345608374
-57.4913,70.9958,40.6737,21.0,100.0,65.99999999999999,129.0,456.7178709271056,41.21646821288898,53.60651868737654,461.696512572829
-53.6969,73.9074,40.6737,20.4,100.0,65.99999999999999,126.0,456.322179547382,41.08945511315451,53.57217954738198,461.2897714992454
-49.7553,76.6164,40.6737,21.9,100.0,65.99999999999999,122.99999999999999,455.98924312160403,40.85651868737655,53.57054488684549,460.9395277488564
-45.6773,79.1154,40.6737,20.7,100.0,65.99999999999999,119.99999999999997,455.7254793881731,40.713531787111016,53.4905448868455,460.6566428767221
-41.4741,81.3975,40.6737,21.4,100.0,65.99999999999999,116.99999999999999,455.47501502418476,40.397013099734465,53.48760846106753,460.3806384260158
-37.1572,83.4565,40.6737,21.3,100.0,65.99999999999999,114.0,455.2450960183905,40.281089773690994,53.44054488684548,460.1375397421435
-32.7385,85.2868,40.6737,22.2,100.0,65.99999999999999,110.99999999999999,454.92054488684545,40.02891022630901,53.48189712657453,459.79922698315596
-28.2301,86.8833,40.6737,21.0,100.0,65.99999999999999,107.99999999999997,454.7162867410566,39.70701309973447,53.3794551131545,459.5573027872091
-23.6443,88.2417,40.6737,20.6,100.0,65.99999999999999,104.99999999999999,454.57722509128496,39.30950558764207,53.400000000000006,459.38790885398544
-18.9937,89.3582,40.6737,20.6,100.0,65.99999999999999,102.0,454.39348131262335,39.0694551131545,53.410544886845486,459.18682961007704
-14.291,90.2298,40.6737,21.3,100.0,65.99999999999999,98.99999999999999,454.3129364257779,38.7805448868455,53.38244201342003,459.0793613100568
-9.5492,90.8541,40.6737,21.3,100.0,65.99999999999999,96.0,454.2055298626608,38.32,53.400000000000006,458.93642888511306
-4.7811,91.2293,40.6737,21.5,100.0,65.99999999999999,93.0,454.20955606212965,37.98646821288897,53.43755798657996,458.9170569819941
0.0,91.3545,40.6737,21.1,100.0,65.99999999999999,90.0,454.19407667395643,37.60999999999999,53.512936425777944,458.87951114711706
4.7811,91.2293,40.6737,21.7,100.0,65.99999999999999,86.99999999999999,454.2704944123579,37.2194551131545,53.55353178711103,458.9280452308851
9.5492,90.8541,40.6737,22.2,100.0,65.99999999999999,83.99999999999999,454.4038447276365,36.779455113154505,53.59701309973447,459.0296528928078
14.291,90.2298,40.6737,21.4,100.0,65.99999999999999,80.99999999999999,454.4424420134201,36.48298690026552,53.66457108631444,459.05209685411927
18.9937,89.3582,40.6737,21.9,100.0,65.99999999999999,77.99999999999999,454.5689102263089,36.147063574222045,53.76348131262344,459.1622984002778
23.6443,88.2417,40.6737,21.3,100.0,65.99999999999999,75.0,454.84701309973445,35.77701309973447,53.81701309973446,459.4149223643759
28.2301,86.8833,40.6737,21.3,100.0,65.99999999999999,71.99999999999999,455.0495560621297,35.451089773690995,53.86755798657996,459.5961183930095
32.7385,85.2868,40.6737,20.0,100.0,65.99999999999999,69.0,455.1997375339618,35.22,53.96646821288897,459.7386530871213
37.1572,83.4565,40.6737,21.9,100.0,65.99999999999999,65.99999999999999,455.5818466520869,35.05348131262345,53.94592332604348,460.10186719308086
41.4741,81.3975,40.6737,22.5,100.0,65.99999999999999,63.0,455.7631683720978,34.73244201342003,54.023531787111025,460.2661731645524
45.6773,79.1154,40.6737,21.7,100.0,65.99999999999999,59.999999999999986,456.0880523989379,34.63841581395109,54.04810287342546,460.58368274980484
49.7553,76.6164,40.6737,22.0,100.0,65.99999999999999,57.0,456.38298690026545,34.450544886845506,54.116468212888975,460.8696810453526
53.6969,73.9074,40.6737,21.6,100.0,65.99999999999999,53.999999999999986,456.71293642577785,34.349505587642085,54.14244201342003,461.1919327784785
57.4913,70.9958,40.6737,20.1,100.0,65.99999999999999,51.0,457.0190111752841,34.26755798657996,54.15999999999999,461.4910050109299
61.1281,67.8897,40.6737,21.1,100.0,65.99999999999999,48.0,457.36896070079655,34.28353178711102,54.248910226309,461.8491864505845
64.5974,64.5974,40.6737,20.8,100.0,65.99999999999999,45.0,457.7090111752841,34.23348131262345,54.33592332604348,462.1924520343574
67.8897,61.1281,40.6737,20.9,100.0,65.99999999999999,41.99999999999999,458.08506549867235,34.24701309973447,54.349999999999994,462.5675168439482
70.9958,57.4913,40.6737,20.8,100.0,65.99999999999999,38.99999999999999,458.27217954738194,34.3094551131545,54.35054488684549,462.7575077584009
73.9074,53.6969,40.6737,21.0,100.0,65.99999999999999,35.99999999999999,458.56135223972905,34.43592332604347,54.43244201342003,463.06288701081445
76.6164,49.7553,40.6737,22.8,100.0,65.99999999999999,32.99999999999999,458.92319889181596,34.62646821288897,54.453481312623445,463.4378884047567
79.1154,45.6773,40.6737,21.8,100.0,65.99999999999999,29.999999999999993,459.1778709271056,34.67701309973447,54.47298690026553,463.6961490982056
81.3975,41.4741,40.6737,21.7,100.0,65.99999999999999,26.999999999999993,459.41869823475855,34.95,54.509455113154495,463.95939853014414
83.4565,37.1572,40.6737,21.2,100.0,65.99999999999999,24.0,459.68631678942614,35.2594551131545,54.558365339463506,464.253545217287
85.2868,32.7385,40.6737,21.3,100.0,65.99999999999999,20.999999999999996,459.7994551131546,35.53108977369099,54.5594551131545,464.3864031225551
86.8833,28.2301,40.6737,21.6,100.0,65.99999999999999,17.999999999999996,459.9338952021242,35.87597380053106,54.56298690026553,464.5464379278066
88.2417,23.6443,40.6737,21.8,100.0,65.99999999999999,14.999999999999996,460.1244701373392,36.22,54.578910226309,464.7636752809525
89.3582,18.9937,40.6737,20.5,100.0,65.99999999999999,12.0,460.17592332604335,36.54597380053105,54.58108977369099,464.84038547751993
90.2298,14.291,40.6737,20.3,100.0,65.99999999999999,8.999999999999998,460.30031294052566,36.78,54.609455113154496,464.9853106076594
90.8541,9.5492,40.6737,21.8,100.0,65.99999999999999,6.0,460.24353178711107,37.17407667395652,54.60402619946893,464.9598049354664
91.2293,4.7811,40.6737,21.3,100.0,65.99999999999999,3.0,460.3870130997345,37.402986900265525,54.57,465.11618995682846
91.3545,0.0,40.6737,21.6,100.0,65.99999999999999,0.0,460.3498485765373,37.76945511315451,54.5394551131545,465.10543642063055
93.358,0.0,35.8368,20.8,100.0,69.0,0.0,460.38571133449295,37.817013099734474,54.52163466053648,465.1427074853583
93.2301,4.886,35.8368,21.8,100.0,69.0,3.0,460.3805448868455,37.40054488684549,54.55891022630901,465.1082901359899
92.8466,9.7586,35.8368,21.5,100.0,69.0,6.0,460.430595361333,36.94402619946894,54.557557986579965,465.1211899602916
92.2087,14.6044,35.8368,21.5,100.0,69.0,8.999999999999998,460.3986278055016,36.77298690026553,54.53810287342545,465.0737078311224
91.3179,19.4102,35.8368,21.8,100.0,69.0,12.0,460.25841581395105,36.47348131262344,54.542442013420036,464.91182190542054
90.1769,24.1628,35.8368,21.1,100.0,69.0,14.999999999999996,460.2279214015931,36.11999999999999,54.586468212888974,464.85920077974976
88.7888,28.8492,35.8368,22.0,100.0,69.0,17.999999999999996,459.94272443422756,35.819455113154504,54.61353178711102,464.5567575429776
87.1572,33.4565,35.8368,20.9,100.0,69.0,20.999999999999996,459.88906164977175,35.45298690026553,54.542986900265525,464.46722244444817
85.2868,37.9721,35.8368,21.2,100.0,69.0,24.0,459.67508545344174,35.11,54.52755798657996,464.2274775006417
83.1826,42.3837,35.8368,22.6,100.0,69.0,26.999999999999993,459.40848624320796,34.81353178711102,54.49135223972903,463.93689947737744
80.8504,46.679,35.8368,21.5,100.0,69.0,29.999999999999993,459.1129869002655,34.62,54.43810287342545,463.62353929124544
78.2966,50.8464,35.8368,21.5,100.0,69.0,32.99999999999999,458.8122804963571,34.39999999999999,54.410544886845486,463.30613651143375
75.5282,54.8745,35.8368,21.7,100.0,69.0,35.99999999999999,458.4897880084495,34.36298690026552,54.36646821288896,462.9788477270683
72.5528,58.7521,35.8368,21.4,100.0,69.0,38.99999999999999,458.2486477602709,34.23,54.34646821288897,462.72784083230977
69.3785,62.4687,35.8368,21.9,100.0,69.0,41.99999999999999,457.82955606212965,34.27646821288897,54.29755798657996,462.3105054836002
66.0141,66.0141,35.8368,20.3,100.0,69.0,45.0,457.636468212889,34.18402619946894,54.267557986579966,462.1089184763689
62.4687,69.3785,35.8368,21.4,100.0,69.0,48.0,457.289667104705,34.02298690026552,54.23701309973447,461.74999390181733
58.7521,72.5528,35.8368,21.9,100.0,69.0,51.0,456.88966710470487,34.1594551131545,54.21999999999999,461.36194541886056
54.8745,75.5282,35.8368,21.5,100.0,69.0,53.999999999999986,456.57808291865604,34.28353178711102,54.09755798657997,461.04821020538014
50.8464,78.2966,35.8368,21.8,100.0,69.0,57.0,456.16064583582056,34.430544886845496,54.048910226309,460.6400785072979
46.679,80.8504,35.8368,21.3,100.0,69.0,59.999999999999986,455.8503129405256,34.484026199468936,54.04651868737655,460.33648785766025
42.3837,83.1826,35.8368,21.2,100.0,69.0,63.0,455.52831486497587,34.78,53.989999999999995,460.0332750396699
37.9721,85.2868,35.8368,21.8,100.0,69.0,65.99999999999999,455.21407667395647,34.839999999999996,53.9905448868455,459.72672332517413
33.4565,87.1572,35.8368,20.5,100.0,69.0,69.0,454.97999999999996,35.2805448868455,53.879999999999995,459.51558368298316
28.8492,88.7888,35.8368,20.9,100.0,69.0,71.99999999999999,454.7553983939673,35.43,53.86407667395651,459.3028369435506
24.1628,90.1769,35.8368,21.8,100.0,69.0,75.0,454.4945710863144,35.85,53.779455113154505,459.06727986124287
19.4102,91.3179,35.8368,19.5,100.0,69.0,77.99999999999999,454.3300504744875,36.17537843919798,53.72999999999999,458.9241393404465
14.6044,92.2087,35.8368,21.3,100.0,69.0,80.99999999999999,454.24896070079654,36.408910226309,53.63999999999999,458.85180248269836
9.7586,92.8466,35.8368,21.8,100.0,69.0,83.99999999999999,454.09033289529503,36.76457108631444,53.58810287342547,458.71706844818124
4.886,93.2301,35.8368,21.8,100.0,69.0,86.99999999999999,454.1005448868455,37.189455113154494,53.523531787111025,458.75388706049046
0.0,93.358,35.8368,21.4,100.0,69.0,90.0,454.03174570311177,37.52,53.47999999999999,458.7076268236829
-4.886,93.2301,35.8368,20.6,100.0,69.0,93.0,453.973531787111,38.03407667395653,53.44353178711102,458.6880962501463
-9.7586,92.8466,35.8368,20.8,100.0,69.0,96.0,453.9949345013277,38.39646821288897,53.387557986579964,458.7329513691584
-14.6044,92.2087,35.8368,21.6,100.0,69.0,98.99999999999999,454.08254296239517,38.75999999999999,53.36054488684548,458.8470782012418
-19.4102,91.3179,35.8368,20.9,100.0,69.0,102.0,454.25891022630896,39.24298690026553,53.349999999999994,459.0614251283244
-24.1628,90.1769,35.8368,20.6,100.0,69.0,104.99999999999999,454.4010392992034,39.44,53.38999999999999,459.2235950124908
-28.8492,88.7888,35.8368,19.9,100.0,69.0,107.99999999999997,454.5283148649759,39.79298690026552,53.37348131262345,459.3780570813851
-33.4565,87.1572,35.8368,22.5,100.0,69.0,110.99999999999999,454.706730678927,40.153531787111014,53.37592332604348,459.5862337261686
-37.9721,85.2868,35.8368,20.9,100.0,69.0,114.0,454.9679214015931,40.349999999999994,53.43701309973446,459.8689447804748
-42.3837,83.1826,35.8368,20.9,100.0,69.0,116.99999999999999,455.27000000000004,40.72999999999999,53.44701309973446,460.20244350642383
-46.679,80.8504,35.8368,20.8,100.0,69.0,119.99999999999997,455.478910226309,41.05353178711101,53.53750751209238,460.44836284185953
-50.8464,78.2966,35.8368,20.5,100.0,69.0,122.99999999999999,455.85841581395096,41.162442013420026,53.52841581395109,460.8324350568918
-54.8745,75.5282,35.8368,22.1,100.0,69.0,126.0,456.1411402481786,41.25706357422205,53.57701309973446,461.12620989742607
-58.7521,72.5528,35.8368,21.6,100.0,69.0,129.0,456.5685268565264,41.38402619946894,53.6694551131545,461.57108634809424
-62.4687,69.3785,35.8368,21.0,100.0,69.0,131.99999999999997,457.0221595926125,41.31646821288897,53.71646821288897,462.0192245584034
-66.0141,66.0141,35.8368,21.3,100.0,69.0,135.0,457.27363273608614,41.42999999999999,53.742442013420025,462.2811592193898
-69.3785,62.4687,35.8368,20.9,100.0,69.0,138.0,457.7196671047049,41.47945511315449,53.802986900265516,462.73383305126526
-72.5528,58.7521,35.8368,21.2,100.0,69.0,141.0,457.9873765147476,41.306468212888966,53.84537843919799,462.98810583247604
-75.5282,54.8745,35.8368,21.5,100.0,69.0,143.99999999999997,458.3639757249813,41.31999999999999,53.86646821288897,463.36429840908266
-78.2966,50.8464,35.8368,20.7,100.0,69.0,147.0,458.7857918573501,41.08,53.91542891368555,463.76593523578515
-80.8504,46.679,35.8368,21.4,100.0,69.0,150.0,459.125973800531,40.8105448868455,53.970000000000006,464.0850367036704
-83.1826,42.3837,35.8368,21.2,100.0,69.0,152.99999999999997,459.4483653394634,40.50054488684549,54.021089773690996,464.38278681447014
-85.2868,37.9721,35.8368,21.0,100.0,69.0,155.99999999999997,459.6889102263089,40.33755798657997,54.10701309973447,464.61659638453193
-87.1572,33.4565,35.8368,21.2,100.0,69.0,159.0,459.9184662884386,40.086468212888974,54.15457108631443,464.8275359059909
-88.7888,28.8492,35.8368,19.8,100.0,69.0,161.99999999999997,460.1909083018587,39.872986900265516,54.194026199468944,465.0833469860507
-90.1769,24.1628,35.8368,21.1,100.0,69.0,164.99999999999997,460.3930373747531,39.440544886845494,54.18353178711102,465.2452692516571
-91.3179,19.4102,35.8368,20.3,100.0,69.0,167.99999999999997,460.6036933041739,39.1305448868455,54.2,465.42948104797455
-92.2087,14.6044,35.8368,22.0,100.0,69.0,170.99999999999997,460.68968705947435,38.77646821288898,54.26353178711101,465.4923556107365
-92.8466,9.7586,35.8368,21.5,100.0,69.0,173.99999999999997,460.8429869002655,38.32293642577795,54.30298690026552,465.6111257452327
-93.2301,4.886,35.8368,22.0,100.0,69.0,176.99999999999997,460.93462156080193,37.799455113154494,54.33597380053105,465.66288472359815
-93.358,0.0,35.8368,21.8,100.0,69.0,180.0,461.0061552723634,37.51592332604347,54.33244201342003,465.7103541442402
-93.2301,-4.886,35.8368,21.3,100.0,69.0,182.99999999999997,461.1072755657725,37.171089773690994,54.32054488684548,465.78141986500157
-92.8466,-9.7586,35.8368,21.4,100.0,69.0,186.0,461.02189712657446,36.75592332604347,54.37,465.6697160324427
-92.2087,-14.6044,35.8368,21.8,100.0,69.0,188.99999999999997,461.0558728515559,36.28298690026553,54.44646821288897,465.6751989640118
-91.3179,-19.4102,35.8368,20.6,100.0,69.0,192.0,460.8891926471164,35.813531787111025,54.42701309973447,465.4715423234119
-90.1769,-24.1628,35.8368,21.2,100.0,69.0,194.99999999999997,460.7226739597399,35.559999999999995,54.40999999999998,465.28522865078446
-88.7888,-28.8492,35.8368,20.7,100.0,69.0,197.99999999999997,460.5065691618642,35.22646821288897,54.42348131262344,465.04743803419666
-87.1572,-33.4565,35.8368,21.3,100.0,69.0,200.99999999999997,460.4177699781304,34.885923326043475,54.408910226309004,464.9321241535798
-85.2868,-37.9721,35.8368,20.8,100.0,69.0,204.0,460.1735618354806,34.694076673956516,54.40701309973446,464.6757030909255
-83.1826,-42.3837,35.8368,21.7,100.0,69.0,207.0,459.91329984079107,34.322986900265526,54.39597380053105,464.389096303853
-80.8504,-46.679,35.8368,20.3,100.0,69.0,209.99999999999997,459.6199999999999,33.92999999999999,54.413481312623446,464.0717791986053
-78.2966,-50.8464,35.8368,19.6,100.0,69.0,212.99999999999997,459.2508073528835,33.83189712657453,54.37189712657454,463.69408505457693
-75.5282,-54.8745,35.8368,21.1,100.0,69.0,215.99999999999994,458.9488092773339,33.55298690026553,54.34945511315449,463.37207052012616
-72.5528,-58.7521,35.8368,21.4,100.0,69.0,219.0,458.57488402684004,33.177013099734474,54.35810287342545,462.9756384589233
-69.3785,-62.4687,35.8368,21.8,100.0,69.0,221.99999999999997,458.11168513502406,33.3694551131545,54.302442013420034,462.52415266710244
-66.0141,-66.0141,35.8368,21.4,100.0,69.0,224.99999999999997,457.709505587642,33.184571086314435,54.21348131262344,462.10205455018325
-62.4687,-69.3785,35.8368,21.4,100.0,69.0,228.0,457.3638952021241,33.05701309973447,54.12298690026552,461.7399662803101
-58.7521,-72.5528,35.8368,21.8,100.0,69.0,231.0,456.8286477602709,33.11646821288897,54.06,461.2066754518769
-54.8745,-75.5282,35.8368,20.8,100.0,69.0,233.99999999999997,456.5769121507593,33.16859728578338,54.065973800531054,460.96177941129605
-50.8464,-78.2966,35.8368,21.3,100.0,69.0,236.99999999999997,456.1066196363516,33.36054488684549,53.977013099734464,460.49939454294145
-46.679,-80.8504,35.8368,20.2,100.0,69.0,239.99999999999994,455.6908073528835,33.343531787111026,53.8494551131545,460.07137145658663
-42.3837,-83.1826,35.8368,21.3,100.0,69.0,242.99999999999997,455.3347326033773,33.40488402684006,53.859404638666916,459.72430918961356
-37.9721,-85.2868,35.8368,21.4,100.0,69.0,245.99999999999997,454.92402619946887,33.71,53.72646821288897,459.3242505030249
-33.4565,-87.1572,35.8368,20.1,100.0,69.0,249.0,454.5376084610675,33.94701309973447,53.70597380053105,458.9566088703414
-28.8492,-88.7888,35.8368,21.5,100.0,69.0,252.0,454.26544886845494,34.27782045261801,53.5605448868455,458.69466857509536
-24.1628,-90.1769,35.8368,20.9,100.0,69.0,254.99999999999997,453.91760846106763,34.63,53.5794551131545,458.37887187482545
-19.4102,-91.3179,35.8368,21.7,100.0,69.0,258.0,453.6932998407911,34.8905448868455,53.57293642577795,458.1757522612992
-14.6044,-92.2087,35.8368,20.9,100.0,69.0,260.99999999999994,453.3986477602708,35.23516644764751,53.463481312623436,457.89758088408894
-9.7586,-92.8466,35.8368,21.5,100.0,69.0,263.99999999999994,453.24960653661725,35.71646821288897,53.38298690026552,457.77791036439777
-4.886,-93.2301,35.8368,22.9,100.0,69.0,266.99999999999994,453.0490616497717,36.135973800531055,53.41701309973446,457.6162564340875
0.0,-93.358,35.8368,21.3,100.0,69.0,270.0,452.9284662884386,36.44945511315451,53.42298690026553,457.522429922063
4.886,-93.2301,35.8368,21.3,100.0,69.0,273.0,452.9056913797235,36.91,53.42298690026553,457.5368060751957
9.7586,-92.8466,35.8368,21.8,100.0,69.0,276.0,452.98397572498124,37.26353178711102,53.41293642577795,457.64177567447183
14.6044,-92.2087,35.8368,20.6,100.0,69.0,278.99999999999994,452.9601009489751,37.65651868737655,53.43,457.6523039943735
19.4102,-91.3179,35.8368,21.9,100.0,69.0,282.0,453.0275579865799,38.118910226309,53.51298690026552,457.76703614296366
24.1628,-90.1769,35.8368,21.8,100.0,69.0,284.99999999999994,453.11584280318624,38.56402619946894,53.52402619946894,457.8929705690584
28.8492,-88.7888,35.8368,21.4,100.0,69.0,287.99999999999994,453.1871645231971,38.96651868737655,53.47353178711102,457.991718559382
33.4565,-87.1572,35.8368,21.5,100.0,69.0,291.0,453.381089773691,39.40054488684549,53.55108977369099,458.229783752333
37.9721,-85.2868,35.8368,20.8,100.0,69.0,294.0,453.6492736413221,39.67651868737654,53.52244201342003,458.51558469645147
42.3837,-83.1826,35.8368,20.9,100.0,69.0,296.99999999999994,453.91620574685084,40.00673067892701,53.61701309973446,458.81940285146044
46.679,-80.8504,35.8368,21.9,100.0,69.0,300.0,454.17353178711096,40.249455113154504,53.57244201342003,459.0899935265034
50.8464,-78.2966,35.8368,21.3,100.0,69.0,303.0,454.538910226309,40.57999999999999,53.66592332604347,459.49144566156764
54.8745,-75.5282,35.8368,21.8,100.0,69.0,305.99999999999994,454.9026234852523,40.70646821288897,53.67298690026552,459.8632437267935
58.7521,-72.5528,35.8368,21.3,100.0,69.0,309.0,455.3064177384014,40.859999999999985,53.67407667395651,460.2764171023511
62.4687,-69.3785,35.8368,22.2,100.0,69.0,311.99999999999994,455.63651868737645,40.9394551131545,53.69701309973447,460.61268476057734
66.0141,-66.0141,35.8368,20.9,100.0,69.0,314.99999999999994,456.13963658498676,41.22999999999999,53.747557986579956,461.1421483159011
69.3785,-62.4687,35.8368,20.9,100.0,69.0,318.0,456.52054488684547,41.279455113154505,53.85701309973447,461.53610820633116
72.5528,-58.7521,35.8368,21.2,100.0,69.0,321.0,456.93917269234703,41.12836533946351,53.90597380053105,461.94242497052215
75.5282,-54.8745,35.8368,22.4,100.0,69.0,323.99999999999994,457.33854681129577,41.1194551131545,53.932986900265526,462.3398350393947
78.2966,-50.8464,35.8368,20.9,100.0,69.0,327.0,457.78854681129576,41.03,53.99701309973447,462.784498352409
80.8504,-46.679,35.8368,19.6,100.0,69.0,329.99999999999994,458.0929869002655,40.84,54.06,463.0762073862215
83.1826,-42.3837,35.8368,20.9,100.0,69.0,332.99999999999994,458.4813017652415,40.699999999999996,54.08706357422205,463.451188923313
85.2868,-37.9721,35.8368,22.1,100.0,69.0,335.99999999999994,458.82316837209777,40.55646821288897,54.15646821288897,463.7849178209735
87.1572,-33.4565,35.8368,20.8,100.0,69.0,339.0,459.04986900265527,40.173531787111024,54.1594551131545,463.97622941887744
88.7888,-28.8492,35.8368,20.8,100.0,69.0,341.99999999999994,459.40787092710553,39.94353178711102,54.22945511315449,464.3187605549378
90.1769,-24.1628,35.8368,22.1,100.0,69.0,345.0,459.6721290728943,39.586468212888974,54.30348131262345,464.5583093591676
91.3179,-19.4102,35.8368,21.7,100.0,69.0,347.99999999999994,459.8685468112958,39.27189712657454,54.34298690026552,464.73059128434363
92.2087,-14.6044,35.8368,20.8,100.0,69.0,351.0,460.0711402481786,38.90293642577794,54.40701309973446,464.9075344907222
92.8466,-9.7586,35.8368,21.7,100.0,69.0,353.99999999999994,460.21293642577785,38.547013099734464,54.43646821288897,465.02166416634935
93.2301,-4.886,35.8368,21.0,100.0,69.0,356.99999999999994,460.26298690026556,38.15701309973446,54.467013099734466,465.04261124659746
94.9753,-4.9774,30.9017,21.2,100.0,71.99999999999999,356.99999999999994,460.3051664476475,38.28651868737655,54.38407667395652,465.0852949376857
94.5847,-9.9412,30.9017,20.6,100.0,71.99999999999999,353.99999999999994,460.1805448868455,38.72054488684549,54.368910226309005,464.99612136864613
93.9347,-14.8778,30.9017,21.3,100.0,71.99999999999999,351.0,460.01566086000537,39.06049441235791,54.37701309973447,464.8623344753305
93.0274,-19.7736,30.9017,20.9,100.0,71.99999999999999,347.99999999999994,459.92945511315446,39.42701309973447,54.309999999999995,464.80013892279527
91.865,-24.6152,30.9017,21.4,100.0,71.99999999999999,345.0,459.6380523989378,39.757013099734465,54.18298690026553,464.52508583835976
90.4508,-29.3893,30.9017,21.0,100.0,71.99999999999999,341.99999999999994,459.37800192445025,40.1694551131545,54.18353178711102,464.3033371548312
88.7888,-34.0828,30.9017,21.8,100.0,71.99999999999999,339.0,459.1464177384014,40.34244201342003,54.129999999999995,464.0829693595885
86.8833,-38.683,30.9017,21.5,100.0,71.99999999999999,335.99999999999994,458.7856103855178,40.68646821288896,54.08054488684549,463.75028876293834
84.7398,-43.1771,30.9017,20.6,100.0,71.99999999999999,332.99999999999994,458.47303737475306,40.76244201342003,54.05298690026552,463.4445253440474
82.3639,-47.5528,30.9017,20.9,100.0,71.99999999999999,329.99999999999994,458.0771140487096,40.88701309973447,53.977013099734464,463.05497319279624
79.7623,-51.7983,30.9017,21.3,100.0,71.99999999999999,327.0,457.6349345013276,41.1394551131545,53.89244201342003,462.63007181679353
76.9421,-55.9017,30.9017,20.4,100.0,71.99999999999999,323.99999999999994,457.2829364257779,41.19462156080202,53.84402619946895,462.2811481653657
73.911,-59.8519,30.9017,20.4,100.0,71.99999999999999,321.0,456.83407667395653,41.438910226309005,53.777013099734475,461.8511925168317
70.6773,-63.6381,30.9017,21.4,100.0,71.99999999999999,318.0,456.34223002186945,41.43402619946893,53.71999999999999,461.3576138186419
67.2499,-67.2499,30.9017,21.6,100.0,71.99999999999999,314.99999999999994,455.92999999999995,41.199999999999996,53.68407667395651,460.9247064199696
63.6381,-70.6773,30.9017,23.0,100.0,71.99999999999999,311.99999999999994,455.4983653394634,41.16272443422747,53.68054488684549,460.4940082228216
59.8519,-73.911,30.9017,21.5,100.0,71.99999999999999,309.0,455.1070130997344,41.222986900265525,53.62244201342003,460.1055251885418
55.9017,-76.9421,30.9017,20.2,100.0,71.99999999999999,305.99999999999994,454.69303737475315,40.845923326043476,53.542986900265525,459.6531291480976
51.7983,-79.7623,30.9017,20.7,100.0,71.99999999999999,303.0,454.3370130997345,40.61,53.547013099734464,459.28049837141083
47.5528,-82.3639,30.9017,20.9,100.0,71.99999999999999,300.0,454.1064682128889,40.30244201342003,53.549455113154494,459.0256152416162
43.1771,-84.7398,30.9017,21.5,100.0,71.99999999999999,296.99999999999994,453.73452061182684,40.21298690026553,53.44945511315449,458.63814032653056
38.683,-86.8833,30.9017,20.9,100.0,71.99999999999999,294.0,453.47402619946894,39.93597380053105,53.517013099734456,458.3640966874156
34.0828,-88.7888,30.9017,21.2,100.0,71.99999999999999,291.0,453.16620574685095,39.48457108631443,53.416468212888965,458.0086903773836
29.3893,-90.4508,30.9017,21.4,100.0,71.99999999999999,287.99999999999994,453.0243590947639,39.14,53.44163466053648,457.8416951834027
24.6152,-91.865,30.9017,21.1,100.0,71.99999999999999,284.99999999999994,452.83592332604337,38.702442013420026,53.43701309973446,457.6174896585286
19.7736,-93.0274,30.9017,22.0,100.0,71.99999999999999,282.0,452.72108977369095,38.283481312623444,53.400000000000006,457.46428283232376
14.8778,-93.9347,30.9017,21.6,100.0,71.99999999999999,278.99999999999994,452.75891022630896,37.73244201342003,53.38701309973446,457.4544142724193
9.9412,-94.5847,30.9017,21.1,100.0,71.99999999999999,276.0,452.6732998407911,37.43592332604347,53.389505587642084,457.3456067908787
4.9774,-94.9753,30.9017,21.3,100.0,71.99999999999999,273.0,452.74,36.910544886845486,53.400544886845495,457.37021560007145
0.0,-95.1057,30.9017,20.9,100.0,71.99999999999999,270.0,452.8170130997344,36.46999999999999,53.400000000000006,457.41104955233106
-4.9774,-94.9753,30.9017,21.1,100.0,71.99999999999999,266.99999999999994,452.90646821288897,36.107013099734466,53.3994551131545,457.47075004904826
-9.9412,-94.5847,30.9017,21.3,100.0,71.99999999999999,263.99999999999994,453.091846652087,35.69701309973448,53.41457108631444,457.6238790220369
-14.8778,-93.9347,30.9017,21.1,100.0,71.99999999999999,260.99999999999994,453.351947601062,35.182986900265526,53.43298690026552,457.84376707560875
-19.7736,-93.0274,30.9017,21.0,100.0,71.99999999999999,258.0,453.5272955205418,34.8105448868455,53.44701309973446,457.9905730763234
-24.6152,-91.865,30.9017,20.8,100.0,71.99999999999999,254.99999999999997,453.83316837209776,34.42054488684549,53.52054488684549,458.2725906596957
-29.3893,-90.4508,30.9017,21.1,100.0,71.99999999999999,252.0,454.1849345013276,34.17407667395651,53.6010392992034,458.61192053679486
-34.0828,-88.7888,30.9017,22.1,100.0,71.99999999999999,249.0,454.47750751209236,33.86,53.611089773690985,458.8795630458244
-38.683,-86.8833,30.9017,21.4,100.0,71.99999999999999,245.99999999999997,454.900262466038,33.633531787111025,53.74760846106755,459.2975818218828
-43.1771,-84.7398,30.9017,21.4,100.0,71.99999999999999,242.99999999999997,455.1941271484441,33.36348131262344,53.75244201342003,459.5695162846833
-47.5528,-82.3639,30.9017,20.9,100.0,71.99999999999999,239.99999999999994,455.59005047448755,33.25457108631444,53.89353178711103,459.97029616918655
-51.7983,-79.7623,30.9017,20.5,100.0,71.99999999999999,236.99999999999997,456.09748755732295,33.02298690026552,53.93651868737655,460.4612729296908
-55.9017,-76.9421,30.9017,21.8,100.0,71.99999999999999,233.99999999999997,456.5080523989378,33.08353178711103,54.00353178711102,460.88013997791404
-59.8519,-73.911,30.9017,20.9,100.0,71.99999999999999,231.0,456.9216851350241,33.03755798657996,54.117063574222044,461.2998625127078
-63.6381,-70.6773,30.9017,21.3,100.0,71.99999999999999,228.0,457.3861047978757,33.01646821288897,54.22298690026551,461.77079633061726
-67.2499,-67.2499,30.9017,20.5,100.0,71.99999999999999,224.99999999999997,457.801422668986,33.063531787111025,54.26597380053106,462.19058368221306
-70.6773,-63.6381,30.9017,21.8,100.0,71.99999999999999,221.99999999999997,458.24267395973993,33.12701309973447,54.327013099734465,462.6393536946692
-73.911,-59.8519,30.9017,20.5,100.0,71.99999999999999,219.0,458.5457418542111,33.292986900265525,54.33298690026553,462.9521506752879
-76.9421,-55.9017,30.9017,22.3,100.0,71.99999999999999,215.99999999999994,458.871089773691,33.347557986579965,54.37706357422205,463.2835003501831
-79.7623,-51.7983,30.9017,20.4,100.0,71.99999999999999,212.99999999999997,459.25153371156125,33.67646821288897,54.429455113154496,463.69024284712947
-82.3639,-47.5528,30.9017,21.4,100.0,71.99999999999999,209.99999999999997,459.6015337115613,33.89755798657996,54.48407667395651,464.05940227355217
-84.7398,-43.1771,30.9017,21.5,100.0,71.99999999999999,207.0,459.9599999999999,34.22646821288897,54.502986900265526,464.4407694285444
-86.8833,-38.683,30.9017,21.2,100.0,71.99999999999999,204.0,460.2457923286987,34.552442013420034,54.51054488684549,464.7488139944235
-88.7888,-34.0828,30.9017,21.3,100.0,71.99999999999999,200.99999999999997,460.52516644764745,34.77298690026553,54.51836533946349,465.04283857391744
-90.4508,-29.3893,30.9017,20.6,100.0,71.99999999999999,197.99999999999997,460.76000000000005,35.19701309973447,54.482391538932454,465.30306072380876
-91.865,-24.6152,30.9017,21.2,100.0,71.99999999999999,194.99999999999997,460.818910226309,35.4394551131545,54.44945511315451,465.37594067914574
-93.0274,-19.7736,30.9017,22.4,100.0,71.99999999999999,192.0,460.9753784391979,35.75592332604348,54.46706357422205,465.5571356927719
-93.9347,-14.8778,30.9017,21.0,100.0,71.99999999999999,188.99999999999997,461.05542891368555,36.26353178711102,54.457557986579964,465.6745407366813
-94.5847,-9.9412,30.9017,20.5,100.0,71.99999999999999,186.0,461.11566086000545,36.78891022630901,54.43542891368556,465.77279066838577
-94.9753,-4.9774,30.9017,21.6,100.0,71.99999999999999,182.99999999999997,461.11722509128487,37.192986900265524,54.39701309973447,465.801941370603
-95.1057,0.0,30.9017,21.7,100.0,71.99999999999999,180.0,461.06776997813034,37.62597380053105,54.400544886845495,465.78817256455756
-94.9753,4.9774,30.9017,21.3,100.0,71.99999999999999,176.99999999999997,461.0140766739565,37.87353178711103,54.38353178711102,465.75310179451265
-94.5847,9.9412,30.9017,21.6,100.0,71.99999999999999,173.99999999999997,460.99722509128486,38.42298690026552,54.352442013420024,465.7777961829277
-93.9347,14.8778,30.9017,20.7,100.0,71.99999999999999,170.99999999999997,460.8954289136855,38.79054488684549,54.304076673956516,465.70187406704673
-93.0274,19.7736,30.9017,20.8,100.0,71.99999999999999,167.99999999999997,460.7627549539456,39.117013099734464,54.30353178711101,465.59782068986135
-91.865,24.6152,30.9017,21.1,100.0,71.99999999999999,164.99999999999997,460.51869823475846,39.54651868737655,54.29054488684549,465.3910848181754
-90.4508,29.3893,30.9017,20.8,100.0,71.99999999999999,161.99999999999997,460.2029869002654,39.89999999999999,54.26348131262345,465.10571331267397
-88.7888,34.0828,30.9017,20.8,100.0,71.99999999999999,159.0,460.0334308381358,40.30054488684549,54.20994952551242,464.9662461237817
-86.8833,38.683,30.9017,21.0,100.0,71.99999999999999,155.99999999999997,459.8270130997344,40.582986900265524,54.112986900265525,464.77529641025325
-84.7398,43.1771,30.9017,21.4,100.0,71.99999999999999,152.99999999999997,459.4932188465854,40.751089773690985,54.06054488684549,464.45367045293347
-82.3639,47.5528,30.9017,21.3,100.0,71.99999999999999,150.0,459.18488402684005,41.02,54.029999999999994,464.16876135597767
-79.7623,51.7983,30.9017,21.3,100.0,71.99999999999999,147.0,458.8536327360862,41.18054488684549,53.96,463.8471463233126
-76.9421,55.9017,30.9017,21.9,100.0,71.99999999999999,143.99999999999997,458.54891022630903,41.309999999999995,53.9294551131545,463.55367035386246
-73.911,59.8519,30.9017,22.0,100.0,71.99999999999999,141.0,458.19542891368553,41.40646821288897,53.87189712657453,463.2059239552938
-70.6773,63.6381,30.9017,21.5,100.0,71.99999999999999,138.0,457.793037374753,41.54,53.81348131262344,462.81305884750714
-67.2499,67.2499,30.9017,22.2,100.0,71.99999999999999,135.0,457.3827749087151,41.547013099734464,53.73597380053104,462.39886673844387
-63.6381,70.6773,30.9017,22.3,100.0,71.99999999999999,131.99999999999997,456.9758928063253,41.516468212888974,53.68755798657996,461.9880275738456
-59.8519,73.911,30.9017,21.1,100.0,71.99999999999999,129.0,456.6028859512903,41.46298690026552,53.652986900265525,461.61024441086516
-55.9017,76.9421,30.9017,21.0,100.0,71.99999999999999,126.0,456.228647760271,41.42407667395652,53.58755798657997,461.22896649757405
-51.7983,79.7623,30.9017,22.0,100.0,71.99999999999999,122.99999999999999,455.97397572498136,41.21999999999999,53.52108977369099,460.951040772238
-47.5528,82.3639,30.9017,21.9,100.0,71.99999999999999,119.99999999999997,455.62651868737646,41.101089773690994,53.47597380053105,460.59147178999996
-43.1771,84.7398,30.9017,20.9,100.0,71.99999999999999,116.99999999999999,455.2909888247158,40.687013099734465,53.48108977369099,460.2233637086964
-38.683,86.8833,30.9017,22.6,100.0,71.99999999999999,114.0,454.9840766739565,40.67999999999999,53.37755798657997,459.90709510015546
-34.0828,88.7888,30.9017,21.8,100.0,71.99999999999999,110.99999999999999,454.75587285155586,40.16701309973447,53.411584186048906,459.6401746579579
-29.3893,90.4508,30.9017,22.1,100.0,71.99999999999999,107.99999999999997,454.5240261994689,39.9905448868455,53.349999999999994,459.38824165723076
-24.6152,91.865,30.9017,20.6,100.0,71.99999999999999,104.99999999999999,454.307820452618,39.512986900265524,53.348910226309,459.1328544991346
-19.7736,93.0274,30.9017,23.0,100.0,71.99999999999999,102.0,454.1660242750186,39.077013099734465,53.362986900265525,458.95685955162656
-14.8778,93.9347,30.9017,21.4,100.0,71.99999999999999,98.99999999999999,454.0181733026823,38.76,53.34,458.7809879333542
-9.9412,94.5847,30.9017,21.5,100.0,71.99999999999999,96.0,453.96135223972897,38.41348131262344,53.33597380053105,458.6951394718822
-4.9774,94.9753,30.9017,21.3,100.0,71.99999999999999,93.0,453.9348030326343,38.06054488684549,53.39701309973447,458.64654309100956
0.0,95.1057,30.9017,23.0,100.0,71.99999999999999,90.0,454.01207859840684,37.58353178711102,53.440544886845494,458.68876290208124
4.9774,94.9753,30.9017,20.5,100.0,71.99999999999999,86.99999999999999,454.0330373747531,37.25054488684549,53.47402619946894,458.6862474503594
9.9412,94.5847,30.9017,21.1,100.0,71.99999999999999,83.99999999999999,454.1089607007965,36.82999999999999,53.547013099734464,458.73595858692033
14.8778,93.9347,30.9017,21.7,100.0,71.99999999999999,80.99999999999999,454.23010094897506,36.4494551131545,53.63348131262344,458.83558896828555
19.7736,93.0274,30.9017,21.9,100.0,71.99999999999999,77.99999999999999,454.4383348197453,35.94597380053106,53.74293642577794,459.01483244212994
24.6152,91.865,30.9017,21.4,100.0,71.99999999999999,75.0,454.6315841860488,35.67054488684549,53.76298690026553,459.1870249391624
29.3893,90.4508,30.9017,21.9,100.0,71.99999999999999,71.99999999999999,454.7143896144821,35.484076673956515,53.779999999999994,459.2565559900852
34.0828,88.7888,30.9017,20.9,100.0,71.99999999999999,69.0,454.95973753396186,35.133531787111025,53.87348131262344,459.4834924363975
38.683,86.8833,30.9017,21.2,100.0,71.99999999999999,65.99999999999999,455.3912212423843,34.916518687376545,53.87701309973446,459.8946185838937
43.1771,84.7398,30.9017,21.0,100.0,71.99999999999999,63.0,455.72662972995187,34.59701309973447,53.96701309973447,460.2131602457178
47.5528,82.3639,30.9017,20.9,100.0,71.99999999999999,59.999999999999986,455.9940062446995,34.457557986579964,54.002442013420016,460.47162863405856
51.7983,79.7623,30.9017,21.9,100.0,71.99999999999999,57.0,456.34846628843854,34.2594551131545,54.064076673956514,460.81510102758983
55.9017,76.9421,30.9017,21.5,100.0,71.99999999999999,53.999999999999986,456.700595361333,34.0,54.15054488684549,461.1547628670209
59.8519,73.911,30.9017,21.4,100.0,71.99999999999999,51.0,457.0729869002655,33.96,54.16298690026552,461.52207542422997
63.6381,70.6773,30.9017,21.1,100.0,71.99999999999999,48.0,457.37321884658536,34.08592332604348,54.2,461.83303420941576
67.2499,67.2499,30.9017,21.6,100.0,71.99999999999999,45.0,457.74945511315445,34.010494412357914,54.219455113154496,462.20236552762276
70.6773,63.6381,30.9017,20.1,100.0,71.99999999999999,41.99999999999999,458.10836533946355,34.03054488684549,54.2705448868455,462.56528665865767
73.911,59.8519,30.9017,21.3,100.0,71.99999999999999,38.99999999999999,458.5236123099682,34.11353178711102,54.32244201342003,462.9887296717639
76.9421,55.9017,30.9017,20.1,100.0,71.99999999999999,35.99999999999999,458.82399567975074,34.192986900265524,54.33511597315993,463.2935615703184
79.7623,51.7983,30.9017,21.3,100.0,71.99999999999999,32.99999999999999,459.0589102263089,34.35597380053106,54.35054488684549,463.54007132441757
82.3639,47.5528,30.9017,21.2,100.0,71.99999999999999,29.999999999999993,459.3550960183905,34.5594551131545,54.35891022630901,463.8494920734255
84.7398,43.1771,30.9017,22.2,100.0,71.99999999999999,26.999999999999993,459.5321795473819,34.83597380053106,54.40999999999998,464.0515243054358
86.8833,38.683,30.9017,21.2,100.0,71.99999999999999,24.0,459.83836533946345,35.115428913685555,54.43646821288897,464.37888050314564
88.7888,34.0828,30.9017,20.6,100.0,71.99999999999999,20.999999999999996,460.05646821288883,35.436518687376555,54.4894551131545,464.62544217867156
90.4508,29.3893,30.9017,20.5,100.0,71.99999999999999,17.999999999999996,460.19597380053096,35.682986900265526,54.522986900265536,464.7863659326401
91.865,24.6152,30.9017,21.1,100.0,71.99999999999999,14.999999999999996,460.3080523989379,36.06891022630901,54.507013099734465,464.9252454591722
93.0274,19.7736,30.9017,20.9,100.0,71.99999999999999,12.0,460.51457108631445,36.49646821288898,54.507013099734465,465.16306479758384
93.9347,14.8778,30.9017,21.2,100.0,71.99999999999999,8.999999999999998,460.61402619946887,36.79,54.51298690026552,465.28534360376483
94.5847,9.9412,30.9017,20.5,100.0,71.99999999999999,6.0,460.5226234852523,37.19244201342003,54.516518687376546,465.22727273285705
94.9753,4.9774,30.9017,21.6,100.0,71.99999999999999,3.0,460.5597680536801,37.43054488684549,54.51054488684549,465.28243588603965
95.1057,0.0,30.9017,21.1,100.0,71.99999999999999,0.0,460.55153371156126,37.910544886845486,54.416518687376545,465.30214068252735
96.5926,0.0,25.8819,20.7,100.0,75.0,0.0,460.57326932107287,37.9094551131545,54.349455113154505,465.31572772814656
96.4602,5.0553,25.8819,21.8,100.0,75.0,3.0,460.6537637334309,37.50755798657997,54.40706357422204,465.3695687458105
96.0634,10.0967,25.8819,20.2,100.0,75.0,6.0,460.71090830185864,37.07999999999999,54.411039299203416,465.392338383372
95.4034,15.1104,25.8819,22.2,100.0,75.0,8.999999999999998,460.6848335523524,36.750544886845496,54.38353178711102,465.3371755450862
94.4818,20.0827,25.8819,20.9,100.0,75.0,12.0,460.557063574222,36.347013099734475,54.40945511315449,465.18201058842834
93.3013,25.0,25.8819,21.8,100.0,75.0,14.999999999999996,460.4397375339618,35.98353178711102,54.42706357422204,465.03964530944035
91.865,29.8487,25.8819,20.3,100.0,75.0,17.999999999999996,460.2856103855179,35.68,54.40999999999998,464.86164998628226
90.1769,34.6157,25.8819,19.7,100.0,75.0,20.999999999999996,460.0799999999999,35.27298690026553,54.37597380053105,464.62300473784364
88.2417,39.2877,25.8819,22.4,100.0,75.0,24.0,459.9388597518214,35.010544886845494,54.34592332604348,464.45987161997067
86.0646,43.8521,25.8819,20.9,100.0,75.0,26.999999999999993,459.7294551131545,34.72,54.357013099734466,464.2319842188414
83.6516,48.2963,25.8819,22.2,100.0,75.0,29.999999999999993,459.4809083018586,34.493531787111024,54.34298690026552,463.96731464004216
81.0094,52.6081,25.8819,22.7,100.0,75.0,32.99999999999999,459.11244201342,34.30298690026552,54.353531787111024,463.5895121112407
78.145,56.7757,25.8819,21.3,100.0,75.0,35.99999999999999,458.76511597315994,34.186468212888975,54.314026199468934,463.232295597721
75.0665,60.7877,25.8819,21.5,100.0,75.0,38.99999999999999,458.5327549539456,34.006468212888976,54.231584186048906,462.97925652160467
71.7823,64.6331,25.8819,22.7,100.0,75.0,41.99999999999999,458.08945511315443,33.987557986579965,54.19108977369099,462.5340821978615
68.3013,68.3013,25.8819,23.7,100.0,75.0,45.0,457.76108977369097,33.923481312623444,54.17293642577794,462.2020390869738
64.6331,71.7823,25.8819,20.7,100.0,75.0,48.0,457.4227549539456,33.92,54.11592332604347,461.86001808674416
60.7877,75.0665,25.8819,21.3,100.0,75.0,51.0,457.00498497581515,34.03298690026553,54.05651868737654,461.44762184098136
56.7757,78.145,25.8819,21.3,100.0,75.0,53.999999999999986,456.62,34.16701309973447,54.00999999999999,461.07080723480794
52.6081,81.0094,25.8819,21.3,100.0,75.0,57.0,456.2743590947639,34.2594551131545,53.99298690026553,460.73337589803504
48.2963,83.6516,25.8819,21.4,100.0,75.0,59.999999999999986,455.900595361333,34.48,53.91537843919798,460.370602105586
43.8521,86.0646,25.8819,22.0,100.0,75.0,63.0,455.53103929920337,34.6,53.879999999999995,460.0095022551299
39.2877,88.2417,25.8819,21.3,100.0,75.0,65.99999999999999,455.26288595129034,34.87810287342547,53.832442013420035,459.7594035991815
34.6157,90.1769,25.8819,21.1,100.0,75.0,69.0,454.95080735288343,35.19651868737655,53.75005047448758,459.46501495191256
29.8487,91.865,25.8819,20.6,100.0,75.0,71.99999999999999,454.70597380053096,35.37646821288897,53.68108977369098,459.2283489859895
25.0,93.3013,25.8819,21.6,100.0,75.0,75.0,454.48207859840676,35.62701309973447,53.69244201342003,459.02736537041176
20.0827,94.4818,25.8819,22.1,100.0,75.0,77.99999999999999,454.1621795473819,36.04701309973447,53.59298690026553,458.73181787350745
15.1104,95.4034,25.8819,21.0,100.0,75.0,80.99999999999999,454.07283547680277,36.49755798657996,53.5194551131545,458.6704086078982
10.0967,96.0634,25.8819,21.6,100.0,75.0,83.99999999999999,453.9780523989378,36.89,53.45701309973447,458.600693860659
5.0553,96.4602,25.8819,21.7,100.0,75.0,86.99999999999999,453.84950558764194,37.15701309973446,53.41108977369099,458.48965294263087
0.0,96.5926,25.8819,21.3,100.0,75.0,90.0,453.78189712657445,37.532936425777955,53.36298690026551,458.44775040068896
-5.0553,96.4602,25.8819,21.7,100.0,75.0,93.0,453.83836533946345,37.94,53.33592332604348,458.5339967451027
-10.0967,96.0634,25.8819,19.7,100.0,75.0,96.0,453.81444008896966,38.60597380053106,53.25353178711102,458.55632794036677
-15.1104,95.4034,25.8819,21.5,100.0,75.0,98.99999999999999,453.90869823475845,38.95,53.245973800531054,458.6778199991142
-20.0827,94.4818,25.8819,21.4,100.0,75.0,102.0,453.9923915389324,39.32,53.24651868737655,458.7922686004685
-25.0,93.3013,25.8819,21.1,100.0,75.0,104.99999999999999,454.2323915389324,39.52646821288897,53.29348131262344,459.05294069745537
-29.8487,91.865,25.8819,20.9,100.0,75.0,107.99999999999997,454.40891022630893,40.017557986579966,53.29592332604347,459.27041934294715
-34.6157,90.1769,25.8819,21.0,100.0,75.0,110.99999999999999,454.64441966285165,40.50407667395651,53.28864776027096,459.54521925257706
-39.2877,88.2417,25.8819,20.6,100.0,75.0,114.0,454.8707768331654,40.62108977369099,53.37592332604348,459.7896103024918
-43.8521,86.0646,25.8819,20.3,100.0,75.0,116.99999999999999,455.15013099734466,41.10298690026553,53.40701309973448,460.1123844532536
-48.2963,83.6516,25.8819,20.1,100.0,75.0,119.99999999999997,455.52379425314894,41.292986900265525,53.447557986579966,460.5037234948915
-52.6081,81.0094,25.8819,20.9,100.0,75.0,122.99999999999999,455.8118161323687,41.33701309973446,53.54348131262344,460.8037160971807
-56.7757,78.145,25.8819,21.0,100.0,75.0,126.0,456.14805239893775,41.71999999999999,53.542986900265525,461.17074446840843
-60.7877,75.0665,25.8819,20.6,100.0,75.0,129.0,456.5289607007965,41.811089773690995,53.58755798657997,461.5609229100511
-64.6331,71.7823,25.8819,20.9,100.0,75.0,131.99999999999997,456.91103929920337,41.64701309973447,53.69244201342003,461.93619674471506
-68.3013,68.3013,25.8819,21.5,100.0,75.0,135.0,457.41935416417937,41.64,53.76542891368555,462.44683641500626
-71.7823,64.6331,25.8819,20.5,100.0,75.0,138.0,457.7000504744875,41.67353178711102,53.82054488684549,462.73390896699664
-75.0665,60.7877,25.8819,22.0,100.0,75.0,141.0,458.1740261994689,41.56054488684549,53.871089773690976,463.19845799454924
-78.145,56.7757,25.8819,20.9,100.0,75.0,143.99999999999997,458.51488402684,41.516468212888974,53.95701309973447,463.5416650848802
-81.0094,52.6081,25.8819,20.7,100.0,75.0,147.0,458.9728859512903,41.338910226309004,54.0205448868455,463.98624420022054
-83.6516,48.2963,25.8819,22.8,100.0,75.0,150.0,459.3220785984068,41.08,54.03298690026553,464.3101355358563
-86.0646,43.8521,25.8819,21.2,100.0,75.0,152.99999999999997,459.60447013733926,40.867013099734464,54.06701309973446,464.57466960160997
-88.2417,39.2877,25.8819,20.2,100.0,75.0,155.99999999999997,459.9517961775993,40.71999999999999,54.11592332604347,464.9110736091689
-90.1769,34.6157,25.8819,20.3,100.0,75.0,159.0,460.26701309973447,40.311039299203415,54.17597380053105,465.1943028180471
-91.865,29.8487,25.8819,20.3,100.0,75.0,161.99999999999997,460.45108977369097,39.99,54.230544886845486,465.3550882632571
-93.3013,25.0,25.8819,19.9,100.0,75.0,164.99999999999997,460.64059536133306,39.508910226309,54.29298690026553,465.50879745571547
-94.4818,20.0827,25.8819,20.7,100.0,75.0,167.99999999999997,460.92054488684545,39.12,54.30298690026552,465.75415992246053
-95.4034,15.1104,25.8819,21.7,100.0,75.0,170.99999999999997,461.01926307637336,38.92054488684549,54.33,465.8382966671711
-96.0634,10.0967,25.8819,20.9,100.0,75.0,173.99999999999997,461.1985468112957,38.48646821288897,54.364571086314434,465.98370615907976
-96.4602,5.0553,25.8819,20.1,100.0,75.0,176.99999999999997,461.25394567661175,38.01706357422204,54.43701309973446,466.00846335691136
-96.5926,0.0,25.8819,20.6,100.0,75.0,180.0,461.2372250912849,37.5705448868455,54.45298690026552,465.9575639855668
-96.4602,-5.0553,25.8819,21.2,100.0,75.0,182.99999999999997,461.3358428031864,37.21701309973447,54.454026199468935,466.0269379427809
-96.0634,-10.0967,25.8819,21.5,100.0,75.0,186.0,461.22950558764217,36.83244201342002,54.48407667395651,465.8946235151318
-95.4034,-15.1104,25.8819,22.0,100.0,75.0,188.99999999999997,461.2194551131545,36.283481312623444,54.5394551131545,465.8480749719574
-94.4818,-20.0827,25.8819,21.4,100.0,75.0,192.0,461.0946720352896,35.78651868737655,54.53298690026552,465.6853209618677
-93.3013,-25.0,25.8819,21.0,100.0,75.0,194.99999999999997,461.00135223972904,35.51,54.53999999999999,465.572570569679
-91.865,-29.8487,25.8819,20.9,100.0,75.0,197.99999999999997,460.8229869002655,35.209999999999994,54.547013099734464,465.373985084883
-90.1769,-34.6157,25.8819,21.6,100.0,75.0,200.99999999999997,460.6636123099681,34.75646821288897,54.57054488684549,465.18482365437217
-88.2417,-39.2877,25.8819,21.3,100.0,75.0,204.0,460.39059536133306,34.459999999999994,54.542986900265525,464.88915809810544
-86.0646,-43.8521,25.8819,21.1,100.0,75.0,207.0,460.14527749022284,34.11701309973447,54.48407667395652,464.6139920303899
-83.6516,-48.2963,25.8819,21.5,100.0,75.0,209.99999999999997,459.8070130997345,33.862986900265525,54.46194760106211,464.25778928738265
-81.0094,-52.6081,25.8819,22.0,100.0,75.0,212.99999999999997,459.4062562213385,33.60999999999999,54.442986900265524,463.8402517871089
-78.145,-56.7757,25.8819,20.9,100.0,75.0,215.99999999999994,459.1303934633827,33.25,54.38701309973446,463.5344948283259
-75.0665,-60.7877,25.8819,20.7,100.0,75.0,219.0,458.6159738005309,33.175973800531054,54.340494412357906,463.01419632188635
-71.7823,-64.6331,25.8819,21.2,100.0,75.0,221.99999999999997,458.20805239893787,33.059999999999995,54.30646821288897,462.5978549161089
-68.3013,-68.3013,25.8819,21.8,100.0,75.0,224.99999999999997,457.8514531887041,32.957557986579964,54.24646821288897,462.2302814929144
-64.6331,-71.7823,25.8819,21.3,100.0,75.0,228.0,457.4299999999999,32.839999999999996,54.21597380053104,461.8008686816643
-60.7877,-75.0665,25.8819,21.6,100.0,75.0,231.0,457.0198990510248,32.8594551131545,54.152442013420014,461.3885769012483
-56.7757,-78.145,25.8819,21.5,100.0,75.0,233.99999999999997,456.50108977369086,32.952391538932446,54.0594551131545,460.8704045171849
-52.6081,-81.0094,25.8819,21.3,100.0,75.0,236.99999999999997,456.022774908715,32.904076673956524,53.91298690026552,460.3759981294837
-48.2963,-83.6516,25.8819,21.6,100.0,75.0,239.99999999999994,455.5973459950294,33.10891022630901,53.901352239729036,459.9679308249214
-43.8521,-86.0646,25.8819,19.7,100.0,75.0,242.99999999999997,455.26085782737107,33.297013099734464,53.806468212888966,459.6371131366812
-39.2877,-88.2417,25.8819,21.3,100.0,75.0,245.99999999999997,454.81935416417923,33.52298690026553,53.72402619946893,459.2066055318866
-34.6157,-90.1769,25.8819,21.9,100.0,75.0,249.0,454.453531787111,33.73701309973447,53.680544886845496,458.85487848122415
-29.8487,-91.865,25.8819,22.3,100.0,75.0,252.0,454.08,34.02402619946894,53.589999999999996,458.4955494427641
-25.0,-93.3013,25.8819,20.9,100.0,75.0,254.99999999999997,453.73293642577795,34.300544886845486,53.509455113154495,458.16303513443796
-20.0827,-94.4818,25.8819,22.1,100.0,75.0,258.0,453.44909169814133,34.730544886845486,53.499455113154504,457.91318086227983
-15.1104,-95.4034,25.8819,21.3,100.0,75.0,260.99999999999994,453.2343391399945,35.103531787111024,53.44646821288897,457.72278628447987
-10.0967,-96.0634,25.8819,21.7,100.0,75.0,263.99999999999994,453.0086982347586,35.50054488684549,53.35163466053648,457.51892450975714
-5.0553,-96.4602,25.8819,20.3,100.0,75.0,266.99999999999994,452.804026199469,36.099999999999994,53.32402619946893,457.3599762906359
0.0,-96.5926,25.8819,20.6,100.0,75.0,270.0,452.7218161323687,36.48940463866692,53.32293642577795,457.30936465607414
5.0553,-96.4602,25.8819,21.3,100.0,75.0,273.0,452.62407667395655,36.882986900265536,53.316468212888964,457.2434311068152
10.0967,-96.0634,25.8819,21.3,100.0,75.0,276.0,452.61782045261805,37.25592332604347,53.3394551131545,457.2701528483164
15.1104,-95.4034,25.8819,21.8,100.0,75.0,278.99999999999994,452.6448335523525,37.75407667395652,53.388910226309,457.3435157322041
20.0827,-94.4818,25.8819,21.0,100.0,75.0,282.0,452.692936425778,38.25488402684006,53.41891022630901,457.4362368805809
25.0,-93.3013,25.8819,21.2,100.0,75.0,284.99999999999994,452.83026246603805,38.72402619946894,53.402986900265525,457.6097418325226
29.8487,-91.865,25.8819,21.3,100.0,75.0,287.99999999999994,452.93026246603796,39.179455113154496,53.3994551131545,457.74704168011783
34.6157,-90.1769,25.8819,20.5,100.0,75.0,291.0,453.1429869002655,39.741089773690994,53.43592332604347,458.01017313483504
39.2877,-88.2417,25.8819,22.2,100.0,75.0,294.0,453.34,39.98353178711101,53.41701309973446,458.2239798424653
43.8521,-86.0646,25.8819,22.2,100.0,75.0,296.99999999999994,453.66891022630904,40.3105448868455,53.4594551131545,458.5829624789789
48.2963,-83.6516,25.8819,21.0,100.0,75.0,300.0,454.01044393787026,40.548910226309005,53.48353178711102,458.94464317347274
52.6081,-81.0094,25.8819,21.4,100.0,75.0,303.0,454.269505587642,40.83054488684549,53.453531787111025,459.2223831251185
56.7757,-78.145,25.8819,21.7,100.0,75.0,305.99999999999994,454.6253784391979,41.18353178711102,53.5394551131545,459.61591711477683
60.7877,-75.0665,25.8819,21.8,100.0,75.0,309.0,455.10239153893247,41.223531787111014,53.57755798657996,460.09577380939294
64.6331,-71.7823,25.8819,21.8,100.0,75.0,311.99999999999994,455.48901117528413,41.32701309973446,53.599999999999994,460.49008818125907
68.3013,-68.3013,25.8819,21.6,100.0,75.0,314.99999999999994,455.92592332604335,41.429455113154496,53.59298690026553,460.9306407221916
71.7823,-64.6331,25.8819,22.3,100.0,75.0,318.0,456.35864776027086,41.45646821288897,53.63054488684549,461.36546195736105
75.0665,-60.7877,25.8819,21.3,100.0,75.0,321.0,456.80755798658,41.51054488684549,53.68244201342002,461.8203925239656
78.145,-56.7757,25.8819,21.2,100.0,75.0,323.99999999999994,457.2270130997345,41.482986900265516,53.735973800531056,462.2390448572727
81.0094,-52.6081,25.8819,21.6,100.0,75.0,327.0,457.6270130997345,41.24,53.77462156080201,462.6174776665836
83.6516,-48.2963,25.8819,21.3,100.0,75.0,329.99999999999994,458.09358226159856,41.12701309973447,53.86054488684549,463.07895613089306
86.0646,-43.8521,25.8819,21.2,100.0,75.0,332.99999999999994,458.4413522397291,40.90706357422204,53.95353178711102,463.41433392371414
88.2417,-39.2877,25.8819,20.8,100.0,75.0,335.99999999999994,458.75303737475303,40.80701309973447,54.04755798657996,463.7248107908355
90.1769,-34.6157,25.8819,21.0,100.0,75.0,339.0,459.1529364257779,40.54,54.110544886845496,464.1043650908336
91.865,-29.8487,25.8819,21.7,100.0,75.0,341.99999999999994,459.44483355235246,40.17298690026553,54.10646821288897,464.36077984355023
93.3013,-25.0,25.8819,20.8,100.0,75.0,345.0,459.79488402684,39.74646821288897,54.1594551131545,464.6766227074558
94.4818,-20.0827,25.8819,21.2,100.0,75.0,347.99999999999994,459.94999999999993,39.37298690026553,54.24348131262344,464.8081215537884
95.4034,-15.1104,25.8819,21.2,100.0,75.0,351.0,460.22896070079656,38.932986900265526,54.31298690026552,465.05523788335086
96.0634,-10.0967,25.8819,20.8,100.0,75.0,353.99999999999994,460.467820452618,38.60298690026553,54.344076673956515,465.26775402938836
96.4602,-5.0553,25.8819,21.5,100.0,75.0,356.99999999999994,460.485479388173,38.349455113154505,54.35597380053105,465.26565457019865
97.6807,-5.1192,20.7912,21.0,100.0,77.99999999999999,356.99999999999994,460.608415813951,38.321089773690986,54.33244201342003,465.3822438546861
97.2789,-10.2244,20.7912,20.9,100.0,77.99999999999999,353.99999999999994,460.41727556577246,38.789455113154496,54.3205448868455,465.2304924058479
96.6105,-15.3016,20.7912,20.1,100.0,77.99999999999999,351.0,460.2920785984068,39.14597380053106,54.262986900265524,465.1297417200626
95.6773,-20.3368,20.7912,21.1,100.0,77.99999999999999,347.99999999999994,460.1043391399946,39.56646821288897,54.16701309973446,464.968357644302
94.4818,-25.3163,20.7912,18.4,100.0,77.99999999999999,345.0,459.852179547382,40.101897126574535,54.10701309973447,464.75774125258295
93.0274,-30.2264,20.7912,21.3,100.0,77.99999999999999,341.99999999999994,459.6079214015931,40.27701309973447,54.09701309973447,464.5300485712867
91.3179,-35.0537,20.7912,21.3,100.0,77.99999999999999,339.0,459.1890616497717,40.64407667395651,54.014076673956524,464.1379706363361
89.3582,-39.7848,20.7912,20.3,100.0,77.99999999999999,335.99999999999994,458.9388092773338,41.00651868737655,53.973531787111014,463.91756527354016
87.1536,-44.407,20.7912,21.4,100.0,77.99999999999999,332.99999999999994,458.5351664476474,41.050544886845486,53.85701309973447,463.5086018238535
84.7101,-48.9074,20.7912,21.3,100.0,77.99999999999999,329.99999999999994,458.09433913999453,41.28,53.80701309973447,463.0870939799805
82.0344,-53.2737,20.7912,21.5,100.0,77.99999999999999,327.0,457.67381420791844,41.47,53.75054488684549,462.6815343054627
79.1338,-57.4941,20.7912,21.1,100.0,77.99999999999999,323.99999999999994,457.30891022630897,41.56950558764208,53.697557986579966,462.3233618376833
76.0163,-61.5568,20.7912,20.0,100.0,77.99999999999999,321.0,456.78488402684,41.5694551131545,53.6405448868455,461.79839533023056
72.6905,-65.4508,20.7912,20.9,100.0,77.99999999999999,318.0,456.28326932107296,41.65945511315449,53.59298690026553,461.30482363351
69.1655,-69.1655,20.7912,21.2,100.0,77.99999999999999,314.99999999999994,455.8405448868455,41.648910226309006,53.54163466053649,460.860001223688
65.4508,-72.6905,20.7912,22.2,100.0,77.99999999999999,311.99999999999994,455.4800504744876,41.401089773690984,53.49244201342003,460.47537172714254
61.5568,-76.0163,20.7912,21.4,100.0,77.99999999999999,309.0,454.9741271484441,41.314076673956514,53.506468212888976,459.96875051086573
57.4941,-79.1338,20.7912,21.4,100.0,77.99999999999999,305.99999999999994,454.59805239893785,41.16701309973447,53.51701309973447,459.5847940299791
53.2737,-82.0344,20.7912,21.4,100.0,77.99999999999999,303.0,454.2134308381358,41.039455113154496,53.453531787111025,459.1855373269615
48.9074,-84.7101,20.7912,21.4,100.0,77.99999999999999,300.0,453.8612411971536,40.77701309973447,53.38402619946893,458.8056727108138
44.407,-87.1536,20.7912,21.3,100.0,77.99999999999999,296.99999999999994,453.61293642577795,40.472986900265525,53.43999999999999,458.53963008822467
39.7848,-89.3582,20.7912,20.7,100.0,77.99999999999999,294.0,453.24521692213506,40.05298690026552,53.37353178711102,458.1312064440228
35.0537,-91.3179,20.7912,20.5,100.0,77.99999999999999,291.0,453.07891022630895,39.65646821288897,53.39701309973447,457.93490298398615
30.2264,-93.0274,20.7912,21.6,100.0,77.99999999999999,287.99999999999994,452.8009083018586,39.21597380053105,53.35945511315449,457.6175112581301
25.3163,-94.4818,20.7912,21.5,100.0,77.99999999999999,284.99999999999994,452.64582237706827,38.859455113154496,53.36651868737655,457.4344576919341
20.3368,-95.6773,20.7912,20.9,100.0,77.99999999999999,282.0,452.4936327360861,38.43999999999999,53.392986900265534,457.2514978836394
15.3016,-96.6105,20.7912,21.6,100.0,77.99999999999999,278.99999999999994,452.4042581457888,37.901089773690984,53.29755798657996,457.1069186544957
10.2244,-97.2789,20.7912,20.6,100.0,77.99999999999999,276.0,452.4857113344929,37.467013099734466,53.3105448868455,457.15326776545095
5.1192,-97.6807,20.7912,21.8,100.0,77.99999999999999,273.0,452.4865691618641,36.91701309973447,53.31298690026553,457.10965391283116
0.0,-97.8148,20.7912,20.9,100.0,77.99999999999999,270.0,452.61348131262343,36.6,53.31810287342545,457.21039310141856
-5.1192,-97.6807,20.7912,21.0,100.0,77.99999999999999,266.99999999999994,452.74488402684,36.04348131262344,53.29999999999999,457.29416414121255
-10.2244,-97.2789,20.7912,21.6,100.0,77.99999999999999,263.99999999999994,452.8424924879075,35.609455113154496,53.304076673956516,457.3572792535168
-15.3016,-96.6105,20.7912,21.3,100.0,77.99999999999999,260.99999999999994,453.1094046386669,35.15189712657453,53.35293642577794,457.59187522164063
-20.3368,-95.6773,20.7912,21.7,100.0,77.99999999999999,258.0,453.3482542968882,34.76407667395652,53.42353178711102,457.80700567994495
-25.3163,-94.4818,20.7912,20.8,100.0,77.99999999999999,254.99999999999997,453.70298690026556,34.430544886845496,53.49244201342003,458.1411399295928
-30.2264,-93.0274,20.7912,20.8,100.0,77.99999999999999,252.0,454.0503634150131,34.019999999999996,53.507557986579954,458.45627019268994
-35.0537,-91.3179,20.7912,22.7,100.0,77.99999999999999,249.0,454.4005448868454,33.64651868737655,53.649505587642075,458.7921238023169
-39.7848,-89.3582,20.7912,21.2,100.0,77.99999999999999,245.99999999999997,454.7729364257778,33.423531787111024,53.70298690026553,459.15091961626155
-44.407,-87.1536,20.7912,21.0,100.0,77.99999999999999,242.99999999999997,455.2032693210729,33.202442013420026,53.812936425777934,459.5739882576173
-48.9074,-84.7101,20.7912,20.5,100.0,77.99999999999999,239.99999999999994,455.65293642577785,32.955923326043475,53.83945511315451,460.0047589781951
-53.2737,-82.0344,20.7912,21.7,100.0,77.99999999999999,236.99999999999997,456.1239757249813,32.951897126574536,53.96592332604347,460.4858625797713
-57.4941,-79.1338,20.7912,20.5,100.0,77.99999999999999,233.99999999999997,456.5329869002655,32.827013099734465,54.1,460.89780962500583
-61.5568,-76.0163,20.7912,22.2,100.0,77.99999999999999,231.0,456.92960653661714,32.76537843919798,54.146468212888955,461.2917464836121
-65.4508,-72.6905,20.7912,21.9,100.0,77.99999999999999,228.0,457.409505587642,32.84298690026553,54.17760846106755,461.7762779193219
-69.1655,-69.1655,20.7912,21.8,100.0,77.99999999999999,224.99999999999997,457.8729869002655,32.91701309973447,54.24999999999999,462.24913670484966
-72.6905,-65.4508,20.7912,19.5,100.0,77.99999999999999,221.99999999999997,458.28077683316536,32.94244201342003,54.34,462.66544122142625
-76.0163,-61.5568,20.7912,21.1,100.0,77.99999999999999,219.0,458.7900000000001,33.117013099734464,54.39,463.1881612872333
-79.1338,-57.4941,20.7912,21.3,100.0,77.99999999999999,215.99999999999994,459.1696671047049,33.25,54.43353178711102,463.57885528986753
-82.0344,-53.2737,20.7912,21.0,100.0,77.99999999999999,212.99999999999997,459.48651868737653,33.512986900265524,54.495973800531054,463.9189501485042
-84.7101,-48.9074,20.7912,20.9,100.0,77.99999999999999,209.99999999999997,459.82836533946346,33.71,54.51646821288897,464.27420236016775
-87.1536,-44.407,20.7912,21.0,100.0,77.99999999999999,207.0,460.1151159731599,34.08701309973447,54.57,464.59200306188643
-89.3582,-39.7848,20.7912,20.9,100.0,77.99999999999999,204.0,460.40646821288897,34.487557986579965,54.60054488684548,464.9136770735876
-91.3179,-35.0537,20.7912,21.8,100.0,77.99999999999999,200.99999999999997,460.61999999999995,34.77651868737656,54.59706357422204,465.14624582268857
-93.0274,-30.2264,20.7912,20.8,100.0,77.99999999999999,197.99999999999997,460.918910226309,35.03999999999999,54.620544886845494,465.46476486190033
-94.4818,-25.3163,20.7912,21.7,100.0,77.99999999999999,194.99999999999997,461.0389607007965,35.459999999999994,54.57,465.6095142757186
-95.6773,-20.3368,20.7912,22.2,100.0,77.99999999999999,192.0,461.15,35.898910226309006,54.569999999999986,465.7530881866878
-96.6105,-15.3016,20.7912,21.9,100.0,77.99999999999999,188.99999999999997,461.263269321073,36.35999999999999,54.61348131262345,465.9060909301884
-97.2789,-10.2244,20.7912,22.2,100.0,77.99999999999999,186.0,461.34215959261246,36.7105448868455,54.5905448868455,466.0089912378379
-97.6807,-5.1192,20.7912,21.4,100.0,77.99999999999999,182.99999999999997,461.33955606212965,37.165973800531056,54.57054488684549,466.04016990533324
-97.8148,0.0,20.7912,20.8,100.0,77.99999999999999,180.0,461.4063167894262,37.603531787111024,54.55054488684549,466.13901008551125
-97.6807,5.1192,20.7912,21.2,100.0,77.99999999999999,176.99999999999997,461.4263672639138,37.877557986579966,54.55108977369099,466.18110558118536
-97.2789,10.2244,20.7912,20.9,100.0,77.99999999999999,173.99999999999997,461.2067506336964,38.37348131262345,54.51457108631444,466.00003150092994
-96.6105,15.3016,20.7912,21.5,100.0,77.99999999999999,170.99999999999997,461.0840261994689,38.97298690026552,54.47999999999999,465.9242892619366
-95.6773,20.3368,20.7912,21.6,100.0,77.99999999999999,167.99999999999997,460.89472250977724,39.22054488684549,54.46755798657997,465.7562788107178
-94.4818,25.3163,20.7912,21.3,100.0,77.99999999999999,164.99999999999997,460.7404439378702,39.56701309973447,54.44701309973446,465.6305213806146
-93.0274,30.2264,20.7912,22.2,100.0,77.99999999999999,161.99999999999997,460.5375075120923,39.98054488684549,54.37353178711102,465.4564649394222
-91.3179,35.0537,20.7912,20.5,100.0,77.99999999999999,159.0,460.219505587642,40.459999999999994,54.288910226309,465.17339852671483
-89.3582,39.7848,20.7912,22.2,100.0,77.99999999999999,155.99999999999997,459.8814531887042,40.76054488684549,54.24298690026552,464.85984407592065
-87.1536,44.407,20.7912,22.2,100.0,77.99999999999999,152.99999999999997,459.54010094897507,40.95646821288897,54.21646821288898,464.53628716618766
-84.7101,48.9074,20.7912,20.9,100.0,77.99999999999999,150.0,459.2989607007966,41.22298690026552,54.173481312623444,464.3163103180207
-82.0344,53.2737,20.7912,21.0,100.0,77.99999999999999,147.0,458.8259937553005,41.32999999999999,54.10592332604348,463.8500968896123
-79.1338,57.4941,20.7912,22.0,100.0,77.99999999999999,143.99999999999997,458.46701309973446,41.49298690026552,54.04999999999999,463.5030448254873
-76.0163,61.5568,20.7912,21.3,100.0,77.99999999999999,141.0,458.04433913999446,41.734076673956515,53.95755798657996,463.09585167424797
-72.6905,65.4508,20.7912,20.9,100.0,77.99999999999999,138.0,457.69244201341996,41.73298690026552,53.90542891368555,462.7416222236702
-69.1655,69.1655,20.7912,20.4,100.0,77.99999999999999,135.0,457.30158418604896,41.87646821288897,53.81108977369099,462.357016678332
-65.4508,72.6905,20.7912,22.8,100.0,77.99999999999999,131.99999999999997,456.92587285155594,41.7694551131545,53.75914217262887,461.96968085442904
-61.5568,76.0163,20.7912,21.2,100.0,77.99999999999999,129.0,456.5424924879075,41.77244201342003,53.63298690026552,461.5760843487016
-57.4941,79.1338,20.7912,21.6,100.0,77.99999999999999,126.0,456.14249248790753,41.75407667395652,53.55353178711103,461.1695535688024
-53.2737,82.0344,20.7912,20.8,100.0,77.99999999999999,122.99999999999999,455.7518971265744,41.44,53.52597380053105,460.7516632696694
-48.9074,84.7101,20.7912,21.5,100.0,77.99999999999999,119.99999999999997,455.4620785984068,41.192986900265524,53.458910226309,460.43503591009585
-44.407,87.1536,20.7912,20.9,100.0,77.99999999999999,116.99999999999999,455.11864776027096,41.110544886845496,53.38108977369099,460.07890756418925
-39.7848,89.3582,20.7912,20.9,100.0,77.99999999999999,114.0,454.8232693210729,40.73348131262344,53.372986900265516,459.75221429201514
-35.0537,91.3179,20.7912,20.3,100.0,77.99999999999999,110.99999999999999,454.5709083018587,40.43348131262344,53.3105448868455,459.46881426443673
-30.2264,93.0274,20.7912,21.4,100.0,77.99999999999999,107.99999999999997,454.3385972857834,40.04402619946894,53.307557986579965,459.2045086411605
-25.3163,94.4818,20.7912,21.5,100.0,77.99999999999999,104.99999999999999,454.1287287544767,39.79298690026552,53.247063574222054,458.96800963234796
-20.3368,95.6773,20.7912,21.7,100.0,77.99999999999999,102.0,454.00148323707367,39.25950558764208,53.27298690026553,458.79915725045186
-15.3016,96.6105,20.7912,21.0,100.0,77.99999999999999,98.99999999999999,453.8448840268399,38.862986900265525,53.302442013420034,458.61384718817635
-10.2244,97.2789,20.7912,21.8,100.0,77.99999999999999,96.0,453.738910226309,38.499455113154504,53.28054488684549,458.47576071239297
-5.1192,97.6807,20.7912,20.9,100.0,77.99999999999999,93.0,453.70615527236333,38.103531787111024,53.312442013420025,458.41397332554726
0.0,97.8148,20.7912,19.7,100.0,77.99999999999999,90.0,453.67298690026547,37.630050474487575,53.37651868737655,458.34948727898103
5.1192,97.6807,20.7912,20.8,100.0,77.99999999999999,86.99999999999999,453.6616346605365,37.268910226309,53.457820452618,458.31821805364785
10.2244,97.2789,20.7912,21.6,100.0,77.99999999999999,83.99999999999999,453.81841581395105,36.7805448868455,53.50891022630899,458.4399268035722
15.3016,96.6105,20.7912,20.7,100.0,77.99999999999999,80.99999999999999,453.94547938817306,36.27810287342547,53.589999999999996,458.5351536197122
20.3368,95.6773,20.7912,21.3,100.0,77.99999999999999,77.99999999999999,454.1438142079184,35.98244201342003,53.62402619946893,458.7121933221383
25.3163,94.4818,20.7912,21.8,100.0,77.99999999999999,75.0,454.2979214015932,35.71,53.674026199468926,458.8493288414722
30.2264,93.0274,20.7912,21.3,100.0,77.99999999999999,71.99999999999999,454.59810287342543,35.22646821288897,53.733531787111026,459.11614177372115
35.0537,91.3179,20.7912,20.4,100.0,77.99999999999999,69.0,454.89789088187496,35.01,53.766468212888974,459.4002876934948
39.7848,89.3582,20.7912,20.9,100.0,77.99999999999999,65.99999999999999,455.1304944123578,34.69,53.81054488684549,459.61150745499884
44.407,87.1536,20.7912,21.3,100.0,77.99999999999999,63.0,455.54358226159854,34.64244201342003,53.86,460.0227752279043
48.9074,84.7101,20.7912,21.1,100.0,77.99999999999999,59.999999999999986,455.84402619946883,34.33701309973447,53.93488402684005,460.30617897801676
53.2737,82.0344,20.7912,21.3,100.0,77.99999999999999,57.0,456.14490398160945,34.13999999999999,53.9583653394635,460.5922472409829
57.4941,79.1338,20.7912,20.8,100.0,77.99999999999999,53.999999999999986,456.46005047448756,33.96407667395652,53.98597380053104,460.8945883286956
61.5568,76.0163,20.7912,20.9,100.0,77.99999999999999,51.0,456.85729552054187,34.024076673956515,54.0494551131545,461.2998697830814
65.4508,72.6905,20.7912,20.9,100.0,77.99999999999999,48.0,457.26909169814127,33.757013099734465,54.10402619946894,461.6944918524062
69.1655,69.1655,20.7912,20.9,100.0,77.99999999999999,45.0,457.6021290728944,33.796468212888975,54.135923326043475,462.0309599908582
72.6905,65.4508,20.7912,20.9,100.0,77.99999999999999,41.99999999999999,457.98999999999995,33.92651868737655,54.18646821288897,462.43055922768696
76.0163,61.5568,20.7912,21.3,100.0,77.99999999999999,38.99999999999999,458.3569626252469,33.92293642577795,54.21407667395651,462.79697158948545
79.1338,57.4941,20.7912,20.9,100.0,77.99999999999999,35.99999999999999,458.697820452618,34.063531787111025,54.24054488684549,463.1479800187145
82.0344,53.2737,20.7912,21.1,100.0,77.99999999999999,32.99999999999999,459.05348131262343,34.2405448868455,54.27402619946895,463.51718796533083
84.7101,48.9074,20.7912,21.2,100.0,77.99999999999999,29.999999999999993,459.33950558764207,34.39353178711102,54.312442013420025,463.81627588922703
87.1536,44.407,20.7912,21.4,100.0,77.99999999999999,26.999999999999993,459.69885975182143,34.67457108631443,54.30108977369098,464.1917447432204
89.3582,39.7848,20.7912,20.9,100.0,77.99999999999999,24.0,459.94265400497045,35.12353178711102,54.35054488684549,464.4727001534462
91.3179,35.0537,20.7912,20.9,100.0,77.99999999999999,20.999999999999996,460.0424924879075,35.2794551131545,54.348910226309,464.58318834236235
93.0274,30.2264,20.7912,20.0,100.0,77.99999999999999,17.999999999999996,460.2408578273711,35.64353178711102,54.39701309973447,464.81302004796066
94.4818,25.3163,20.7912,19.7,100.0,77.99999999999999,14.999999999999996,460.42810287342536,35.89,54.42706357422204,465.0208976647544
95.6773,20.3368,20.7912,20.9,100.0,77.99999999999999,12.0,460.5324924879075,36.35402619946894,54.40999999999998,465.15829559198045
96.6105,15.3016,20.7912,21.3,100.0,77.99999999999999,8.999999999999998,460.61145318870416,36.703531787111025,54.38,465.2604049930074
97.2789,10.2244,20.7912,21.0,100.0,77.99999999999999,6.0,460.68311789761026,37.02298690026553,54.374026199468936,465.3559620333893
97.6807,5.1192,20.7912,21.3,100.0,77.99999999999999,3.0,460.6586477602709,37.404076673956524,54.38298690026552,465.363260230486
97.8148,0.0,20.7912,21.4,100.0,77.99999999999999,0.0,460.5940261994689,37.947557986579966,54.34,465.3382745141236
98.7688,0.0,15.6434,21.6,100.0,80.99999999999999,0.0,460.6581028734255,38.048910226309005,54.25163466053648,465.3996639187586
98.6335,5.1692,15.6434,21.4,100.0,80.99999999999999,3.0,460.7518971265745,37.5294551131545,54.298960700796584,465.45584950671144
98.2278,10.3242,15.6434,21.1,100.0,80.99999999999999,6.0,460.7099999999999,37.192986900265524,54.327013099734465,465.3906388475191
97.5528,15.4508,15.6434,21.4,100.0,80.99999999999999,8.999999999999998,460.6170130997344,36.74701309973447,54.31298690026553,465.2615138550591
96.6105,20.5352,15.6434,20.7,100.0,80.99999999999999,12.0,460.54005047448754,36.37108977369098,54.337557986579974,465.15864441103787
95.4034,25.5633,15.6434,20.5,100.0,80.99999999999999,14.999999999999996,460.4075579865799,35.883531787111025,54.33348131262344,464.98911223407345
93.9347,30.5212,15.6434,22.6,100.0,80.99999999999999,17.999999999999996,460.2970130997345,35.680544886845496,54.33353178711102,464.8640384331964
92.2087,35.3956,15.6434,21.1,100.0,80.99999999999999,20.999999999999996,460.153794253149,35.30701309973446,54.2594551131545,464.6850417312468
90.2298,40.1729,15.6434,22.2,100.0,80.99999999999999,24.0,459.89244201341995,34.972986900265525,54.2994551131545,464.4056404258872
88.0037,44.8401,15.6434,21.1,100.0,80.99999999999999,26.999999999999993,459.6437437786614,34.66701309973446,54.272442013420026,464.1332469821796
85.5363,49.3844,15.6434,20.2,100.0,80.99999999999999,29.999999999999993,459.3670130997345,34.339999999999996,54.269999999999996,463.8345839026793
82.8345,53.7934,15.6434,21.5,100.0,80.99999999999999,32.99999999999999,459.0554289136855,34.26701309973447,54.211039299203414,463.51370182962756
79.9057,58.0549,15.6434,22.6,100.0,80.99999999999999,35.99999999999999,458.65919264711636,34.04646821288897,54.183481312623435,463.10178864330817
76.7578,62.1572,15.6434,21.3,100.0,80.99999999999999,38.99999999999999,458.339505587642,33.95,54.13108977369099,462.7719522209741
73.3995,66.0892,15.6434,21.7,100.0,80.99999999999999,41.99999999999999,458.03810287342543,33.93646821288897,54.09597380053106,462.4683361486263
69.8401,69.8401,15.6434,20.9,100.0,80.99999999999999,45.0,457.5889607007965,33.89,54.08701309973447,462.01904077785144
66.0892,73.3995,15.6434,21.3,100.0,80.99999999999999,48.0,457.1870130997345,33.647013099734465,54.04999999999999,461.59883983562014
62.1572,76.7578,15.6434,21.4,100.0,80.99999999999999,51.0,456.8332493663036,33.8105448868455,54.00945511315449,461.2556687063484
58.0549,79.9057,15.6434,21.8,100.0,80.99999999999999,53.999999999999986,456.49353178711095,33.87701309973447,53.92755798657996,460.91450193113434
53.7934,82.8345,15.6434,22.2,100.0,80.99999999999999,57.0,456.0052169221351,34.15353178711102,53.879999999999995,460.44573620974785
49.3844,85.5363,15.6434,21.6,100.0,80.99999999999999,59.999999999999986,455.677063574222,34.19,53.87597380053105,460.12298673352655
44.8401,88.0037,15.6434,21.3,100.0,80.99999999999999,63.0,455.34244201342,34.41701309973447,53.82049441235791,459.80203991309423
40.1729,90.2298,15.6434,21.1,100.0,80.99999999999999,65.99999999999999,454.9764177384013,34.71646821288897,53.74108977369099,459.45280344482467
35.3956,92.2087,15.6434,21.3,100.0,80.99999999999999,69.0,454.70750751209243,34.98298690026552,53.71999999999999,459.20427389161324
30.5212,93.9347,15.6434,22.4,100.0,80.99999999999999,71.99999999999999,454.46298690026555,35.36597380053105,53.66506549867235,458.9850736354589
25.5633,95.4034,15.6434,21.6,100.0,80.99999999999999,75.0,454.25,35.650544886845495,53.56755798657997,458.78481570271543
20.5352,96.6105,15.6434,20.9,100.0,80.99999999999999,77.99999999999999,453.9986477602709,35.94,53.556518687376546,458.55725538046596
15.4508,97.5528,15.6434,20.6,100.0,80.99999999999999,80.99999999999999,453.8140261994689,36.42298690026553,53.48298690026552,458.4040076590552
10.3242,98.2278,15.6434,20.5,100.0,80.99999999999999,83.99999999999999,453.72049441235794,36.89999999999999,53.372986900265516,458.33674605081626
5.1692,98.6335,15.6434,21.8,100.0,80.99999999999999,86.99999999999999,453.5644400889696,37.28999999999999,53.33348131262344,458.2092378402518
0.0,98.7688,15.6434,20.0,100.0,80.99999999999999,90.0,453.55706357422196,37.649455113154495,53.30293642577794,458.22777569675844
-5.1692,98.6335,15.6434,21.0,100.0,80.99999999999999,93.0,453.4754289136856,38.22005047448758,53.20407667395653,458.1827262800855
-10.3242,98.2278,15.6434,21.1,100.0,80.99999999999999,96.0,453.6167306789269,38.678910226309,53.201089773690995,458.3607230132631
-15.4508,97.5528,15.6434,20.6,100.0,80.99999999999999,98.99999999999999,453.70615527236333,39.03298690026553,53.21755798657996,458.4811423346016
-20.5352,96.6105,15.6434,20.3,100.0,80.99999999999999,102.0,453.9019476010621,39.33701309973446,53.21298690026553,458.70033857682495
-25.5633,95.4034,15.6434,20.4,100.0,80.99999999999999,104.99999999999999,454.09615527236326,39.83054488684549,53.193531787111034,458.9328299033658
-30.5212,93.9347,15.6434,20.5,100.0,80.99999999999999,107.99999999999997,454.2738447276367,40.17457108631444,53.24298690026552,459.1443540104355
-35.3956,92.2087,15.6434,21.0,100.0,80.99999999999999,110.99999999999999,454.5159738005309,40.537013099734466,53.29999999999999,459.4223654447974
-40.1729,90.2298,15.6434,22.2,100.0,80.99999999999999,114.0,454.7361552723632,40.94298690026553,53.34244201342003,459.6811016434776
-44.8401,88.0037,15.6434,21.5,100.0,80.99999999999999,116.99999999999999,455.01457108631445,41.13293642577795,53.383531787111025,459.9782384264883
-49.3844,85.5363,15.6434,22.0,100.0,80.99999999999999,119.99999999999997,455.40506549867234,41.43402619946893,53.45701309973447,460.4000482824622
-53.7934,82.8345,15.6434,20.8,100.0,80.99999999999999,122.99999999999999,455.72244201342,41.77701309973447,53.49651868737656,460.7495420397932
-58.0549,79.9057,15.6434,21.1,100.0,80.99999999999999,126.0,456.073037374753,41.824571086314435,53.57701309973446,461.10997224032815
-62.1572,76.7578,15.6434,21.3,100.0,80.99999999999999,129.0,456.4867506336964,41.789455113154496,53.66592332604347,461.5263192811453
-66.0892,73.3995,15.6434,21.1,100.0,80.99999999999999,131.99999999999997,456.8991926471164,41.949999999999996,53.737557986579965,461.9571407392117
-69.8401,69.8401,15.6434,21.1,100.0,80.99999999999999,135.0,457.3559233260436,41.94054488684549,53.80755798657996,462.4161580257577
-73.3995,66.0892,15.6434,20.7,100.0,80.99999999999999,138.0,457.77244201341995,41.859455113154496,53.86755798657996,462.8277611085334
-76.7578,62.1572,15.6434,21.0,100.0,80.99999999999999,141.0,458.1171645231972,41.96755798657996,53.937013099734465,463.18658630864087
-79.9057,58.0549,15.6434,21.6,100.0,80.99999999999999,143.99999999999997,458.5389607007965,41.717013099734466,54.02646821288898,463.591573402805
-82.8345,53.7934,15.6434,21.3,100.0,80.99999999999999,147.0,458.895973800531,41.49999999999999,54.082986900265524,463.93182068316025
-85.5363,49.3844,15.6434,21.8,100.0,80.99999999999999,150.0,459.2489102263089,41.37353178711103,54.1805448868455,464.28101632613294
-88.0037,44.8401,15.6434,20.1,100.0,80.99999999999999,152.99999999999997,459.66542891368556,40.94402619946894,54.25298690026552,464.6634334735473
-90.2298,40.1729,15.6434,21.8,100.0,80.99999999999999,155.99999999999997,459.93462156080204,40.773531787111025,54.2994551131545,464.9201736107589
-92.2087,35.3956,15.6434,21.3,100.0,80.99999999999999,159.0,460.2523915389324,40.48402619946894,54.33244201342003,465.2131065971461
-93.9347,30.5212,15.6434,21.0,100.0,80.99999999999999,161.99999999999997,460.5393541641794,40.14402619946894,54.40244201342002,465.4757407969685
-95.4034,25.5633,15.6434,20.4,100.0,80.99999999999999,164.99999999999997,460.80945511315446,39.788910226309,54.451089773690995,465.71818997782566
-96.6105,20.5352,15.6434,20.9,100.0,80.99999999999999,167.99999999999997,460.97547938817314,39.278910226309,54.51298690026552,465.84642440026414
-97.5528,15.4508,15.6434,21.2,100.0,80.99999999999999,170.99999999999997,461.16483355235255,38.993531787111024,54.51,466.009484159498
-98.2278,10.3242,15.6434,21.2,100.0,80.99999999999999,173.99999999999997,461.2270130997345,38.484026199468936,54.54597380053105,466.0328756035054
-98.6335,5.1692,15.6434,21.8,100.0,80.99999999999999,176.99999999999997,461.3467811534145,37.89298690026552,54.59701309973447,466.10896234276896
-98.7688,0.0,15.6434,23.1,100.0,80.99999999999999,180.0,461.38108977369086,37.5094551131545,54.5794551131545,466.1098434318816
-98.6335,-5.1692,15.6434,21.6,100.0,80.99999999999999,182.99999999999997,461.33597380053095,37.10597380053105,54.59000000000001,466.03412119089506
-98.2278,-10.3242,15.6434,20.9,100.0,80.99999999999999,186.0,461.34815334791296,36.73353178711102,54.68537843919798,466.0278549294263
-97.5528,-15.4508,15.6434,22.0,100.0,80.99999999999999,188.99999999999997,461.3019476010621,36.269999999999996,54.67999999999999,465.94517076640363
-96.6105,-20.5352,15.6434,20.9,100.0,80.99999999999999,192.0,461.1543896144821,35.82597380053105,54.662442013420026,465.7626584713854
-95.4034,-25.5633,15.6434,21.2,100.0,80.99999999999999,194.99999999999997,461.093794253149,35.41054488684549,54.65651868737655,465.6701931871656
-93.9347,-30.5212,15.6434,22.0,100.0,80.99999999999999,197.99999999999997,460.9709688699465,35.016468212888974,54.68592332604347,465.522220089464
-92.2087,-35.3956,15.6434,22.0,100.0,80.99999999999999,200.99999999999997,460.6900504744875,34.73298690026552,54.67950558764208,465.2220451746766
-90.2298,-40.1729,15.6434,21.2,100.0,80.99999999999999,204.0,460.4547326033773,34.40810287342546,54.62701309973447,464.95869588641364
-88.0037,-44.8401,15.6434,22.5,100.0,80.99999999999999,207.0,460.14130176524145,34.01353178711102,54.57999999999999,464.61372594322245
-85.5363,-49.3844,15.6434,21.6,100.0,80.99999999999999,209.99999999999997,459.76,33.79,54.57,464.2185978609646
-82.8345,-53.7934,15.6434,20.7,100.0,80.99999999999999,212.99999999999997,459.44,33.51945511315451,54.53298690026552,463.87769307366716
-79.9057,-58.0549,15.6434,20.8,100.0,80.99999999999999,215.99999999999994,459.0470635742221,33.1794551131545,54.48646821288897,463.4585828701804
-76.7578,-62.1572,15.6434,21.4,100.0,80.99999999999999,219.0,458.68179617759927,33.1594551131545,54.43701309973447,463.08954641983735
-73.3995,-66.0892,15.6434,21.1,100.0,80.99999999999999,221.99999999999997,458.28646821288896,32.84054488684549,54.35999999999999,462.66618412793923
-69.8401,-69.8401,15.6434,21.1,100.0,80.99999999999999,224.99999999999997,457.8415841860489,32.73646821288897,54.323531787111015,462.2138451700356
-66.0892,-73.3995,15.6434,19.8,100.0,80.99999999999999,228.0,457.3305448868455,32.87298690026552,54.19298690026553,461.7020038763276
-62.1572,-76.7578,15.6434,20.8,100.0,80.99999999999999,231.0,456.9269626252468,32.70054488684549,54.12646821288898,461.2821797674729
-58.0549,-79.9057,15.6434,20.2,100.0,80.99999999999999,233.99999999999997,456.465378439198,32.75402619946894,54.09184665208694,460.82469098361975
-53.7934,-82.8345,15.6434,21.3,100.0,80.99999999999999,236.99999999999997,455.9875579865799,32.811897126574536,54.031897126574535,460.34847619896186
-49.3844,-85.5363,15.6434,21.3,100.0,80.99999999999999,239.99999999999994,455.4902624660381,32.951089773690995,53.87407667395651,459.8473329879444
-44.8401,-88.0037,15.6434,20.9,100.0,80.99999999999999,242.99999999999997,455.0248030326342,33.14244201342002,53.790544886845495,459.39026497818196
-40.1729,-90.2298,15.6434,22.2,100.0,80.99999999999999,245.99999999999997,454.608910226309,33.38646821288897,53.76,458.9924347054998
-35.3956,-92.2087,15.6434,21.8,100.0,80.99999999999999,249.0,454.27163466053645,33.62,53.637013099734475,458.6610421993751
-30.5212,-93.9347,15.6434,21.3,100.0,80.99999999999999,252.0,453.95428866550685,33.942986900265524,53.55244201342003,458.36065123777655
-25.5633,-95.4034,15.6434,21.6,100.0,80.99999999999999,254.99999999999997,453.60319889181596,34.25163466053649,53.507557986579954,458.03067067991685
-20.5352,-96.6105,15.6434,21.7,100.0,80.99999999999999,258.0,453.28348131262345,34.64646821288897,53.43701309973446,457.7355203166337
-15.4508,-97.5528,15.6434,20.0,100.0,80.99999999999999,260.99999999999994,452.9275579865798,35.117013099734464,53.3994551131545,457.4145594524898
-10.3242,-98.2278,15.6434,21.6,100.0,80.99999999999999,263.99999999999994,452.72212907289435,35.6494551131545,53.33353178711102,457.2446559721021
-5.1692,-98.6335,15.6434,20.6,100.0,80.99999999999999,266.99999999999994,452.5537132589432,36.07755798657996,53.34244201342003,457.1125350443673
0.0,-98.7688,15.6434,20.1,100.0,80.99999999999999,270.0,452.5196870594742,36.43701309973446,53.35646821288896,457.108997723943
5.1692,-98.6335,15.6434,21.8,100.0,80.99999999999999,273.0,452.46571133449294,36.93054488684549,53.33348131262344,457.09249097747374
10.3242,-98.2278,15.6434,21.3,100.0,80.99999999999999,276.0,452.4108073528835,37.44,53.313481312623445,457.0772576921317
15.4508,-97.5528,15.6434,21.6,100.0,80.99999999999999,278.99999999999994,452.4281028734254,37.867063574222044,53.349505587642085,457.1337577994288
20.5352,-96.6105,15.6434,20.9,100.0,80.99999999999999,282.0,452.41950558764205,38.400544886845495,53.3205448868455,457.16637167534884
25.5633,-95.4034,15.6434,20.7,100.0,80.99999999999999,284.99999999999994,452.6418466520869,38.789455113154496,53.36298690026551,457.42417026159063
30.5212,-93.9347,15.6434,21.8,100.0,80.99999999999999,287.99999999999994,452.7349345013276,39.397013099734465,53.33298690026552,457.564698213057
35.3956,-92.2087,15.6434,20.9,100.0,80.99999999999999,291.0,452.86815334791305,39.67999999999999,53.34239153893245,457.72205261691477
40.1729,-90.2298,15.6434,20.6,100.0,80.99999999999999,294.0,453.2364682128889,40.15701309973446,53.37244201342003,458.1315306608586
44.8401,-88.0037,15.6434,21.3,100.0,80.99999999999999,296.99999999999994,453.52244201341995,40.35651868737655,53.36999999999998,458.4316861980424
49.3844,-85.5363,15.6434,22.0,100.0,80.99999999999999,300.0,453.8559738005311,40.76701309973448,53.349999999999994,458.79561551032975
53.7934,-82.8345,15.6434,21.0,100.0,80.99999999999999,303.0,454.3630979428408,41.112986900265525,53.419999999999995,459.33625903479134
58.0549,-79.9057,15.6434,20.8,100.0,80.99999999999999,305.99999999999994,454.5753279647104,41.28353178711102,53.419999999999995,459.561481404873
62.1572,-76.7578,15.6434,21.7,100.0,80.99999999999999,309.0,454.9134813126234,41.49651868737656,53.39054488684549,459.91171633962165
66.0892,-73.3995,15.6434,23.3,100.0,80.99999999999999,311.99999999999994,455.43176612922974,41.64,53.43,460.44190523842354
69.8401,-69.8401,15.6434,22.6,100.0,80.99999999999999,314.99999999999994,455.80755798658,41.76353178711102,53.50298690026551,460.8332584702112
73.3995,-66.0892,15.6434,22.0,100.0,80.99999999999999,318.0,456.3264177384014,41.76706357422204,53.531089773690994,461.35004573310067
76.7578,-62.1572,15.6434,19.7,100.0,80.99999999999999,321.0,456.80078739811415,41.70922316683463,53.609999999999985,461.82318127690155
79.9057,-58.0549,15.6434,21.8,100.0,80.99999999999999,323.99999999999994,457.23059536133303,41.61999999999999,53.647063574222045,462.24457721493684
82.8345,-53.7934,15.6434,21.0,100.0,80.99999999999999,327.0,457.65267395973996,41.61054488684549,53.67298690026552,462.6642378129914
85.5363,-49.3844,15.6434,20.9,100.0,80.99999999999999,329.99999999999994,458.11592332604357,41.4505448868455,53.74298690026553,463.11624406540955
88.0037,-44.8401,15.6434,20.5,100.0,80.99999999999999,332.99999999999994,458.5065186873765,41.14999999999999,53.79999999999998,463.4824594079236
90.2298,-40.1729,15.6434,21.3,100.0,80.99999999999999,335.99999999999994,458.9328859512903,40.9715841860489,53.85755798657996,463.8951401670127
92.2087,-35.3956,15.6434,20.5,100.0,80.99999999999999,339.0,459.2815841860488,40.6705448868455,53.97189712657453,464.2269191605341
93.9347,-30.5212,15.6434,21.3,100.0,80.99999999999999,341.99999999999994,459.5989607007965,40.41,54.04891022630901,464.52713319450345
95.4034,-25.5633,15.6434,22.7,100.0,80.99999999999999,345.0,459.78635717031364,39.99353178711102,54.056468212888966,464.6773919402632
96.6105,-20.5352,15.6434,21.9,100.0,80.99999999999999,347.99999999999994,460.0586982347586,39.652986900265525,54.092936425777935,464.9219407198767
97.5528,-15.4508,15.6434,21.5,100.0,80.99999999999999,351.0,460.31010094897516,39.31407667395652,54.19353178711102,465.1536569220348
98.2278,-10.3242,15.6434,21.0,100.0,80.99999999999999,353.99999999999994,460.44376373343084,38.79999999999999,54.21054488684548,465.24475573394284
98.6335,-5.1692,15.6434,20.3,100.0,80.99999999999999,356.99999999999994,460.6705448868454,38.36054488684549,54.220544886845495,465.43393711480167
99.3159,-5.2049,10.4528,21.6,100.0,83.99999999999999,356.99999999999994,460.69457108631434,38.42244201342003,54.152442013420014,465.45489454370824
98.9074,-10.3956,10.4528,21.0,100.0,83.99999999999999,353.99999999999994,460.6383852942328,38.75353178711102,54.14298690026552,465.4256345141886
98.2278,-15.5578,10.4528,20.7,100.0,83.99999999999999,351.0,460.42782045261794,39.225378439197975,54.11407667395652,465.2534163815687
97.2789,-20.6773,10.4528,21.8,100.0,83.99999999999999,347.99999999999994,460.2264177384014,39.83054488684549,54.03293642577795,465.0961041646089
96.0634,-25.7401,10.4528,21.1,100.0,83.99999999999999,345.0,459.9607768331653,40.192986900265524,53.999999999999986,464.86061612157874
94.5847,-30.7324,10.4528,20.8,100.0,83.99999999999999,341.99999999999994,459.605711334493,40.467013099734466,53.98298690026552,464.5311097388135
92.8466,-35.6405,10.4528,20.9,100.0,83.99999999999999,339.0,459.25547938817317,40.852442013420024,53.919455113154505,464.2109703639285
90.8541,-40.4508,10.4528,20.1,100.0,83.99999999999999,335.99999999999994,458.9797175791925,41.15950558764207,53.787063574222046,463.9499264546033
88.6125,-45.1503,10.4528,20.7,100.0,83.99999999999999,332.99999999999994,458.5594551131545,41.339999999999996,53.73054488684548,463.54367747550015
86.1281,-49.7261,10.4528,21.5,100.0,83.99999999999999,329.99999999999994,458.1372450460543,41.47353178711102,53.69353178711103,463.13365726651574
83.4076,-54.1655,10.4528,20.5,100.0,83.99999999999999,327.0,457.63511597315994,41.74,53.6405448868455,462.6547687288279
80.4585,-58.4565,10.4528,20.9,100.0,83.99999999999999,323.99999999999994,457.25968705947423,41.73348131262344,53.628365339463514,462.28141476938305
77.2889,-62.5873,10.4528,20.7,100.0,83.99999999999999,321.0,456.67896070079655,41.88999999999999,53.57402619946894,461.71487037995763
73.9074,-66.5465,10.4528,21.4,100.0,83.99999999999999,318.0,456.30701309973443,41.95054488684549,53.53298690026552,461.3477203875277
70.3233,-70.3233,10.4528,21.3,100.0,83.99999999999999,314.99999999999994,455.8610897736909,41.82348131262344,53.47054488684549,460.88787782850244
66.5465,-73.9074,10.4528,21.7,100.0,83.99999999999999,311.99999999999994,455.4464682128889,41.85999999999999,53.41701309973447,460.47488780181186
62.5873,-77.2889,10.4528,20.9,100.0,83.99999999999999,309.0,454.9881533479131,41.54,53.353531787111024,459.9852069807271
58.4565,-80.4585,10.4528,21.3,100.0,83.99999999999999,305.99999999999994,454.5149345013276,41.309999999999995,53.34,459.4948284635488
54.1655,-83.4076,10.4528,20.5,100.0,83.99999999999999,303.0,454.1743391399945,41.160544886845486,53.34402619946894,459.1449726609259
49.7261,-86.1281,10.4528,20.4,100.0,83.99999999999999,300.0,453.75010094897505,40.891089773690986,53.31298690026553,458.6976236109284
45.1503,-88.6125,10.4528,20.9,100.0,83.99999999999999,296.99999999999994,453.413531787111,40.53054488684549,53.29,458.3299902651867
40.4508,-90.8541,10.4528,20.4,100.0,83.99999999999999,294.0,453.12389520212423,40.31,53.36298690026551,458.03249761786947
35.6405,-92.8466,10.4528,19.7,100.0,83.99999999999999,291.0,452.88158418604877,39.73298690026552,53.301402714216614,457.7351625931582
30.7324,-94.5847,10.4528,21.0,100.0,83.99999999999999,287.99999999999994,452.69815334791303,39.38298690026553,53.323531787111015,457.52599570302897
25.7401,-96.0634,10.4528,20.5,100.0,83.99999999999999,284.99999999999994,452.49189712657443,38.79054488684549,53.27298690026553,457.26538735301256
20.6773,-97.2789,10.4528,19.7,100.0,83.99999999999999,282.0,452.36912221785946,38.484076673956515,53.29646821288897,457.1207284925626
15.5578,-98.2278,10.4528,20.1,100.0,83.99999999999999,278.99999999999994,452.269505587642,38.01,53.27701309973447,456.9802029730822
10.3956,-98.9074,10.4528,22.2,100.0,83.99999999999999,276.0,452.2846520805202,37.55353178711102,53.28054488684549,456.9578653669525
5.2049,-99.3159,10.4528,21.3,100.0,83.99999999999999,273.0,452.3210897736909,37.07244201342003,53.26760846106754,456.95314018185644
0.0,-99.4522,10.4528,21.3,100.0,83.99999999999999,270.0,452.44103929920334,36.602936425777955,53.29407667395651,457.0371184112537
-5.2049,-99.3159,10.4528,20.9,100.0,83.99999999999999,266.99999999999994,452.4810392992035,36.07,53.269999999999996,457.031540186547
-10.3956,-98.9074,10.4528,21.1,100.0,83.99999999999999,263.99999999999994,452.7881028734255,35.582936425777945,53.29353178711102,457.3001333902501
-15.5578,-98.2278,10.4528,21.2,100.0,83.99999999999999,260.99999999999994,453.0218666068563,35.13646821288897,53.3683653394635,457.50580918873817
-20.6773,-97.2789,10.4528,21.2,100.0,83.99999999999999,258.0,453.27999999999986,34.63999999999999,53.39597380053105,457.7267940792923
-25.7401,-96.0634,10.4528,21.2,100.0,83.99999999999999,254.99999999999997,453.48108977369094,34.24701309973447,53.42701309973447,457.89999172018656
-30.7324,-94.5847,10.4528,23.0,100.0,83.99999999999999,252.0,453.8948335523524,34.13646821288897,53.5605448868455,458.3170849489937
-35.6405,-92.8466,10.4528,22.6,100.0,83.99999999999999,249.0,454.2014027142166,33.69,53.58353178711102,458.5903675464001
-40.4508,-90.8541,10.4528,20.2,100.0,83.99999999999999,245.99999999999997,454.6899495255124,33.40402619946894,53.71407667395652,459.06860184375876
-45.1503,-88.6125,10.4528,18.8,100.0,83.99999999999999,242.99999999999997,455.148153347913,33.076518687376556,53.71646821288897,459.49902779196174
-49.7261,-86.1281,10.4528,20.9,100.0,83.99999999999999,239.99999999999994,455.57438961448213,32.877557986579966,53.830000000000005,459.92024003273536
-54.1655,-83.4076,10.4528,21.1,100.0,83.99999999999999,236.99999999999997,456.0220785984067,32.80298690026552,53.95597380053106,460.37313043612136
-58.4565,-80.4585,10.4528,20.1,100.0,83.99999999999999,233.99999999999997,456.510857827371,32.7394551131545,54.018910226309,460.86015004275043
-62.5873,-77.2889,10.4528,21.3,100.0,83.99999999999999,231.0,456.97244201341994,32.749455113154504,54.08108977369099,461.32537740842633
-66.5465,-73.9074,10.4528,21.3,100.0,83.99999999999999,228.0,457.3809282566281,32.78701309973447,54.21999999999999,461.7489687707997
-70.3233,-70.3233,10.4528,21.6,100.0,83.99999999999999,224.99999999999997,457.9564682128888,32.91651868737655,54.32054488684548,462.3400756773339
-73.9074,-66.5465,10.4528,20.9,100.0,83.99999999999999,221.99999999999997,458.3805448868454,32.908910226309004,54.408365339463515,462.7699109946077
-77.2889,-62.5873,10.4528,21.3,100.0,83.99999999999999,219.0,458.7557418542111,33.082442013420035,54.48108977369099,463.16246371733087
-80.4585,-58.4565,10.4528,20.9,100.0,83.99999999999999,215.99999999999994,459.22217954738187,33.231634660536486,54.53054488684549,463.64095165991915
-83.4076,-54.1655,10.4528,21.3,100.0,83.99999999999999,212.99999999999997,459.57,33.452986900265536,54.57298690026552,464.0063557019083
-86.1281,-49.7261,10.4528,21.7,100.0,83.99999999999999,209.99999999999997,460.01049441235784,33.79348131262345,54.58348131262344,464.4685250702507
-88.6125,-45.1503,10.4528,21.5,100.0,83.99999999999999,207.0,460.2667506336964,34.134026199468934,54.622986900265516,464.7518522624669
-90.8541,-40.4508,10.4528,21.8,100.0,83.99999999999999,204.0,460.55940463866693,34.46348131262344,54.634076673956514,465.06728446465104
-92.8466,-35.6405,10.4528,21.0,100.0,83.99999999999999,200.99999999999997,460.7116346605365,34.739999999999995,54.723794253149066,465.24914999282333
-94.5847,-30.7324,10.4528,21.4,100.0,83.99999999999999,197.99999999999997,461.01293642577787,35.06755798657996,54.74353178711103,465.5743930325066
-96.0634,-25.7401,10.4528,21.1,100.0,83.99999999999999,194.99999999999997,461.1046720352895,35.57353178711102,54.71999999999999,465.7008408158402
-97.2789,-20.6773,10.4528,21.8,100.0,83.99999999999999,192.0,461.3083653394635,35.8594551131545,54.70755798657996,465.9229822127636
-98.2278,-15.5578,10.4528,19.5,100.0,83.99999999999999,188.99999999999997,461.36298690026547,36.29999999999999,54.74298690026553,466.0153326836974
-98.9074,-10.3956,10.4528,21.4,100.0,83.99999999999999,186.0,461.403531787111,36.67701309973447,54.7194551131545,466.08222579649845
-99.3159,-5.2049,10.4528,20.8,100.0,83.99999999999999,182.99999999999997,461.4103129405256,37.172442013420024,54.668910226308995,466.1222555064788
-99.4522,0.0,10.4528,22.2,100.0,83.99999999999999,180.0,461.4002824208074,37.5894551131545,54.662936425777936,466.14506794815856
-99.3159,5.2049,10.4528,20.7,100.0,83.99999999999999,176.99999999999997,461.38569137972354,37.975923326043464,54.66701309973447,466.162428005151
-98.9074,10.3956,10.4528,20.8,100.0,83.99999999999999,173.99999999999997,461.26711404870963,38.46353178711102,54.58810287342546,466.0758036582494
-98.2278,15.5578,10.4528,21.3,100.0,83.99999999999999,170.99999999999997,461.1542886655069,38.96402619946894,54.57999999999999,466.00477432346395
-97.2789,20.6773,10.4528,22.1,100.0,83.99999999999999,167.99999999999997,461.0218971265746,39.323531787111015,54.59646821288898,465.9058962105103
-96.0634,25.7401,10.4528,21.2,100.0,83.99999999999999,164.99999999999997,460.71914217262884,39.95298690026552,54.533481312623444,465.6525203524727
-94.5847,30.7324,10.4528,21.4,100.0,83.99999999999999,161.99999999999997,460.5762362665691,40.23298690026552,54.45239153893245,465.52575180402704
-92.8466,35.6405,10.4528,20.9,100.0,83.99999999999999,159.0,460.24433913999457,40.529999999999994,54.39999999999999,465.2170381772472
-90.8541,40.4508,10.4528,21.2,100.0,83.99999999999999,155.99999999999997,460.0319476010621,40.84298690026553,54.35999999999999,465.029624854763
-88.6125,45.1503,10.4528,20.3,100.0,83.99999999999999,152.99999999999997,459.6664177384013,41.14298690026552,54.30646821288897,464.68823253584486
-86.1281,49.7261,10.4528,22.8,100.0,83.99999999999999,150.0,459.2737637334308,41.40999999999999,54.21353178711102,464.3127019398708
-83.4076,54.1655,10.4528,21.3,100.0,83.99999999999999,147.0,458.8895055876421,41.60999999999999,54.10701309973447,463.9380770157214
-80.4585,58.4565,10.4528,22.1,100.0,83.99999999999999,143.99999999999997,458.5051159731599,41.832986900265524,54.020050474487576,463.56780088766385
-77.2889,62.5873,10.4528,20.1,100.0,83.99999999999999,141.0,458.1255904307484,41.92353178711102,53.959455113154505,463.1935469338225
-73.9074,66.5465,10.4528,22.3,100.0,83.99999999999999,138.0,457.72701309973445,41.827013099734465,53.9,462.78367251454523
-70.3233,70.3233,10.4528,21.1,100.0,83.99999999999999,135.0,457.3819476010621,42.045973800531044,53.80999999999999,462.45175532608334
-66.5465,73.9074,10.4528,20.9,100.0,83.99999999999999,131.99999999999997,456.86402619946887,42.059999999999995,53.787013099734466,461.9381179480429
-62.5873,77.2889,10.4528,20.7,100.0,83.99999999999999,129.0,456.5532998407911,41.99,53.68298690026552,461.6123252016235
-58.4565,80.4585,10.4528,21.6,100.0,83.99999999999999,126.0,456.12000000000006,41.722986900265525,53.605973800531046,461.1505854522826
-54.1655,83.4076,10.4528,20.8,100.0,83.99999999999999,122.99999999999999,455.74462156080193,41.67298690026552,53.505428913685556,460.7630940537943
-49.7261,86.1281,10.4528,19.5,100.0,83.99999999999999,119.99999999999997,455.3564682128889,41.4394551131545,53.43,460.34933092532117
-45.1503,88.6125,10.4528,21.2,100.0,83.99999999999999,116.99999999999999,455.00999999999993,41.288910226309,53.419999999999995,459.9919245026766
-40.4508,90.8541,10.4528,20.7,100.0,83.99999999999999,114.0,454.69509601839053,40.98787092710559,53.33163466053648,459.6432303013668
-35.6405,92.8466,10.4528,20.5,100.0,83.99999999999999,110.99999999999999,454.35711404870955,40.54298690026553,53.35701309973446,459.2723502676733
-30.7324,94.5847,10.4528,21.7,100.0,83.99999999999999,107.99999999999997,454.1410392992034,40.19597380053106,53.27108977369099,459.0180921175224
-25.7401,96.0634,10.4528,22.6,100.0,83.99999999999999,104.99999999999999,453.95402619946884,39.78462156080201,53.24,458.7936045930068
-20.6773,97.2789,10.4528,20.6,100.0,83.99999999999999,102.0,453.78249248790763,39.387013099734475,53.262986900265524,458.59222961471386
-15.5578,98.2278,10.4528,23.2,100.0,83.99999999999999,98.99999999999999,453.6813017652415,39.03244201342003,53.24348131262344,458.4595111928891
-10.3956,98.9074,10.4528,21.3,100.0,83.99999999999999,96.0,453.59267395973984,38.64353178711102,53.20651868737656,458.3345612647583
-5.2049,99.3159,10.4528,20.9,100.0,83.99999999999999,93.0,453.54966710470495,38.116468212888975,53.256518687376555,458.2536660655447
0.0,99.4522,10.4528,22.6,100.0,83.99999999999999,90.0,453.59896070079645,37.58891022630901,53.32706357422205,458.26708263881807
5.2049,99.3159,10.4528,20.8,100.0,83.99999999999999,86.99999999999999,453.6095560621296,37.182986900265526,53.36999999999998,458.2494525536366
10.3956,98.9074,10.4528,20.5,100.0,83.99999999999999,83.99999999999999,453.708910226309,36.807557986579965,53.410544886845486,458.3222205488079
15.5578,98.2278,10.4528,22.0,100.0,83.99999999999999,80.99999999999999,453.78587285155584,36.36054488684549,53.50891022630899,458.3742042237149
20.6773,97.2789,10.4528,19.7,100.0,83.99999999999999,77.99999999999999,453.97547938817297,35.92701309973447,53.58945511315451,458.53714773757946
25.7401,96.0634,10.4528,20.2,100.0,83.99999999999999,75.0,454.25745703760475,35.62402619946894,53.61701309973446,458.7959160788911
30.7324,94.5847,10.4528,22.0,100.0,83.99999999999999,71.99999999999999,454.465973800531,35.31298690026553,53.65,458.98219016241063
35.6405,92.8466,10.4528,21.8,100.0,83.99999999999999,69.0,454.690595361333,34.845973800531056,53.75810287342546,459.1815686900995
40.4508,90.8541,10.4528,21.2,100.0,83.99999999999999,65.99999999999999,455.08607474950617,34.60189712657453,53.790544886845495,459.55853754978256
45.1503,88.6125,10.4528,22.1,100.0,83.99999999999999,63.0,455.37326932107294,34.35,53.858910226309,459.8320553451315
49.7261,86.1281,10.4528,22.8,100.0,83.99999999999999,59.999999999999986,455.8175885062981,34.32999999999999,53.88298690026552,460.2733961125616
54.1655,83.4076,10.4528,21.6,100.0,83.99999999999999,57.0,456.12750751209234,34.180544886845496,53.8894551131545,460.5699579112257
58.4565,80.4585,10.4528,22.4,100.0,83.99999999999999,53.999999999999986,456.53869823475844,33.80646821288898,53.96244201342003,460.9581384756848
62.5873,77.2889,10.4528,20.9,100.0,83.99999999999999,51.0,456.9183148649759,33.78,53.999999999999986,461.3365743782399
66.5465,73.9074,10.4528,20.9,100.0,83.99999999999999,48.0,457.2959738005311,33.69,54.067013099734474,461.7118859848671
70.3233,70.3233,10.4528,20.9,100.0,83.99999999999999,45.0,457.6897375339619,33.773531787111025,54.071089773690986,462.10846134062126
73.9074,66.5465,10.4528,20.8,100.0,83.99999999999999,41.99999999999999,458.0529364257779,33.86407667395652,54.08348131262345,462.4762601562919
77.2889,62.5873,10.4528,20.3,100.0,83.99999999999999,38.99999999999999,458.453531787111,33.902986900265525,54.140050474487566,462.8824887530476
80.4585,58.4565,10.4528,21.1,100.0,83.99999999999999,35.99999999999999,458.77,34.012986900265524,54.16597380053104,463.2070259566854
83.4076,54.1655,10.4528,21.3,100.0,83.99999999999999,32.99999999999999,459.1605953613331,34.20646821288897,54.19646821288897,463.61168230203594
86.1281,49.7261,10.4528,19.3,100.0,83.99999999999999,29.999999999999993,459.40353178711104,34.41407667395652,54.26592332604348,463.8757636762457
88.6125,45.1503,10.4528,21.1,100.0,83.99999999999999,26.999999999999993,459.74542891368543,34.56,54.308910226309,464.23023462178537
90.8541,40.4508,10.4528,20.5,100.0,83.99999999999999,24.0,459.96724504605436,35.00646821288897,54.29353178711102,464.4815463782335
92.8466,35.6405,10.4528,21.7,100.0,83.99999999999999,20.999999999999996,460.2156608600054,35.23298690026552,54.28701309973446,464.7439054554847
94.5847,30.7324,10.4528,20.9,100.0,83.99999999999999,17.999999999999996,460.3938142079184,35.57755798657997,54.2794551131545,464.94568074193865
96.0634,25.7401,10.4528,20.9,100.0,83.99999999999999,14.999999999999996,460.5794551131545,35.94701309973447,54.31999999999999,465.1626431938863
97.2789,20.6773,10.4528,20.5,100.0,83.99999999999999,12.0,460.7449345013276,36.35298690026553,54.34592332604347,465.3610573601574
98.2278,15.5578,10.4528,21.0,100.0,83.99999999999999,8.999999999999998,460.798910226309,36.7805448868455,54.31293642577794,465.44423856259925
98.9074,10.3956,10.4528,20.2,100.0,83.99999999999999,6.0,460.83493450132755,37.23,54.28402619946894,465.5122611245245
99.3159,5.2049,10.4528,20.5,100.0,83.99999999999999,3.0,460.8610392992034,37.51,54.269999999999996,465.5589442207527
99.4522,0.0,10.4528,20.9,100.0,83.99999999999999,0.0,460.78462156080195,37.9694551131545,54.24244201342003,465.5173353421981
99.863,0.0,5.2336,21.9,100.0,86.99999999999999,0.0,460.84189712657457,37.98353178711102,54.15810287342546,465.5653583988948
99.7261,5.2264,5.2336,21.0,100.0,86.99999999999999,3.0,460.9283148649759,37.5894551131545,54.222986900265525,465.62647142141367
99.3159,10.4385,5.2336,21.6,100.0,86.99999999999999,6.0,460.9253784391979,37.187013099734465,54.21407667395651,465.5902109604618
98.6335,15.622,5.2336,19.7,100.0,86.99999999999999,8.999999999999998,460.8709083018586,36.757013099734465,54.217013099734466,465.502477587876
97.6807,20.7627,5.2336,20.5,100.0,86.99999999999999,12.0,460.8578709271055,36.397013099734465,54.266468212888974,465.46704430104114
96.4602,25.8464,5.2336,21.2,100.0,86.99999999999999,14.999999999999996,460.72457108631437,35.87701309973447,54.27402619946895,465.29556240257386
94.9753,30.8593,5.2336,20.9,100.0,86.99999999999999,17.999999999999996,460.5765186873764,35.60597380053106,54.209999999999994,465.1206714783458
93.2301,35.7877,5.2336,21.6,100.0,86.99999999999999,20.999999999999996,460.3879214015932,35.38298690026553,54.1994551131545,464.91566425431046
91.2293,40.6179,5.2336,21.3,100.0,86.99999999999999,24.0,460.1113721944984,35.007013099734465,54.19353178711102,464.61263938514395
88.9785,45.3368,5.2336,21.3,100.0,86.99999999999999,26.999999999999993,459.8675579865799,34.642936425777954,54.19755798657997,464.3443541429675
86.4839,49.9315,5.2336,21.2,100.0,86.99999999999999,29.999999999999993,459.5329364257779,34.41646821288897,54.168960700796575,463.9927685295874
83.7521,54.3893,5.2336,21.4,100.0,86.99999999999999,32.99999999999999,459.2838447276366,34.22646821288897,54.11701309973448,463.72594521006107
80.7908,58.698,5.2336,20.6,100.0,86.99999999999999,35.99999999999999,458.891947601062,33.974571086314434,54.09542891368556,463.3167453081644
77.6081,62.8458,5.2336,21.9,100.0,86.99999999999999,38.99999999999999,458.5399999999999,33.87646821288897,54.05651868737655,462.95642765942614
74.2126,66.8214,5.2336,21.0,100.0,86.99999999999999,41.99999999999999,458.1960543233882,33.807013099734476,53.989999999999995,462.60291658424177
70.6138,70.6138,5.2336,20.7,100.0,86.99999999999999,45.0,457.72488402684,33.85244201342003,53.94701309973447,462.13454481356297
66.8214,74.2126,5.2336,21.7,100.0,86.99999999999999,48.0,457.3296870594743,33.80054488684549,53.952442013420026,461.73995441132854
62.8458,77.6081,5.2336,21.4,100.0,86.99999999999999,51.0,456.9994046386669,33.70054488684549,53.904076673956524,461.3998613435401
58.698,80.7908,5.2336,21.8,100.0,86.99999999999999,53.999999999999986,456.56836533946347,33.828910226309006,53.898910226309006,460.98173490869806
54.3893,83.7521,5.2336,21.1,100.0,86.99999999999999,57.0,456.17135223972906,34.13701309973447,53.784621560802016,460.59789815416343
49.9315,86.4839,5.2336,21.4,100.0,86.99999999999999,59.999999999999986,455.7567811534145,34.33054488684549,53.76701309973447,460.1996540385663
45.3368,88.9785,5.2336,21.2,100.0,86.99999999999999,63.0,455.3896365849868,34.370544886845494,53.76542891368555,459.838859613993
40.6179,91.2293,5.2336,20.3,100.0,86.99999999999999,65.99999999999999,455.04732604026,34.64298690026553,53.69353178711103,459.51191587763657
35.7877,93.2301,5.2336,21.3,100.0,86.99999999999999,69.0,454.7077699781304,34.95646821288898,53.72402619946893,459.20298533381106
30.8593,94.9753,5.2336,21.6,100.0,86.99999999999999,71.99999999999999,454.468647760271,35.28,53.607013099734466,458.977278359751
25.8464,96.4602,5.2336,18.8,100.0,86.99999999999999,75.0,454.262371584163,35.71836533946351,53.580544886845495,458.80385640288904
20.7627,97.6807,5.2336,21.5,100.0,86.99999999999999,77.99999999999999,453.97917269234705,36.03,53.53054488684549,458.5420039367282
15.622,98.6335,5.2336,21.0,100.0,86.99999999999999,80.99999999999999,453.7248840268401,36.49646821288898,53.43348131262344,458.3158294259215
10.4385,99.3159,5.2336,22.6,100.0,86.99999999999999,83.99999999999999,453.69896070079653,36.8805448868455,53.37836533946351,458.31448964488
5.2264,99.7261,5.2336,21.6,100.0,86.99999999999999,86.99999999999999,453.62511597315995,37.18244201342003,53.309999999999995,458.2578269225133
0.0,99.863,5.2336,20.1,100.0,86.99999999999999,90.0,453.58641773840145,37.6694551131545,53.28701309973446,458.2566223966315
-5.2264,99.7261,5.2336,20.7,100.0,86.99999999999999,93.0,453.60293642577795,38.10755798657996,53.20407667395653,458.29955671429263
-10.4385,99.3159,5.2336,21.2,100.0,86.99999999999999,96.0,453.57544886845494,38.7094551131545,53.169999999999995,458.3188394899098
-15.622,98.6335,5.2336,20.1,100.0,86.99999999999999,98.99999999999999,453.68587285155587,39.148102873425465,53.179999999999986,458.466528313318
-20.7627,97.6807,5.2336,20.6,100.0,86.99999999999999,102.0,453.7556608600054,39.467013099734466,53.202986900265536,458.565592582593
-25.8464,96.4602,5.2336,19.8,100.0,86.99999999999999,104.99999999999999,453.9310897736909,39.97,53.223531787111014,458.7851125516436
-30.8593,94.9753,5.2336,21.1,100.0,86.99999999999999,107.99999999999997,454.1875075120923,40.29701309973447,53.269999999999996,459.07279830633297
-35.7877,93.2301,5.2336,21.1,100.0,86.99999999999999,110.99999999999999,454.40108977369096,40.6994551131545,53.347557986579965,459.32859477410847
-40.6179,91.2293,5.2336,21.2,100.0,86.99999999999999,114.0,454.69795144996266,41.160544886845486,53.347557986579965,459.663332724404
-45.3368,88.9785,5.2336,21.5,100.0,86.99999999999999,116.99999999999999,454.8983653394635,41.268365339463514,53.43836533946351,459.88178878540236
-49.9315,86.4839,5.2336,20.9,100.0,86.99999999999999,119.99999999999997,455.2440766739565,41.68701309973446,53.44706357422204,460.26249577019365
-54.3893,83.7521,5.2336,21.3,100.0,86.99999999999999,122.99999999999999,455.6814027142166,41.75402619946894,53.546468212888975,460.71266939550935
-58.698,80.7908,5.2336,20.5,100.0,86.99999999999999,126.0,456.06810287342546,41.94701309973447,53.65244201342002,461.1249840342183
-62.8458,77.6081,5.2336,20.7,100.0,86.99999999999999,129.0,456.4551159731599,41.940544886845494,53.71244201342003,461.51414781187515
-66.8214,74.2126,5.2336,21.7,100.0,86.99999999999999,131.99999999999997,456.90574185421116,42.19054488684549,53.77542891368555,461.9899303794909
-70.6138,70.6138,5.2336,21.8,100.0,86.99999999999999,135.0,457.35999999999996,42.067063574222054,53.83651868737655,462.4350529340675
-74.2126,66.8214,5.2336,20.7,100.0,86.99999999999999,138.0,457.7519476010621,42.10896070079659,53.919999999999995,462.8362307597221
-77.6081,62.8458,5.2336,21.4,100.0,86.99999999999999,141.0,458.156306695826,42.14298690026553,53.987557986579965,463.247114537576
-80.7908,58.698,5.2336,22.2,100.0,86.99999999999999,143.99999999999997,458.61628674105674,41.90999999999999,54.074571086314435,463.691067201347
-83.7521,54.3893,5.2336,21.0,100.0,86.99999999999999,147.0,459.0298990510248,41.61999999999999,54.145923326043466,464.0823780705574
-86.4839,49.9315,5.2336,21.6,100.0,86.99999999999999,150.0,459.376468212889,41.4394551131545,54.223531787111014,464.4180868434071
-88.9785,45.3368,5.2336,21.3,100.0,86.99999999999999,152.99999999999997,459.66864776027097,41.09651868737655,54.34836533946351,464.6912247902361
-91.2293,40.6179,5.2336,20.8,100.0,86.99999999999999,155.99999999999997,460.02452061182686,40.85298690026552,54.396468212888976,465.0274205429721
-93.2301,35.7877,5.2336,22.2,100.0,86.99999999999999,159.0,460.3711402481785,40.55651868737655,54.43353178711102,465.3487158725873
-94.9753,30.8593,5.2336,20.3,100.0,86.99999999999999,161.99999999999997,460.68831486497584,40.16348131262344,54.473481312623434,465.6331054066037
-96.4602,25.8464,5.2336,20.6,100.0,86.99999999999999,164.99999999999997,460.8229869002655,39.937013099734465,54.559999999999995,465.7570008824458
-97.6807,20.7627,5.2336,21.3,100.0,86.99999999999999,167.99999999999997,461.0302624660381,39.33407667395652,54.63945511315449,465.9201031854701
-98.6335,15.622,5.2336,21.0,100.0,86.99999999999999,170.99999999999997,461.19701309973436,38.97407667395651,54.62407667395651,466.0530584570669
-99.3159,10.4385,5.2336,20.8,100.0,86.99999999999999,173.99999999999997,461.36610479787566,38.550544886845486,54.661089773690975,466.1895128621885
-99.7261,5.2264,5.2336,20.3,100.0,86.99999999999999,176.99999999999997,461.50374377866143,38.08706357422204,54.74244201342004,466.2971851630887
-99.863,0.0,5.2336,20.0,100.0,86.99999999999999,180.0,461.5940261994689,37.587557986579974,54.75,466.3469009636823
-99.7261,-5.2264,5.2336,21.4,100.0,86.99999999999999,182.99999999999997,461.51298690026545,37.109455113154496,54.75592332604348,466.22908518848044
-99.3159,-10.4385,5.2336,20.5,100.0,86.99999999999999,186.0,461.4876084610675,36.8594551131545,54.76896070079658,466.18566178144044
-98.6335,-15.622,5.2336,21.0,100.0,86.99999999999999,188.99999999999997,461.4977699781304,36.28,54.82000000000001,466.1562640304079
-97.6807,-20.7627,5.2336,21.4,100.0,86.99999999999999,192.0,461.3539456766117,35.90054488684549,54.78597380053105,465.98048804625165
-96.4602,-25.8464,5.2336,20.4,100.0,86.99999999999999,194.99999999999997,461.18293642577777,35.47353178711102,54.779999999999994,465.77775892345284
-94.9753,-30.8593,5.2336,20.3,100.0,86.99999999999999,197.99999999999997,461.03805239893785,34.94701309973447,54.78999999999999,465.5956653410755
-93.2301,-35.7877,5.2336,20.9,100.0,86.99999999999999,200.99999999999997,460.84947506792383,34.69353178711102,54.78407667395653,465.38927241102385
-91.2293,-40.6179,5.2336,21.0,100.0,86.99999999999999,204.0,460.6550654986723,34.414026199468935,54.71999999999999,465.1684565497147
-88.9785,-45.3368,5.2336,20.4,100.0,86.99999999999999,207.0,460.2932188465854,34.09298690026553,54.72701309973447,464.787290095965
-86.4839,-49.9315,5.2336,20.6,100.0,86.99999999999999,209.99999999999997,459.98103929920336,33.75646821288897,54.678910226309,464.44788608036515
-83.7521,-54.3893,5.2336,19.8,100.0,86.99999999999999,212.99999999999997,459.6286982347584,33.48,54.63,464.07314891186996
-80.7908,-58.698,5.2336,22.5,100.0,86.99999999999999,215.99999999999994,459.2229364257779,33.24597380053106,54.588910226309004,463.64959746898916
-77.6081,-62.8458,5.2336,21.6,100.0,86.99999999999999,219.0,458.7919476010621,33.158910226309004,54.55293642577794,463.2122487409493
-74.2126,-66.8214,5.2336,20.9,100.0,86.99999999999999,221.99999999999997,458.4124924879077,32.93407667395652,54.49651868737654,462.81371762771425
-70.6138,-70.6138,5.2336,21.3,100.0,86.99999999999999,224.99999999999997,457.9854289136856,32.78755798657997,54.376468212888966,462.3661723691335
-66.8214,-74.2126,5.2336,21.7,100.0,86.99999999999999,228.0,457.5505448868455,32.74054488684549,54.309999999999995,461.9242584079524
-62.8458,-77.6081,5.2336,21.7,100.0,86.99999999999999,231.0,457.0429869002655,32.620544886845494,54.19293642577795,461.3992481375315
-58.698,-80.7908,5.2336,20.9,100.0,86.99999999999999,233.99999999999997,456.5829869002655,32.65592332604347,54.08706357422205,460.9336651852698
-54.3893,-83.7521,5.2336,21.3,100.0,86.99999999999999,236.99999999999997,456.0518971265745,32.84701309973447,54.05755798657996,460.41772198493214
-49.9315,-86.4839,5.2336,20.6,100.0,86.99999999999999,239.99999999999994,455.5754289136855,32.96592332604347,53.92999999999999,459.9393095079253
-45.3368,-88.9785,5.2336,21.6,100.0,86.99999999999999,242.99999999999997,455.1343391399945,33.06891022630901,53.77651868737656,459.49182087398356
-40.6179,-91.2293,5.2336,21.1,100.0,86.99999999999999,245.99999999999997,454.66488402684007,33.29999999999999,53.7694551131545,459.04270070474433
-35.7877,-93.2301,5.2336,21.9,100.0,86.99999999999999,249.0,454.1738952021243,33.67298690026553,53.64597380053105,458.56917431818607
-30.8593,-94.9753,5.2336,21.0,100.0,86.99999999999999,252.0,453.8484158139511,33.98646821288897,53.61054488684548,458.2658126911533
-25.8464,-96.4602,5.2336,21.6,100.0,86.99999999999999,254.99999999999997,453.4724924879075,34.17,53.427557986579956,457.8857873920141
-20.7627,-97.6807,5.2336,21.8,100.0,86.99999999999999,258.0,453.20082730765296,34.605923326043474,53.429999999999986,457.6497838976755
-15.622,-98.6335,5.2336,20.8,100.0,86.99999999999999,260.99999999999994,452.8738142079184,35.150544886845495,53.38163466053649,457.36183850437425
-10.4385,-99.3159,5.2336,20.8,100.0,86.99999999999999,263.99999999999994,452.67368321057376,35.56999999999999,53.34457108631443,457.19178867933505
-5.2264,-99.7261,5.2336,21.5,100.0,86.99999999999999,266.99999999999994,452.5386477602709,35.93755798657996,53.30706357422204,457.08246391394135
0.0,-99.863,5.2336,21.6,100.0,86.99999999999999,270.0,452.41028242080745,36.41891022630901,53.32646821288897,456.99574710735214
5.2264,-99.7261,5.2336,21.4,100.0,86.99999999999999,273.0,452.2816346605364,36.897013099734465,53.314076673956514,456.90530462940063
10.4385,-99.3159,5.2336,21.9,100.0,86.99999999999999,276.0,452.2689607007965,37.46054488684549,53.31108977369099,456.93826446190354
15.622,-98.6335,5.2336,20.5,100.0,86.99999999999999,278.99999999999994,452.2899999999999,38.004621560802015,53.349455113154505,457.0084897688993
20.7627,-97.6807,5.2336,21.3,100.0,86.99999999999999,282.0,452.36005047448754,38.38298690026553,53.34054488684549,457.10839270078213
25.8464,-96.4602,5.2336,21.6,100.0,86.99999999999999,284.99999999999994,452.4549345013276,38.867013099734464,53.30701309973446,457.2392700846143
30.8593,-94.9753,5.2336,21.8,100.0,86.99999999999999,287.99999999999994,452.71311789761023,39.349999999999994,53.347013099734475,457.54070138430177
35.7877,-93.2301,5.2336,20.1,100.0,86.99999999999999,291.0,452.93026246603796,39.75999999999999,53.3394551131545,457.79010226229474
40.6179,-91.2293,5.2336,21.3,100.0,86.99999999999999,294.0,453.2293541641793,40.166468212888965,53.36755798657997,458.1247525404265
45.3368,-88.9785,5.2336,21.3,100.0,86.99999999999999,296.99999999999994,453.4746215608019,40.51353178711101,53.262986900265524,458.3857812270311
49.9315,-86.4839,5.2336,21.3,100.0,86.99999999999999,300.0,453.86348131262343,40.961089773690986,53.343531787111026,458.819575572125
54.3893,-83.7521,5.2336,19.8,100.0,86.99999999999999,303.0,454.19298690026545,41.22701309973446,53.33298690026553,459.1680993385911
58.698,-80.7908,5.2336,20.5,100.0,86.99999999999999,305.99999999999994,454.5978709271055,41.472986900265525,53.327013099734465,459.5900382079948
62.8458,-77.6081,5.2336,21.3,100.0,86.99999999999999,309.0,454.99859728578343,41.709505587642084,53.39348131262344,460.01551086357676
66.8214,-74.2126,5.2336,22.2,100.0,86.99999999999999,311.99999999999994,455.5329869002654,41.78,53.43701309973446,460.5555177427566
70.6138,-70.6138,5.2336,21.7,100.0,86.99999999999999,314.99999999999994,455.974621560802,41.932986900265526,53.489999999999995,461.0123761873367
74.2126,-66.8214,5.2336,22.4,100.0,86.99999999999999,318.0,456.391089773691,41.95701309973447,53.533481312623444,461.43152405803136
77.6081,-62.8458,5.2336,21.3,100.0,86.99999999999999,321.0,456.8928859512903,41.87646821288897,53.60646821288898,461.9290002339573
80.7908,-58.698,5.2336,21.9,100.0,86.99999999999999,323.99999999999994,457.3185972857833,41.8,53.61646821288897,462.34431443142046
83.7521,-54.3893,5.2336,21.5,100.0,86.99999999999999,327.0,457.790827307653,41.67999999999999,53.66353178711102,462.80604858935413
86.4839,-49.9315,5.2336,20.1,100.0,86.99999999999999,329.99999999999994,458.2575075120923,41.61353178711102,53.71537843919798,463.26770996893197
88.9785,-45.3368,5.2336,20.9,100.0,86.99999999999999,332.99999999999994,458.6716346605365,41.35163466053648,53.7405448868455,463.65684756725227
91.2293,-40.6179,5.2336,20.9,100.0,86.99999999999999,335.99999999999994,459.0640261994689,41.14,53.79,464.03194270488177
93.2301,-35.7877,5.2336,21.3,100.0,86.99999999999999,339.0,459.4996365849867,40.902986900265525,53.90353178711102,464.4551228032933
94.9753,-30.8593,5.2336,22.1,100.0,86.99999999999999,341.99999999999994,459.8062562213385,40.34298690026553,53.96701309973447,464.7168905422151
96.4602,-25.8464,5.2336,20.5,100.0,86.99999999999999,345.0,460.08693257687736,39.98701309973447,53.985923326043476,464.9660489347624
97.6807,-20.7627,5.2336,21.8,100.0,86.99999999999999,347.99999999999994,460.3291421726288,39.67701309973447,54.01353178711103,465.1823794148076
98.6335,-15.622,5.2336,21.7,100.0,86.99999999999999,351.0,460.6,39.15298690026552,54.09701309973447,465.41573158792687
99.3159,-10.4385,5.2336,21.5,100.0,86.99999999999999,353.99999999999994,460.7585972857834,38.86353178711102,54.13701309973447,465.55308533301695
99.7261,-5.2264,5.2336,21.8,100.0,86.99999999999999,356.99999999999994,460.8387787576156,38.37194760106212,54.141039299203406,465.59213750439034
99.863,-5.2336,0.0,21.3,100.0,90.0,356.99999999999994,460.9016346605364,38.3794551131545,54.09298690026553,465.64938595399167
99.4522,-10.4528,0.0,22.1,100.0,90.0,353.99999999999994,460.7235317871111,38.919455113154505,54.0894551131545,465.5175247862662
98.7688,-15.6434,0.0,21.0,100.0,90.0,351.0,460.4852169221351,39.357013099734466,54.0305448868455,465.31162597202314
97.8148,-20.7912,0.0,20.5,100.0,90.0,347.99999999999994,460.27321884658545,39.82054488684549,53.91005047448758,465.12730012830235
96.5926,-25.8819,0.0,23.3,100.0,90.0,345.0,460.0559233260434,40.11244201342003,53.91293642577795,464.9377004564249
95.1057,-30.9017,0.0,20.1,100.0,90.0,341.99999999999994,459.773531787111,40.42999999999999,53.87353178711101,464.6812271430926
93.358,-35.8368,0.0,21.1,100.0,90.0,339.0,459.45145318870414,41.004076673956526,53.797013099734464,464.40401673494245
91.3545,-40.6737,0.0,20.6,100.0,90.0,335.99999999999994,459.0292231668345,41.207557986579964,53.70402619946894,463.99354843187007
89.1007,-45.399,0.0,21.8,100.0,90.0,332.99999999999994,458.5543086202764,41.45298690026553,53.65402619946894,463.53981339749726
86.6025,-50.0,0.0,21.4,100.0,90.0,329.99999999999994,458.23488402684,41.65701309973447,53.61298690026552,463.2373776411517
83.8671,-54.4639,0.0,21.3,100.0,90.0,327.0,457.7021795473819,41.81999999999999,53.599999999999994,462.72362978610005
80.9017,-58.7785,0.0,21.8,100.0,90.0,323.99999999999994,457.257063574222,41.813481312623445,53.547013099734464,462.2766185087716
77.7146,-62.932,0.0,20.7,100.0,90.0,321.0,456.78059536133304,42.00353178711102,53.49701309973447,461.81678119340563
74.3145,-66.9131,0.0,21.1,100.0,90.0,318.0,456.268153347913,42.029999999999994,53.43353178711101,461.3049869433007
70.7107,-70.7107,0.0,21.8,100.0,90.0,314.99999999999994,455.8202824208074,41.89054488684549,53.36462156080201,460.8413289315847
66.9131,-74.3145,0.0,21.7,100.0,90.0,311.99999999999994,455.3619476010621,41.80701309973447,53.367013099734464,460.3806769995251
62.932,-77.7146,0.0,20.6,100.0,90.0,309.0,454.9923915389324,41.71999999999999,53.28298690026552,459.99751244037293
58.7785,-80.9017,0.0,21.1,100.0,90.0,305.99999999999994,454.4997375339619,41.451039299203416,53.2305448868455,459.4798047644475
54.4639,-83.8671,0.0,21.1,100.0,90.0,303.0,454.025711334493,41.357013099734466,53.2594551131545,459.0057936935808
50.0,-86.6025,0.0,21.1,100.0,90.0,300.0,453.7619476010621,41.08,53.274026199468935,458.72169488504767
45.399,-89.1007,0.0,20.5,100.0,90.0,296.99999999999994,453.3800504744876,40.572986900265526,53.220544886845495,458.2925526694829
40.6737,-91.3545,0.0,21.3,100.0,90.0,294.0,453.07872875447674,40.169999999999995,53.262986900265524,457.96387316393265
35.8368,-93.358,0.0,21.4,100.0,90.0,291.0,452.794026199469,39.88701309973447,53.23701309973447,457.6544368185729
30.9017,-95.1057,0.0,19.6,100.0,90.0,287.99999999999994,452.57924312160395,39.40701309973446,53.26701309973447,457.403824503615
25.8819,-96.5926,0.0,20.8,100.0,90.0,284.99999999999994,452.41994952551244,38.92353178711102,53.200050474487576,457.19700067469546
20.7912,-97.8148,0.0,21.0,100.0,90.0,282.0,452.3280523989378,38.52298690026553,53.27646821288898,457.08103173504503
15.6434,-98.7688,0.0,19.7,100.0,90.0,278.99999999999994,452.28140271421654,38.03353178711102,53.25701309973446,456.99160410848447
10.4528,-99.4522,0.0,21.1,100.0,90.0,276.0,452.22909169814125,37.46999999999999,53.22244201342002,456.8892432658026
5.2336,-99.863,0.0,20.4,100.0,90.0,273.0,452.1581028734255,36.94402619946894,53.209999999999994,456.77468752758426
0.0,-100.0,0.0,20.6,100.0,90.0,270.0,452.2272955205419,36.51701309973447,53.21348131262344,456.80925302904996
-5.2336,-99.863,0.0,21.6,100.0,90.0,266.99999999999994,452.4849345013276,35.98,53.222986900265525,457.0228251250221
-10.4528,-99.4522,0.0,21.2,100.0,90.0,263.99999999999994,452.647063574222,35.476518687376554,53.262986900265524,457.14865559692873
-15.6434,-98.7688,0.0,21.6,100.0,90.0,260.99999999999994,452.90119072266606,35.09293642577795,53.311897126574536,457.3763888967454
-20.7912,-97.8148,0.0,20.9,100.0,90.0,258.0,453.1059437521615,34.71140271421662,53.37457108631444,457.55734348885005
-25.8819,-96.5926,0.0,21.4,100.0,90.0,254.99999999999997,453.53516644764744,34.12646821288897,53.396468212888976,457.9409851225272
-30.9017,-95.1057,0.0,21.0,100.0,90.0,252.0,453.84298690026543,33.972986900265525,53.540000000000006,458.2511889755226
-35.8368,-93.358,0.0,20.8,100.0,90.0,249.0,454.1517050897935,33.586468212888974,53.60353178711102,458.535888129854
-40.6737,-91.3545,0.0,20.8,100.0,90.0,245.99999999999997,454.69882923210315,33.3294551131545,53.69163466053649,459.0693515316674
-45.399,-89.1007,0.0,20.2,100.0,90.0,242.99999999999997,455.08493450132755,33.01701309973447,53.75103929920342,459.43617074611154
-50.0,-86.6025,0.0,22.5,100.0,90.0,239.99999999999994,455.59038336978256,32.92646821288898,53.86,459.943093575716
-54.4639,-83.8671,0.0,21.2,100.0,90.0,236.99999999999997,456.0008073528835,32.739999999999995,53.988910226308995,460.3514378536316
-58.7785,-80.9017,0.0,20.9,100.0,90.0,233.99999999999997,456.46316837209775,32.667557986579965,54.04,460.81028094553255
-62.932,-77.7146,0.0,21.0,100.0,90.0,231.0,456.90163466053644,32.71407667395652,54.15592332604347,461.2615078232695
-66.9131,-74.3145,0.0,21.3,100.0,90.0,228.0,457.3948840268401,32.79244201342003,54.28054488684549,461.77029109757905
-70.7107,-70.7107,0.0,20.8,100.0,90.0,224.99999999999997,457.87103929920346,32.80353178711102,54.37348131262345,462.2536487651503
-74.3145,-66.9131,0.0,21.1,100.0,90.0,221.99999999999997,458.3127244342274,32.8994551131545,54.4594551131545,462.7080718728475
-77.7146,-62.932,0.0,22.4,100.0,90.0,219.0,458.7864682128889,33.02457108631444,54.53103929920341,463.194645864719
-80.9017,-58.7785,0.0,20.7,100.0,90.0,215.99999999999994,459.2242076713012,33.20457108631443,54.61158418604891,463.6505597749995
-83.8671,-54.4639,0.0,21.6,100.0,90.0,212.99999999999997,459.541352239729,33.42646821288898,54.644621560802015,463.9845017465877
-86.6025,-50.0,0.0,21.0,100.0,90.0,209.99999999999997,459.9434813126234,33.71402619946894,54.690544886845494,464.4089762962965
-89.1007,-45.399,0.0,21.4,100.0,90.0,207.0,460.24023194631985,34.09646821288898,54.72646821288897,464.7350068260957
-91.3545,-40.6737,0.0,20.7,100.0,90.0,204.0,460.4776084610676,34.5,54.739999999999995,465.00144676551736
-93.358,-35.8368,0.0,20.7,100.0,90.0,200.99999999999997,460.8787792289643,34.69353178711102,54.832986900265524,465.42405045705186
-95.1057,-30.9017,0.0,21.0,100.0,90.0,197.99999999999997,460.96140271421655,35.097557986579965,54.849999999999994,465.53815726412745
-96.5926,-25.8819,0.0,21.0,100.0,90.0,194.99999999999997,461.2187287544766,35.537013099734466,54.85244201342003,465.8265615535269
-97.8148,-20.7912,0.0,20.7,100.0,90.0,192.0,461.39120081626623,35.82511597315993,54.832986900265524,466.0170979455273
-98.7688,-15.6434,0.0,20.9,100.0,90.0,188.99999999999997,461.47683162790213,36.34402619946894,54.90189712657454,466.15016108311255
-99.4522,-10.4528,0.0,20.3,100.0,90.0,186.0,461.44407667395643,36.7705448868455,54.883531787111025,466.1490222345023
-99.863,-5.2336,0.0,21.0,100.0,90.0,182.99999999999997,461.5993541641793,37.18999999999999,54.82402619946893,466.32899729001144
-100.0,0.0,0.0,21.3,100.0,90.0,180.0,461.4778404073873,37.65651868737655,54.804621560802005,466.24388160183025
-99.863,5.2336,0.0,21.7,100.0,90.0,176.99999999999997,461.3951664476474,38.00646821288897,54.80353178711101,466.190324163437
-99.4522,10.4528,0.0,20.7,100.0,90.0,173.99999999999997,461.39776997813044,38.61646821288897,54.7505448868455,466.236802412074
-98.7688,15.6434,0.0,20.9,100.0,90.0,170.99999999999997,461.1545710863144,39.084026199468944,54.722391538932435,466.03180113969
-97.8148,20.7912,0.0,21.3,100.0,90.0,167.99999999999997,460.9713217200109,39.39239153893245,54.72402619946893,465.876634961371
-96.5926,25.8819,0.0,20.4,100.0,90.0,164.99999999999997,460.77321884658534,39.845923326043476,54.65755798657995,465.71139717318977
-95.1057,30.9017,0.0,21.3,100.0,90.0,161.99999999999997,460.6011402481785,40.209455113154505,54.5605448868455,465.5610204224238
-93.358,35.8368,0.0,20.1,100.0,90.0,159.0,460.27887970659077,40.6494551131545,54.54353178711103,465.2784350953332
-91.3545,40.6737,0.0,20.5,100.0,90.0,155.99999999999997,459.9680523989379,40.862986900265525,54.47298690026553,464.98139664713455
-89.1007,45.399,0.0,22.3,100.0,90.0,152.99999999999997,459.6767811534146,41.18348131262344,54.40701309973446,464.713831663128
-86.6025,50.0,0.0,21.8,100.0,90.0,150.0,459.3154289136854,41.50407667395652,54.295973800531065,464.37194616995157
-83.8671,54.4639,0.0,22.3,100.0,90.0,147.0,458.95239153893243,41.699999999999996,54.22646821288897,464.02230286285703
-80.9017,58.7785,0.0,21.1,100.0,90.0,143.99999999999997,458.6167001592088,41.91059536133307,54.127063574222035,463.6976543822827
-77.7146,62.932,0.0,21.5,100.0,90.0,141.0,458.16389520212425,42.12597380053105,54.055378439197966,463.2609809531028
-74.3145,66.9131,0.0,21.3,100.0,90.0,138.0,457.7780019244502,42.1,53.95,462.8646795186926
-70.7107,70.7107,0.0,20.1,100.0,90.0,135.0,457.28480303263433,42.13701309973447,53.861897126574526,462.37000650954434
-66.9131,74.3145,0.0,22.7,100.0,90.0,131.99999999999997,456.80064583582066,42.10999999999999,53.81646821288897,461.8834207751256
-62.932,77.7146,0.0,20.9,100.0,90.0,129.0,456.43163466053653,42.11054488684549,53.738910226309,461.5094859067014
-58.7785,80.9017,0.0,20.9,100.0,90.0,126.0,456.0045206118268,41.88,53.666468212888965,461.0576395949502
-54.4639,83.8671,0.0,21.3,100.0,90.0,122.99999999999999,455.565216922135,41.822986900265526,53.52597380053105,460.60162719411534
-50.0,86.6025,0.0,21.0,100.0,90.0,119.99999999999997,455.2016651802547,41.62348131262345,53.444076673956516,460.2144494808814
-45.399,89.1007,0.0,23.3,100.0,90.0,116.99999999999999,454.84805239893785,41.1994551131545,53.43,459.82486967619286
-40.6737,91.3545,0.0,21.4,100.0,90.0,114.0,454.55013099734475,41.151352239729036,53.33542891368556,459.5148782773723
-35.8368,93.358,0.0,22.1,100.0,90.0,110.99999999999999,454.215973800531,40.67755798657996,53.32646821288897,459.1410750427111
-30.9017,95.1057,0.0,21.8,100.0,90.0,107.99999999999997,454.0199495255123,40.367013099734464,53.262986900265524,458.91236209899677
-25.8819,96.5926,0.0,22.7,100.0,90.0,104.99999999999999,453.8375579865799,39.884026199468934,53.24298690026552,458.68734475584137
-20.7912,97.8148,0.0,21.0,100.0,90.0,102.0,453.58114024817854,39.542986900265525,53.21945511315451,458.40136235004087
-15.6434,98.7688,0.0,21.3,100.0,90.0,98.99999999999999,453.5280523989378,39.01298690026553,53.209999999999994,458.30231459120296
-10.4528,99.4522,0.0,21.3,100.0,90.0,96.0,453.4405448868455,38.65,53.18054488684549,458.1815367316116
-5.2336,99.863,0.0,21.6,100.0,90.0,93.0,453.4111402481785,38.22353178711102,53.211089773690986,458.12020317634705
0.0,100.0,0.0,21.0,100.0,90.0,90.0,453.5070130997345,37.66353178711102,53.309999999999995,458.1802141704959
5.2336,99.863,0.0,20.4,100.0,90.0,86.99999999999999,453.44223002186953,37.28597380053105,53.35239153893245,458.0901412302861
10.4528,99.4522,0.0,21.5,100.0,90.0,83.99999999999999,453.55922316683456,36.85298690026553,53.38298690026552,458.17448079696396
15.6434,98.7688,0.0,21.5,100.0,90.0,80.99999999999999,453.68054488684555,36.435428913685556,53.43755798657996,458.2675527380467
20.7912,97.8148,0.0,22.2,100.0,90.0,77.99999999999999,453.8489607007965,36.07,53.53298690026552,458.4165188075765
25.8819,96.5926,0.0,21.8,100.0,90.0,75.0,454.0683653394634,35.47755798657997,53.58353178711102,458.59342821449576
30.9017,95.1057,0.0,20.9,100.0,90.0,71.99999999999999,454.3664682128889,35.339999999999996,53.609999999999985,458.8810686182795
35.8368,93.358,0.0,22.3,100.0,90.0,69.0,454.6640261994689,34.91,53.71054488684549,459.15455725926665
40.6737,91.3545,0.0,20.1,100.0,90.0,65.99999999999999,454.99602427501867,34.74054488684549,53.715973800531046,459.4711018186537
45.399,89.1007,0.0,20.7,100.0,90.0,63.0,455.2949345013276,34.32755798657997,53.79646821288897,459.74549330262124
50.0,86.6025,0.0,20.8,100.0,90.0,59.999999999999986,455.65703305450387,34.222936425777945,53.79919264711645,460.0966140704772
54.4639,83.8671,0.0,21.3,100.0,90.0,57.0,456.06298690026546,34.037013099734466,53.81999999999999,460.4873056677493
58.7785,80.9017,0.0,20.7,100.0,90.0,53.999999999999986,456.49999999999994,33.87701309973447,53.91293642577795,460.91919761560104
62.932,77.7146,0.0,20.6,100.0,90.0,51.0,456.8259738005311,33.71,53.89896070079658,461.22817824091095
66.9131,74.3145,0.0,22.1,100.0,90.0,48.0,457.2665186873765,33.76054488684549,53.94457108631444,461.67354294264686
70.7107,70.7107,0.0,20.9,100.0,90.0,45.0,457.73841581395106,33.74054488684549,53.96597380053105,462.14197819432763
74.3145,66.9131,0.0,19.5,100.0,90.0,41.99999999999999,458.1234308381358,33.88457108631444,54.016468212888974,462.5397505931806
77.7146,62.932,0.0,20.7,100.0,90.0,38.99999999999999,458.49244201342,33.98,54.03108977369099,462.91394280747465
80.9017,58.7785,0.0,20.3,100.0,90.0,35.99999999999999,458.88428866550686,34.039455113154496,54.04054488684549,463.30751707706605
83.8671,54.4639,0.0,19.8,100.0,90.0,32.99999999999999,459.1800504744875,34.260544886845494,54.08189712657454,463.62156473411136
86.6025,50.0,0.0,22.2,100.0,90.0,29.999999999999993,459.5828859512904,34.41054488684549,54.14298690026552,464.0387674421273
89.1007,45.399,0.0,21.0,100.0,90.0,26.999999999999993,459.8131683720978,34.63999999999999,54.187013099734465,464.2890390662458
91.3545,40.6737,0.0,20.5,100.0,90.0,24.0,460.10542891368556,35.00244201342003,54.185378439197976,464.60545831850544
93.358,35.8368,0.0,21.5,100.0,90.0,20.999999999999996,460.22103929920337,35.33706357422205,54.185923326043465,464.7453360308023
95.1057,30.9017,0.0,21.7,100.0,90.0,17.999999999999996,460.49000000000007,35.55701309973447,54.169999999999995,465.026590831723
96.5926,25.8819,0.0,22.1,100.0,90.0,14.999999999999996,460.69402619946885,35.967013099734466,54.18701309973447,465.26212417933203
97.8148,20.7912,0.0,21.5,100.0,90.0,12.0,460.8003129405256,36.43537843919798,54.218910226309006,465.4075154466486
98.7688,15.6434,0.0,22.1,100.0,90.0,8.999999999999998,460.91532796471034,36.80298690026552,54.16244201342002,465.54373534873685
99.4522,10.4528,0.0,20.5,100.0,90.0,6.0,461.01212907289437,37.12298690026553,54.15701309973446,465.66434411129774
99.863,5.2336,0.0,21.1,100.0,90.0,3.0,460.9781833962826,37.53298690026552,54.132986900265514,465.66081104569724
100.0,0.0,0.0,20.4,100.0,90.0,0.0,460.89602427501865,38.040544886845495,54.09646821288897,465.6164259569402
99.863,0.0,-5.2336,21.5,100.0,93.0,0.0,460.85620574685095,38.04244201342003,54.04462156080201,465.5711448204007
99.7261,5.2264,-5.2336,20.9,100.0,93.0,3.0,460.96891022630894,37.54244201342003,54.10651868737655,465.6493170960624
99.3159,10.4385,-5.2336,20.6,100.0,93.0,6.0,460.91272443422747,37.169999999999995,54.118365339463516,465.5651897558469
98.6335,15.622,-5.2336,20.5,100.0,93.0,8.999999999999998,460.9540261994689,36.85,54.1,465.5785076327092
97.6807,20.7627,-5.2336,20.1,100.0,93.0,12.0,460.8739757249813,36.45054488684549,54.15298690026552,465.4739624440006
96.4602,25.8464,-5.2336,21.0,100.0,93.0,14.999999999999996,460.74571133449297,36.02646821288898,54.13646821288898,465.31201802187246
94.9753,30.8593,-5.2336,21.1,100.0,93.0,17.999999999999996,460.58706357422204,35.610494412357916,54.12108977369098,465.1211055225391
93.2301,35.7877,-5.2336,21.0,100.0,93.0,20.999999999999996,460.42452061182684,35.32,54.12457108631444,464.93839460288507
91.2293,40.6179,-5.2336,21.7,100.0,93.0,24.0,460.02544886845493,34.91,54.120544886845494,464.5117383721024
88.9785,45.3368,-5.2336,21.7,100.0,93.0,26.999999999999993,459.8623915389324,34.663481312623446,54.10701309973447,464.3302111161751
86.4839,49.9315,-5.2336,21.4,100.0,93.0,29.999999999999993,459.5850654986723,34.383531787111025,54.07651868737655,464.0311730486653
83.7521,54.3893,-5.2336,21.1,100.0,93.0,32.99999999999999,459.2262362665691,34.29054488684549,54.04,463.66464081725655
80.7908,58.698,-5.2336,22.9,100.0,93.0,35.99999999999999,458.8475579865799,34.0494551131545,54.00298690026552,463.2674923388223
77.6081,62.8458,-5.2336,21.8,100.0,93.0,38.99999999999999,458.4312512907539,34.04353178711102,53.989999999999995,462.85321033406086
74.2126,66.8214,-5.2336,20.9,100.0,93.0,41.99999999999999,458.0172755657724,33.843531787111026,53.91945511315449,462.42028177861897
70.6138,70.6138,-5.2336,22.2,100.0,93.0,45.0,457.6845710863144,33.773531787111025,53.91646821288897,462.0852774157494
66.8214,74.2126,-5.2336,20.6,100.0,93.0,48.0,457.288910226309,33.79755798657997,53.9005448868455,461.693286805126
62.8458,77.6081,-5.2336,21.2,100.0,93.0,51.0,456.87592332604345,33.819455113154504,53.89646821288897,461.2853717006408
58.698,80.7908,-5.2336,21.3,100.0,93.0,53.999999999999986,456.4957418542112,33.870544886845494,53.86999999999999,460.9094846517681
54.3893,83.7521,-5.2336,22.0,100.0,93.0,57.0,456.1116346605364,34.07217954738199,53.81945511315449,460.53802279561296
49.9315,86.4839,-5.2336,21.0,100.0,93.0,59.999999999999986,455.65298690026543,34.27298690026552,53.74353178711102,460.0898274371554
45.3368,88.9785,-5.2336,21.5,100.0,93.0,63.0,455.3329869002655,34.38542891368556,53.74353178711102,459.7813109403727
40.6179,91.2293,-5.2336,20.2,100.0,93.0,65.99999999999999,455.06450065705747,34.76438961448215,53.67542891368555,459.53597706011294
35.7877,93.2301,-5.2336,21.5,100.0,93.0,69.0,454.62,35.05,53.69701309973447,459.1200454302045
30.8593,94.9753,-5.2336,21.2,100.0,93.0,71.99999999999999,454.3951464928781,35.39244201342003,53.57597380053105,458.9095325623915
25.8464,96.4602,-5.2336,20.9,100.0,93.0,75.0,454.1725730107647,35.68108977369099,53.544621560802014,458.7078511871648
20.7627,97.6807,-5.2336,21.3,100.0,93.0,77.99999999999999,453.86298690026547,36.05760846106754,53.52592332604347,458.42860564527126
15.622,98.6335,-5.2336,20.0,100.0,93.0,80.99999999999999,453.7140062446994,36.56,53.42054488684549,458.30861619505106
10.4385,99.3159,-5.2336,22.3,100.0,93.0,83.99999999999999,453.61108977369094,36.98353178711102,53.32755798657997,458.2298886257157
5.2264,99.7261,-5.2336,20.4,100.0,93.0,86.99999999999999,453.4454289136856,37.52592332604348,53.298910226309,458.10667508289
0.0,99.863,-5.2336,20.8,100.0,93.0,90.0,453.45085782737107,37.76,53.278910226308994,458.1289560148777
-5.2264,99.7261,-5.2336,20.9,100.0,93.0,93.0,453.4340261994689,38.38,53.209999999999994,458.15580823062874
-10.4385,99.3159,-5.2336,21.3,100.0,93.0,96.0,453.5134813126234,38.8405448868455,53.1705448868455,458.2686684718543
-15.622,98.6335,-5.2336,21.6,100.0,93.0,98.99999999999999,453.68239153893245,39.209455113154505,53.223531787111014,458.47337774253515
-20.7627,97.6807,-5.2336,22.5,100.0,93.0,102.0,453.67282538320256,39.52701309973447,53.25542891368556,458.4948832479431
-25.8464,96.4602,-5.2336,21.3,100.0,93.0,104.99999999999999,453.9156608600054,39.972986900265525,53.30646821288897,458.77973626680154
-30.8593,94.9753,-5.2336,20.9,100.0,93.0,107.99999999999997,454.0818466520869,40.4505448868455,53.28646821288897,458.9836791599624
-35.7877,93.2301,-5.2336,20.5,100.0,93.0,110.99999999999999,454.4,40.68298690026552,53.374076673956516,459.3291385095491
-40.6179,91.2293,-5.2336,21.4,100.0,93.0,114.0,454.6114027142165,41.11402619946894,53.392986900265534,459.57883075512746
-45.3368,88.9785,-5.2336,21.1,100.0,93.0,116.99999999999999,454.9267506336964,41.43054488684549,53.51298690026552,459.93312368076107
-49.9315,86.4839,-5.2336,21.3,100.0,93.0,119.99999999999997,455.2756608600055,41.66163466053648,53.51457108631444,460.29928143834303
-54.3893,83.7521,-5.2336,20.6,100.0,93.0,122.99999999999999,455.67108977369094,42.000544886845496,53.599999999999994,460.73110143155634
-58.698,80.7908,-5.2336,21.7,100.0,93.0,126.0,456.00950558764214,41.993531787111024,53.715973800531046,461.07866111931514
-62.8458,77.6081,-5.2336,22.4,100.0,93.0,129.0,456.4750150241847,42.064076673956514,53.81189712657453,461.5566554174289
-66.8214,74.2126,-5.2336,21.8,100.0,93.0,131.99999999999997,456.7908777821405,42.11999999999998,53.879999999999995,461.8820789173124
-70.6138,70.6138,-5.2336,20.9,100.0,93.0,135.0,457.3288597518213,42.12054488684549,53.95298690026553,462.42269738727794
-74.2126,66.8214,-5.2336,20.3,100.0,93.0,138.0,457.7032693210729,42.13999999999999,54.01163466053648,462.80159790768
-77.6081,62.8458,-5.2336,21.2,100.0,93.0,141.0,458.15651868737655,42.11999999999999,54.09163466053649,463.25737442159016
-80.7908,58.698,-5.2336,20.7,100.0,93.0,143.99999999999997,458.53701309973445,41.90298690026553,54.19,463.62550489979503
-83.7521,54.3893,-5.2336,20.5,100.0,93.0,147.0,458.9181028734255,41.57293642577795,54.26407667395652,463.9813834684348
-86.4839,49.9315,-5.2336,22.1,100.0,93.0,150.0,459.18810287342535,41.437013099734465,54.35646821288896,464.2470953185403
-88.9785,45.3368,-5.2336,20.3,100.0,93.0,152.99999999999997,459.65859728578334,41.24999999999999,54.47999999999999,464.71029573136633
-91.2293,40.6179,-5.2336,21.7,100.0,93.0,155.99999999999997,460.00945511315444,40.896518687376556,54.52646821288897,465.03156857359625
-93.2301,35.7877,-5.2336,21.1,100.0,93.0,159.0,460.2897175791925,40.60298690026553,54.57457108631443,465.2887388102264
-94.9753,30.8593,-5.2336,21.0,100.0,93.0,161.99999999999997,460.62400624469944,40.26108977369099,54.63999999999999,465.59742275777484
-96.4602,25.8464,-5.2336,21.2,100.0,93.0,164.99999999999997,460.77090830185864,39.91298690026552,54.699999999999996,465.7198368768723
-97.6807,20.7627,-5.2336,21.8,100.0,93.0,167.99999999999997,460.9841271484441,39.48706357422205,54.77701309973446,465.9035467096768
-98.6335,15.622,-5.2336,20.3,100.0,93.0,170.99999999999997,461.1501009489752,39.043531787111014,54.75244201342003,466.02751301408597
-99.3159,10.4385,-5.2336,20.5,100.0,93.0,173.99999999999997,461.36696262524686,38.618910226309,54.80108977369099,466.2124557210991
-99.7261,5.2264,-5.2336,20.8,100.0,93.0,176.99999999999997,461.4204439378703,38.21,54.87701309973446,466.24062108590425
-99.863,0.0,-5.2336,22.1,100.0,93.0,180.0,461.4305448868455,37.752986900265526,54.87298690026552,466.2129132336635
-99.7261,-5.2264,-5.2336,21.5,100.0,93.0,182.99999999999997,461.49239153893245,37.457557986579964,54.87353178711101,466.25036256225303
-99.3159,-10.4385,-5.2336,20.9,100.0,93.0,186.0,461.4340261994689,36.87353178711103,54.906518687376554,466.14991545153634
-98.6335,-15.622,-5.2336,20.5,100.0,93.0,188.99999999999997,461.4581333931435,36.28999999999999,54.923531787111024,466.1299897224529
-97.6807,-20.7627,-5.2336,20.6,100.0,93.0,192.0,461.27407667395653,35.89,54.89755798657997,465.9137342730959
-96.4602,-25.8464,-5.2336,21.1,100.0,93.0,194.99999999999997,461.2308073528835,35.56706357422205,54.90542891368555,465.84705621789783
-94.9753,-30.8593,-5.2336,22.0,100.0,93.0,197.99999999999997,461.00239153893244,35.010544886845494,54.91896070079658,465.58032121465857
-93.2301,-35.7877,-5.2336,22.2,100.0,93.0,200.99999999999997,460.8482643904883,34.760544886845494,54.88108977369099,465.4045039396414
-91.2293,-40.6179,-5.2336,22.9,100.0,93.0,204.0,460.57249248790754,34.51353178711103,54.793531787111014,465.1027153636589
-88.9785,-45.3368,-5.2336,21.1,100.0,93.0,207.0,460.2461552723633,34.1194551131545,54.81054488684549,464.75246797731353
-86.4839,-49.9315,-5.2336,21.5,100.0,93.0,209.99999999999997,459.91483355235255,33.74755798657997,54.73244201342002,464.387975727514
-83.7521,-54.3893,-5.2336,20.8,100.0,93.0,212.99999999999997,459.650756878396,33.54293642577795,54.7294551131545,464.11125836369115
-80.7908,-58.698,-5.2336,20.2,100.0,93.0,215.99999999999994,459.16924312160404,33.17755798657996,54.672986900265535,463.6014232931303
-77.6081,-62.8458,-5.2336,21.8,100.0,93.0,219.0,458.7343896144821,33.169455113154505,54.61646821288897,463.163482549655
-74.2126,-66.8214,-5.2336,21.5,100.0,93.0,221.99999999999997,458.3438447276367,32.98701309973447,54.52646821288897,462.7530213501854
-70.6138,-70.6138,-5.2336,21.2,100.0,93.0,224.99999999999997,457.85306789447134,32.818910226309,54.43298690026552,462.24394286102483
-66.8214,-74.2126,-5.2336,21.0,100.0,93.0,228.0,457.3851664476474,32.79,54.36402619946894,461.7703129597643
-62.8458,-77.6081,-5.2336,20.2,100.0,93.0,231.0,456.9835822615986,32.71353178711103,54.20244201342003,461.348105381227
-58.698,-80.7908,-5.2336,21.4,100.0,93.0,233.99999999999997,456.5541271484441,32.65054488684549,54.1,460.9062150781714
-54.3893,-83.7521,-5.2336,22.1,100.0,93.0,236.99999999999997,456.05885975182144,32.74999999999999,54.043531787111014,460.41606117310465
-49.9315,-86.4839,-5.2336,23.2,100.0,93.0,239.99999999999994,455.4560747495061,33.039455113154496,53.931089773690985,459.8264934348387
-45.3368,-88.9785,-5.2336,20.8,100.0,93.0,242.99999999999997,454.95194760106205,33.09,53.79597380053106,459.31495678145177
-40.6179,-91.2293,-5.2336,21.1,100.0,93.0,245.99999999999997,454.6180523989378,33.3819476010621,53.78402619946895,459.0039754368894
-35.7877,-93.2301,-5.2336,19.2,100.0,93.0,249.0,454.2540766739565,33.56646821288897,53.62163466053649,458.6379330875976
-30.8593,-94.9753,-5.2336,21.0,100.0,93.0,252.0,453.76462156080197,33.84706357422205,53.57054488684549,458.16782817248173
-25.8464,-96.4602,-5.2336,20.5,100.0,93.0,254.99999999999997,453.4769626252468,34.099999999999994,53.419999999999995,457.88411419465024
-20.7627,-97.6807,-5.2336,21.3,100.0,93.0,258.0,453.1785972857834,34.709455113154505,53.416468212888965,457.63403106467166
-15.622,-98.6335,-5.2336,20.9,100.0,93.0,260.99999999999994,452.7902319463199,35.220544886845495,53.35999999999999,457.28193767973
-10.4385,-99.3159,-5.2336,21.4,100.0,93.0,263.99999999999994,452.6910897736909,35.48353178711102,53.30054488684548,457.1971695820234
-5.2264,-99.7261,-5.2336,20.9,100.0,93.0,266.99999999999994,452.4921290728944,35.95,53.269999999999996,457.03306474796864
0.0,-99.863,-5.2336,20.9,100.0,93.0,270.0,452.28571133449293,36.459999999999994,53.265378439197974,456.8685771834382
5.2264,-99.7261,-5.2336,20.1,100.0,93.0,273.0,452.1670635742221,37.04,53.24651868737655,456.79558528258536
10.4385,-99.3159,-5.2336,20.8,100.0,93.0,276.0,452.1959233260435,37.42646821288898,53.28054488684549,456.8596174526947
15.622,-98.6335,-5.2336,21.3,100.0,93.0,278.99999999999994,452.12054488684544,38.15348131262344,53.27999999999999,456.8450871412001
20.7627,-97.6807,-5.2336,21.4,100.0,93.0,282.0,452.2109888247158,38.57353178711102,53.289455113154496,456.97096384192224
25.8464,-96.4602,-5.2336,22.1,100.0,93.0,284.99999999999994,452.3849345013276,38.93402619946894,53.222986900265525,457.1659148432407
30.8593,-94.9753,-5.2336,21.1,100.0,93.0,287.99999999999994,452.59024251126857,39.52407667395652,53.27298690026553,457.4255036468928
35.7877,-93.2301,-5.2336,20.5,100.0,93.0,291.0,452.80000000000007,39.88,53.24999999999999,457.66124688463634
40.6179,-91.2293,-5.2336,20.9,100.0,93.0,294.0,453.0081028734254,40.357013099734466,53.29054488684549,457.913651193813
45.3368,-88.9785,-5.2336,21.9,100.0,93.0,296.99999999999994,453.32353178711105,40.65945511315449,53.24402619946894,458.2470317284862
49.9315,-86.4839,-5.2336,22.0,100.0,93.0,300.0,453.71789088187495,40.92,53.30542891368555,458.66746086676886
54.3893,-83.7521,-5.2336,21.0,100.0,93.0,303.0,454.0618466520869,41.19054488684549,53.289455113154496,459.03005086751716
58.698,-80.7908,-5.2336,21.5,100.0,93.0,305.99999999999994,454.549505587642,41.477013099734464,53.22,459.5301557522045
62.8458,-77.6081,-5.2336,21.1,100.0,93.0,309.0,454.9281333931435,41.81999999999999,53.27298690026553,459.94187685602805
66.8214,-74.2126,-5.2336,22.1,100.0,93.0,311.99999999999994,455.3178204526179,41.95054488684549,53.31999999999999,460.3446407182619
70.6138,-70.6138,-5.2336,23.4,100.0,93.0,314.99999999999994,455.8822100671001,41.897013099734465,53.37108977369098,460.90391882253977
74.2126,-66.8214,-5.2336,21.5,100.0,93.0,318.0,456.3029869002655,41.99701309973447,53.415973800531056,461.33440281477186
77.6081,-62.8458,-5.2336,21.0,100.0,93.0,321.0,456.80428866550693,42.07999999999999,53.47244201342003,461.84433156430356
80.7908,-58.698,-5.2336,21.8,100.0,93.0,323.99999999999994,457.2398990510248,41.96592332604347,53.509999999999984,462.26916845578046
83.7521,-54.3893,-5.2336,20.7,100.0,93.0,327.0,457.68701309973443,41.80701309973447,53.53,462.69935077161915
86.4839,-49.9315,-5.2336,21.6,100.0,93.0,329.99999999999994,458.15379425314904,41.67298690026552,53.56348131262344,463.1528727710477
88.9785,-45.3368,-5.2336,21.2,100.0,93.0,332.99999999999994,458.553269321073,41.397013099734465,53.599999999999994,463.52753262198365
91.2293,-40.6179,-5.2336,22.7,100.0,93.0,335.99999999999994,458.9480019244503,41.260544886845494,53.6594551131545,463.91274843212193
93.2301,-35.7877,-5.2336,21.6,100.0,93.0,339.0,459.31765893555513,40.93049441235791,53.77,464.2620273971144
94.9753,-30.8593,-5.2336,20.1,100.0,93.0,341.99999999999994,459.71537843919793,40.493481312623445,53.83701309973448,464.6249833810185
96.4602,-25.8464,-5.2336,21.7,100.0,93.0,345.0,459.9716651802546,40.14054488684549,53.839999999999996,464.8482996769044
97.6807,-20.7627,-5.2336,21.5,100.0,93.0,347.99999999999994,460.2916447541365,39.77353178711102,53.89592332604347,465.1398742447859
98.6335,-15.622,-5.2336,21.0,100.0,93.0,351.0,460.4950654986723,39.32,53.95701309973447,465.3097108499579
99.3159,-10.4385,-5.2336,21.3,100.0,93.0,353.99999999999994,460.65278500231517,38.87701309973447,53.9924924879076,465.4327016046497
99.7261,-5.2264,-5.2336,21.1,100.0,93.0,356.99999999999994,460.7374570376048,38.509455113154495,53.96651868737654,465.4829401705564
99.3159,-5.2049,-10.4528,20.3,100.0,96.0,356.99999999999994,460.7099999999999,38.46646821288897,53.932986900265526,465.44832189272887
98.9074,-10.3956,-10.4528,21.2,100.0,96.0,353.99999999999994,460.639737533962,38.97999999999999,53.97244201342002,465.4260765065161
98.2278,-15.5578,-10.4528,20.4,100.0,96.0,351.0,460.43732604026,39.47402619946893,53.931089773690985,465.26260584714845
97.2789,-20.6773,-10.4528,21.7,100.0,96.0,347.99999999999994,460.07168513502404,40.11244201342003,53.839999999999996,464.9448451883951
96.0634,-25.7401,-10.4528,21.3,100.0,96.0,345.0,459.9270130997344,40.22999999999999,53.82592332604347,464.8102196603947
94.5847,-30.7324,-10.4528,20.9,100.0,96.0,341.99999999999994,459.6108777821405,40.54999999999999,53.81646821288897,464.52413686113084
92.8466,-35.6405,-10.4528,22.1,100.0,96.0,339.0,459.23358226159854,41.0205448868455,53.72755798657996,464.1818810195368
90.8541,-40.4508,-10.4528,20.7,100.0,96.0,335.99999999999994,458.94142266898604,41.211089773690986,53.62701309973447,463.898092144996
88.6125,-45.1503,-10.4528,20.1,100.0,96.0,332.99999999999994,458.4811402481786,41.35407667395651,53.57755798657996,463.44974953130657
86.1281,-49.7261,-10.4528,20.7,100.0,96.0,329.99999999999994,458.1539252504937,41.62298690026552,53.52054488684549,463.1435425285767
83.4076,-54.1655,-10.4528,20.9,100.0,96.0,327.0,457.74,41.71,53.509455113154495,462.740633061877
80.4585,-58.4565,-10.4528,19.9,100.0,96.0,323.99999999999994,457.18184665208685,41.844076673956515,53.47597380053105,462.1967626831924
77.2889,-62.5873,-10.4528,21.8,100.0,96.0,321.0,456.69483355235246,42.20651868737655,53.44537843919798,461.74448528339553
73.9074,-66.5465,-10.4528,21.3,100.0,96.0,318.0,456.21433913999454,42.133531787111025,53.357608461067535,461.25241692427153
70.3233,-70.3233,-10.4528,21.5,100.0,96.0,314.99999999999994,455.7794551131544,42.05244201342003,53.3194551131545,460.81046415646824
66.5465,-73.9074,-10.4528,20.2,100.0,96.0,311.99999999999994,455.26402619946896,41.977013099734464,53.24701309973446,460.28539796974803
62.5873,-77.2889,-10.4528,21.6,100.0,96.0,309.0,454.91223002186945,41.80244201342003,53.24651868737655,459.9214856191008
58.4565,-80.4585,-10.4528,20.6,100.0,96.0,305.99999999999994,454.49696262524685,41.619455113154494,53.207557986579964,459.4896215437147
54.1655,-83.4076,-10.4528,19.2,100.0,96.0,303.0,454.1209083018586,41.26457108631443,53.267557986579966,459.092579898321
49.7261,-86.1281,-10.4528,21.8,100.0,96.0,300.0,453.72582237706825,41.007013099734465,53.233531787111005,458.6747277991649
45.1503,-88.6125,-10.4528,20.7,100.0,96.0,296.99999999999994,453.33163466053645,40.692986900265524,53.18760846106754,458.25147229514397
40.4508,-90.8541,-10.4528,21.3,100.0,96.0,294.0,453.0292231668346,40.34646821288897,53.2705448868455,457.93128905212484
35.6405,-92.8466,-10.4528,21.9,100.0,96.0,291.0,452.72343083813587,39.98701309973447,53.24,457.59366652794785
30.7324,-94.5847,-10.4528,22.0,100.0,96.0,287.99999999999994,452.52,39.55701309973447,53.25402619946893,457.35664310451017
25.7401,-96.0634,-10.4528,20.9,100.0,96.0,284.99999999999994,452.37648816765835,38.95298690026553,53.21755798657996,457.1585400202109
20.6773,-97.2789,-10.4528,21.3,100.0,96.0,282.0,452.2343896144821,38.58810287342546,53.25701309973446,456.9915691538068
15.5578,-98.2278,-10.4528,20.6,100.0,96.0,278.99999999999994,452.1384158139511,38.12891022630901,53.260544886845494,456.85845345296934
10.3956,-98.9074,-10.4528,20.5,100.0,96.0,276.0,452.1322300218696,37.6305448868455,53.2594551131545,456.81088088177125
5.2049,-99.3159,-10.4528,21.3,100.0,96.0,273.0,452.24348131262343,36.949999999999996,53.28054488684549,456.86790799223394
0.0,-99.4522,-10.4528,20.1,100.0,96.0,270.0,452.3214531887042,36.50348131262344,53.25407667395651,456.9061149132038
-5.2049,-99.3159,-10.4528,21.2,100.0,96.0,266.99999999999994,452.4529364257779,36.06542891368556,53.2794551131545,457.00445859990447
-10.3956,-98.9074,-10.4528,22.6,100.0,96.0,263.99999999999994,452.5938142079185,35.65353178711102,53.30646821288897,457.11477173845316
-15.5578,-98.2278,-10.4528,20.5,100.0,96.0,260.99999999999994,452.85103929920336,35.16298690026552,53.34,457.3353857314311
-20.6773,-97.2789,-10.4528,22.0,100.0,96.0,258.0,453.1985972857832,34.70646821288898,53.39646821288897,457.65127590254116
-25.7401,-96.0634,-10.4528,20.9,100.0,96.0,254.99999999999997,453.4714027142165,34.32651868737655,53.44646821288896,457.8986218905068
-30.7324,-94.5847,-10.4528,22.6,100.0,96.0,252.0,453.8539757249813,34.09,53.586468212888974,458.2761928759805
-35.6405,-92.8466,-10.4528,20.9,100.0,96.0,249.0,454.1737942531491,33.663481312623446,53.62163466053648,458.56552973817736
-40.4508,-90.8541,-10.4528,20.2,100.0,96.0,245.99999999999997,454.5375075120923,33.4205448868455,53.77,458.9253658884405
-45.1503,-88.6125,-10.4528,21.4,100.0,96.0,242.99999999999997,455.0610392992034,33.06701309973447,53.81298690026552,459.42334986647916
-49.7261,-86.1281,-10.4528,21.2,100.0,96.0,239.99999999999994,455.5505448868455,33.10054488684549,53.93249248790761,459.92462291604494
-54.1655,-83.4076,-10.4528,20.9,100.0,96.0,236.99999999999997,456.01994952551235,32.822986900265526,54.08103929920342,460.38712150318435
-58.4565,-80.4585,-10.4528,21.3,100.0,96.0,233.99999999999997,456.371089773691,32.86706357422205,54.13651868737655,460.74459096641266
-62.5873,-77.2889,-10.4528,21.3,100.0,96.0,231.0,456.86885975182145,32.92407667395652,54.25646821288896,461.25580124124
-66.5465,-73.9074,-10.4528,21.2,100.0,96.0,228.0,457.4269626252468,32.8205448868455,54.38353178711102,461.8161786174972
-70.3233,-70.3233,-10.4528,21.7,100.0,96.0,224.99999999999997,457.8556608600055,32.937013099734465,54.4894551131545,462.26156419500523
-73.9074,-66.5465,-10.4528,20.0,100.0,96.0,221.99999999999997,458.28661963635165,33.02054488684549,54.57,462.70386536351543
-77.2889,-62.5873,-10.4528,19.5,100.0,96.0,219.0,458.7381028734255,33.336518687376554,54.67999999999999,463.1866501812237
-80.4585,-58.4565,-10.4528,21.0,100.0,96.0,215.99999999999994,459.12641773840136,33.36755798657997,54.74353178711103,463.58096991120254
-83.4076,-54.1655,-10.4528,21.7,100.0,96.0,212.99999999999997,459.531846652087,33.603531787111024,54.821089773691,464.00869315134565
-86.1281,-49.7261,-10.4528,21.3,100.0,96.0,209.99999999999997,459.8622100671001,33.92054488684549,54.84646821288898,464.36191778465815
-88.6125,-45.1503,-10.4528,21.3,100.0,96.0,207.0,460.22592332604347,34.21348131262344,54.89646821288897,464.74948631180564
-90.8541,-40.4508,-10.4528,20.6,100.0,96.0,204.0,460.50841581395105,34.52244201342003,54.907013099734456,465.0533089072469
-92.8466,-35.6405,-10.4528,21.6,100.0,96.0,200.99999999999997,460.7189607007965,34.87646821288897,54.97298690026552,465.29598974519814
-94.5847,-30.7324,-10.4528,20.9,100.0,96.0,197.99999999999997,461.0564177384014,35.12348131262345,55.0,465.6518863671504
-96.0634,-25.7401,-10.4528,21.1,100.0,96.0,194.99999999999997,461.13859728578336,35.550544886845486,55.00999999999999,465.76683785822655
-97.2789,-20.6773,-10.4528,22.0,100.0,96.0,192.0,461.2494551131545,36.01,55.01298690026554,465.9122327969837
-98.2278,-15.5578,-10.4528,22.0,100.0,96.0,188.99999999999997,461.34412714844404,36.4994551131545,55.05701309973447,466.04923406157553
-98.9074,-10.3956,-10.4528,21.8,100.0,96.0,186.0,461.44625622133844,36.91701309973447,55.041089773690985,466.1813325309912
-99.3159,-5.2049,-10.4528,21.0,100.0,96.0,182.99999999999997,461.42999999999995,37.359455113154496,55.0094551131545,466.1967545341751
-99.4522,0.0,-10.4528,21.4,100.0,96.0,180.0,461.43755798657986,37.69,55.0,466.2297245142337
-99.3159,5.2049,-10.4528,20.9,100.0,96.0,176.99999999999997,461.35963658498673,38.16701309973446,55.00646821288897,466.19217786664103
-98.9074,10.3956,-10.4528,20.5,100.0,96.0,173.99999999999997,461.3829364257779,38.58755798657997,54.930544886845496,466.2409016997617
-98.2278,15.5578,-10.4528,21.7,100.0,96.0,170.99999999999997,461.17940463866694,39.07353178711102,54.906518687376554,466.077150205372
-97.2789,20.6773,-10.4528,21.2,100.0,96.0,167.99999999999997,460.96999999999997,39.41701309973446,54.90298690026553,465.8984651104523
-96.0634,25.7401,-10.4528,21.0,100.0,96.0,164.99999999999997,460.7339757249814,39.85,54.83651868737655,465.6939581625456
-94.5847,30.7324,-10.4528,20.9,100.0,96.0,161.99999999999997,460.5946016060326,40.133531787111025,54.738102873425454,465.56884271663694
-92.8466,35.6405,-10.4528,21.3,100.0,96.0,159.0,460.3421795473819,40.58597380053105,54.69701309973447,465.3535288163225
-90.8541,40.4508,-10.4528,20.6,100.0,96.0,155.99999999999997,460.00511597315983,40.78054488684549,54.62701309973447,465.0288917077592
-88.6125,45.1503,-10.4528,21.3,100.0,96.0,152.99999999999997,459.65506549867234,41.08701309973447,54.56701309973447,464.70257240806524
-86.1281,49.7261,-10.4528,21.8,100.0,96.0,150.0,459.2885972857833,41.40646821288896,54.47239153893244,464.35735446590934
-83.4076,54.1655,-10.4528,21.6,100.0,96.0,147.0,458.8671140487096,41.63701309973447,54.37592332604348,463.94979281471683
-80.4585,58.4565,-10.4528,20.9,100.0,96.0,143.99999999999997,458.5370130997344,41.90999999999999,54.26,463.6343258241629
-77.2889,62.5873,-10.4528,21.1,100.0,96.0,141.0,458.13940463866686,42.059999999999995,54.18,463.24532386487414
-73.9074,66.5465,-10.4528,21.1,100.0,96.0,138.0,457.72095877634627,42.09298690026553,54.07597380053105,462.82232723994565
-70.3233,70.3233,-10.4528,20.9,100.0,96.0,135.0,457.33130176524134,42.16054488684549,54.02646821288898,462.437336713856
-66.5465,73.9074,-10.4528,22.0,100.0,96.0,131.99999999999997,456.9182038224005,42.13542891368556,53.928910226309,462.01511524215994
-62.5873,77.2889,-10.4528,21.5,100.0,96.0,129.0,456.55826439048826,42.07755798657996,53.822986900265526,461.6415098192916
-58.4565,80.4585,-10.4528,21.0,100.0,96.0,126.0,456.10397572498124,41.9094551131545,53.720595361333075,461.1649829139154
-54.1655,83.4076,-10.4528,20.5,100.0,96.0,122.99999999999999,455.7284158139511,41.84,53.61701309973446,460.7751715034466
-49.7261,86.1281,-10.4528,21.3,100.0,96.0,119.99999999999997,455.3531178976102,41.76542891368556,53.57701309973447,460.39256006598123
-45.1503,88.6125,-10.4528,20.8,100.0,96.0,116.99999999999999,454.9922300218695,41.2405448868455,53.52348131262344,459.9820376652337
-40.4508,90.8541,-10.4528,22.0,100.0,96.0,114.0,454.68080735288345,41.157013099734456,53.43402619946894,459.6561012955742
-35.6405,92.8466,-10.4528,21.1,100.0,96.0,110.99999999999999,454.4781028734254,40.692986900265524,53.40945511315451,459.4114006745774
-30.7324,94.5847,-10.4528,22.2,100.0,96.0,107.99999999999997,454.2124924879076,40.477013099734464,53.31701309973447,459.1188090325105
-25.7401,96.0634,-10.4528,21.9,100.0,96.0,104.99999999999999,454.0513017652414,39.97755798657996,53.28542891368556,458.9118942801506
-20.6773,97.2789,-10.4528,20.9,100.0,96.0,102.0,453.78,39.49701309973447,53.30646821288897,458.60427603450484
-15.5578,98.2278,-10.4528,20.5,100.0,96.0,98.99999999999999,453.757820452618,39.168365339463506,53.25999999999999,458.54874121000046
-10.3956,98.9074,-10.4528,20.6,100.0,96.0,96.0,453.5981028734255,38.72,53.24298690026552,458.3506223236012
-5.2049,99.3159,-10.4528,22.3,100.0,96.0,93.0,453.5923915389324,38.20651868737655,53.257063574222045,458.303513572355
0.0,99.4522,-10.4528,21.3,100.0,96.0,90.0,453.5929364257779,37.89651868737655,53.307557986579965,458.2841845868948
5.2049,99.3159,-10.4528,20.6,100.0,96.0,86.99999999999999,453.64891022630894,37.371634660536486,53.39618579208153,458.3068027902933
10.3956,98.9074,-10.4528,20.8,100.0,96.0,83.99999999999999,453.688153347913,37.00348131262344,53.38701309973446,458.31470769025543
15.5578,98.2278,-10.4528,21.4,100.0,96.0,80.99999999999999,453.8776084610675,36.46755798657996,53.4605448868455,458.46787903564314
20.6773,97.2789,-10.4528,20.9,100.0,96.0,77.99999999999999,454.0868316279021,35.91353178711102,53.556518687376546,458.6424894372542
25.7401,96.0634,-10.4528,21.7,100.0,96.0,75.0,454.1729364257779,35.73298690026552,53.5605448868455,458.7141097710033
30.7324,94.5847,-10.4528,20.9,100.0,96.0,71.99999999999999,454.4186982347585,35.49293642577795,53.59755798657997,458.94313380158724
35.6405,92.8466,-10.4528,21.2,100.0,96.0,69.0,454.7410392992034,34.89,53.68646821288896,459.2264820239499
40.4508,90.8541,-10.4528,21.6,100.0,96.0,65.99999999999999,455.0386477602709,34.89,53.684571086314435,459.5209638615168
45.1503,88.6125,-10.4528,22.1,100.0,96.0,63.0,455.4570130997344,34.41,53.77402619946894,459.9095397743265
49.7261,86.1281,-10.4528,20.7,100.0,96.0,59.999999999999986,455.7117356095116,34.423531787111024,53.76950558764209,460.16228142262065
54.1655,83.4076,-10.4528,22.3,100.0,96.0,57.0,456.15303737475307,34.31244201342003,53.78592332604347,460.5929468969018
58.4565,80.4585,-10.4528,20.9,100.0,96.0,53.999999999999986,456.6037437786614,33.967013099734466,53.8494551131545,461.02114987014494
62.5873,77.2889,-10.4528,21.3,100.0,96.0,51.0,456.95891022630894,33.940544886845494,53.86054488684549,461.3722624063347
66.5465,73.9074,-10.4528,20.7,100.0,96.0,48.0,457.3592431216041,33.824026199468946,53.88293642577794,461.7628318249243
70.3233,70.3233,-10.4528,20.7,100.0,96.0,45.0,457.7365186873766,33.849999999999994,53.919999999999995,462.1427370845928
73.9074,66.5465,-10.4528,21.1,100.0,96.0,41.99999999999999,458.11488402684006,33.85298690026553,53.94244201342003,462.5203333253208
77.2889,62.5873,-10.4528,21.4,100.0,96.0,38.99999999999999,458.5909888247158,33.906468212888974,53.97945511315449,463.00013519675707
80.4585,58.4565,-10.4528,21.4,100.0,96.0,35.99999999999999,458.90955606212964,34.13646821288897,53.99353178711102,463.3341996680541
83.4076,54.1655,-10.4528,20.2,100.0,96.0,32.99999999999999,459.22815334791295,34.43353178711102,54.03891022630901,463.67700908834735
86.1281,49.7261,-10.4528,20.6,100.0,96.0,29.999999999999993,459.52675063369634,34.48646821288897,54.07054488684548,463.9803604271654
88.6125,45.1503,-10.4528,20.4,100.0,96.0,26.999999999999993,459.863531787111,34.736518687376545,54.08054488684549,464.33371505146147
90.8541,40.4508,-10.4528,21.7,100.0,96.0,24.0,460.1105953613331,35.09244201342003,54.10298690026552,464.6077621410946
92.8466,35.6405,-10.4528,20.8,100.0,96.0,20.999999999999996,460.3624420134201,35.419999999999995,54.077063574222045,464.8789984731188
94.5847,30.7324,-10.4528,21.0,100.0,96.0,17.999999999999996,460.5324924879075,35.662986900265516,54.08701309973447,465.06712446465616
96.0634,25.7401,-10.4528,21.2,100.0,96.0,14.999999999999996,460.740262466038,36.02701309973447,54.10701309973447,465.3032387559073
97.2789,20.6773,-10.4528,21.2,100.0,96.0,12.0,460.7849039816094,36.4683653394635,54.1,465.3810045627921
98.2278,15.5578,-10.4528,19.3,100.0,96.0,8.999999999999998,460.89194760106204,36.82,54.03298690026553,465.5068887104297
98.9074,10.3956,-10.4528,20.5,100.0,96.0,6.0,460.9353279647104,37.330544886845495,54.016468212888974,465.588579097123
99.3159,5.2049,-10.4528,21.6,100.0,96.0,3.0,461.0566802044394,37.62701309973446,54.049455113154494,465.7364040677679
99.4522,0.0,-10.4528,20.6,100.0,96.0,0.0,460.9918466520869,38.10646821288897,53.989949525512415,465.7043055943637
98.7688,0.0,-15.6434,20.5,100.0,98.99999999999999,0.0,460.96433913999465,38.183531787111015,53.93945511315451,465.67753744024776
98.6335,5.1692,-15.6434,21.5,100.0,98.99999999999999,3.0,460.93792140159314,37.72402619946894,54.00701309973447,465.6217638842437
98.2278,10.3242,-15.6434,20.5,100.0,98.99999999999999,6.0,460.9589102263089,37.30272443422748,54.00999999999999,465.6089456477852
97.5528,15.4508,-15.6434,21.6,100.0,98.99999999999999,8.999999999999998,460.95462156080197,36.94457108631443,54.01945511315451,465.5772395658276
96.6105,20.5352,-15.6434,21.0,100.0,98.99999999999999,12.0,460.8802319463198,36.55,54.03108977369099,465.4737901977148
95.4034,25.5633,-15.6434,21.4,100.0,98.99999999999999,14.999999999999996,460.75516644764747,36.09651868737655,54.067013099734474,465.31873374610046
93.9347,30.5212,-15.6434,21.1,100.0,98.99999999999999,17.999999999999996,460.58620574685085,35.72755798657996,54.014076673956524,465.11679372272175
92.2087,35.3956,-15.6434,21.2,100.0,98.99999999999999,20.999999999999996,460.38108977369103,35.532442013420024,54.01293642577795,464.89859061733404
90.2298,40.1729,-15.6434,20.9,100.0,98.99999999999999,24.0,460.27914217262884,35.16646821288897,54.04651868737655,464.7737034170115
88.0037,44.8401,-15.6434,21.3,100.0,98.99999999999999,26.999999999999993,459.96262348525227,34.77701309973447,54.0494551131545,464.4312642809525
85.5363,49.3844,-15.6434,21.0,100.0,98.99999999999999,29.999999999999993,459.6442381910194,34.542936425777945,54.0583653394635,464.09950120883866
82.8345,53.7934,-15.6434,21.3,100.0,98.99999999999999,32.99999999999999,459.36298690026547,34.309999999999995,53.999999999999986,463.7968626822884
79.9057,58.0549,-15.6434,20.5,100.0,98.99999999999999,35.99999999999999,458.91547938817314,34.10054488684549,53.983531787111026,463.33625596090206
76.7578,62.1572,-15.6434,21.4,100.0,98.99999999999999,38.99999999999999,458.59989905102486,34.08353178711102,53.932986900265526,463.0165457353305
73.3995,66.0892,-15.6434,20.7,100.0,98.99999999999999,41.99999999999999,458.23402619946893,33.94592332604347,53.91651868737655,462.6421289342329
69.8401,69.8401,-15.6434,20.4,100.0,98.99999999999999,45.0,457.7699999999999,33.93298690026552,53.907013099734456,462.18046968831175
66.0892,73.3995,-15.6434,20.5,100.0,98.99999999999999,48.0,457.3651664476475,33.91298690026552,53.90999999999999,461.77838219234764
62.1572,76.7578,-15.6434,22.8,100.0,98.99999999999999,51.0,457.0332493663035,33.95646821288897,53.84298690026553,461.4450129735469
58.0549,79.9057,-15.6434,21.3,100.0,98.99999999999999,53.999999999999986,456.51308784924066,34.07,53.793481312623435,460.9324277043004
53.7934,82.8345,-15.6434,20.0,100.0,98.99999999999999,57.0,456.1847830778649,34.23054488684549,53.76353178711102,460.615679135299
49.3844,85.5363,-15.6434,21.3,100.0,98.99999999999999,59.999999999999986,455.74135223972905,34.32592332604348,53.74701309973447,460.1816929981301
44.8401,88.0037,-15.6434,21.3,100.0,98.99999999999999,63.0,455.412774908715,34.60646821288897,53.72293642577794,459.87450145711904
40.1729,90.2298,-15.6434,21.3,100.0,98.99999999999999,65.99999999999999,455.0339456766118,34.81755798657996,53.658102873425456,459.50772144344825
35.3956,92.2087,-15.6434,23.2,100.0,98.99999999999999,69.0,454.72460160603254,35.14244201342003,53.649455113154495,459.2251284178273
30.5212,93.9347,-15.6434,20.0,100.0,98.99999999999999,71.99999999999999,454.45742698923516,35.42760846106754,53.55353178711103,458.9712944769202
25.5633,95.4034,-15.6434,20.2,100.0,98.99999999999999,75.0,454.2040766739564,35.8,53.51244201342003,458.7445527932522
20.5352,96.6105,-15.6434,21.2,100.0,98.99999999999999,77.99999999999999,454.04397572498135,36.059999999999995,53.51592332604346,458.60681366676886
15.4508,97.5528,-15.6434,20.8,100.0,98.99999999999999,80.99999999999999,453.84184665208704,36.58,53.47646821288898,458.4432907406331
10.3242,98.2278,-15.6434,21.7,100.0,98.99999999999999,83.99999999999999,453.731089773691,37.099455113154505,53.40049441235791,458.3665391369646
5.1692,98.6335,-15.6434,21.3,100.0,98.99999999999999,86.99999999999999,453.61896070079655,37.5,53.33,458.27993672783754
0.0,98.7688,-15.6434,21.4,100.0,98.99999999999999,90.0,453.573531787111,37.89,53.3394551131545,458.268151096715
-5.1692,98.6335,-15.6434,20.3,100.0,98.99999999999999,93.0,453.50277490871497,38.37108977369099,53.27999999999999,458.2312361464736
-10.3242,98.2278,-15.6434,20.8,100.0,98.99999999999999,96.0,453.6289607007966,38.92244201342003,53.27646821288898,458.40219517800296
-15.4508,97.5528,-15.6434,21.0,100.0,98.99999999999999,98.99999999999999,453.65597380053106,39.15999999999999,53.309999999999995,458.45305568281265
-20.5352,96.6105,-15.6434,21.2,100.0,98.99999999999999,102.0,453.8827549539456,39.44945511315451,53.32646821288897,458.7041824153868
-25.5633,95.4034,-15.6434,19.7,100.0,98.99999999999999,104.99999999999999,454.0830979428408,40.007013099734465,53.315378439197985,458.9493986406833
-30.5212,93.9347,-15.6434,20.9,100.0,98.99999999999999,107.99999999999997,454.1693541641793,40.45244201342003,53.374076673956516,459.08059683192255
-35.3956,92.2087,-15.6434,20.2,100.0,98.99999999999999,110.99999999999999,454.43571133449296,40.68651868737655,53.47108977369099,459.3760616102792
-40.1729,90.2298,-15.6434,22.6,100.0,98.99999999999999,114.0,454.68462156080204,41.23298690026552,53.49244201342003,459.67347720438073
-44.8401,88.0037,-15.6434,20.6,100.0,98.99999999999999,116.99999999999999,455.0423915389324,41.367013099734464,53.567063574222054,460.0480824546815
-49.3844,85.5363,-15.6434,21.0,100.0,98.99999999999999,119.99999999999997,455.3760242750186,41.5494551131545,53.67298690026552,460.40685293283644
-53.7934,82.8345,-15.6434,21.2,100.0,98.99999999999999,122.99999999999999,455.72552986266066,41.89103929920341,53.699999999999996,460.786618449549
-58.0549,79.9057,-15.6434,20.9,100.0,98.99999999999999,126.0,456.0910897736909,42.06701309973446,53.792986900265525,461.1750223090344
-62.1572,76.7578,-15.6434,20.6,100.0,98.99999999999999,129.0,456.5083653394634,41.99054488684549,53.919999999999995,461.5955587793314
-66.0892,73.3995,-15.6434,21.1,100.0,98.99999999999999,131.99999999999997,456.91163466053655,42.13701309973447,53.987063574222034,462.01555471055076
-69.8401,69.8401,-15.6434,22.0,100.0,98.99999999999999,135.0,457.30891022630897,42.103481312623444,54.09,462.41742031525666
-73.3995,66.0892,-15.6434,20.7,100.0,98.99999999999999,138.0,457.67326932107295,42.16646821288897,54.15646821288897,462.7912656283409
-76.7578,62.1572,-15.6434,20.4,100.0,98.99999999999999,141.0,458.14244201342007,42.054076673956516,54.27293642577794,463.25866874479044
-79.9057,58.0549,-15.6434,21.8,100.0,98.99999999999999,143.99999999999997,458.56836533946347,41.86999999999999,54.358910226309,463.6733049368915
-82.8345,53.7934,-15.6434,20.7,100.0,98.99999999999999,147.0,458.93701309973443,41.642986900265534,54.42701309973447,464.0254520021937
-85.5363,49.3844,-15.6434,21.8,100.0,98.99999999999999,150.0,459.30727556577244,41.40999999999999,54.53298690026552,464.38325567134416
-88.0037,44.8401,-15.6434,21.2,100.0,98.99999999999999,152.99999999999997,459.6229364257779,41.15054488684549,54.60054488684548,464.68035307626184
-90.2298,40.1729,-15.6434,21.0,100.0,98.99999999999999,155.99999999999997,459.9826739597398,40.86353178711102,54.67049441235791,465.0190872776732
-92.2087,35.3956,-15.6434,21.3,100.0,98.99999999999999,159.0,460.2640766739564,40.713531787111016,54.7294551131545,465.29122622728715
-93.9347,30.5212,-15.6434,21.5,100.0,98.99999999999999,161.99999999999997,460.5764682128889,40.18298690026552,54.80244201342001,465.5627381549338
-95.4034,25.5633,-15.6434,20.4,100.0,98.99999999999999,164.99999999999997,460.7972450460543,39.89597380053105,54.88298690026552,465.76596270940706
-96.6105,20.5352,-15.6434,20.7,100.0,98.99999999999999,167.99999999999997,460.994621560802,39.4194551131545,54.919999999999995,465.92503790782166
-97.5528,15.4508,-15.6434,21.5,100.0,98.99999999999999,170.99999999999997,461.0881028734254,39.025973800531055,54.93244201342004,465.98587792770286
-98.2278,10.3242,-15.6434,21.1,100.0,98.99999999999999,173.99999999999997,461.2216346605365,38.731634660536486,54.97999999999999,466.0990626491483
-98.6335,5.1692,-15.6434,21.8,100.0,98.99999999999999,176.99999999999997,461.3840766739565,38.187013099734465,55.05348131262344,466.2235515097859
-98.7688,0.0,-15.6434,22.1,100.0,98.99999999999999,180.0,461.4037132589433,37.775923326043475,55.06999999999999,466.2114454754155
-98.6335,-5.1692,-15.6434,21.6,100.0,98.99999999999999,182.99999999999997,461.4347225097772,37.39005047448758,55.08298690026553,466.2125635994966
-98.2278,-10.3242,-15.6434,20.7,100.0,98.99999999999999,186.0,461.4049345013275,37.01945511315451,55.11000000000001,466.1566965506869
-97.5528,-15.4508,-15.6434,20.9,100.0,98.99999999999999,188.99999999999997,461.3754793881731,36.41108977369099,55.11000000000001,466.0796203860177
-96.6105,-20.5352,-15.6434,21.3,100.0,98.99999999999999,192.0,461.2645710863144,36.008910226309006,55.06999999999999,465.93384836812186
-95.4034,-25.5633,-15.6434,20.9,100.0,98.99999999999999,194.99999999999997,461.18656916186416,35.61402619946894,55.04646821288897,465.8234902837554
-93.9347,-30.5212,-15.6434,21.3,100.0,98.99999999999999,197.99999999999997,460.99922316683467,35.209999999999994,55.04999999999999,465.60770006565076
-92.2087,-35.3956,-15.6434,20.6,100.0,98.99999999999999,200.99999999999997,460.7370130997345,34.85,55.01054488684549,465.3163201401951
-90.2298,-40.1729,-15.6434,20.5,100.0,98.99999999999999,204.0,460.503531787111,34.51945511315451,54.97407667395651,465.0561736778321
-88.0037,-44.8401,-15.6434,20.5,100.0,98.99999999999999,207.0,460.21755798657995,34.279999999999994,54.886518687376544,464.7449289801351
-85.5363,-49.3844,-15.6434,19.4,100.0,98.99999999999999,209.99999999999997,459.9318466520869,33.90945511315449,54.857013099734466,464.4313152631875
-82.8345,-53.7934,-15.6434,20.9,100.0,98.99999999999999,212.99999999999997,459.54805239893784,33.73651868737655,54.76651868737655,464.0279482164144
-79.9057,-58.0549,-15.6434,21.3,100.0,98.99999999999999,215.99999999999994,459.18379425314896,33.38353178711102,54.75810287342546,463.640665741904
-76.7578,-62.1572,-15.6434,20.8,100.0,98.99999999999999,219.0,458.7123915389325,33.30244201342003,54.675378439197985,463.1581887464515
-73.3995,-66.0892,-15.6434,20.9,100.0,98.99999999999999,221.99999999999997,458.3516346605365,33.16701309973447,54.596518687376545,462.7818617953008
-69.8401,-69.8401,-15.6434,20.5,100.0,98.99999999999999,224.99999999999997,457.98701309973444,32.91298690026553,54.51298690026552,462.3927276844889
-66.0892,-73.3995,-15.6434,19.7,100.0,98.99999999999999,228.0,457.4267811534146,32.8294551131545,54.381089773690995,461.8163446267084
-62.1572,-76.7578,-15.6434,20.8,100.0,98.99999999999999,231.0,456.916468212889,32.82651868737655,54.301089773690975,461.30125471743855
-58.0549,-79.9057,-15.6434,20.1,100.0,98.99999999999999,233.99999999999997,456.45787092710555,32.869949525512425,54.21298690026552,460.83974379578444
-53.7934,-82.8345,-15.6434,21.7,100.0,98.99999999999999,236.99999999999997,455.9343896144821,32.91950558764208,54.14701309973446,460.3170217457616
-49.3844,-85.5363,-15.6434,20.6,100.0,98.99999999999999,239.99999999999994,455.41028242080745,33.213481312623436,54.01293642577795,459.8032818247807
-44.8401,-88.0037,-15.6434,21.1,100.0,98.99999999999999,242.99999999999997,454.9995055876421,33.256518687376555,53.93348131262344,459.3902116139412
-40.1729,-90.2298,-15.6434,20.9,100.0,98.99999999999999,245.99999999999997,454.58574185421105,33.48,53.8294551131545,458.9844412776129
-35.3956,-92.2087,-15.6434,22.6,100.0,98.99999999999999,249.0,454.1409083018587,33.652986900265525,53.67999999999999,458.539017446222
-30.5212,-93.9347,-15.6434,22.1,100.0,98.99999999999999,252.0,453.764127148444,34.11592332604347,53.61348131262345,458.1923009934112
-25.5633,-95.4034,-15.6434,21.6,100.0,98.99999999999999,254.99999999999997,453.4193036896918,34.33348131262345,53.53646821288897,457.8580635155385
-20.5352,-96.6105,-15.6434,19.1,100.0,98.99999999999999,258.0,453.09651868737643,34.69755798657997,53.419999999999995,457.5522616891453
-15.4508,-97.5528,-15.6434,20.9,100.0,98.99999999999999,260.99999999999994,452.87641773840136,35.21701309973447,53.38407667395652,457.3698146987455
-10.3242,-98.2278,-15.6434,21.2,100.0,98.99999999999999,263.99999999999994,452.7358728515559,35.62,53.33592332604348,457.2562472877782
-5.1692,-98.6335,-15.6434,20.7,100.0,98.99999999999999,266.99999999999994,452.59813339314354,36.118960700796585,53.32,457.15716342748414
0.0,-98.7688,-15.6434,21.5,100.0,98.99999999999999,270.0,452.4062867410567,36.686468212888975,53.3294551131545,457.0135402976946
5.1692,-98.6335,-15.6434,20.9,100.0,98.99999999999999,273.0,452.31194760106206,37.129455113154506,53.270050474487576,456.94900443837287
10.3242,-98.2278,-15.6434,21.3,100.0,98.99999999999999,276.0,452.2489607007966,37.613531787111015,53.24646821288897,456.9235019186438
15.4508,-97.5528,-15.6434,21.9,100.0,98.99999999999999,278.99999999999994,452.2156608600054,38.12402619946894,53.25353178711102,456.9336756560082
20.5352,-96.6105,-15.6434,20.4,100.0,98.99999999999999,282.0,452.33859728578324,38.50108977369099,53.23,457.084208224515
25.5633,-95.4034,-15.6434,21.1,100.0,98.99999999999999,284.99999999999994,452.47805239893785,39.04298690026552,53.25597380053105,457.2711902955106
30.5212,-93.9347,-15.6434,21.2,100.0,98.99999999999999,287.99999999999994,452.5999999999999,39.54244201342002,53.209999999999994,457.4294140306071
35.3956,-92.2087,-15.6434,22.6,100.0,98.99999999999999,291.0,452.90000000000003,39.79244201342003,53.21646821288898,457.7486656784975
40.1729,-90.2298,-15.6434,20.9,100.0,98.99999999999999,294.0,453.10348131262333,40.353481312623444,53.24651868737655,458.0025763944917
44.8401,-88.0037,-15.6434,20.8,100.0,98.99999999999999,296.99999999999994,453.3915841860489,40.66,53.22755798657997,458.31248852715083
49.3844,-85.5363,-15.6434,22.1,100.0,98.99999999999999,300.0,453.7054793881731,41.010000000000005,53.18054488684549,458.64872449546147
53.7934,-82.8345,-15.6434,21.3,100.0,98.99999999999999,303.0,454.2194046386669,41.292936425777945,53.260544886845494,459.1917462135094
58.0549,-79.9057,-15.6434,21.3,100.0,98.99999999999999,305.99999999999994,454.6028554315722,41.51457108631443,53.22244201342003,459.58660132002484
62.1572,-76.7578,-15.6434,21.3,100.0,98.99999999999999,309.0,454.9494551131544,41.702442013420026,53.19945511315451,459.9437817842255
66.0892,-73.3995,-15.6434,20.5,100.0,98.99999999999999,311.99999999999994,455.4043391399945,41.980544886845486,53.23,460.42253545686873
69.8401,-69.8401,-15.6434,21.9,100.0,98.99999999999999,314.99999999999994,455.8109083018586,41.972986900265525,53.27999999999999,460.8297670032777
73.3995,-66.0892,-15.6434,20.2,100.0,98.99999999999999,318.0,456.4275075120923,41.93592332604347,53.315973800531054,461.4404450643742
76.7578,-62.1572,-15.6434,21.7,100.0,98.99999999999999,321.0,456.87234106444487,42.066468212888964,53.361039299203405,461.897525748627
79.9057,-58.0549,-15.6434,21.6,100.0,98.99999999999999,323.99999999999994,457.25386468240606,41.82646821288897,53.39054488684549,462.25653104469404
82.8345,-53.7934,-15.6434,21.0,100.0,98.99999999999999,327.0,457.71,41.69701309973447,53.38999999999999,462.695987773224
85.5363,-49.3844,-15.6434,21.5,100.0,98.99999999999999,329.99999999999994,458.1048035039829,41.62,53.48194760106211,463.0902224325467
88.0037,-44.8401,-15.6434,21.8,100.0,98.99999999999999,332.99999999999994,458.6019476010621,41.35,53.52597380053105,463.56293932408187
90.2298,-40.1729,-15.6434,21.0,100.0,98.99999999999999,335.99999999999994,458.89755798657984,41.25597380053105,53.57407667395651,463.8525690257018
92.2087,-35.3956,-15.6434,21.9,100.0,98.99999999999999,339.0,459.34755798657994,40.91457108631444,53.67293642577795,464.2789735277456
93.9347,-30.5212,-15.6434,20.5,100.0,98.99999999999999,341.99999999999994,459.67994952551237,40.53537843919798,53.72244201342003,464.5803199414197
95.4034,-25.5633,-15.6434,20.9,100.0,98.99999999999999,345.0,459.9762562213384,40.13701309973447,53.71999999999999,464.83865427475655
96.6105,-20.5352,-15.6434,21.4,100.0,98.99999999999999,347.99999999999994,460.23971757919253,39.787013099734466,53.77706357422205,465.0758826422192
97.5528,-15.4508,-15.6434,20.9,100.0,98.99999999999999,351.0,460.52678115341445,39.37108977369099,53.885923326043475,465.33718054996757
98.2278,-10.3242,-15.6434,20.9,100.0,98.99999999999999,353.99999999999994,460.643461357854,38.92999999999999,53.90999999999999,465.41834030444556
98.6335,-5.1692,-15.6434,21.3,100.0,98.99999999999999,356.99999999999994,460.7649345013276,38.66298690026552,53.87597380053105,465.51237574850614
97.6807,-5.1192,-20.7912,20.6,100.0,102.0,356.99999999999994,460.7629364257779,38.72999999999999,53.84646821288898,465.5125547423046
97.2789,-10.2244,-20.7912,20.8,100.0,102.0,353.99999999999994,460.7053784391979,39.07646821288897,53.85592332604348,465.48563518985003
96.6105,-15.3016,-20.7912,20.8,100.0,102.0,351.0,460.49717461679734,39.46,53.784621560802016,465.30369109485025
95.6773,-20.3368,-20.7912,22.6,100.0,102.0,347.99999999999994,460.28130176524144,39.901089773690984,53.67701309973446,465.11524964802265
94.4818,-25.3163,-20.7912,20.5,100.0,102.0,345.0,460.0590916981412,40.05298690026552,53.647013099734465,464.90494902536216
93.0274,-30.2264,-20.7912,21.2,100.0,102.0,341.99999999999994,459.7323915389324,40.419999999999995,53.66189712657452,464.61516057198276
91.3179,-35.0537,-20.7912,21.2,100.0,102.0,339.0,459.3459233260434,40.84353178711102,53.61298690026552,464.2641745057098
89.3582,-39.7848,-20.7912,20.4,100.0,102.0,335.99999999999994,459.00402619946885,41.16646821288897,53.533481312623444,463.9452637907779
87.1536,-44.407,-20.7912,20.2,100.0,102.0,332.99999999999994,458.5929364257779,41.417557986579965,53.453531787111025,463.5516966959618
84.7101,-48.9074,-20.7912,21.7,100.0,102.0,329.99999999999994,458.20298690026544,41.47298690026553,53.41891022630901,463.1668876512233
82.0344,-53.2737,-20.7912,20.7,100.0,102.0,327.0,457.7132188465853,41.77701309973447,53.362986900265525,462.7032719803863
79.1338,-57.4941,-20.7912,19.7,100.0,102.0,323.99999999999994,457.3016346605364,41.87706357422204,53.31706357422205,462.29988404170706
76.0163,-61.5568,-20.7912,21.5,100.0,102.0,321.0,456.8385972857834,41.90999999999999,53.29,461.84172198930037
72.6905,-65.4508,-20.7912,20.9,100.0,102.0,318.0,456.4129869002655,42.008910226309006,53.22701309973447,461.42245076842903
69.1655,-69.1655,-20.7912,20.8,100.0,102.0,314.99999999999994,455.87542891368554,41.751897126574534,53.18646821288897,460.8626997293939
65.4508,-72.6905,-20.7912,21.8,100.0,102.0,311.99999999999994,455.50524744185327,41.741584186048904,53.184026199468924,460.4953104432343
61.5568,-76.0163,-20.7912,20.9,100.0,102.0,309.0,454.94924312160407,41.54597380053105,53.17353178711102,459.926413938871
57.4941,-79.1338,-20.7912,20.7,100.0,102.0,305.99999999999994,454.64090830185864,41.40244201342002,53.19189712657453,459.6105912902114
53.2737,-82.0344,-20.7912,21.2,100.0,102.0,303.0,454.2489102263089,41.26646821288897,53.15402619946893,459.20621113152254
48.9074,-84.7101,-20.7912,21.1,100.0,102.0,300.0,453.86298690026547,40.93402619946894,53.13646821288898,458.7926433946699
44.407,-87.1536,-20.7912,21.0,100.0,102.0,296.99999999999994,453.588910226309,40.59298690026552,53.20244201342003,458.49884394834305
39.7848,-89.3582,-20.7912,20.7,100.0,102.0,294.0,453.1818971265745,40.328910226309,53.15999999999999,458.06794090318397
35.0537,-91.3179,-20.7912,20.9,100.0,102.0,291.0,453.0329869002654,39.83353178711103,53.20651868737656,457.8826608479961
30.2264,-93.0274,-20.7912,20.7,100.0,102.0,287.99999999999994,452.77135223972897,39.5194551131545,53.17402619946893,457.59279037556433
25.3163,-94.4818,-20.7912,21.2,100.0,102.0,284.99999999999994,452.67618579208147,39.1,53.211089773690986,457.4668941663111
20.3368,-95.6773,-20.7912,21.1,100.0,102.0,282.0,452.5240261994689,38.55891022630901,53.26597380053104,457.27677374926554
15.3016,-96.6105,-20.7912,21.1,100.0,102.0,278.99999999999994,452.36000000000007,38.129455113154506,53.20402619946894,457.0712125599904
10.2244,-97.2789,-20.7912,20.5,100.0,102.0,276.0,452.37135223972894,37.516468212888974,53.21402619946895,457.0328853580751
5.1192,-97.6807,-20.7912,20.8,100.0,102.0,273.0,452.4210897736909,37.20701309973447,53.24646821288897,457.06059846913524
0.0,-97.8148,-20.7912,21.1,100.0,102.0,270.0,452.4311907226661,36.72646821288897,53.28646821288897,457.0363918778515
-5.1192,-97.6807,-20.7912,21.3,100.0,102.0,266.99999999999994,452.5256608600053,36.23298690026552,53.27950558764208,457.0897163491681
-10.2244,-97.2789,-20.7912,20.7,100.0,102.0,263.99999999999994,452.7724924879076,35.582986900265524,53.30348131262344,457.285840618865
-15.3016,-96.6105,-20.7912,20.7,100.0,102.0,260.99999999999994,452.99493450132763,35.21701309973447,53.34,457.48202619942236
-20.3368,-95.6773,-20.7912,21.8,100.0,102.0,258.0,453.3056608600054,34.72999999999999,53.44701309973446,457.76498148832815
-25.3163,-94.4818,-20.7912,21.5,100.0,102.0,254.99999999999997,453.6291421726288,34.42298690026553,53.52592332604347,458.0713537466804
-30.2264,-93.0274,-20.7912,20.8,100.0,102.0,252.0,453.922704479458,34.072986900265526,53.57755798657996,458.34195181987906
-35.0537,-91.3179,-20.7912,20.7,100.0,102.0,249.0,454.3076589355552,33.70054488684549,53.722986900265525,458.7126933219323
-39.7848,-89.3582,-20.7912,21.5,100.0,102.0,245.99999999999997,454.6895560621296,33.485973800531056,53.77054488684549,459.08079281404775
-44.407,-87.1536,-20.7912,21.7,100.0,102.0,242.99999999999997,455.1429869002655,33.34701309973447,53.937013099734465,459.5392944997087
-48.9074,-84.7101,-20.7912,21.6,100.0,102.0,239.99999999999994,455.5446016060326,33.18755798657996,53.9494551131545,459.9269961249479
-53.2737,-82.0344,-20.7912,21.3,100.0,102.0,236.99999999999997,455.98223002186955,33.08407667395652,54.06945511315449,460.36708852970673
-57.4941,-79.1338,-20.7912,21.8,100.0,102.0,233.99999999999997,456.53760846106746,33.05348131262344,54.19407667395652,460.92962425166115
-61.5568,-76.0163,-20.7912,21.1,100.0,102.0,231.0,456.94272443422744,32.92163466053648,54.27108977369099,461.3305091009267
-65.4508,-72.6905,-20.7912,21.8,100.0,102.0,228.0,457.43168513502405,32.919455113154505,54.374571086314425,461.82684100346034
-69.1655,-69.1655,-20.7912,21.2,100.0,102.0,224.99999999999997,457.88239153893244,33.05,54.4594551131545,462.2925688702274
-72.6905,-65.4508,-20.7912,21.4,100.0,102.0,221.99999999999997,458.29604422978804,33.25457108631444,54.52755798657997,462.7249563561343
-76.0163,-61.5568,-20.7912,21.6,100.0,102.0,219.0,458.8043896144821,33.339999999999996,54.64999999999999,463.24901082411117
-79.1338,-57.4941,-20.7912,20.8,100.0,102.0,215.99999999999994,459.23234106444477,33.48,54.74353178711103,463.69398071579167
-82.0344,-53.2737,-20.7912,20.7,100.0,102.0,212.99999999999997,459.5492736413222,33.69,54.81701309973446,464.0317402176744
-84.7101,-48.9074,-20.7912,21.4,100.0,102.0,209.99999999999997,459.84799183085005,33.91108977369098,54.88810287342546,464.3520662574342
-87.1536,-44.407,-20.7912,21.3,100.0,102.0,207.0,460.16345079290517,34.33701309973447,54.94163466053649,464.7020713676857
-89.3582,-39.7848,-20.7912,21.2,100.0,102.0,204.0,460.447658935555,34.62,55.04701309973447,465.0169509495708
-91.3179,-35.0537,-20.7912,20.5,100.0,102.0,200.99999999999997,460.6856608600053,34.919999999999995,55.06891022630901,465.27762614973557
-93.0274,-30.2264,-20.7912,21.3,100.0,102.0,197.99999999999997,460.92805239893784,35.385973800531055,55.112986900265525,465.5580285583728
-94.4818,-25.3163,-20.7912,22.9,100.0,102.0,194.99999999999997,461.0881028734254,35.720544886845495,55.12054488684548,465.74292308853217
-95.6773,-20.3368,-20.7912,21.8,100.0,102.0,192.0,461.24462156080205,35.953531787111025,55.103531787111024,465.91378664099165
-96.6105,-15.3016,-20.7912,22.6,100.0,102.0,188.99999999999997,461.3029869002654,36.43407667395652,55.15999999999999,466.0155719138473
-97.2789,-10.2244,-20.7912,20.2,100.0,102.0,186.0,461.3621795473819,36.93244201342002,55.16348131262344,466.1138011905606
-97.6807,-5.1192,-20.7912,21.6,100.0,102.0,182.99999999999997,461.4111402481785,37.440544886845494,55.13,466.19883273829436
-97.8148,0.0,-20.7912,22.2,100.0,102.0,180.0,461.39602427501853,37.727013099734464,55.114026199468945,466.2050778553756
-97.6807,5.1192,-20.7912,21.0,100.0,102.0,176.99999999999997,461.3391421726289,38.16353178711102,55.13353178711103,466.1866209860203
-97.2789,10.2244,-20.7912,20.9,100.0,102.0,173.99999999999997,461.1991926471164,38.637557986579964,55.073531787111015,466.08008977966887
-96.6105,15.3016,-20.7912,20.9,100.0,102.0,170.99999999999997,461.16212907289446,39.05701309973447,55.024026199468935,466.0725297874974
-95.6773,20.3368,-20.7912,20.9,100.0,102.0,167.99999999999997,460.98701309973444,39.275428913685566,54.99353178711102,465.9140200738637
-94.4818,25.3163,-20.7912,21.8,100.0,102.0,164.99999999999997,460.7789607007965,39.85298690026552,54.977013099734464,465.7552824807758
-93.0274,30.2264,-20.7912,21.6,100.0,102.0,161.99999999999997,460.4629364257779,40.183531787111015,54.887557986579964,465.460498936769
-91.3179,35.0537,-20.7912,21.6,100.0,102.0,159.0,460.287820452618,40.508910226309,54.78163466053649,465.30299479030344
-89.3582,39.7848,-20.7912,20.5,100.0,102.0,155.99999999999997,459.91701309973445,40.88298690026553,54.75,464.9652030598296
-87.1536,44.407,-20.7912,20.9,100.0,102.0,152.99999999999997,459.6362362665691,41.18999999999999,54.64891022630899,464.70268901548275
-84.7101,48.9074,-20.7912,21.6,100.0,102.0,150.0,459.2754793881731,41.299455113154494,54.60646821288898,464.35059742673417
-82.0344,53.2737,-20.7912,21.2,100.0,102.0,147.0,458.9483653394634,41.529999999999994,54.51646821288898,464.0370548287847
-79.1338,57.4941,-20.7912,21.1,100.0,102.0,143.99999999999997,458.57930368969176,41.675973800531054,54.40950558764207,463.6725772169805
-76.0163,61.5568,-20.7912,22.0,100.0,102.0,141.0,458.154026199469,41.87701309973447,54.30402619946894,463.2577287109322
-72.6905,65.4508,-20.7912,21.9,100.0,102.0,138.0,457.84379425314904,41.94,54.217013099734466,462.9464202751509
-69.1655,69.1655,-20.7912,21.3,100.0,102.0,135.0,457.3845206118268,41.97646821288897,54.1294551131545,462.48526624075856
-65.4508,72.6905,-20.7912,22.5,100.0,102.0,131.99999999999997,456.9841271484441,41.869455113154494,54.06646821288897,462.0722094241474
-61.5568,76.0163,-20.7912,21.5,100.0,102.0,129.0,456.5923915389323,41.93597380053106,53.9094551131545,461.67246751397005
-57.4941,79.1338,-20.7912,21.8,100.0,102.0,126.0,456.16212907289446,41.953531787111025,53.77706357422205,461.2330857564254
-53.2737,82.0344,-20.7912,20.6,100.0,102.0,122.99999999999999,455.8157418542112,41.69054488684549,53.736518687376545,460.86191586602786
-48.9074,84.7101,-20.7912,21.4,100.0,102.0,119.99999999999997,455.4820785984069,41.54402619946894,53.66701309973447,460.51056267173124
-44.407,87.1536,-20.7912,20.9,100.0,102.0,116.99999999999999,455.16564090523605,41.329455113154495,53.55298690026552,460.1649779443939
-39.7848,89.3582,-20.7912,21.2,100.0,102.0,114.0,454.79542891368567,40.98646821288897,53.54999999999999,459.7677405357508
-35.0537,91.3179,-20.7912,20.4,100.0,102.0,110.99999999999999,454.6110392992034,40.689455113154494,53.45542891368556,459.5479427551095
-30.2264,93.0274,-20.7912,20.9,100.0,102.0,107.99999999999997,454.2416346605365,40.3505448868455,53.41701309973447,459.14813123897045
-25.3163,94.4818,-20.7912,22.0,100.0,102.0,104.99999999999999,454.0719476010621,39.95,53.31217954738199,458.933028432596
-20.3368,95.6773,-20.7912,23.4,100.0,102.0,102.0,453.9953784391979,39.4505448868455,53.33244201342003,458.8164104597114
-15.3016,96.6105,-20.7912,21.3,100.0,102.0,98.99999999999999,453.8908073528835,39.04005047448757,53.33054488684549,458.6775965298837
-10.2244,97.2789,-20.7912,21.5,100.0,102.0,96.0,453.7726739597398,38.669455113154505,53.31298690026553,458.52725214925715
-5.1192,97.6807,-20.7912,21.9,100.0,102.0,93.0,453.6808777821405,38.239999999999995,53.304076673956516,458.3993467002724
0.0,97.8148,-20.7912,21.3,100.0,102.0,90.0,453.75945511315444,37.83755798657996,53.360544886845496,458.4502935429267
5.1192,97.6807,-20.7912,19.9,100.0,102.0,86.99999999999999,453.77805239893786,37.35103929920341,53.387557986579964,458.4319495012038
10.2244,97.2789,-20.7912,20.2,100.0,102.0,83.99999999999999,453.85994952551226,36.94348131262344,53.459999999999994,458.4884362716215
15.3016,96.6105,-20.7912,21.2,100.0,102.0,80.99999999999999,454.0280523989378,36.47244201342003,53.519999999999996,458.62414000093247
20.3368,95.6773,-20.7912,21.1,100.0,102.0,77.99999999999999,454.18,36.11,53.56701309973447,458.7513808071068
25.3163,94.4818,-20.7912,21.9,100.0,102.0,75.0,454.42003004836954,35.767557986579966,53.584026199468944,458.96419226038734
30.2264,93.0274,-20.7912,21.3,100.0,102.0,71.99999999999999,454.6234813126234,35.43402619946894,53.63,459.14513704657037
35.0537,91.3179,-20.7912,21.1,100.0,102.0,69.0,454.9358428031863,35.175973800531054,53.62597380053105,459.43412505593915
39.7848,89.3582,-20.7912,21.2,100.0,102.0,65.99999999999999,455.22587285155583,34.831089773690984,53.69945511315451,459.7036345383116
44.407,87.1536,-20.7912,20.9,100.0,102.0,63.0,455.57244201342,34.70891022630901,53.71298690026552,460.03917586757433
48.9074,84.7101,-20.7912,21.3,100.0,102.0,59.999999999999986,455.8837437786614,34.457557986579964,53.78298690026553,460.3367472013948
53.2737,82.0344,-20.7912,21.3,100.0,102.0,57.0,456.24999999999994,34.37298690026552,53.757013099734465,460.69011405265775
57.4941,79.1338,-20.7912,21.0,100.0,102.0,53.999999999999986,456.57542891368547,34.279999999999994,53.790544886845495,461.00939622413296
61.5568,76.0163,-20.7912,20.2,100.0,102.0,51.0,457.0343086202763,34.1494551131545,53.83701309973448,461.45960659633073
65.4508,72.6905,-20.7912,21.1,100.0,102.0,48.0,457.47999999999996,33.917557986579965,53.91244201342003,461.8927392194246
69.1655,69.1655,-20.7912,21.2,100.0,102.0,45.0,457.8493541641793,33.993531787111024,53.897013099734465,462.2623490324411
72.6905,65.4508,-20.7912,20.8,100.0,102.0,41.99999999999999,458.26896070079647,33.93999999999999,53.879999999999995,462.672041884733
76.0163,61.5568,-20.7912,21.3,100.0,102.0,38.99999999999999,458.59651868737654,34.17646821288898,53.93646821288896,463.02045368964843
79.1338,57.4941,-20.7912,20.0,100.0,102.0,35.99999999999999,458.83891022630894,34.190544886845494,53.937557986579954,463.2616960842779
82.0344,53.2737,-20.7912,20.5,100.0,102.0,32.99999999999999,459.21714456842784,34.563531787111025,53.96701309973447,463.6674046103369
84.7101,48.9074,-20.7912,21.2,100.0,102.0,29.999999999999993,459.52381420791846,34.666468212888965,53.99701309973447,463.9823027511305
87.1536,44.407,-20.7912,20.8,100.0,102.0,26.999999999999993,459.9179214015931,34.839999999999996,53.989999999999995,464.3847974755009
89.3582,39.7848,-20.7912,21.8,100.0,102.0,24.0,460.15511597315987,35.23353178711102,53.9994551131545,464.6504854952625
91.3179,35.0537,-20.7912,20.5,100.0,102.0,20.999999999999996,460.33981852816765,35.54054488684549,53.989999999999995,464.8556754019469
93.0274,30.2264,-20.7912,20.9,100.0,102.0,17.999999999999996,460.54298690026553,35.7994551131545,54.00701309973447,465.07870434300884
94.4818,25.3163,-20.7912,20.9,100.0,102.0,14.999999999999996,460.68488402684,36.065923326043475,54.019999999999996,465.2413068464397
95.6773,20.3368,-20.7912,20.7,100.0,102.0,12.0,460.9077699781304,36.49999999999999,54.01353178711102,465.4950956157652
96.6105,15.3016,-20.7912,21.0,100.0,102.0,8.999999999999998,460.91836533946355,37.002179547381985,53.97163466053648,465.54037219814813
97.2789,10.2244,-20.7912,22.2,100.0,102.0,6.0,460.93999999999994,37.332986900265524,53.977013099734464,465.58882445142973
97.6807,5.1192,-20.7912,20.4,100.0,102.0,3.0,460.89706357422205,37.7705448868455,53.94701309973447,465.57813253499415
97.8148,0.0,-20.7912,20.4,100.0,102.0,0.0,460.9239757249813,38.23353178711102,53.90646821288897,465.63786536988846
96.5926,0.0,-25.8819,20.5,100.0,104.99999999999999,0.0,460.90005047448756,38.245923326043474,53.85597380053106,465.6093567492499
96.4602,5.0553,-25.8819,21.3,100.0,104.99999999999999,3.0,460.94085782737113,37.745923326043474,53.91701309973446,465.61601502092395
96.0634,10.0967,-25.8819,20.9,100.0,104.99999999999999,6.0,460.9540261994689,37.37701309973447,53.91597380053105,465.59917054116187
95.4034,15.1104,-25.8819,22.1,100.0,104.99999999999999,8.999999999999998,460.90836533946356,36.951089773690995,53.9,465.5181137994093
94.4818,20.0827,-25.8819,21.3,100.0,104.99999999999999,12.0,460.84945511315453,36.63999999999999,53.92298690026552,465.4378566407525
93.3013,25.0,-25.8819,21.6,100.0,104.99999999999999,14.999999999999996,460.7387287544767,36.224571086314434,53.96,465.2999863794096
91.865,29.8487,-25.8819,22.2,100.0,104.99999999999999,17.999999999999996,460.4824924879076,35.82298690026552,53.95542891368556,465.01462405777335
90.1769,34.6157,-25.8819,20.9,100.0,104.99999999999999,20.999999999999996,460.34755798657994,35.53054488684549,53.94054488684549,464.8568340326444
88.2417,39.2877,-25.8819,21.1,100.0,104.99999999999999,24.0,460.1836428296863,35.27298690026553,53.909455113154486,464.6712795982379
86.0646,43.8521,-25.8819,21.8,100.0,104.99999999999999,26.999999999999993,459.88587285155586,34.90348131262345,53.937557986579954,464.3517300686342
83.6516,48.2963,-25.8819,22.2,100.0,104.99999999999999,29.999999999999993,459.59260353048296,34.74298690026553,53.919999999999995,464.0471988480048
81.0094,52.6081,-25.8819,20.4,100.0,104.99999999999999,32.99999999999999,459.2635822615986,34.55298690026552,53.94298690026553,463.70981521982935
78.145,56.7757,-25.8819,20.3,100.0,104.99999999999999,35.99999999999999,458.91755798657994,34.44592332604348,53.90298690026552,463.35448488055
75.0665,60.7877,-25.8819,21.8,100.0,104.99999999999999,38.99999999999999,458.5549140752096,34.22945511315449,53.89462156080201,462.97828788513226
71.7823,64.6331,-25.8819,21.2,100.0,104.99999999999999,41.99999999999999,458.12140271421663,34.26701309973447,53.857557986579955,462.54738607400714
68.3013,68.3013,-25.8819,20.1,100.0,104.99999999999999,45.0,457.8021290728944,34.19646821288897,53.84597380053105,462.224595533857
64.6331,71.7823,-25.8819,20.6,100.0,104.99999999999999,48.0,457.4584158139511,34.099999999999994,53.80701309973447,461.8725006511264
60.7877,75.0665,-25.8819,21.1,100.0,104.99999999999999,51.0,457.056801108184,34.1994551131545,53.793531787111014,461.4805155490464
56.7757,78.145,-25.8819,21.3,100.0,104.99999999999999,53.999999999999986,456.6861857920815,34.23,53.78592332604347,461.114834657653
52.6081,81.0094,-25.8819,21.1,100.0,104.99999999999999,57.0,456.3310392992034,34.37701309973446,53.797013099734464,460.7753412195616
48.2963,83.6516,-25.8819,21.1,100.0,104.99999999999999,59.999999999999986,455.9222905899572,34.83701309973446,53.69597380053104,460.3933211297616
43.8521,86.0646,-25.8819,21.3,100.0,104.99999999999999,63.0,455.50561038551785,34.77457108631443,53.68407667395651,459.97457753147137
39.2877,88.2417,-25.8819,20.9,100.0,104.99999999999999,65.99999999999999,455.13417762293165,35.14353178711103,53.677013099734474,459.63399482880186
34.6157,90.1769,-25.8819,22.0,100.0,104.99999999999999,69.0,454.8919170813438,35.35701309973447,53.61244201342002,459.4029479007697
29.8487,91.865,-25.8819,21.7,100.0,104.99999999999999,71.99999999999999,454.6878709271055,35.62,53.54760846106755,459.2136656722271
25.0,93.3013,-25.8819,20.6,100.0,104.99999999999999,75.0,454.3141576681622,35.97402619946894,53.5605448868455,458.872767101413
20.0827,94.4818,-25.8819,20.6,100.0,104.99999999999999,77.99999999999999,454.2309083018587,36.28999999999999,53.48701309973446,458.80665070055676
15.1104,95.4034,-25.8819,22.0,100.0,104.99999999999999,80.99999999999999,454.0281028734254,36.68,53.44189712657453,458.6316353756347
10.0967,96.0634,-25.8819,21.0,100.0,104.99999999999999,83.99999999999999,453.9123915389324,37.01054488684549,53.37701309973447,458.53608925891916
5.0553,96.4602,-25.8819,20.4,100.0,104.99999999999999,86.99999999999999,453.80145318870416,37.507013099734465,53.35651868737656,458.46423310251765
0.0,96.5926,-25.8819,20.9,100.0,104.99999999999999,90.0,453.814127148444,37.80054488684549,53.363531787111015,458.5017008889286
-5.0553,96.4602,-25.8819,20.3,100.0,104.99999999999999,93.0,453.8549849758151,38.389455113154504,53.30108977369098,458.583802398586
-10.0967,96.0634,-25.8819,20.9,100.0,104.99999999999999,96.0,453.9070940939402,38.722986900265525,53.2983653394635,458.6630958897196
-15.1104,95.4034,-25.8819,21.1,100.0,104.99999999999999,98.99999999999999,453.91501502418475,39.218910226309006,53.27353178711102,458.7101840735798
-20.0827,94.4818,-25.8819,19.5,100.0,104.99999999999999,102.0,454.00885975182143,39.529999999999994,53.307557986579965,458.83369685719646
-25.0,93.3013,-25.8819,20.1,100.0,104.99999999999999,104.99999999999999,454.16673067892697,39.88,53.37054488684549,459.02750322513765
-29.8487,91.865,-25.8819,19.7,100.0,104.99999999999999,107.99999999999997,454.437820452618,40.16755798657996,53.396468212888976,459.3237944957143
-34.6157,90.1769,-25.8819,20.9,100.0,104.99999999999999,110.99999999999999,454.54701309973444,40.74,53.467013099734466,459.49043102952356
-39.2877,88.2417,-25.8819,20.9,100.0,104.99999999999999,114.0,454.87493450132763,40.94298690026553,53.540000000000006,459.84134852566535
-43.8521,86.0646,-25.8819,21.6,100.0,104.99999999999999,116.99999999999999,455.1840261994689,41.18999999999999,53.590595361333065,460.17503813042805
-48.2963,83.6516,-25.8819,20.1,100.0,104.99999999999999,119.99999999999997,455.55820382240057,41.5394551131545,53.6694551131545,460.58572905934955
-52.6081,81.0094,-25.8819,21.0,100.0,104.99999999999999,122.99999999999999,455.89114024817854,41.67054488684549,53.747063574222054,460.93590976490697
-56.7757,78.145,-25.8819,21.3,100.0,104.99999999999999,126.0,456.3670130997345,41.84,53.80407667395651,461.4285588390799
-60.7877,75.0665,-25.8819,20.5,100.0,104.99999999999999,129.0,456.8212512907539,41.849999999999994,53.89298690026553,461.8890907651774
-64.6331,71.7823,-25.8819,20.6,100.0,104.99999999999999,131.99999999999997,457.01820382240055,42.016468212888974,54.01108977369098,462.11277849100827
-68.3013,68.3013,-25.8819,21.3,100.0,104.99999999999999,135.0,457.4281733026824,41.86054488684549,54.101089773690994,462.5146125950546
-71.7823,64.6331,-25.8819,20.2,100.0,104.99999999999999,138.0,457.9384158139511,41.828910226309,54.19,463.02678811156466
-75.0665,60.7877,-25.8819,20.9,100.0,104.99999999999999,141.0,458.3543391399946,41.813481312623445,54.27163466053648,463.44630514944123
-78.145,56.7757,-25.8819,21.3,100.0,104.99999999999999,143.99999999999997,458.5969626252469,41.749455113154504,54.38994952551242,463.6943581075094
-81.0094,52.6081,-25.8819,20.7,100.0,104.99999999999999,147.0,459.1005448868455,41.438910226309005,54.48592332604348,464.1758389197288
-83.6516,48.2963,-25.8819,20.8,100.0,104.99999999999999,150.0,459.41668020443944,41.304026199468936,54.55298690026553,464.4843775737728
-86.0646,43.8521,-25.8819,20.3,100.0,104.99999999999999,152.99999999999997,459.7183653394635,40.971089773690984,54.63054488684549,464.76241464028254
-88.2417,39.2877,-25.8819,21.6,100.0,104.99999999999999,155.99999999999997,460.1140261994689,40.82,54.677013099734474,465.1459612497932
-90.1769,34.6157,-25.8819,20.7,100.0,104.99999999999999,159.0,460.38389520212417,40.37348131262345,54.78402619946893,465.3865473790635
-91.865,29.8487,-25.8819,21.6,100.0,104.99999999999999,161.99999999999997,460.6391421726288,40.11994952551242,54.86293642577794,465.62642906596693
-93.3013,25.0,-25.8819,20.1,100.0,104.99999999999999,164.99999999999997,460.82010094897515,39.75999999999999,54.937557986579954,465.783381322426
-94.4818,20.0827,-25.8819,20.5,100.0,104.99999999999999,167.99999999999997,461.10795144996274,39.35298690026553,54.96597380053105,466.0369714348791
-95.4034,15.1104,-25.8819,20.8,100.0,104.99999999999999,170.99999999999997,461.204803503983,39.01701309973448,55.00597380053105,466.1092739263156
-96.0634,10.0967,-25.8819,21.3,100.0,104.99999999999999,173.99999999999997,461.4018971265745,38.64,55.07054488684548,466.2805219887875
-96.4602,5.0553,-25.8819,20.5,100.0,104.99999999999999,176.99999999999997,461.4971945715667,38.09457108631443,55.130544886845485,466.33703897845953
-96.5926,0.0,-25.8819,20.7,100.0,104.99999999999999,180.0,461.43701309973443,37.72999999999999,55.11999999999999,466.2465917928028
-96.4602,-5.0553,-25.8819,18.8,100.0,104.99999999999999,182.99999999999997,461.4769825800162,37.34646821288897,55.128910226309,466.256325299586
-96.0634,-10.0967,-25.8819,20.7,100.0,104.99999999999999,186.0,461.4521795473819,36.993531787111024,55.18239153893244,466.2099652936102
-95.4034,-15.1104,-25.8819,20.2,100.0,104.99999999999999,188.99999999999997,461.41462156080206,36.57407667395652,55.18298690026553,466.1397624295588
-94.4818,-20.0827,-25.8819,20.1,100.0,104.99999999999999,192.0,461.25924312160396,36.04353178711102,55.13597380053105,465.93905304850364
-93.3013,-25.0,-25.8819,20.1,100.0,104.99999999999999,194.99999999999997,461.2513017652414,35.86244201342003,55.105973800531046,465.9136684792586
-91.865,-29.8487,-25.8819,20.7,100.0,104.99999999999999,197.99999999999997,461.0184357687204,35.47999999999999,55.097013099734475,465.65277769079194
-90.1769,-34.6157,-25.8819,20.6,100.0,104.99999999999999,200.99999999999997,460.785973800531,35.05,55.06999999999999,465.3868509651982
-88.2417,-39.2877,-25.8819,20.3,100.0,104.99999999999999,204.0,460.621352239729,34.73049441235792,55.029999999999994,465.19516149814297
-86.0646,-43.8521,-25.8819,21.1,100.0,104.99999999999999,207.0,460.30397572498134,34.40348131262344,54.96701309973446,464.8491391018796
-83.6516,-48.2963,-25.8819,21.0,100.0,104.99999999999999,209.99999999999997,460.0568316279021,34.07353178711102,54.87592332604347,464.56932836427865
-81.0094,-52.6081,-25.8819,21.0,100.0,104.99999999999999,212.99999999999997,459.6254289136854,33.90592332604348,54.804076673956516,464.1213562860103
-78.145,-56.7757,-25.8819,21.4,100.0,104.99999999999999,215.99999999999994,459.2630373747531,33.57244201342002,54.71402619946894,463.7275827728867
-75.0665,-60.7877,-25.8819,21.2,100.0,104.99999999999999,219.0,458.9323915389325,33.44298690026553,54.63298690026552,463.3812001301951
-71.7823,-64.6331,-25.8819,21.1,100.0,104.99999999999999,221.99999999999997,458.48199807554954,33.24755798657996,54.56353178711102,462.91286617732095
-68.3013,-68.3013,-25.8819,21.6,100.0,104.99999999999999,224.99999999999997,457.98407667395657,33.139949525512414,54.495973800531054,462.40402453040804
-64.6331,-71.7823,-25.8819,22.1,100.0,104.99999999999999,228.0,457.57955606212965,33.08407667395652,54.442986900265524,461.9931223276017
-60.7877,-75.0665,-25.8819,19.7,100.0,104.99999999999999,231.0,457.1270130997345,33.09646821288898,54.33298690026552,461.5328328289939
-56.7757,-78.145,-25.8819,20.4,100.0,104.99999999999999,233.99999999999997,456.6959738005311,33.22999999999999,54.207013099734475,461.10068928034593
-52.6081,-81.0094,-25.8819,21.1,100.0,104.99999999999999,236.99999999999997,456.2540261994689,33.08,54.0610392992034,460.63501689877603
-48.2963,-83.6516,-25.8819,21.4,100.0,104.99999999999999,239.99999999999994,455.75792140159314,33.199999999999996,54.044026199468924,460.15027946112303
-43.8521,-86.0646,-25.8819,21.1,100.0,104.99999999999999,242.99999999999997,455.33792140159306,33.455973800531055,53.91701309973446,459.7379352966885
-39.2877,-88.2417,-25.8819,20.5,100.0,104.99999999999999,245.99999999999997,454.93989905102484,33.63701309973447,53.802986900265516,459.3435770729994
-34.6157,-90.1769,-25.8819,22.2,100.0,104.99999999999999,249.0,454.54077683316535,33.888365339463505,53.71999999999999,458.95705410144683
-29.8487,-91.865,-25.8819,21.1,100.0,104.99999999999999,252.0,454.153794253149,34.0994551131545,53.605973800531046,458.57610284515357
-25.0,-93.3013,-25.8819,21.3,100.0,104.99999999999999,254.99999999999997,453.69760846106755,34.40651868737655,53.52646821288897,458.13798276373285
-20.0827,-94.4818,-25.8819,21.5,100.0,104.99999999999999,258.0,453.4818466520869,34.9094551131545,53.47706357422205,457.95660452471435
-15.1104,-95.4034,-25.8819,20.8,100.0,104.99999999999999,260.99999999999994,453.1686677150404,35.24516644764751,53.41891022630901,457.6654270603292
-10.0967,-96.0634,-25.8819,21.0,100.0,104.99999999999999,263.99999999999994,452.983531787111,35.64755798657997,53.29054488684549,457.4983176308609
-5.0553,-96.4602,-25.8819,20.9,100.0,104.99999999999999,266.99999999999994,452.7789102263089,36.17646821288897,53.24999999999999,457.3325277061342
0.0,-96.5926,-25.8819,21.5,100.0,104.99999999999999,270.0,452.5505448868455,36.65402619946894,53.25755798657997,457.1453606859705
5.0553,-96.4602,-25.8819,20.3,100.0,104.99999999999999,273.0,452.4735517418803,37.02488402684006,53.24293642577795,457.0973280848975
10.0967,-96.0634,-25.8819,20.9,100.0,104.99999999999999,276.0,452.52049441235783,37.46054488684549,53.230544886845486,457.1778441650193
15.1104,-95.4034,-25.8819,22.0,100.0,104.99999999999999,278.99999999999994,452.58805239893786,37.92,53.269999999999996,457.2871794335193
20.0827,-94.4818,-25.8819,20.9,100.0,104.99999999999999,282.0,452.69457108631445,38.58353178711103,53.259505587642074,457.4468696489564
25.0,-93.3013,-25.8819,21.1,100.0,104.99999999999999,284.99999999999994,452.7028054284332,38.90999999999999,53.21755798657996,457.4777881174438
29.8487,-91.865,-25.8819,21.8,100.0,104.99999999999999,287.99999999999994,452.9581028734254,39.29054488684549,53.18402619946894,457.75903106217754
34.6157,-90.1769,-25.8819,21.3,100.0,104.99999999999999,291.0,453.1335822615986,39.82706357422205,53.19646821288897,457.9804609331046
39.2877,-88.2417,-25.8819,21.9,100.0,104.99999999999999,294.0,453.41103929920337,40.14402619946894,53.127557986579966,458.2746456171286
43.8521,-86.0646,-25.8819,21.3,100.0,104.99999999999999,296.99999999999994,453.70618579208156,40.522442013420026,53.17597380053105,458.60555548571864
48.2963,-83.6516,-25.8819,21.6,100.0,104.99999999999999,300.0,454.0329869002655,40.79298690026552,53.19,458.9544607843156
52.6081,-81.0094,-25.8819,20.5,100.0,104.99999999999999,303.0,454.343269321073,41.06108977369099,53.1394551131545,459.2794586746583
56.7757,-78.145,-25.8819,20.7,100.0,104.99999999999999,305.99999999999994,454.82423819101933,41.29054488684549,53.18298690026552,459.7808465331364
60.7877,-75.0665,-25.8819,21.3,100.0,104.99999999999999,309.0,455.17815334791305,41.592442013420026,53.25054488684549,460.16595163984255
64.6331,-71.7823,-25.8819,20.6,100.0,104.99999999999999,311.99999999999994,455.6383653394634,41.62054488684549,53.24646821288897,460.6232474626552
68.3013,-68.3013,-25.8819,21.1,100.0,104.99999999999999,314.99999999999994,456.0516346605364,41.7694551131545,53.21836533946352,461.04227058524884
71.7823,-64.6331,-25.8819,21.1,100.0,104.99999999999999,318.0,456.5332188465853,41.857013099734466,53.22462156080201,461.5273012470076
75.0665,-60.7877,-25.8819,21.2,100.0,104.99999999999999,321.0,456.95085782737107,41.809455113154506,53.23701309973447,461.9375461789293
78.145,-56.7757,-25.8819,21.0,100.0,104.99999999999999,323.99999999999994,457.46670015920876,41.656468212888974,53.28641773840139,462.4397100313924
81.0094,-52.6081,-25.8819,21.3,100.0,104.99999999999999,327.0,457.9132493663036,41.599999999999994,53.315923326043475,462.87978096403725
83.6516,-48.2963,-25.8819,20.7,100.0,104.99999999999999,329.99999999999994,458.3014027142166,41.46592332604347,53.363481312623435,463.257228400057
86.0646,-43.8521,-25.8819,21.5,100.0,104.99999999999999,332.99999999999994,458.76539839396736,41.20298690026553,53.44646821288897,463.70238500304305
88.2417,-39.2877,-25.8819,20.1,100.0,104.99999999999999,335.99999999999994,459.01457108631445,41.10755798657997,53.493531787111024,463.94586509228844
90.1769,-34.6157,-25.8819,21.3,100.0,104.99999999999999,339.0,459.3824924879076,40.73298690026552,53.57592332604348,464.2863665739688
91.865,-29.8487,-25.8819,19.9,100.0,104.99999999999999,341.99999999999994,459.7469626252469,40.43592332604347,53.57054488684549,464.62042229958354
93.3013,-25.0,-25.8819,21.4,100.0,104.99999999999999,345.0,459.96103929920343,40.11701309973447,53.60298690026553,464.8083611746648
94.4818,-20.0827,-25.8819,20.5,100.0,104.99999999999999,347.99999999999994,460.2583348197453,39.589999999999996,53.67244201342003,465.0654081983831
95.4034,-15.1104,-25.8819,20.3,100.0,104.99999999999999,351.0,460.43407667395644,39.25054488684549,53.765973800531064,465.2213711505873
96.0634,-10.0967,-25.8819,20.6,100.0,104.99999999999999,353.99999999999994,460.738910226309,38.836518687376554,53.80407667395651,465.492746717947
96.4602,-5.0553,-25.8819,20.8,100.0,104.99999999999999,356.99999999999994,460.7947326033772,38.60054488684549,53.77457108631443,465.52496405251605
94.9753,-4.9774,-30.9017,21.0,100.0,107.99999999999997,356.99999999999994,460.78945511315453,38.53054488684549,53.79651868737655,465.5164768895257
94.5847,-9.9412,-30.9017,20.2,100.0,107.99999999999997,353.99999999999994,460.5721595926126,38.942936425777944,53.75675063369642,465.33112374733605
93.9347,-14.8778,-30.9017,20.5,100.0,107.99999999999997,351.0,460.46348131262334,39.34701309973447,53.75597380053106,465.2574661213452
93.0274,-19.7736,-30.9017,21.9,100.0,107.99999999999997,347.99999999999994,460.13620574685086,39.883531787111025,53.69108977369098,464.97178093730406
91.865,-24.6152,-30.9017,21.9,100.0,107.99999999999997,345.0,459.91244201342,40.063531787111025,53.598910226309,464.75518724964456
90.4508,-29.3893,-30.9017,20.6,100.0,107.99999999999997,341.99999999999994,459.71384472763657,40.3905448868455,53.56298690026553,464.5828329977334
88.7888,-34.0828,-30.9017,21.1,100.0,107.99999999999997,339.0,459.3943590947639,40.675923326043474,53.542986900265525,464.2893056626623
86.8833,-38.683,-30.9017,19.4,100.0,107.99999999999997,335.99999999999994,459.12935416417923,40.969455113154496,53.51353178711102,464.0495212709687
84.7398,-43.1771,-30.9017,21.0,100.0,107.99999999999997,332.99999999999994,458.68646821288894,41.12,53.498910226309,463.6229760452088
82.3639,-47.5528,-30.9017,20.7,100.0,107.99999999999997,329.99999999999994,458.2289607007966,41.40298690026552,53.42298690026553,463.18679091543805
79.7623,-51.7983,-30.9017,21.4,100.0,107.99999999999997,327.0,457.8962867410567,41.43646821288897,53.387013099734475,462.8565258013729
76.9421,-55.9017,-30.9017,22.1,100.0,107.99999999999997,323.99999999999994,457.4005448868454,41.57407667395651,53.34298690026552,462.37337354730647
73.911,-59.8519,-30.9017,21.6,100.0,107.99999999999997,321.0,456.8992431216041,41.57108977369099,53.29646821288897,461.871830050323
70.6773,-63.6381,-30.9017,20.5,100.0,107.99999999999997,318.0,456.5680523989378,41.75,53.269999999999996,461.5573007453779
67.2499,-67.2499,-30.9017,20.6,100.0,107.99999999999997,314.99999999999994,456.11488402684006,41.57,53.260544886845494,461.09168065847973
63.6381,-70.6773,-30.9017,20.5,100.0,107.99999999999997,311.99999999999994,455.67303737475305,41.57999999999999,53.25353178711102,460.65469935531314
59.8519,-73.911,-30.9017,19.7,100.0,107.99999999999997,309.0,455.26891022630895,41.35049441235791,53.207557986579964,460.22895197248585
55.9017,-76.9421,-30.9017,20.2,100.0,107.99999999999997,305.99999999999994,454.8256103855178,41.31244201342003,53.14999999999999,459.78035650478915
51.7983,-79.7623,-30.9017,20.4,100.0,107.99999999999997,303.0,454.4690916981413,41.03,53.23,459.4116336238489
47.5528,-82.3639,-30.9017,20.5,100.0,107.99999999999997,300.0,454.13379425314906,40.91244201342003,53.18755798657996,459.0645350262191
43.1771,-84.7398,-30.9017,21.1,100.0,107.99999999999997,296.99999999999994,453.7854289136855,40.5494551131545,53.120544886845494,458.67991681937264
38.683,-86.8833,-30.9017,20.9,100.0,107.99999999999997,294.0,453.49428866550693,40.099999999999994,53.22,458.36388192377694
34.0828,-88.7888,-30.9017,19.4,100.0,107.99999999999997,291.0,453.197063574222,39.74244201342003,53.14999999999999,458.0305258708064
29.3893,-90.4508,-30.9017,20.4,100.0,107.99999999999997,287.99999999999994,452.9865186873765,39.32,53.222986900265525,457.7942057814785
24.6152,-91.865,-30.9017,21.8,100.0,107.99999999999997,284.99999999999994,452.95103929920333,38.85,53.23,457.7197826205772
19.7736,-93.0274,-30.9017,21.3,100.0,107.99999999999997,282.0,452.7443391399945,38.51054488684549,53.22,457.4853736359143
14.8778,-93.9347,-30.9017,21.7,100.0,107.99999999999997,278.99999999999994,452.70267395973997,38.01701309973447,53.23,457.40401965365805
9.9412,-94.5847,-30.9017,19.6,100.0,107.99999999999997,276.0,452.61158418604884,37.69945511315451,53.24054488684549,457.28880444975005
4.9774,-94.9753,-30.9017,20.1,100.0,107.99999999999997,273.0,452.70831486497593,37.10298690026553,53.2794551131545,457.34030034752254
0.0,-95.1057,-30.9017,20.2,100.0,107.99999999999997,270.0,452.72620574685095,36.63701309973447,53.27999999999999,457.3205074111702
-4.9774,-94.9753,-30.9017,22.0,100.0,107.99999999999997,266.99999999999994,452.9099999999999,36.154026199468944,53.30298690026552,457.4667093056299
-9.9412,-94.5847,-30.9017,21.7,100.0,107.99999999999997,263.99999999999994,453.074621560802,35.78651868737655,53.31701309973447,457.6024382672181
-14.8778,-93.9347,-30.9017,21.4,100.0,107.99999999999997,260.99999999999994,453.2599495255124,35.35,53.38646821288897,457.7601111194769
-19.7736,-93.0274,-30.9017,22.6,100.0,107.99999999999997,258.0,453.48108977369094,35.027013099734475,53.419999999999995,457.95817148405956
-24.6152,-91.865,-30.9017,22.2,100.0,107.99999999999997,254.99999999999997,453.8275579865799,34.582986900265524,53.509455113154495,458.277969312854
-29.3893,-90.4508,-30.9017,22.5,100.0,107.99999999999997,252.0,454.2026540049704,34.357013099734466,53.63189712657453,458.64674384943544
-34.0828,-88.7888,-30.9017,20.9,100.0,107.99999999999997,249.0,454.4670635742219,33.96402619946894,53.6694551131545,458.8837296762623
-38.683,-86.8833,-30.9017,21.0,100.0,107.99999999999997,245.99999999999997,454.77810287342544,33.83054488684549,53.81054488684549,459.19843571326766
-43.1771,-84.7398,-30.9017,21.0,100.0,107.99999999999997,242.99999999999997,455.2503129405256,33.61298690026553,53.877557986579966,459.6579941384694
-47.5528,-82.3639,-30.9017,20.5,100.0,107.99999999999997,239.99999999999994,455.7595055876421,33.580544886845495,53.987557986579965,460.1728331244074
-51.7983,-79.7623,-30.9017,20.2,100.0,107.99999999999997,236.99999999999997,456.188153347913,33.38293642577794,54.116468212888975,460.59813702535007
-55.9017,-76.9421,-30.9017,21.8,100.0,107.99999999999997,233.99999999999997,456.65854681129565,33.338910226309004,54.15298690026552,461.0651334693424
-59.8519,-73.911,-30.9017,20.4,100.0,107.99999999999997,231.0,457.0994551131545,33.30836533946351,54.308910226309,461.5179485093718
-63.6381,-70.6773,-30.9017,21.7,100.0,107.99999999999997,228.0,457.54316837209774,33.33,54.44108977369098,461.97453618108096
-67.2499,-67.2499,-30.9017,20.6,100.0,107.99999999999997,224.99999999999997,457.98016151706275,33.26,54.503531787111015,462.40965703633776
-70.6773,-63.6381,-30.9017,22.1,100.0,107.99999999999997,221.99999999999997,458.33592332604337,33.51244201342003,54.56353178711102,462.78729604638306
-73.911,-59.8519,-30.9017,21.8,100.0,107.99999999999997,219.0,458.8294551131545,33.53592332604348,54.650544886845495,463.28804116790417
-76.9421,-55.9017,-30.9017,21.3,100.0,107.99999999999997,215.99999999999994,459.18217954738196,33.77108977369099,54.741089773691,463.66512423083765
-79.7623,-51.7983,-30.9017,20.8,100.0,107.99999999999997,212.99999999999997,459.4994551131545,33.985923326043476,54.81701309973446,464.00398399020895
-82.3639,-47.5528,-30.9017,21.8,100.0,107.99999999999997,209.99999999999997,459.79272443422747,34.32,54.91592332604347,464.33066932672165
-84.7398,-43.1771,-30.9017,21.7,100.0,107.99999999999997,207.0,460.19303737475303,34.51,54.954621560802025,464.74571776304924
-86.8833,-38.683,-30.9017,20.5,100.0,107.99999999999997,204.0,460.4959233260434,34.846468212888965,55.00542891368555,465.0767344823816
-88.7888,-34.0828,-30.9017,21.3,100.0,107.99999999999997,200.99999999999997,460.70179617759925,35.15,55.04054488684549,465.3075639646395
-90.4508,-29.3893,-30.9017,20.9,100.0,107.99999999999997,197.99999999999997,460.9440261994689,35.419999999999995,55.06298690026552,465.5705147615724
-91.865,-24.6152,-30.9017,21.1,100.0,107.99999999999997,194.99999999999997,461.0421795473819,35.831089773690984,55.071089773690986,465.70010011275775
-93.0274,-19.7736,-30.9017,20.8,100.0,107.99999999999997,192.0,461.18402619946886,36.1794551131545,55.15999999999999,465.8779717842829
-93.9347,-14.8778,-30.9017,21.3,100.0,107.99999999999997,188.99999999999997,461.3132188465854,36.65244201342003,55.18298690026553,466.0455443745596
-94.5847,-9.9412,-30.9017,21.3,100.0,107.99999999999997,186.0,461.3770130997345,37.08353178711101,55.15999999999999,466.14006708996624
-94.9753,-4.9774,-30.9017,21.0,100.0,107.99999999999997,182.99999999999997,461.4459233260434,37.46646821288897,55.13353178711103,466.23575873359664
-95.1057,0.0,-30.9017,20.7,100.0,107.99999999999997,180.0,461.3702824208074,37.74298690026553,55.14701309973446,466.18479556398177
-94.9753,4.9774,-30.9017,21.4,100.0,107.99999999999997,176.99999999999997,461.25054488684555,38.12298690026552,55.15701309973446,466.09840525654454
-94.5847,9.9412,-30.9017,21.3,100.0,107.99999999999997,173.99999999999997,461.21244201341995,38.59244201342003,55.134833552352475,466.0967100499499
-93.9347,14.8778,-30.9017,21.4,100.0,107.99999999999997,170.99999999999997,461.1067306789271,38.951634660536484,55.077820452618,466.0152499929024
-93.0274,19.7736,-30.9017,21.0,100.0,107.99999999999997,167.99999999999997,460.92792140159315,39.35,55.02298690026553,465.8653242247378
-91.865,24.6152,-30.9017,21.2,100.0,107.99999999999997,164.99999999999997,460.7308073528835,39.73646821288897,54.99592332604347,465.69991983310223
-90.4508,29.3893,-30.9017,21.5,100.0,107.99999999999997,161.99999999999997,460.48765893555503,40.007013099734465,54.93651868737655,465.47552697708915
-88.7888,34.0828,-30.9017,20.2,100.0,107.99999999999997,159.0,460.205973800531,40.38646821288898,54.86646821288897,465.22138221556594
-86.8833,38.683,-30.9017,21.3,100.0,107.99999999999997,155.99999999999997,459.96831486497587,40.74,54.758910226309,465.00444785926356
-84.7398,43.1771,-30.9017,20.9,100.0,107.99999999999997,152.99999999999997,459.66963658498673,41.002986900265526,54.699949525512416,464.7251921415609
-82.3639,47.5528,-30.9017,21.3,100.0,107.99999999999997,150.0,459.3616346605364,41.22244201342003,54.609999999999985,464.4293845392967
-79.7623,51.7983,-30.9017,21.8,100.0,107.99999999999997,147.0,459.01625622133844,41.40054488684549,54.494621560802,464.09006924457685
-76.9421,55.9017,-30.9017,21.4,100.0,107.99999999999997,143.99999999999997,458.6529869002655,41.61353178711102,54.43054488684549,463.7423127524713
-73.911,59.8519,-30.9017,21.3,100.0,107.99999999999997,141.0,458.2849345013276,41.58701309973447,54.345973800531056,463.36599542669467
-70.6773,63.6381,-30.9017,21.9,100.0,107.99999999999997,138.0,457.9237942531491,41.787013099734466,54.24054488684549,463.0144625350483
-67.2499,67.2499,-30.9017,20.5,100.0,107.99999999999997,135.0,457.475216922135,41.82348131262344,54.173481312623444,462.56625878309694
-63.6381,70.6773,-30.9017,20.6,100.0,107.99999999999997,131.99999999999997,457.07467203528955,41.84,54.077557986579954,462.1603874132436
-59.8519,73.911,-30.9017,21.0,100.0,107.99999999999997,129.0,456.69402619946896,41.75701309973447,54.00407667395651,461.76782261944066
-55.9017,76.9421,-30.9017,20.8,100.0,107.99999999999997,126.0,456.3219476010621,41.56298690026553,53.925973800531054,461.37318126743526
-51.7983,79.7623,-30.9017,22.2,100.0,107.99999999999997,122.99999999999999,455.9662362665691,41.61701309973447,53.805428913685546,461.0121566456029
-47.5528,82.3639,-30.9017,21.2,100.0,107.99999999999997,119.99999999999997,455.63940463866686,41.34646821288897,53.72994952551241,460.6557336766496
-43.1771,84.7398,-30.9017,21.9,100.0,107.99999999999997,116.99999999999999,455.29158418604896,41.06810287342546,53.68135223972903,460.2811133237494
-38.683,86.8833,-30.9017,20.0,100.0,107.99999999999997,114.0,454.95653864214586,40.902179547381984,53.5605448868455,459.9208326587788
-34.0828,88.7888,-30.9017,20.5,100.0,107.99999999999997,110.99999999999999,454.6518971265744,40.56244201342003,53.53298690026552,459.5861616164582
-29.3893,90.4508,-30.9017,21.4,100.0,107.99999999999997,107.99999999999997,454.46244201342,40.385923326043475,53.47999999999999,459.37701771387975
-24.6152,91.865,-30.9017,22.4,100.0,107.99999999999997,104.99999999999999,454.2377899328998,39.82353178711102,53.42651868737655,459.09941884757035
-19.7736,93.0274,-30.9017,20.1,100.0,107.99999999999997,102.0,454.0787287544767,39.48457108631444,53.43542891368555,458.91379182188604
-14.8778,93.9347,-30.9017,21.3,100.0,107.99999999999997,98.99999999999999,454.0316346605365,39.19108977369098,53.361634660536474,458.83344564647086
-9.9412,94.5847,-30.9017,21.1,100.0,107.99999999999997,96.0,453.9318971265744,38.74646821288897,53.33646821288897,458.6940536668509
-4.9774,94.9753,-30.9017,21.4,100.0,107.99999999999997,93.0,453.8448840268399,38.3405448868455,53.37597380053105,458.5784237387439
0.0,95.1057,-30.9017,21.8,100.0,107.99999999999997,90.0,453.84646821288896,37.92651868737655,53.400000000000006,458.54835898633064
4.9774,94.9753,-30.9017,20.0,100.0,107.99999999999997,86.99999999999999,453.95506549867235,37.497013099734474,53.414076673956515,458.62216591682187
9.9412,94.5847,-30.9017,20.6,100.0,107.99999999999997,83.99999999999999,454.0278204526179,37.09189712657454,53.46646821288897,458.6673454700726
14.8778,93.9347,-30.9017,21.6,100.0,107.99999999999997,80.99999999999999,454.1629869002655,36.65,53.50597380053106,458.77023704956474
19.7736,93.0274,-30.9017,20.6,100.0,107.99999999999997,77.99999999999999,454.323269321073,36.28891022630901,53.588910226309004,458.90989240944106
24.6152,91.865,-30.9017,21.1,100.0,107.99999999999997,75.0,454.5851159731599,35.96646821288898,53.605973800531046,459.1457447555658
29.3893,90.4508,-30.9017,22.0,100.0,107.99999999999997,71.99999999999999,454.8116346605365,35.78,53.63646821288897,459.35901226049936
34.0828,88.7888,-30.9017,21.6,100.0,107.99999999999997,69.0,455.07885975182137,35.28511597315993,53.66810287342546,459.5890264881113
38.683,86.8833,-30.9017,21.1,100.0,107.99999999999997,65.99999999999999,455.2951664476475,35.24,53.67999999999999,459.80114026673647
43.1771,84.7398,-30.9017,21.1,100.0,107.99999999999997,63.0,455.6848335523525,34.98701309973447,53.76537843919798,460.17765540493855
47.5528,82.3639,-30.9017,21.3,100.0,107.99999999999997,59.999999999999986,456.06090830185866,34.77298690026553,53.75701309973447,460.5328752179234
51.7983,79.7623,-30.9017,21.7,100.0,107.99999999999997,57.0,456.41049441235793,34.56,53.79244201342003,460.8671824153898
55.9017,76.9421,-30.9017,20.9,100.0,107.99999999999997,53.999999999999986,456.7405448868455,34.44945511315451,53.85163466053649,461.19268083604453
59.8519,73.911,-30.9017,20.1,100.0,107.99999999999997,51.0,457.0801814718323,34.33706357422205,53.83348131262345,461.51854777404117
63.6381,70.6773,-30.9017,22.1,100.0,107.99999999999997,48.0,457.5184158139509,34.18108977369099,53.8494551131545,461.9428660808694
67.2499,67.2499,-30.9017,20.9,100.0,107.99999999999997,45.0,457.86792140159315,34.29999999999999,53.85542891368556,462.2985298182253
70.6773,63.6381,-30.9017,21.1,100.0,107.99999999999997,41.99999999999999,458.20321884658534,34.467013099734466,53.86298690026552,462.643908542204
73.911,59.8519,-30.9017,21.9,100.0,107.99999999999997,38.99999999999999,458.65353178711104,34.427013099734474,53.90054488684549,463.0912979001642
76.9421,55.9017,-30.9017,20.5,100.0,107.99999999999997,35.99999999999999,458.95049441235784,34.542986900265525,53.942936425777944,463.39897998978716
79.7623,51.7983,-30.9017,21.5,100.0,107.99999999999997,32.99999999999999,459.31135223972905,34.66706357422205,53.90755798657996,463.7615210441936
82.3639,47.5528,-30.9017,20.5,100.0,107.99999999999997,29.999999999999993,459.64005047448757,34.87,53.91298690026552,464.1029013663863
84.7398,43.1771,-30.9017,21.1,100.0,107.99999999999997,26.999999999999993,459.91277490871505,35.097013099734475,53.90108977369099,464.3887254569697
86.8833,38.683,-30.9017,21.2,100.0,107.99999999999997,24.0,460.1585468112957,35.423531787111024,53.935428913685556,464.66089280233075
88.7888,34.0828,-30.9017,21.3,100.0,107.99999999999997,20.999999999999996,460.3092431216041,35.67651868737655,53.94407667395652,464.8304816780419
90.4508,29.3893,-30.9017,21.2,100.0,107.99999999999997,17.999999999999996,460.56438961448214,35.83054488684549,53.992936425777934,465.10065804267236
91.865,24.6152,-30.9017,18.4,100.0,107.99999999999997,14.999999999999996,460.73519696736565,36.249455113154504,53.972986900265525,465.29993341445265
93.0274,19.7736,-30.9017,20.8,100.0,107.99999999999997,12.0,460.7711402481784,36.75755798657996,53.921089773690994,465.3693647814881
93.9347,14.8778,-30.9017,20.7,100.0,107.99999999999997,8.999999999999998,460.8640766739565,37.109455113154496,53.932986900265526,465.4906829393236
94.5847,9.9412,-30.9017,20.1,100.0,107.99999999999997,6.0,460.9270130997344,37.28,53.92402619946893,465.56558120913934
94.9753,4.9774,-30.9017,21.1,100.0,107.99999999999997,3.0,460.9405448868455,37.660544886845486,53.898910226309006,465.6066957050122
95.1057,0.0,-30.9017,20.9,100.0,107.99999999999997,0.0,460.9049345013276,38.13407667395652,53.8494551131545,465.6042635838207
93.358,0.0,-35.8368,20.5,100.0,110.99999999999999,0.0,460.8754289136854,38.2805448868455,53.86597380053105,465.5889863674685
93.2301,4.886,-35.8368,21.5,100.0,110.99999999999999,3.0,460.8872250912849,37.86348131262344,53.93945511315451,465.5750662217213
92.8466,9.7586,-35.8368,20.8,100.0,110.99999999999999,6.0,460.90044393787025,37.470544886845495,53.930544886845496,465.55532928754565
92.2087,14.6044,-35.8368,20.0,100.0,110.99999999999999,8.999999999999998,460.80374377866144,37.15651868737655,53.919455113154505,465.4331367673504
91.3179,19.4102,-35.8368,21.8,100.0,110.99999999999999,12.0,460.7383348197452,36.80646821288897,53.91244201342002,465.33974758087066
90.1769,24.1628,-35.8368,21.7,100.0,110.99999999999999,14.999999999999996,460.6156103855178,36.345923326043476,53.973531787111014,465.18911079991983
88.7888,28.8492,-35.8368,20.6,100.0,110.99999999999999,17.999999999999996,460.5227244342273,36.05348131262344,53.986468212888965,465.0758776642627
87.1572,33.4565,-35.8368,21.2,100.0,110.99999999999999,20.999999999999996,460.33358226159856,35.74646821288897,53.984026199468936,464.86459537396047
85.2868,37.9721,-35.8368,21.6,100.0,110.99999999999999,24.0,460.05656916186405,35.319455113154504,53.94407667395652,464.5529831425914
83.1826,42.3837,-35.8368,20.9,100.0,110.99999999999999,26.999999999999993,459.8321290728944,35.2,53.94054488684549,464.3212350414321
80.8504,46.679,-35.8368,21.8,100.0,110.99999999999999,29.999999999999993,459.4965186873764,34.96597380053105,53.96750751209238,463.97431165605025
78.2966,50.8464,-35.8368,21.2,100.0,110.99999999999999,32.99999999999999,459.2349345013277,34.809455113154506,53.90755798657996,463.696504235033
75.5282,54.8745,-35.8368,20.8,100.0,110.99999999999999,35.99999999999999,458.92919264711645,34.5794551131545,53.91646821288897,463.377522247474
72.5528,58.7521,-35.8368,20.8,100.0,110.99999999999999,38.99999999999999,458.59444008896963,34.59701309973447,53.88542891368556,463.0436839490963
69.3785,62.4687,-35.8368,21.1,100.0,110.99999999999999,41.99999999999999,458.2040766739565,34.44651868737655,53.8805448868455,462.6452762620798
66.0141,66.0141,-35.8368,20.8,100.0,110.99999999999999,45.0,457.876801108184,34.46646821288897,53.879999999999995,462.32256793729374
62.4687,69.3785,-35.8368,20.9,100.0,110.99999999999999,48.0,457.6534613578541,34.3505448868455,53.86108977369099,462.0905404987833
58.7521,72.5528,-35.8368,21.1,100.0,110.99999999999999,51.0,457.24516644764753,34.419949525512415,53.83945511315451,461.6888152121048
54.8745,75.5282,-35.8368,20.6,100.0,110.99999999999999,53.999999999999986,456.85542891368556,34.593481312623446,53.76108977369099,461.30667310465964
50.8464,78.2966,-35.8368,20.1,100.0,110.99999999999999,57.0,456.4675579865799,34.7105448868455,53.76,460.93122157277804
46.679,80.8504,-35.8368,20.7,100.0,110.99999999999999,59.999999999999986,456.0697375339619,34.739999999999995,53.77293642577795,460.5409881716802
42.3837,83.1826,-35.8368,22.0,100.0,110.99999999999999,63.0,455.8005448868455,35.14244201342003,53.66592332604347,460.29247145293243
37.9721,85.2868,-35.8368,20.1,100.0,110.99999999999999,65.99999999999999,455.4711402481786,35.24646821288897,53.68402619946893,459.9763556852063
33.4565,87.1572,-35.8368,20.5,100.0,110.99999999999999,69.0,455.14103929920344,35.572986900265526,53.61597380053105,459.66670066249605
28.8492,88.7888,-35.8368,20.9,100.0,110.99999999999999,71.99999999999999,454.92891022630886,35.782986900265534,53.65646821288897,459.4776948800478
24.1628,90.1769,-35.8368,21.0,100.0,110.99999999999999,75.0,454.68787092710556,36.15407667395652,53.57,459.25801259027645
19.4102,91.3179,-35.8368,21.1,100.0,110.99999999999999,77.99999999999999,454.54189712657455,36.4594551131545,53.53049441235791,459.1330329464491
14.6044,92.2087,-35.8368,20.3,100.0,110.99999999999999,80.99999999999999,454.36815334791305,36.70298690026552,53.49348131262344,458.9761220010663
9.7586,92.8466,-35.8368,20.9,100.0,110.99999999999999,83.99999999999999,454.24537843919785,37.0705448868455,53.47706357422205,458.88221305700995
4.886,93.2301,-35.8368,21.5,100.0,110.99999999999999,86.99999999999999,454.106801108184,37.55353178711102,53.459999999999994,458.78232982798426
0.0,93.358,-35.8368,20.4,100.0,110.99999999999999,90.0,454.12402619946886,38.03402619946894,53.43298690026552,458.8358120391669
-4.886,93.2301,-35.8368,20.6,100.0,110.99999999999999,93.0,454.1181028734254,38.46049441235791,53.413481312623446,458.8632268702037
-9.7586,92.8466,-35.8368,21.5,100.0,110.99999999999999,96.0,454.19521692213505,38.7805448868455,53.38999999999999,458.96374348816045
-14.6044,92.2087,-35.8368,22.0,100.0,110.99999999999999,98.99999999999999,454.2426739597399,39.1494551131545,53.374026199468936,459.0401652954707
-19.4102,91.3179,-35.8368,21.2,100.0,110.99999999999999,102.0,454.38130176524146,39.51945511315451,53.42592332604348,459.2150738048092
-24.1628,90.1769,-35.8368,20.5,100.0,110.99999999999999,104.99999999999999,454.5533503152787,39.92701309973447,53.47298690026553,459.4260277628454
-28.8492,88.7888,-35.8368,21.2,100.0,110.99999999999999,107.99999999999997,454.76701309973436,40.20701309973447,53.55005047448758,459.6708039585246
-33.4565,87.1572,-35.8368,20.9,100.0,110.99999999999999,110.99999999999999,454.9260242750186,40.50999999999999,53.55592332604348,459.85539529941354
-37.9721,85.2868,-35.8368,21.6,100.0,110.99999999999999,114.0,455.21516644764745,40.75999999999999,53.613531787111015,460.1702251935113
-42.3837,83.1826,-35.8368,21.6,100.0,110.99999999999999,116.99999999999999,455.4850654986724,41.11646821288897,53.66348131262344,460.4747312038106
-46.679,80.8504,-35.8368,21.0,100.0,110.99999999999999,119.99999999999997,455.7872450460543,41.352442013420024,53.79592332604347,460.81019799223924
-50.8464,78.2966,-35.8368,19.5,100.0,110.99999999999999,122.99999999999999,456.11212907289445,41.543531787111014,53.81999999999999,461.1515279393048
-54.8745,75.5282,-35.8368,20.5,100.0,110.99999999999999,126.0,456.5247830778648,41.79407667395652,53.89592332604348,461.5911534686154
-58.7521,72.5528,-35.8368,19.6,100.0,110.99999999999999,129.0,456.87810287342546,41.55,54.0205448868455,461.93313656317406
-62.4687,69.3785,-35.8368,20.1,100.0,110.99999999999999,131.99999999999997,457.1794551131545,41.68999999999998,54.10999999999999,462.25426161103246
-66.0141,66.0141,-35.8368,20.6,100.0,110.99999999999999,135.0,457.57782045261797,41.595923326043476,54.18402619946894,462.64845325873415
-69.3785,62.4687,-35.8368,20.5,100.0,110.99999999999999,138.0,457.93891022630896,41.6005448868455,54.243531787111024,463.0129712814547
-72.5528,58.7521,-35.8368,20.9,100.0,110.99999999999999,141.0,458.3121290728943,41.717013099734466,54.33701309973447,463.4035259143951
-75.5282,54.8745,-35.8368,20.2,100.0,110.99999999999999,143.99999999999997,458.7053784391979,41.41701309973447,54.42348131262344,463.7757092618552
-78.2966,50.8464,-35.8368,20.5,100.0,110.99999999999999,147.0,459.00755798658,41.44244201342003,54.52646821288897,464.08894624264695
-80.8504,46.679,-35.8368,20.9,100.0,110.99999999999999,150.0,459.38303737475303,41.063531787111025,54.586468212888974,464.43371021324623
-83.1826,42.3837,-35.8368,21.7,100.0,110.99999999999999,152.99999999999997,459.62371325894327,40.81,54.6794551131545,464.66036704394185
-85.2868,37.9721,-35.8368,22.7,100.0,110.99999999999999,155.99999999999997,459.94298690026545,40.612986900265525,54.739999999999995,464.96605629196085
-87.1572,33.4565,-35.8368,21.0,100.0,110.99999999999999,159.0,460.26483355235246,40.33353178711102,54.82999999999999,465.27071656337523
-88.7888,28.8492,-35.8368,20.8,100.0,110.99999999999999,161.99999999999997,460.5296671047049,39.9594551131545,54.91293642577795,465.51021785070634
-90.1769,24.1628,-35.8368,20.3,100.0,110.99999999999999,164.99999999999997,460.6816346605365,39.599999999999994,54.92402619946893,465.63116000485184
-91.3179,19.4102,-35.8368,22.0,100.0,110.99999999999999,167.99999999999997,460.8026739597398,39.35402619946894,54.962936425777954,465.73465416167915
-92.2087,14.6044,-35.8368,20.9,100.0,110.99999999999999,170.99999999999997,461.11103929920336,38.97999999999999,54.989999999999995,466.01151387448726
-92.8466,9.7586,-35.8368,20.0,100.0,110.99999999999999,173.99999999999997,461.1839757249813,38.49701309973447,55.04999999999999,466.05062169586387
-93.2301,4.886,-35.8368,21.4,100.0,110.99999999999999,176.99999999999997,461.30085782737103,38.178910226309,55.085428913685554,466.1443071592119
-93.358,0.0,-35.8368,20.8,100.0,110.99999999999999,180.0,461.2928859512903,37.870544886845494,55.082986900265524,466.11097417369564
-93.2301,-4.886,-35.8368,21.2,100.0,110.99999999999999,182.99999999999997,461.3338447276367,37.515973800531064,55.082936425777945,466.1228319516988
-92.8466,-9.7586,-35.8368,20.1,100.0,110.99999999999999,186.0,461.23651868737653,37.03298690026553,55.08760846106754,465.9884257098729
-92.2087,-14.6044,-35.8368,21.3,100.0,110.99999999999999,188.99999999999997,461.2221290728944,36.66353178711102,55.10407667395653,465.94691347376414
-91.3179,-19.4102,-35.8368,20.6,100.0,110.99999999999999,192.0,461.1229869002656,36.20298690026552,55.11000000000001,465.8134577363811
-90.1769,-24.1628,-35.8368,20.1,100.0,110.99999999999999,194.99999999999997,461.1513522397289,35.7805448868455,55.081089773690984,465.8054781940499
-88.7888,-28.8492,-35.8368,20.7,100.0,110.99999999999999,197.99999999999997,460.875216922135,35.47651868737655,55.03298690026551,465.5031456374549
-87.1572,-33.4565,-35.8368,20.3,100.0,110.99999999999999,200.99999999999997,460.725711334493,35.31891022630901,54.96651868737654,465.33528200734827
-85.2868,-37.9721,-35.8368,20.5,100.0,110.99999999999999,204.0,460.4534813126234,35.01,54.96999999999999,465.0428038932701
-83.1826,-42.3837,-35.8368,21.5,100.0,110.99999999999999,207.0,460.12828434525767,34.70755798657997,54.90353178711102,464.69027366472864
-80.8504,-46.679,-35.8368,21.3,100.0,110.99999999999999,209.99999999999997,459.874621560802,34.45402619946894,54.85402619946894,464.4143749576843
-78.2966,-50.8464,-35.8368,20.6,100.0,110.99999999999999,212.99999999999997,459.5309083018587,34.11701309973447,54.78298690026552,464.04073304106976
-75.5282,-54.8745,-35.8368,21.1,100.0,110.99999999999999,215.99999999999994,459.26922316683465,33.853531787111024,54.687013099734465,463.75095726531845
-72.5528,-58.7521,-35.8368,20.5,100.0,110.99999999999999,219.0,458.8544400889697,33.757013099734465,54.65945511315449,463.329892361851
-69.3785,-62.4687,-35.8368,20.5,100.0,110.99999999999999,221.99999999999997,458.5464177384013,33.579455113154495,54.58592332604347,463.00326138351716
-66.0141,-66.0141,-35.8368,21.2,100.0,110.99999999999999,224.99999999999997,458.05506549867226,33.53298690026553,54.46298690026553,462.4987796541141
-62.4687,-69.3785,-35.8368,20.3,100.0,110.99999999999999,228.0,457.5979214015931,33.52,54.349999999999994,462.0317852389147
-58.7521,-72.5528,-35.8368,20.3,100.0,110.99999999999999,231.0,457.23532796471034,33.28407667395651,54.24651868737655,461.64343349465497
-54.8745,-75.5282,-35.8368,20.3,100.0,110.99999999999999,233.99999999999997,456.7610392992034,33.39353178711102,54.21999999999999,461.1784723801678
-50.8464,-78.2966,-35.8368,19.8,100.0,110.99999999999999,236.99999999999997,456.3171140487096,33.4994551131545,54.103531787111024,460.73280132682135
-46.679,-80.8504,-35.8368,21.3,100.0,110.99999999999999,239.99999999999994,455.9045710863144,33.59298690026553,53.94950558764208,460.31295425984774
-42.3837,-83.1826,-35.8368,21.1,100.0,110.99999999999999,242.99999999999997,455.47919264711646,33.78646821288897,53.90755798657996,459.90090799741427
-37.9721,-85.2868,-35.8368,21.7,100.0,110.99999999999999,245.99999999999997,455.06298690026546,33.91298690026552,53.777013099734475,459.4827307582057
-33.4565,-87.1572,-35.8368,21.8,100.0,110.99999999999999,249.0,454.71374377866147,34.2005448868455,53.72353178711102,459.1519181267177
-28.8492,-88.7888,-35.8368,21.0,100.0,110.99999999999999,252.0,454.31891022630896,34.423481312623444,53.59298690026553,458.76230937141463
-24.1628,-90.1769,-35.8368,21.2,100.0,110.99999999999999,254.99999999999997,453.9557618089806,34.815923326043475,53.548910226309005,458.4271675883118
-19.4102,-91.3179,-35.8368,22.1,100.0,110.99999999999999,258.0,453.69782045261803,35.03163466053649,53.509455113154495,458.18357619730546
-14.6044,-92.2087,-35.8368,21.2,100.0,110.99999999999999,260.99999999999994,453.40384472763657,35.4494551131545,53.38,457.90952674258955
-9.7586,-92.8466,-35.8368,20.9,100.0,110.99999999999999,263.99999999999994,453.18488402684,35.757013099734465,53.32646821288897,457.71040550581245
-4.886,-93.2301,-35.8368,22.2,100.0,110.99999999999999,266.99999999999994,452.9997574887314,36.23462156080202,53.33103929920341,457.5652170316677
0.0,-93.358,-35.8368,20.9,100.0,110.99999999999999,270.0,452.83597380053095,36.70402619946894,53.33298690026553,457.4407198739858
4.886,-93.2301,-35.8368,21.6,100.0,110.99999999999999,273.0,452.90075687839595,37.127557986579966,53.29298690026553,457.53436329506735
9.7586,-92.8466,-35.8368,22.2,100.0,110.99999999999999,276.0,452.89125129075387,37.538910226309,53.25353178711102,457.5539246083291
14.6044,-92.2087,-35.8368,21.6,100.0,110.99999999999999,278.99999999999994,452.8414531887041,38.06701309973447,53.266518687376546,457.5497800518161
19.4102,-91.3179,-35.8368,21.9,100.0,110.99999999999999,282.0,453.0399999999999,38.44353178711103,53.30592332604347,457.7823371405985
24.1628,-90.1769,-35.8368,22.0,100.0,110.99999999999999,284.99999999999994,453.14537843919794,38.86999999999999,53.2994551131545,457.9218741402982
28.8492,-88.7888,-35.8368,21.1,100.0,110.99999999999999,287.99999999999994,453.2060747495062,39.32298690026552,53.23597380053105,458.0132229478798
33.4565,-87.1572,-35.8368,21.8,100.0,110.99999999999999,291.0,453.5369121507593,39.678910226309,53.2994551131545,458.3786409894687
37.9721,-85.2868,-35.8368,20.4,100.0,110.99999999999999,294.0,453.716730678927,39.97108977369099,53.24108977369098,458.57515562441955
42.3837,-83.1826,-35.8368,21.5,100.0,110.99999999999999,296.99999999999994,453.95444008896965,40.362936425777946,53.267557986579966,458.8477231579721
46.679,-80.8504,-35.8368,20.5,100.0,110.99999999999999,300.0,454.2909888247158,40.66298690026552,53.21402619946895,459.20095123523754
50.8464,-78.2966,-35.8368,20.6,100.0,110.99999999999999,303.0,454.6775075120924,40.870595361333066,53.285973800531046,459.6100917152163
54.8745,-75.5282,-35.8368,21.8,100.0,110.99999999999999,305.99999999999994,455.0294046386668,41.007013099734465,53.27597380053105,459.969198527006
58.7521,-72.5528,-35.8368,21.2,100.0,110.99999999999999,309.0,455.42506549867227,41.2594551131545,53.22646821288897,460.3774428000595
62.4687,-69.3785,-35.8368,21.0,100.0,110.99999999999999,311.99999999999994,455.8470130997344,41.420050474487574,53.245973800531054,460.8115164134088
66.0141,-66.0141,-35.8368,21.5,100.0,110.99999999999999,314.99999999999994,456.3039252504938,41.51407667395652,53.32,461.2805146124204
69.3785,-62.4687,-35.8368,21.7,100.0,110.99999999999999,318.0,456.6845710863144,41.5694551131545,53.35646821288896,461.66625365825536
72.5528,-58.7521,-35.8368,21.6,100.0,110.99999999999999,321.0,457.1212712455233,41.52298690026553,53.406468212888974,462.09984409564265
75.5282,-54.8745,-35.8368,19.7,100.0,110.99999999999999,323.99999999999994,457.60072635867766,41.38,53.41,462.56173346266917
78.2966,-50.8464,-35.8368,21.5,100.0,110.99999999999999,327.0,457.905973800531,41.36592332604348,53.463531787111016,462.86863113196614
80.8504,-46.679,-35.8368,21.4,100.0,110.99999999999999,329.99999999999994,458.35630669582605,41.16701309973446,53.499455113154504,463.3005704214018
83.1826,-42.3837,-35.8368,20.6,100.0,110.99999999999999,332.99999999999994,458.8940766739564,41.10054488684549,53.53353178711102,463.8306451950326
85.2868,-37.9721,-35.8368,20.9,100.0,110.99999999999999,335.99999999999994,459.14498497581513,40.83353178711103,53.55701309973447,464.0580224485033
87.1572,-33.4565,-35.8368,21.2,100.0,110.99999999999999,339.0,459.48402619946893,40.68999999999999,53.55298690026552,464.38041392635654
88.7888,-28.8492,-35.8368,21.1,100.0,110.99999999999999,341.99999999999994,459.82836533946346,40.35,53.578910226309,464.6944670337726
90.1769,-24.1628,-35.8368,21.0,100.0,110.99999999999999,345.0,460.1464177384014,39.90999999999999,53.653531787111014,464.97982249847564
91.3179,-19.4102,-35.8368,21.2,100.0,110.99999999999999,347.99999999999994,460.3221290728944,39.643481312623436,53.71054488684549,465.1374966145265
92.2087,-14.6044,-35.8368,21.3,100.0,110.99999999999999,351.0,460.57810287342545,39.470544886845495,53.7694551131545,465.382925195278
92.8466,-9.7586,-35.8368,20.5,100.0,110.99999999999999,353.99999999999994,460.65163466053633,39.10651868737655,53.775973800531055,465.42572305091363
93.2301,-4.886,-35.8368,20.3,100.0,110.99999999999999,356.99999999999994,460.8210392992034,38.65999999999999,53.80999999999999,465.56003045879913
91.2293,-4.7811,-40.6737,20.7,100.0,114.0,356.99999999999994,460.70701309973435,38.61999999999999,53.788960700796586,465.4414126531401
90.8541,-9.5492,-40.6737,19.3,100.0,114.0,353.99999999999994,460.51651868737645,38.987557986579965,53.79,465.28363152135245
90.2298,-14.291,-40.6737,19.0,100.0,114.0,351.0,460.4507064039083,39.22,53.79,465.23803104202284
89.3582,-18.9937,-40.6737,20.7,100.0,114.0,347.99999999999994,460.1796870594743,39.54,53.77,464.9945901643972
88.2417,-23.6443,-40.6737,20.5,100.0,114.0,345.0,459.96010094897514,40.143481312623436,53.70999999999999,464.8220709657496
86.8833,-28.2301,-40.6737,21.3,100.0,114.0,341.99999999999994,459.7257113344929,40.269999999999996,53.63999999999999,464.5929962472589
85.2868,-32.7385,-40.6737,21.3,100.0,114.0,339.0,459.4150654986724,40.46353178711102,53.58706357422204,464.2963204617755
83.4565,-37.1572,-40.6737,20.8,100.0,114.0,335.99999999999994,459.10805239893784,40.82298690026552,53.55298690026552,464.0200884045271
81.3975,-41.4741,-40.6737,19.7,100.0,114.0,332.99999999999994,458.73059536133303,40.97353178711102,53.53646821288897,463.658002040709
79.1154,-45.6773,-40.6737,20.9,100.0,114.0,329.99999999999994,458.4450150241847,41.07293642577795,53.467013099734466,463.3762395688499
76.6164,-49.7553,-40.6737,20.9,100.0,114.0,327.0,458.011190722666,41.27,53.44646821288897,462.96218926779073
73.9074,-53.6969,-40.6737,21.8,100.0,114.0,323.99999999999994,457.60272443422747,41.453531787111025,53.43298690026552,462.5729486214434
70.9958,-57.4913,-40.6737,21.4,100.0,114.0,321.0,457.24108977369093,41.30108977369099,53.36054488684548,462.19318682186133
67.8897,-61.1281,-40.6737,21.1,100.0,114.0,318.0,456.81080735288344,41.50402619946893,53.369455113154494,461.78674368612445
64.5974,-64.5974,-40.6737,21.2,100.0,114.0,314.99999999999994,456.45493450132756,41.33701309973446,53.34298690026552,461.4166556747391
61.1281,-67.8897,-40.6737,21.4,100.0,114.0,311.99999999999994,456.0543391399946,41.09298690026553,53.36706357422205,461.00134196695967
57.4913,-70.9958,-40.6737,20.6,100.0,114.0,309.0,455.5895560621296,41.08651868737655,53.36651868737655,460.5409112419293
53.6969,-73.9074,-40.6737,20.8,100.0,114.0,305.99999999999994,455.1687181895279,40.97999999999999,53.318365339463504,460.10952011534204
49.7553,-76.6164,-40.6737,21.3,100.0,114.0,303.0,454.7994551131545,40.779999999999994,53.262442013420035,459.71995877975013
45.6773,-79.1154,-40.6737,21.0,100.0,114.0,300.0,454.5373260402601,40.4794551131545,53.31298690026553,459.43992166801905
41.4741,-81.3975,-40.6737,22.2,100.0,114.0,296.99999999999994,454.2319476010621,40.233531787111026,53.24646821288897,459.1084683151299
37.1572,-83.4565,-40.6737,21.3,100.0,114.0,294.0,454.0239757249814,39.79402619946893,53.323531787111015,458.8733312108403
32.7385,-85.2868,-40.6737,20.7,100.0,114.0,291.0,453.7519476010621,39.599999999999994,53.26945511315451,458.5810994794807
28.2301,-86.8833,-40.6737,20.8,100.0,114.0,287.99999999999994,453.5441776229317,39.25298690026552,53.31298690026553,458.3507310002699
23.6443,-88.2417,-40.6737,21.3,100.0,114.0,284.99999999999994,453.4150654986724,38.89999999999999,53.25999999999999,458.1867078180743
18.9937,-89.3582,-40.6737,20.6,100.0,114.0,282.0,453.228647760271,38.38244201342003,53.24755798657996,457.95711746521806
14.291,-90.2298,-40.6737,20.4,100.0,114.0,278.99999999999994,453.2456608600054,38.00054488684549,53.27701309973447,457.9455323779777
9.5492,-90.8541,-40.6737,20.8,100.0,114.0,276.0,453.16945511315447,37.63646821288897,53.272442013420026,457.8395044829207
4.7811,-91.2293,-40.6737,20.8,100.0,114.0,273.0,453.21005047448756,37.14353178711102,53.28701309973446,457.84112699690814
0.0,-91.3545,-40.6737,20.9,100.0,114.0,270.0,453.28293642577796,36.743531787111024,53.309999999999995,457.88367920571955
-4.7811,-91.2293,-40.6737,21.3,100.0,114.0,266.99999999999994,453.4262362665691,36.25244201342003,53.33592332604348,457.9894234628618
-9.5492,-90.8541,-40.6737,23.3,100.0,114.0,263.99999999999994,453.483864682406,35.902986900265525,53.3505448868455,458.02065524971107
-14.291,-90.2298,-40.6737,20.8,100.0,114.0,260.99999999999994,453.75880927733374,35.484026199468936,53.363531787111015,458.261758863755
-18.9937,-89.3582,-40.6737,21.3,100.0,114.0,258.0,453.9270130997343,35.209999999999994,53.43999999999999,458.4160892918641
-23.6443,-88.2417,-40.6737,20.6,100.0,114.0,254.99999999999997,454.19901117528417,34.90706357422204,53.483531787111026,458.66734461088856
-28.2301,-86.8833,-40.6737,22.0,100.0,114.0,252.0,454.56186660685637,34.629455113154506,53.591089773690996,459.0181855195666
-32.7385,-85.2868,-40.6737,21.1,100.0,114.0,249.0,454.8862057468509,34.300544886845486,53.626468212888966,459.31882788678377
-37.1572,-83.4565,-40.6737,22.2,100.0,114.0,245.99999999999997,455.23950558764204,34.10597380053106,53.7694551131545,459.6709466561149
-41.4741,-81.3975,-40.6737,21.0,100.0,114.0,242.99999999999997,455.59836533946344,34.0194551131545,53.799455113154494,460.0234507029609
-45.6773,-79.1154,-40.6737,21.3,100.0,114.0,239.99999999999994,455.9886982347586,33.829455113154495,53.937013099734465,460.4121266139757
-49.7553,-76.6164,-40.6737,21.3,100.0,114.0,236.99999999999997,456.45049441235784,33.58244201342003,53.9594551131545,460.85405179620494
-53.6969,-73.9074,-40.6737,22.3,100.0,114.0,233.99999999999997,456.7970130997344,33.79,54.11402619946893,461.2305314139077
-57.4913,-70.9958,-40.6737,21.3,100.0,114.0,231.0,457.22103929920337,33.67298690026553,54.23999999999999,461.6567192456199
-61.1281,-67.8897,-40.6737,22.1,100.0,114.0,228.0,457.65158418604886,33.66701309973447,54.29999999999999,462.08974266808593
-64.5974,-64.5974,-40.6737,21.5,100.0,114.0,224.99999999999997,457.99326932107294,33.67701309973447,54.36353178711103,462.43634107095517
-67.8897,-61.1281,-40.6737,20.1,100.0,114.0,221.99999999999997,458.3702319463199,33.73,54.442986900265524,462.82288324708577
-70.9958,-57.4913,-40.6737,21.3,100.0,114.0,219.0,458.82207859840673,33.80701309973447,54.51,463.28388062190135
-73.9074,-53.6969,-40.6737,21.3,100.0,114.0,215.99999999999994,459.17810287342536,34.07353178711102,54.593531787111026,463.66581655312433
-76.6164,-49.7553,-40.6737,21.4,100.0,114.0,212.99999999999997,459.48526739662265,34.389455113154504,54.660544886845486,464.00120769762265
-79.1154,-45.6773,-40.6737,20.7,100.0,114.0,209.99999999999997,459.76914217262885,34.516468212888974,54.72054488684549,464.29881402471796
-81.3975,-41.4741,-40.6737,20.1,100.0,114.0,207.0,460.05244201342,34.89592332604348,54.77348131262344,464.61393556628553
-83.4565,-37.1572,-40.6737,20.1,100.0,114.0,204.0,460.33592332604337,35.129999999999995,54.828910226309,464.9187978572662
-85.2868,-32.7385,-40.6737,20.7,100.0,114.0,200.99999999999997,460.62402619946886,35.28,54.859999999999985,465.21907905008476
-86.8833,-28.2301,-40.6737,21.0,100.0,114.0,197.99999999999997,460.75706357422195,35.576518687376556,54.893531787111016,465.37733093428113
-88.2417,-23.6443,-40.6737,21.8,100.0,114.0,194.99999999999997,460.94919264711655,35.83054488684549,54.98,465.59723640601305
-89.3582,-18.9937,-40.6737,20.4,100.0,114.0,192.0,461.148910226309,36.23054488684549,55.01353178711102,465.8298599976193
-90.2298,-14.291,-40.6737,20.5,100.0,114.0,188.99999999999997,461.213531787111,36.68108977369099,55.02701309973447,465.93067769916627
-90.8541,-9.5492,-40.6737,21.5,100.0,114.0,186.0,461.21343083813576,37.07244201342003,55.028910226309,465.9617749376202
-91.2293,-4.7811,-40.6737,20.9,100.0,114.0,182.99999999999997,461.240827307653,37.4505448868455,55.0005448868455,466.0157765844625
-91.3545,0.0,-40.6737,20.7,100.0,114.0,180.0,461.2453279647104,37.832986900265524,54.99407667395652,466.0503577257397
-91.2293,4.7811,-40.6737,22.2,100.0,114.0,176.99999999999997,461.186801108184,38.065923326043475,55.02298690026553,466.0148164194897
-90.8541,9.5492,-40.6737,21.6,100.0,114.0,173.99999999999997,461.1883653394634,38.50999999999999,55.0,466.0501350975948
-90.2298,14.291,-40.6737,20.6,100.0,114.0,170.99999999999997,461.07542891368547,38.8405448868455,54.93407667395652,465.95803658169285
-89.3582,18.9937,-40.6737,20.5,100.0,114.0,167.99999999999997,460.88202812391927,39.22592332604347,54.92537843919797,465.7979326973091
-88.2417,23.6443,-40.6737,20.8,100.0,114.0,164.99999999999997,460.7449345013276,39.65,54.83348131262345,465.6873713571096
-86.8833,28.2301,-40.6737,22.2,100.0,114.0,161.99999999999997,460.55755798658,39.95,54.83353178711103,465.5276392726968
-85.2868,32.7385,-40.6737,21.5,100.0,114.0,159.0,460.34462156080195,40.09701309973447,54.799455113154494,465.32560787063596
-83.4565,37.1572,-40.6737,23.0,100.0,114.0,155.99999999999997,460.08630669582607,40.42407667395652,54.72755798657996,465.0899065633677
-81.3975,41.4741,-40.6737,20.9,100.0,114.0,152.99999999999997,459.74108977369093,40.76244201342003,54.65651868737655,464.7696002754719
-79.1154,45.6773,-40.6737,23.0,100.0,114.0,150.0,459.45379425314906,40.86353178711102,54.58353178711102,464.4857147707406
-76.6164,49.7553,-40.6737,20.4,100.0,114.0,147.0,459.1323915389323,41.08,54.542442013420036,464.18207348092056
-73.9074,53.6969,-40.6737,20.6,100.0,114.0,143.99999999999997,458.73168513502407,41.24646821288897,54.43999999999999,463.78846868680955
-70.9958,57.4913,-40.6737,20.3,100.0,114.0,141.0,458.39805239893786,41.29239153893245,54.36646821288896,463.45393396548803
-67.8897,61.1281,-40.6737,21.3,100.0,114.0,138.0,458.0040261994689,41.38,54.28701309973446,463.0627087190401
-64.5974,64.5974,-40.6737,21.6,100.0,114.0,135.0,457.69587285155586,41.47244201342003,54.21646821288898,462.7579290486369
-61.1281,67.8897,-40.6737,20.9,100.0,114.0,131.99999999999997,457.32592332604344,41.597557986579965,54.115923326043486,462.3914901183793
-57.4913,70.9958,-40.6737,21.2,100.0,114.0,129.0,457.0207568783959,41.49298690026552,54.00189712657453,462.0669270494011
-53.6969,73.9074,-40.6737,20.1,100.0,114.0,126.0,456.6340766739564,41.37646821288897,53.94407667395652,461.6672562678174
-49.7553,76.6164,-40.6737,21.0,100.0,114.0,122.99999999999999,456.3189607007966,41.112986900265525,53.87896070079658,461.32441296024484
-45.6773,79.1154,-40.6737,21.3,100.0,114.0,119.99999999999997,455.93999999999994,41.17646821288897,53.76945511315451,460.94244699056793
-41.4741,81.3975,-40.6737,21.7,100.0,114.0,116.99999999999999,455.68968705947435,40.87244201342003,53.71059536133307,460.6609115852689
-37.1572,83.4565,-40.6737,20.4,100.0,114.0,114.0,455.3750150241847,40.75353178711102,53.62049441235792,460.3285914240231
-32.7385,85.2868,-40.6737,21.0,100.0,114.0,110.99999999999999,455.057063574222,40.39407667395652,53.57755798657996,459.97735515886035
-28.2301,86.8833,-40.6737,21.6,100.0,114.0,107.99999999999997,454.84254296239516,40.15348131262344,53.51298690026552,459.7365340246623
-23.6443,88.2417,-40.6737,20.6,100.0,114.0,104.99999999999999,454.722179547382,39.70646821288897,53.50054488684548,459.5771670714854
-18.9937,89.3582,-40.6737,23.8,100.0,114.0,102.0,454.54270447945805,39.49999999999999,53.45896070079659,459.37694834929323
-14.291,90.2298,-40.6737,21.3,100.0,114.0,98.99999999999999,454.4453784391979,39.12005047448758,53.40701309973448,459.2420814582517
-9.5492,90.8541,-40.6737,20.6,100.0,114.0,96.0,454.41447013733915,38.74348131262344,53.39402619946895,459.1780591973117
-4.7811,91.2293,-40.6737,20.7,100.0,114.0,93.0,454.39059536133306,38.3805448868455,53.394571086314436,459.1240133124485
0.0,91.3545,-40.6737,21.6,100.0,114.0,90.0,454.3910392992034,37.957013099734475,53.43999999999999,459.0945273458001
4.7811,91.2293,-40.6737,21.2,100.0,114.0,86.99999999999999,454.46212907289436,37.613481312623435,53.43353178711101,459.1358655748507
9.5492,90.8541,-40.6737,21.8,100.0,114.0,83.99999999999999,454.52532796471036,37.3205448868455,53.48542891368556,459.1805613679215
14.291,90.2298,-40.6737,21.6,100.0,114.0,80.99999999999999,454.569505587642,36.98646821288897,53.54999999999999,459.20478736730996
18.9937,89.3582,-40.6737,20.5,100.0,114.0,77.99999999999999,454.7073459950295,36.580544886845495,53.59755798657997,459.3142769261444
23.6443,88.2417,-40.6737,21.5,100.0,114.0,75.0,454.9110392992033,36.23402619946894,53.64402619946895,459.493895365101
28.2301,86.8833,-40.6737,21.4,100.0,114.0,71.99999999999999,455.11896070079655,35.955973800531055,53.652986900265525,459.67895693041874
32.7385,85.2868,-40.6737,20.5,100.0,114.0,69.0,455.36950558764204,35.72999999999999,53.72348131262344,459.91763606485165
37.1572,83.4565,-40.6737,21.2,100.0,114.0,65.99999999999999,455.63755798657985,35.49054488684549,53.71646821288897,460.16369042070824
41.4741,81.3975,-40.6737,20.4,100.0,114.0,63.0,455.93504554390296,35.06054488684549,53.78108977369099,460.43285414936366
45.6773,79.1154,-40.6737,21.3,100.0,114.0,59.999999999999986,456.25511597315995,35.069455113154504,53.76701309973447,460.7488353010588
49.7553,76.6164,-40.6737,22.5,100.0,114.0,57.0,456.5808073528836,34.8,53.8494551131545,461.06055725793186
53.6969,73.9074,-40.6737,21.5,100.0,114.0,53.999999999999986,456.9,34.76244201342003,53.82348131262344,461.37078853710136
57.4913,70.9958,-40.6737,20.3,100.0,114.0,51.0,457.3185972857833,34.66646821288897,53.82353178711102,461.7781242283245
61.1281,67.8897,-40.6737,20.6,100.0,114.0,48.0,457.6616147057671,34.69945511315451,53.885923326043475,462.1275781566602
64.5974,64.5974,-40.6737,21.0,100.0,114.0,45.0,457.99737651474766,34.438910226309005,53.87407667395651,462.4392409489474
67.8897,61.1281,-40.6737,20.6,100.0,114.0,41.99999999999999,458.36272443422746,34.61,53.91348131262345,462.81843385718133
70.9958,57.4913,-40.6737,19.3,100.0,114.0,38.99999999999999,458.74976805368004,34.75353178711102,53.931089773690985,463.2145508348814
73.9074,53.6969,-40.6737,21.3,100.0,114.0,35.99999999999999,458.94805239893776,34.92701309973447,53.92999999999999,463.4238405011627
76.6164,49.7553,-40.6737,21.1,100.0,114.0,32.99999999999999,459.322109118125,34.90353178711102,53.96402619946894,463.7964775411663
79.1154,45.6773,-40.6737,21.8,100.0,114.0,29.999999999999993,459.45810287342545,35.037013099734466,53.96054488684549,463.9408162551377
81.3975,41.4741,-40.6737,20.9,100.0,114.0,26.999999999999993,459.73407667395645,35.29646821288897,54.012442013420035,464.2398149833896
83.4565,37.1572,-40.6737,21.2,100.0,114.0,24.0,459.98971757919253,35.736468212888965,53.99353178711102,464.52442014792064
85.2868,32.7385,-40.6737,20.6,100.0,114.0,20.999999999999996,460.2678204526179,35.987013099734476,54.01348131262344,464.82145800248173
86.8833,28.2301,-40.6737,21.3,100.0,114.0,17.999999999999996,460.4470130997344,36.21,53.97999999999999,465.0123185169045
88.2417,23.6443,-40.6737,22.7,100.0,114.0,14.999999999999996,460.6172755657725,36.53054488684549,53.96108977369098,465.2037773588355
89.3582,18.9937,-40.6737,20.8,100.0,114.0,12.0,460.70353178711093,36.752986900265526,53.93651868737655,465.3038515801501
90.2298,14.291,-40.6737,20.7,100.0,114.0,8.999999999999998,460.8050654986723,37.12,53.95298690026553,465.4354172005993
90.8541,9.5492,-40.6737,20.5,100.0,114.0,6.0,460.85215959261257,37.67,53.92999999999999,465.52356202578494
91.2293,4.7811,-40.6737,20.7,100.0,114.0,3.0,460.840595361333,37.827013099734465,53.91701309973446,465.5233415787357
91.3545,0.0,-40.6737,20.5,100.0,114.0,0.0,460.8588092773338,38.21646821288898,53.86,465.56657969745714
89.1007,0.0,-45.399,21.5,100.0,116.99999999999999,0.0,460.6510392992034,38.23298690026552,53.92298690026552,465.36956261770956
88.9785,4.6632,-45.399,20.8,100.0,116.99999999999999,3.0,460.74098882471577,37.8594551131545,53.95293642577795,465.431537901769
88.6125,9.3136,-45.399,20.9,100.0,116.99999999999999,6.0,460.6814027142166,37.46646821288897,53.98108977369098,465.34401156589615
88.0037,13.9384,-45.399,20.2,100.0,116.99999999999999,8.999999999999998,460.6542886655069,37.182986900265526,53.97945511315449,465.29423997623536
87.1536,18.5251,-45.399,20.2,100.0,116.99999999999999,12.0,460.55750751209234,36.84298690026553,53.973531787111014,465.17068431174636
86.0646,23.0609,-45.399,21.1,100.0,116.99999999999999,14.999999999999996,460.46402619946895,36.49755798657997,54.015923326043485,465.0558150755391
84.7398,27.5336,-45.399,21.1,100.0,116.99999999999999,17.999999999999996,460.32940463866686,36.22353178711102,53.99407667395652,464.89855382222305
83.1826,31.9308,-45.399,21.1,100.0,116.99999999999999,20.999999999999996,460.12272443422745,36.05646821288898,53.986468212888965,464.6800288272182
81.3975,36.2405,-45.399,21.6,100.0,116.99999999999999,24.0,459.9918971265745,35.72,54.012986900265524,464.5275735368067
79.3893,40.4508,-45.399,20.2,100.0,116.99999999999999,26.999999999999993,459.7674570376048,35.46646821288897,53.99298690026553,464.2835637331284
77.1634,44.5503,-45.399,21.3,100.0,116.99999999999999,29.999999999999993,459.53163466053644,35.262986900265524,54.00054488684549,464.0354085056325
74.7261,48.5277,-45.399,21.5,100.0,116.99999999999999,32.99999999999999,459.17810287342536,35.01,53.96244201342003,463.6617036228997
72.0839,52.372,-45.399,23.0,100.0,116.99999999999999,35.99999999999999,458.85239153893247,34.9605448868455,53.97755798657997,463.33717062845017
69.2442,56.0729,-45.399,20.8,100.0,116.99999999999999,38.99999999999999,458.561089773691,34.98701309973447,53.919999999999995,463.0439833753119
66.2147,59.62,-45.399,21.0,100.0,116.99999999999999,41.99999999999999,458.28293642577785,34.8394551131545,53.919999999999995,462.75739200105176
63.0037,63.0037,-45.399,21.8,100.0,116.99999999999999,45.0,457.9507568783959,34.82755798657996,53.907013099734456,462.4260163335744
59.62,66.2147,-45.399,20.1,100.0,116.99999999999999,48.0,457.5628859512903,34.70244201342003,53.88298690026553,462.02968558206567
56.0729,69.2442,-45.399,22.0,100.0,116.99999999999999,51.0,457.2418466520869,34.79999999999999,53.90646821288897,461.721835789686
52.372,72.0839,-45.399,22.6,100.0,116.99999999999999,53.999999999999986,456.8954289136856,34.900544886845495,53.86103929920341,461.3810708622643
48.5277,74.7261,-45.399,22.1,100.0,116.99999999999999,57.0,456.5575075120923,35.09298690026554,53.80999999999999,461.0550850985557
44.5503,77.1634,-45.399,21.6,100.0,116.99999999999999,59.999999999999986,456.23950558764204,35.137557986579964,53.828102873425465,460.7456989479863
40.4508,79.3893,-45.399,21.2,100.0,116.99999999999999,63.0,455.968910226309,35.3505448868455,53.778910226309,460.4883052824405
36.2405,81.3975,-45.399,21.2,100.0,116.99999999999999,65.99999999999999,455.66005047448755,35.50054488684549,53.79293642577793,460.19566522837135
31.9308,83.1826,-45.399,22.7,100.0,116.99999999999999,69.0,455.3956608600054,35.8094551131545,53.686518687376555,459.9453959921679
27.5336,84.7398,-45.399,20.9,100.0,116.99999999999999,71.99999999999999,455.1324924879076,36.07592332604348,53.678910226309,459.70477848850555
23.0609,86.0646,-45.399,21.5,100.0,116.99999999999999,75.0,454.9125730107647,36.48810287342547,53.62049441235791,459.5127725706889
18.5251,87.1536,-45.399,21.7,100.0,116.99999999999999,77.99999999999999,454.83542891368546,36.79,53.57701309973446,459.45540352441753
13.9384,88.0037,-45.399,22.5,100.0,116.99999999999999,80.99999999999999,454.7233803636483,37.057013099734476,53.53,459.36046387256386
9.3136,88.6125,-45.399,22.2,100.0,116.99999999999999,83.99999999999999,454.569737533962,37.25189712657453,53.51005047448758,459.2218152734103
4.6632,88.9785,-45.399,21.5,100.0,116.99999999999999,86.99999999999999,454.425711334493,37.68,53.48651868737655,459.1114431193749
0.0,89.1007,-45.399,20.8,100.0,116.99999999999999,90.0,454.43651868737646,38.01651868737655,53.48542891368556,459.14975369250806
-4.6632,88.9785,-45.399,21.1,100.0,116.99999999999999,93.0,454.45940463866685,38.3394551131545,53.4594551131545,459.1962299757049
-9.3136,88.6125,-45.399,21.3,100.0,116.99999999999999,96.0,454.51275495394566,38.68701309973446,53.4705448868455,459.27946673991494
-13.9384,88.0037,-45.399,20.4,100.0,116.99999999999999,98.99999999999999,454.50896070079654,39.0694551131545,53.4594551131545,459.30679400717815
-18.5251,87.1536,-45.399,21.5,100.0,116.99999999999999,102.0,454.5699495255124,39.45592332604348,53.43945511315449,459.397849646609
-23.0609,86.0646,-45.399,21.6,100.0,116.99999999999999,104.99999999999999,454.7423410644449,39.822986900265526,53.507557986579954,459.6080132070348
-27.5336,84.7398,-45.399,21.7,100.0,116.99999999999999,107.99999999999997,454.94630669582597,39.9994551131545,53.57999999999999,459.8335729212492
-31.9308,83.1826,-45.399,21.6,100.0,116.99999999999999,110.99999999999999,455.2872755657725,40.398910226309,53.62940463866692,460.2115690434943
-36.2405,81.3975,-45.399,21.2,100.0,116.99999999999999,114.0,455.55145318870404,40.609455113154496,53.723481312623434,460.502406933205
-40.4508,79.3893,-45.399,20.9,100.0,116.99999999999999,116.99999999999999,455.7296870594744,40.79298690026552,53.71701309973447,460.69418592373046
-44.5503,77.1634,-45.399,21.3,100.0,116.99999999999999,119.99999999999997,456.040595361333,40.95135223972904,53.83189712657454,461.02918672902643
-48.5277,74.7261,-45.399,20.5,100.0,116.99999999999999,122.99999999999999,456.3271140487096,41.1594551131545,53.86646821288897,461.33516250006994
-52.372,72.0839,-45.399,20.7,100.0,116.99999999999999,126.0,456.61646821288895,41.157013099734456,53.94646821288898,461.630501811945
-56.0729,69.2442,-45.399,21.2,100.0,116.99999999999999,129.0,456.94999999999993,41.339999999999996,54.04,461.98768349383505
-59.62,66.2147,-45.399,20.7,100.0,116.99999999999999,131.99999999999997,457.3164177384013,41.412442013420026,54.07407667395651,462.3605758006837
-63.0037,63.0037,-45.399,20.6,100.0,116.99999999999999,135.0,457.55760846106745,41.343531787111026,54.1394551131545,462.6006196290625
-66.2147,59.62,-45.399,20.5,100.0,116.99999999999999,138.0,457.88298690026545,41.367013099734464,54.217013099734466,462.9336280450568
-69.2442,56.0729,-45.399,20.5,100.0,116.99999999999999,141.0,458.28462156080195,41.25646821288897,54.29810287342545,463.3305240367633
-72.0839,52.372,-45.399,21.3,100.0,116.99999999999999,143.99999999999997,458.6378709271055,41.19646821288897,54.39940463866692,463.6864682808905
-74.7261,48.5277,-45.399,20.5,100.0,116.99999999999999,147.0,458.88194760106217,41.02,54.45298690026552,463.9185381255037
-77.1634,44.5503,-45.399,21.9,100.0,116.99999999999999,150.0,459.18298690026546,40.807557986579965,54.522986900265515,464.2058038715199
-79.3893,40.4508,-45.399,21.0,100.0,116.99999999999999,152.99999999999997,459.50005047448747,40.61646821288897,54.57950558764208,464.509328546087
-81.3975,36.2405,-45.399,20.3,100.0,116.99999999999999,155.99999999999997,459.79028242080744,40.23701309973446,54.65353178711103,464.7721264970597
-83.1826,31.9308,-45.399,20.9,100.0,116.99999999999999,159.0,460.1080523989379,40.05646821288897,54.70651868737655,465.0771373814523
-84.7398,27.5336,-45.399,20.5,100.0,116.99999999999999,161.99999999999997,460.2764177384014,39.85407667395651,54.75592332604348,465.23213484551616
-86.0646,23.0609,-45.399,21.1,100.0,116.99999999999999,164.99999999999997,460.4123309708446,39.65999999999999,54.76,465.3504998493142
-87.1536,18.5251,-45.399,21.1,100.0,116.99999999999999,167.99999999999997,460.60254296239503,39.29646821288897,54.789455113154496,465.5113311070182
-88.0037,13.9384,-45.399,20.5,100.0,116.99999999999999,170.99999999999997,460.831947601062,38.879999999999995,54.828052398937885,465.7079059449696
-88.6125,9.3136,-45.399,20.8,100.0,116.99999999999999,173.99999999999997,460.9961047978757,38.442986900265524,54.88701309973446,465.84102018568353
-88.9785,4.6632,-45.399,20.7,100.0,116.99999999999999,176.99999999999997,461.03670015920875,38.12244201342003,54.909455113154486,465.85749724522225
-89.1007,0.0,-45.399,20.9,100.0,116.99999999999999,180.0,461.08267395973985,37.82999999999999,54.893531787111016,465.87728100641084
-88.9785,-4.6632,-45.399,21.0,100.0,116.99999999999999,182.99999999999997,461.04140271421653,37.4094551131545,54.88054488684549,465.80094091321087
-88.6125,-9.3136,-45.399,21.6,100.0,116.99999999999999,186.0,461.01885975182137,37.1305448868455,54.878102873425455,465.756022597078
-88.0037,-13.9384,-45.399,21.3,100.0,116.99999999999999,188.99999999999997,461.00483355235247,36.869455113154494,54.87353178711101,465.7208582077511
-87.1536,-18.5251,-45.399,20.1,100.0,116.99999999999999,192.0,460.9409888247158,36.48194760106211,54.874076673956516,465.62720278168104
-86.0646,-23.0609,-45.399,21.3,100.0,116.99999999999999,194.99999999999997,460.7340766739565,36.037013099734466,54.88945511315449,465.38952287774237
-84.7398,-27.5336,-45.399,20.5,100.0,116.99999999999999,197.99999999999997,460.55293642577794,35.660544886845486,54.85298690026551,465.1768823618754
-83.1826,-31.9308,-45.399,21.3,100.0,116.99999999999999,200.99999999999997,460.43810287342535,35.48353178711102,54.77,465.03986980232776
-81.3975,-36.2405,-45.399,22.0,100.0,116.99999999999999,204.0,460.2350654986723,35.23651868737655,54.724076673956525,464.81464298318974
-79.3893,-40.4508,-45.399,20.4,100.0,116.99999999999999,207.0,459.94090830185866,34.96999999999999,54.64999999999999,464.49452368089203
-77.1634,-44.5503,-45.399,21.3,100.0,116.99999999999999,209.99999999999997,459.6740766739565,34.73353178711102,54.607063574222046,464.2075035893537
-74.7261,-48.5277,-45.399,20.2,100.0,116.99999999999999,212.99999999999997,459.43537843919796,34.34701309973447,54.57,463.93800142954706
-72.0839,-52.372,-45.399,21.8,100.0,116.99999999999999,215.99999999999994,459.09815334791307,34.22994952551242,54.48353178711102,463.5852231121913
-69.2442,-56.0729,-45.399,20.5,100.0,116.99999999999999,219.0,458.6859738005311,33.96999999999999,54.44945511315451,463.1538908650783
-66.2147,-59.62,-45.399,21.3,100.0,116.99999999999999,221.99999999999997,458.3710392992034,33.757013099734465,54.39,462.81942234703973
-63.0037,-63.0037,-45.399,20.9,100.0,116.99999999999999,224.99999999999997,457.8829869002655,33.93298690026552,54.33701309973447,462.3427173485952
-59.62,-66.2147,-45.399,20.2,100.0,116.99999999999999,228.0,457.5231178976102,33.94597380053106,54.22298690026551,461.97387897629363
-56.0729,-69.2442,-45.399,19.3,100.0,116.99999999999999,231.0,457.1210392992033,33.78407667395652,54.124026199468936,461.5521840688616
-52.372,-72.0839,-45.399,20.7,100.0,116.99999999999999,233.99999999999997,456.77597380053106,33.739999999999995,54.06402619946894,461.200169959119
-48.5277,-74.7261,-45.399,21.9,100.0,116.99999999999999,236.99999999999997,456.39940463866685,33.86755798657997,54.03244201342004,460.8328686502706
-44.5503,-77.1634,-45.399,22.4,100.0,116.99999999999999,239.99999999999994,455.970262466038,33.8894551131545,53.919999999999995,460.39628780129635
-40.4508,-79.3893,-45.399,20.5,100.0,116.99999999999999,242.99999999999997,455.55348131262343,34.08592332604348,53.8894551131545,459.99445418116983
-36.2405,-81.3975,-45.399,20.7,100.0,116.99999999999999,245.99999999999997,455.114026199469,34.252986900265526,53.76701309973447,459.55732575245463
-31.9308,-83.1826,-45.399,20.3,100.0,116.99999999999999,249.0,454.8165186873765,34.56298690026552,53.739455113154506,459.2826959185719
-27.5336,-84.7398,-45.399,22.1,100.0,116.99999999999999,252.0,454.4538142079184,34.67402619946893,53.58348131262344,458.9136594290771
-23.0609,-86.0646,-45.399,20.9,100.0,116.99999999999999,254.99999999999997,454.18407667395644,35.00353178711102,53.57945511315449,458.67110302696
-18.5251,-87.1536,-45.399,20.3,100.0,116.99999999999999,258.0,454.00493450132757,35.26,53.489999999999995,458.5029206576058
-13.9384,-88.0037,-45.399,21.7,100.0,116.99999999999999,260.99999999999994,453.7515841860489,35.63353178711102,53.41,458.2716190633804
-9.3136,-88.6125,-45.399,21.6,100.0,116.99999999999999,263.99999999999994,453.5413217200108,35.94945511315451,53.35402619946893,458.0815931055958
-4.6632,-88.9785,-45.399,20.7,100.0,116.99999999999999,266.99999999999994,453.40244201341994,36.34651868737656,53.31651868737656,457.97106350659953
0.0,-89.1007,-45.399,20.2,100.0,116.99999999999999,270.0,453.324359094764,36.6994551131545,53.332179547381976,457.9237337478318
4.6632,-88.9785,-45.399,21.8,100.0,116.99999999999999,273.0,453.2912512907538,37.17701309973447,53.32646821288897,457.9288165335475
9.3136,-88.6125,-45.399,21.6,100.0,116.99999999999999,276.0,453.2229364257779,37.580544886845495,53.304076673956516,457.8915286904312
13.9384,-88.0037,-45.399,21.2,100.0,116.99999999999999,278.99999999999994,453.2473765147477,37.9894551131545,53.3394551131545,457.9535789674146
18.5251,-87.1536,-45.399,20.9,100.0,116.99999999999999,282.0,453.4215337115613,38.39597380053105,53.372986900265516,458.1637412193282
23.0609,-86.0646,-45.399,21.1,100.0,116.99999999999999,284.99999999999994,453.5188797065907,38.80706357422204,53.33651868737654,458.2904610170974
27.5336,-84.7398,-45.399,20.9,100.0,116.99999999999999,287.99999999999994,453.63597380053096,39.14755798657996,53.31651868737656,458.43296040665535
31.9308,-83.1826,-45.399,20.8,100.0,116.99999999999999,291.0,453.7822804963571,39.53293642577795,53.41701309973447,458.6224901195059
36.2405,-81.3975,-45.399,21.3,100.0,116.99999999999999,294.0,454.05896070079655,39.832986900265524,53.36999999999998,458.91672832670224
40.4508,-79.3893,-45.399,20.5,100.0,116.99999999999999,296.99999999999994,454.3189607007966,40.13054488684549,53.41701309973446,459.2053527275834
44.5503,-77.1634,-45.399,21.0,100.0,116.99999999999999,300.0,454.6109888247158,40.362936425777946,53.38646821288897,459.5110801551395
48.5277,-74.7261,-45.399,20.9,100.0,116.99999999999999,303.0,454.98542891368555,40.62298690026552,53.43407667395651,459.9099565550498
52.372,-72.0839,-45.399,21.9,100.0,116.99999999999999,305.99999999999994,455.27298690026555,40.70298690026553,53.39402619946893,460.1968576353842
56.0729,-69.2442,-45.399,21.9,100.0,116.99999999999999,309.0,455.61787092710557,40.90651868737655,53.3994551131545,460.5567167957179
59.62,-66.2147,-45.399,21.1,100.0,116.99999999999999,311.99999999999994,456.01288595129034,41.110544886845496,53.44945511315451,460.9714452180428
63.0037,-63.0037,-45.399,21.2,100.0,116.99999999999999,314.99999999999994,456.42023194631986,41.1405448868455,53.46135223972904,461.3784658464451
66.2147,-59.62,-45.399,21.2,100.0,116.99999999999999,318.0,456.765973800531,41.14646821288897,53.494026199468934,461.7248071171519
69.2442,-56.0729,-45.399,20.0,100.0,116.99999999999999,321.0,457.1350150241847,41.21298690026552,53.474621560802014,462.09356996335066
72.0839,-52.372,-45.399,21.3,100.0,116.99999999999999,323.99999999999994,457.51547938817305,41.10054488684549,53.50298690026551,462.46322910803985
74.7261,-48.5277,-45.399,21.6,100.0,116.99999999999999,327.0,457.90472250977706,40.94298690026553,53.53244201342003,462.8377528043617
77.1634,-44.5503,-45.399,20.5,100.0,116.99999999999999,329.99999999999994,458.3789102263091,40.89054488684549,53.56407667395652,463.30591655118684
79.3893,-40.4508,-45.399,21.3,100.0,116.99999999999999,332.99999999999994,458.70714409707915,40.84542891368555,53.59646821288898,463.6304288048151
81.3975,-36.2405,-45.399,20.1,100.0,116.99999999999999,335.99999999999994,459.0094046386668,40.5894551131545,53.635973800531055,463.9115811215079
83.1826,-31.9308,-45.399,21.4,100.0,116.99999999999999,339.0,459.32358226159863,40.37298690026552,53.68244201342002,464.2089355811678
84.7398,-27.5336,-45.399,22.2,100.0,116.99999999999999,341.99999999999994,459.61457108631436,40.02,53.739999999999995,464.4729722544216
86.0646,-23.0609,-45.399,20.9,100.0,116.99999999999999,345.0,459.9464177384014,39.717013099734466,53.79646821288897,464.78189327052417
87.1536,-18.5251,-45.399,21.0,100.0,116.99999999999999,347.99999999999994,460.08246196818936,39.41189712657453,53.80163466053648,464.89115429095006
88.0037,-13.9384,-45.399,19.6,100.0,116.99999999999999,351.0,460.27194760106204,39.29407667395652,53.81945511315449,465.07077306449867
88.6125,-9.3136,-45.399,20.7,100.0,116.99999999999999,353.99999999999994,460.49778993289976,38.90999999999999,53.84891022630901,465.26541647284097
88.9785,-4.6632,-45.399,22.2,100.0,116.99999999999999,356.99999999999994,460.55326932107295,38.53108977369099,53.86054488684549,465.29014287537285
86.4839,-4.5324,-50.0,21.4,100.0,119.99999999999997,356.99999999999994,460.4534813126234,38.52706357422205,53.92646821288897,465.19867482021306
86.1281,-9.0524,-50.0,21.5,100.0,119.99999999999997,353.99999999999994,460.28194760106214,38.8794551131545,53.89407667395652,465.0544643564461
85.5363,-13.5476,-50.0,20.1,100.0,119.99999999999997,351.0,460.1143590947639,39.26701309973447,53.85841581395109,464.9170363806305
84.7101,-18.0057,-50.0,20.8,100.0,119.99999999999997,347.99999999999994,459.9898185281677,39.419455113154505,53.817063574222054,464.8018964276571
83.6516,-22.4144,-50.0,20.1,100.0,119.99999999999997,345.0,459.70537843919794,39.79298690026552,53.832442013420035,464.55403193331466
82.3639,-26.7617,-50.0,22.2,100.0,119.99999999999997,341.99999999999994,459.54732604026015,39.8894551131545,53.81646821288897,464.40405440832063
80.8504,-31.0356,-50.0,21.8,100.0,119.99999999999997,339.0,459.2628859512903,40.253531787111015,53.766468212888974,464.1482288426095
79.1154,-35.2244,-50.0,20.9,100.0,119.99999999999997,335.99999999999994,458.91782045261795,40.4894551131545,53.74999999999999,463.8254244910917
77.1634,-39.3167,-50.0,21.1,100.0,119.99999999999997,332.99999999999994,458.65797187608075,40.58592332604347,53.72999999999999,463.5744441162683
75.0,-43.3013,-50.0,19.1,100.0,119.99999999999997,329.99999999999994,458.2876084610675,40.77298690026553,53.660544886845486,463.21638853486945
72.631,-47.1671,-50.0,20.6,100.0,119.99999999999997,327.0,457.968910226309,40.89244201342002,53.66353178711102,462.91196699973125
70.0629,-50.9037,-50.0,20.5,100.0,119.99999999999997,323.99999999999994,457.622179547382,40.92,53.63,462.56748968523107
67.3028,-54.5007,-50.0,20.2,100.0,119.99999999999997,321.0,457.2694551131545,41.06054488684549,53.63,462.2310026662922
64.3582,-57.9484,-50.0,21.3,100.0,119.99999999999997,318.0,456.87782045261804,40.95810287342545,53.57353178711102,461.8279250117617
61.2372,-61.2372,-50.0,20.6,100.0,119.99999999999997,314.99999999999994,456.4675579865799,40.95293642577795,53.540000000000006,461.4177132448704
57.9484,-64.3582,-50.0,20.6,100.0,119.99999999999997,311.99999999999994,456.0464682128889,40.986518687376545,53.5194551131545,461.00174398712323
54.5007,-67.3028,-50.0,21.6,100.0,119.99999999999997,309.0,455.7875075120923,40.85,53.51864776027096,460.7333503906284
50.9037,-70.0629,-50.0,20.5,100.0,119.99999999999997,305.99999999999994,455.4343391399946,40.66407667395652,53.50407667395652,460.36582260237526
47.1671,-72.631,-50.0,20.9,100.0,119.99999999999997,303.0,455.06680110818394,40.46402619946894,53.43298690026552,459.97632001679244
43.3013,-75.0,-50.0,20.9,100.0,119.99999999999997,300.0,454.8585972857834,40.34646821288897,53.47755798657996,459.76519032028966
39.3167,-77.1634,-50.0,20.9,100.0,119.99999999999997,296.99999999999994,454.50402619946885,40.08597380053105,53.40597380053106,459.38327479855786
35.2244,-79.1154,-50.0,20.3,100.0,119.99999999999997,294.0,454.31542891368554,39.71999999999999,53.49651868737656,459.1754183976913
31.0356,-80.8504,-50.0,19.3,100.0,119.99999999999997,291.0,454.0769626252468,39.472986900265525,53.41108977369099,458.908214344232
26.7617,-82.3639,-50.0,19.9,100.0,119.99999999999997,287.99999999999994,453.89140271421655,39.03244201342003,53.43646821288897,458.6898659470004
22.4144,-83.6516,-50.0,20.5,100.0,119.99999999999997,284.99999999999994,453.81994952551247,38.799455113154494,53.42701309973447,458.5982883016198
18.0057,-84.7101,-50.0,20.7,100.0,119.99999999999997,282.0,453.5911402481785,38.3805448868455,53.35054488684549,458.3276877706356
13.5476,-85.5363,-50.0,20.6,100.0,119.99999999999997,278.99999999999994,453.54054488684557,38.010544886845494,53.372986900265516,458.2493896444463
9.0524,-86.1281,-50.0,20.8,100.0,119.99999999999997,276.0,453.440857827371,37.771089773690996,53.39353178711102,458.1333168485082
4.5324,-86.4839,-50.0,20.3,100.0,119.99999999999997,273.0,453.4938952021242,37.25999999999999,53.431039299203405,458.1483346539505
0.0,-86.6025,-50.0,21.1,100.0,119.99999999999997,270.0,453.62778993289976,36.81651868737655,53.43701309973446,458.245722529612
-4.5324,-86.4839,-50.0,20.9,100.0,119.99999999999997,266.99999999999994,453.7291421726289,36.43298690026552,53.43298690026552,458.31493656684216
-9.0524,-86.1281,-50.0,20.5,100.0,119.99999999999997,263.99999999999994,453.86706357422196,36.18353178711102,53.416468212888965,458.4297966389339
-13.5476,-85.5363,-50.0,21.9,100.0,119.99999999999997,260.99999999999994,454.03428866550695,35.67950558764208,53.41293642577795,458.5554537682391
-18.0057,-84.7101,-50.0,20.6,100.0,119.99999999999997,258.0,454.30194760106207,35.423481312623444,53.42950558764208,458.80256613249645
-22.4144,-83.6516,-50.0,20.5,100.0,119.99999999999997,254.99999999999997,454.5249345013276,35.099999999999994,53.52407667395652,459.0095346147351
-26.7617,-82.3639,-50.0,21.4,100.0,119.99999999999997,252.0,454.7799999999999,34.98298690026553,53.61592332604348,459.2638947343545
-31.0356,-80.8504,-50.0,20.9,100.0,119.99999999999997,249.0,455.1629164710085,34.6894551131545,53.639455113154504,459.62357421185214
-35.2244,-79.1154,-50.0,22.2,100.0,119.99999999999997,245.99999999999997,455.41625622133853,34.42407667395652,53.79,459.87209915966235
-39.3167,-77.1634,-50.0,21.6,100.0,119.99999999999997,242.99999999999997,455.718647760271,34.287013099734466,53.77994952551242,460.16015489687715
-43.3013,-75.0,-50.0,20.1,100.0,119.99999999999997,239.99999999999994,456.15267395973996,34.19646821288897,53.887557986579964,460.5958416058627
-47.1671,-72.631,-50.0,21.3,100.0,119.99999999999997,236.99999999999997,456.4761857920815,34.10054488684549,53.909455113154486,460.9116886210024
-50.9037,-70.0629,-50.0,21.0,100.0,119.99999999999997,233.99999999999997,456.6995255424115,34.129999999999995,54.01353178711103,461.1472380344276
-54.5007,-67.3028,-50.0,22.7,100.0,119.99999999999997,231.0,457.13831486497577,34.05646821288897,54.1294551131545,461.58994774103587
-57.9484,-64.3582,-50.0,19.5,100.0,119.99999999999997,228.0,457.4654488684549,34.06,54.1305448868455,461.91431716083855
-61.2372,-61.2372,-50.0,20.7,100.0,119.99999999999997,224.99999999999997,457.87234106444487,34.097013099734475,54.223481312623434,462.3309128100988
-64.3582,-57.9484,-50.0,22.4,100.0,119.99999999999997,221.99999999999997,458.23945511315446,34.063531787111025,54.32706357422204,462.70417358914085
-67.3028,-54.5007,-50.0,21.3,100.0,119.99999999999997,219.0,458.6434813126234,34.18,54.43592332604348,463.12566879727325
-70.0629,-50.9037,-50.0,21.9,100.0,119.99999999999997,215.99999999999994,458.9417961775993,34.31402619946894,54.492986900265535,463.43770918436434
-72.631,-47.1671,-50.0,20.6,100.0,119.99999999999997,212.99999999999997,459.18194760106206,34.651947601062105,54.52701309973447,463.7046620779544
-75.0,-43.3013,-50.0,20.1,100.0,119.99999999999997,209.99999999999997,459.50782045261803,34.83592332604347,54.586468212888974,464.0481237146102
-77.1634,-39.3167,-50.0,20.7,100.0,119.99999999999997,207.0,459.74935416417924,35.07,54.64755798657997,464.3121031679839
-79.1154,-35.2244,-50.0,21.0,100.0,119.99999999999997,204.0,459.99673067892695,35.271089773690996,54.69,464.5772681794978
-80.8504,-31.0356,-50.0,21.3,100.0,119.99999999999997,200.99999999999997,460.25098882471576,35.419455113154505,54.71407667395652,464.84313558546285
-82.3639,-26.7617,-50.0,21.3,100.0,119.99999999999997,197.99999999999997,460.4180523989378,35.77298690026553,54.764026199468944,465.04149076418304
-83.6516,-22.4144,-50.0,21.3,100.0,119.99999999999997,194.99999999999997,460.58566086000536,36.02298690026553,54.779999999999994,465.2286050696631
-84.7101,-18.0057,-50.0,22.5,100.0,119.99999999999997,192.0,460.715640905236,36.49891022630901,54.8,465.39672562495593
-85.5363,-13.5476,-50.0,20.4,100.0,119.99999999999997,188.99999999999997,460.72597380053105,36.815973800531054,54.81103929920341,465.4332271017915
-86.1281,-9.0524,-50.0,21.9,100.0,119.99999999999997,186.0,460.8309383502283,37.139455113154504,54.78999999999999,465.5603472879256
-86.4839,-4.5324,-50.0,22.1,100.0,119.99999999999997,182.99999999999997,460.8837637334308,37.52054488684551,54.793531787111014,465.64360415172007
-86.6025,0.0,-50.0,21.7,100.0,119.99999999999997,180.0,460.87506549867226,37.81999999999999,54.813531787111025,465.66157417740845
-86.4839,4.5324,-50.0,22.0,100.0,119.99999999999997,176.99999999999997,460.8917961775993,38.06999999999999,54.8,465.696910751847
-86.1281,9.0524,-50.0,21.2,100.0,119.99999999999997,173.99999999999997,460.71493450132755,38.459999999999994,54.79402619946894,465.5532276547018
-85.5363,13.5476,-50.0,19.3,100.0,119.99999999999997,170.99999999999997,460.6094551131545,38.68999999999999,54.791634660536474,465.46762451153444
-84.7101,18.0057,-50.0,22.6,100.0,119.99999999999997,167.99999999999997,460.43989905102484,39.187063574222044,54.7805448868455,465.34012795780654
-83.6516,22.4144,-50.0,22.3,100.0,119.99999999999997,164.99999999999997,460.2777699781304,39.42353178711102,54.723481312623434,465.1929704988921
-82.3639,26.7617,-50.0,20.9,100.0,119.99999999999997,161.99999999999997,460.0791926471164,39.75,54.69,465.0203459063081
-80.8504,31.0356,-50.0,20.5,100.0,119.99999999999997,159.0,459.8716851350241,39.94,54.62348131262344,464.8235096244996
-79.1154,35.2244,-50.0,19.7,100.0,119.99999999999997,155.99999999999997,459.6748335523525,40.2705448868455,54.58597380053105,464.652878956559
-77.1634,39.3167,-50.0,21.9,100.0,119.99999999999997,152.99999999999997,459.3430373747531,40.568910226309,54.559999999999995,464.3475595516942
-75.0,43.3013,-50.0,21.1,100.0,119.99999999999997,150.0,459.1245206118268,40.63,54.50244201342002,464.1299801913964
-72.631,47.1671,-50.0,21.3,100.0,119.99999999999997,147.0,458.83483355235245,40.82646821288897,54.448910226309,463.8543831986345
-70.0629,50.9037,-50.0,20.8,100.0,119.99999999999997,143.99999999999997,458.50488402684,40.932986900265526,54.39348131262344,463.5308931477491
-67.3028,54.5007,-50.0,21.4,100.0,119.99999999999997,141.0,458.17849633680817,41.03999999999999,54.30646821288897,463.2073062843634
-64.3582,57.9484,-50.0,21.0,100.0,119.99999999999997,138.0,457.816468212889,41.14999999999999,54.24701309973446,462.8520060420674
-61.2372,61.2372,-50.0,20.1,100.0,119.99999999999997,135.0,457.55108977369093,41.0905448868455,54.209455113154505,462.57982841435614
-57.9484,64.3582,-50.0,22.0,100.0,119.99999999999997,131.99999999999997,457.244621560802,41.15348131262344,54.12646821288898,462.27256843947634
-54.5007,67.3028,-50.0,20.5,100.0,119.99999999999997,129.0,456.9519476010621,41.14999999999999,54.03298690026553,461.9718266190787
-50.9037,70.0629,-50.0,20.9,100.0,119.99999999999997,126.0,456.62376373343085,41.00353178711102,53.97755798657997,461.6276941338066
-47.1671,72.631,-50.0,20.7,100.0,119.99999999999997,122.99999999999999,456.40912221785936,40.89298690026552,53.95054488684549,461.40241060801765
-43.3013,75.0,-50.0,20.5,100.0,119.99999999999997,119.99999999999997,456.0614027142166,40.799455113154494,53.84706357422205,461.0380730902335
-39.3167,77.1634,-50.0,20.9,100.0,119.99999999999997,116.99999999999999,455.7874570376047,40.678910226309,53.858910226309,460.757812674698
-35.2244,79.1154,-50.0,21.8,100.0,119.99999999999997,114.0,455.455973800531,40.349999999999994,53.75701309973447,460.3890561557638
-31.0356,80.8504,-50.0,21.8,100.0,119.99999999999997,110.99999999999999,455.299243121604,40.2494551131545,53.69353178711103,460.2177905946105
-26.7617,82.3639,-50.0,21.0,100.0,119.99999999999997,107.99999999999997,455.13355174188047,39.9294551131545,53.65,460.02090583669394
-22.4144,83.6516,-50.0,22.0,100.0,119.99999999999997,104.99999999999999,455.01135223972904,39.61353178711102,53.60140271421662,459.8670165826278
-18.0057,84.7101,-50.0,18.7,100.0,119.99999999999997,102.0,454.84163466053644,39.281089773690994,53.57163466053648,459.66709331284494
-13.5476,85.5363,-50.0,20.3,100.0,119.99999999999997,98.99999999999999,454.74542891368554,39.12597380053105,53.53597380053105,459.5545097531987
-9.0524,86.1281,-50.0,20.8,100.0,119.99999999999997,96.0,454.5619476010621,38.793481312623435,53.53407667395653,459.3445283929663
-4.5324,86.4839,-50.0,22.9,100.0,119.99999999999997,93.0,454.5391421726289,38.45760846106755,53.556468212888966,459.29632559276183
0.0,86.6025,-50.0,21.4,100.0,119.99999999999997,90.0,454.5446720352895,38.107013099734466,53.585923326043485,459.2760112413415
4.5324,86.4839,-50.0,21.3,100.0,119.99999999999997,86.99999999999999,454.6371140487095,37.727013099734464,53.588960700796584,459.33648853205466
9.0524,86.1281,-50.0,20.9,100.0,119.99999999999997,83.99999999999999,454.7405448868455,37.5,53.63,459.4250646884486
13.5476,85.5363,-50.0,21.2,100.0,119.99999999999997,80.99999999999999,454.7054993429425,37.089999999999996,53.67755798657996,459.36264482880773
18.0057,84.7101,-50.0,22.3,100.0,119.99999999999997,77.99999999999999,454.98007042925695,36.68701309973447,53.71755798657996,459.60676393416287
22.4144,83.6516,-50.0,21.2,100.0,119.99999999999997,75.0,455.1940261994689,36.423531787111024,53.71054488684549,459.79680054081643
26.7617,82.3639,-50.0,21.0,100.0,119.99999999999997,71.99999999999999,455.37805239893777,36.28298690026553,53.75298690026553,459.972835443306
31.0356,80.8504,-50.0,20.8,100.0,119.99999999999997,69.0,455.6100504744875,35.91054488684549,53.84696262524688,460.1842899441483
35.2244,79.1154,-50.0,20.0,100.0,119.99999999999997,65.99999999999999,455.82031294052564,35.70646821288898,53.85646821288897,460.37770225088303
39.3167,77.1634,-50.0,21.3,100.0,119.99999999999997,63.0,456.0762057468509,35.419455113154505,53.91298690026552,460.61551581059973
43.3013,75.0,-50.0,19.1,100.0,119.99999999999997,59.999999999999986,456.37610479787566,35.27402619946894,53.87298690026552,460.8966312226187
47.1671,72.631,-50.0,21.3,100.0,119.99999999999997,57.0,456.6157618089805,35.15407667395652,53.94701309973447,461.13343325069906
50.9037,70.0629,-50.0,20.6,100.0,119.99999999999997,53.999999999999986,456.9142581457888,35.00755798657996,53.95755798657996,461.419100685023
54.5007,67.3028,-50.0,20.9,100.0,119.99999999999997,51.0,457.28836533946344,34.8994551131545,53.94407667395652,461.77980082528444
57.9484,64.3582,-50.0,21.2,100.0,119.99999999999997,48.0,457.61880927733375,35.07348131262344,54.0094551131545,462.1278447977481
61.2372,61.2372,-50.0,20.3,100.0,119.99999999999997,45.0,457.905973800531,34.95651868737655,54.048910226309,462.4079624504806
64.3582,57.9484,-50.0,18.8,100.0,119.99999999999997,41.99999999999999,458.22483355235255,34.9,54.01189712657453,462.71513171204253
67.3028,54.5007,-50.0,20.3,100.0,119.99999999999997,38.99999999999999,458.51267395973986,35.099455113154505,54.00457108631443,463.0144032631899
70.0629,50.9037,-50.0,20.5,100.0,119.99999999999997,35.99999999999999,458.77782045261796,35.24298690026553,54.00701309973446,463.2881545311317
72.631,47.1671,-50.0,20.7,100.0,119.99999999999997,32.99999999999999,459.1399999999999,35.2294551131545,54.042936425777945,463.64996827897045
75.0,43.3013,-50.0,20.4,100.0,119.99999999999997,29.999999999999993,459.33412714844405,35.387013099734475,54.03298690026553,463.8530421725269
77.1634,39.3167,-50.0,20.1,100.0,119.99999999999997,26.999999999999993,459.56602427501866,35.669999999999995,54.05348131262344,464.10673170075995
79.1154,35.2244,-50.0,20.4,100.0,119.99999999999997,24.0,459.75805239893776,36.002986900265526,54.00298690026552,464.3167070067104
80.8504,31.0356,-50.0,20.3,100.0,119.99999999999997,20.999999999999996,459.93272443422734,36.23646821288897,54.04298690026552,464.512472455947
82.3639,26.7617,-50.0,20.4,100.0,119.99999999999997,17.999999999999996,460.1234813126233,36.510544886845494,54.08407667395652,464.7275818077261
83.6516,22.4144,-50.0,21.3,100.0,119.99999999999997,14.999999999999996,460.2678204526181,36.652986900265525,54.06054488684549,464.8789632865496
84.7101,18.0057,-50.0,21.2,100.0,119.99999999999997,12.0,460.3105448868454,36.90646821288896,54.068910226309,464.94228908869337
85.5363,13.5476,-50.0,20.5,100.0,119.99999999999997,8.999999999999998,460.3726234852523,37.319455113154504,54.06999999999999,465.0368362663722
86.1281,9.0524,-50.0,21.8,100.0,119.99999999999997,6.0,460.4775075120923,37.58353178711103,54.08054488684549,465.1631564530879
86.4839,4.5324,-50.0,20.5,100.0,119.99999999999997,3.0,460.4345710863144,37.94,54.043531787111014,465.14529039802477
86.6025,0.0,-50.0,20.9,100.0,119.99999999999997,0.0,460.36212907289433,38.20701309973447,53.999999999999986,465.0903844786855
83.8671,0.0,-54.4639,21.1,100.0,122.99999999999999,0.0,460.2440261994689,38.16701309973446,54.01701309973448,464.9721736249059
83.7521,4.3893,-54.4639,21.0,100.0,122.99999999999999,3.0,460.2141776229317,37.78999999999999,54.05353178711102,464.91607595759854
83.4076,8.7665,-54.4639,21.3,100.0,122.99999999999999,6.0,460.25428866550703,37.42407667395651,54.07163466053648,464.92828847549447
82.8345,13.1197,-54.4639,20.7,100.0,122.99999999999999,8.999999999999998,460.18711404870965,37.28597380053105,54.09755798657997,464.8537076961368
82.0344,17.4369,-54.4639,22.2,100.0,122.99999999999999,12.0,460.135973800531,36.98701309973446,54.11945511315451,464.7817433432037
81.0094,21.7064,-54.4639,21.6,100.0,122.99999999999999,14.999999999999996,460.0740261994689,36.626468212888966,54.10298690026552,464.6899406579291
79.7623,25.9163,-54.4639,21.6,100.0,122.99999999999999,17.999999999999996,459.98114024817846,36.42755798657996,54.1094551131545,464.58309213478975
78.2966,30.0553,-54.4639,20.4,100.0,122.99999999999999,20.999999999999996,459.84103929920343,36.23701309973447,54.120544886845494,464.4307654764173
76.6164,34.1118,-54.4639,21.7,100.0,122.99999999999999,24.0,459.572179547382,35.96701309973447,54.12353178711103,464.14391188332746
74.7261,38.0748,-54.4639,20.1,100.0,122.99999999999999,26.999999999999993,459.36158418604896,35.69891022630901,54.077013099734465,463.9092589753426
72.631,41.9335,-54.4639,20.7,100.0,122.99999999999999,29.999999999999993,459.17311789761015,35.62,54.10402619946894,463.7197238104127
70.3368,45.6773,-54.4639,20.8,100.0,122.99999999999999,32.99999999999999,458.94119072266614,35.36592332604347,54.07244201342002,463.46692876616004
67.8499,49.2958,-54.4639,20.3,100.0,122.99999999999999,35.99999999999999,458.72869823475855,35.22999999999999,54.082986900265524,463.24738634579523
65.1769,52.7792,-54.4639,21.4,100.0,122.99999999999999,38.99999999999999,458.51976805368,35.184571086314435,54.09701309973447,463.0386793399028
62.3254,56.118,-54.4639,21.3,100.0,122.99999999999999,41.99999999999999,458.21810287342544,35.22163466053648,54.092442013420026,462.742245350537
59.303,59.303,-54.4639,20.7,100.0,122.99999999999999,45.0,457.9251159731599,34.93592332604347,54.03293642577795,462.4234950740147
56.118,62.3254,-54.4639,21.7,100.0,122.99999999999999,48.0,457.56537843919796,35.077013099734465,54.02701309973447,462.07725602834455
52.7792,65.1769,-54.4639,19.9,100.0,122.99999999999999,51.0,457.2324420134201,35.07353178711103,54.04249248790761,461.74911982144874
49.2958,67.8499,-54.4639,21.2,100.0,122.99999999999999,53.999999999999986,456.9449345013276,35.192986900265524,53.97103929920341,461.465158572585
45.6773,70.3368,-54.4639,20.6,100.0,122.99999999999999,57.0,456.68542891368554,35.32,53.94,461.21427447779297
41.9335,72.631,-54.4639,21.5,100.0,122.99999999999999,59.999999999999986,456.4269626252468,35.51293642577795,53.92298690026553,460.97118064054285
38.0748,74.7261,-54.4639,20.6,100.0,122.99999999999999,63.0,456.1464682128889,35.6405448868455,53.88298690026553,460.69862728275797
34.1118,76.6164,-54.4639,20.2,100.0,122.99999999999999,65.99999999999999,455.8800504744876,35.79,53.907013099734456,460.44924864957295
30.0553,78.2966,-54.4639,21.8,100.0,122.99999999999999,69.0,455.7369626252469,35.97,53.83651868737655,460.31336146940373
25.9163,79.7623,-54.4639,21.9,100.0,122.99999999999999,71.99999999999999,455.4680523989379,36.3094551131545,53.77646821288897,460.06676887181027
21.7064,81.0094,-54.4639,22.6,100.0,122.99999999999999,75.0,455.26516644764746,36.59,53.77651868737656,459.8881536229629
17.4369,82.0344,-54.4639,21.1,100.0,122.99999999999999,77.99999999999999,455.13298690026545,36.906518687376554,53.73298690026552,459.7775122465245
13.1197,82.8345,-54.4639,19.8,100.0,122.99999999999999,80.99999999999999,455.04103929920336,37.169999999999995,53.699999999999996,459.70386810043175
8.7665,83.4076,-54.4639,20.8,100.0,122.99999999999999,83.99999999999999,454.83765893555517,37.46298690026552,53.647557986579955,459.52021919757715
4.3893,83.7521,-54.4639,19.4,100.0,122.99999999999999,86.99999999999999,454.83244201342006,37.717013099734466,53.61462156080201,459.5319913021994
0.0,83.8671,-54.4639,20.6,100.0,122.99999999999999,90.0,454.8412512907538,38.06592332604348,53.64348131262344,459.57284676288333
-4.3893,83.7521,-54.4639,20.1,100.0,122.99999999999999,93.0,454.80374377866144,38.432986900265526,53.61511597315993,459.56296684782785
-8.7665,83.4076,-54.4639,21.6,100.0,122.99999999999999,96.0,454.83755798657984,38.77755798657997,53.596518687376545,459.6232043467826
-13.1197,82.8345,-54.4639,20.4,100.0,122.99999999999999,98.99999999999999,454.82683162790215,39.099999999999994,53.599455113154505,459.6402488437051
-17.4369,82.0344,-54.4639,20.1,100.0,122.99999999999999,102.0,454.9329869002655,39.37701309973447,53.62701309973447,459.7721482045785
-21.7064,81.0094,-54.4639,20.3,100.0,122.99999999999999,104.99999999999999,455.1694046386669,39.54,53.675973800531054,460.0257695853068
-25.9163,79.7623,-54.4639,20.2,100.0,122.99999999999999,107.99999999999997,455.241089773691,39.88891022630901,53.68194760106211,460.12751110493656
-30.0553,78.2966,-54.4639,20.6,100.0,122.99999999999999,110.99999999999999,455.48755798658,40.16298690026552,53.743481312623445,460.40237052053635
-34.1118,76.6164,-54.4639,21.1,100.0,122.99999999999999,114.0,455.666730678927,40.33353178711102,53.81999999999999,460.60346897743153
-38.0748,74.7261,-54.4639,19.8,100.0,122.99999999999999,116.99999999999999,455.8759738005311,40.62701309973447,53.83945511315451,460.8385233559255
-41.9335,72.631,-54.4639,20.2,100.0,122.99999999999999,119.99999999999997,456.1829364257779,40.57298690026552,53.92701309973447,461.14765693204316
-45.6773,70.3368,-54.4639,21.8,100.0,122.99999999999999,122.99999999999999,456.41711404870955,40.82999999999999,53.94353178711102,461.4039179701661
-49.2958,67.8499,-54.4639,20.8,100.0,122.99999999999999,126.0,456.72999999999996,40.90353178711102,54.01353178711102,461.7281163507118
-52.7792,65.1769,-54.4639,21.0,100.0,122.99999999999999,129.0,457.03254296239504,40.9594551131545,54.126468212888966,462.0455571164394
-56.118,62.3254,-54.4639,19.7,100.0,122.99999999999999,131.99999999999997,457.3018971265745,41.04755798657996,54.15950558764207,462.3236736072722
-59.303,59.303,-54.4639,21.1,100.0,122.99999999999999,135.0,457.5751159731599,41.01945511315451,54.19353178711102,462.5954186361895
-62.3254,56.118,-54.4639,21.2,100.0,122.99999999999999,138.0,457.9214027142165,40.91891022630901,54.272442013420026,462.93829636352666
-65.1769,52.7792,-54.4639,20.4,100.0,122.99999999999999,141.0,458.1850654986723,40.88999999999999,54.35298690026553,463.20599470538275
-67.8499,49.2958,-54.4639,20.9,100.0,122.99999999999999,143.99999999999997,458.47244201342,40.70054488684549,54.44353178711102,463.4842096482782
-70.3368,45.6773,-54.4639,21.5,100.0,122.99999999999999,147.0,458.755973800531,40.54999999999999,54.46402619946894,463.7538960995691
-72.631,41.9335,-54.4639,20.9,100.0,122.99999999999999,150.0,459.0546720352895,40.46244201342003,54.51701309973447,464.04795641014647
-74.7261,38.0748,-54.4639,20.1,100.0,122.99999999999999,152.99999999999997,459.267063574222,40.30348131262344,54.53999999999999,464.24693632807686
-76.6164,34.1118,-54.4639,21.2,100.0,122.99999999999999,155.99999999999997,459.5616346605365,40.18108977369099,54.57348131262345,464.53167910256144
-78.2966,30.0553,-54.4639,22.1,100.0,122.99999999999999,159.0,459.70438961448207,39.89298690026552,54.62701309973447,464.654373480813
-79.7623,25.9163,-54.4639,21.5,100.0,122.99999999999999,161.99999999999997,459.91919264711646,39.68402619946894,54.71293642577793,464.8591088845165
-81.0094,21.7064,-54.4639,21.2,100.0,122.99999999999999,164.99999999999997,460.1209083018587,39.28298690026553,54.71298690026552,465.02463832777994
-82.0344,17.4369,-54.4639,21.4,100.0,122.99999999999999,167.99999999999997,460.2664177384014,38.98244201342003,54.76,465.1488618529237
-82.8345,13.1197,-54.4639,21.4,100.0,122.99999999999999,170.99999999999997,460.41379425314904,38.632442013420025,54.74706357422205,465.26397720487796
-83.4076,8.7665,-54.4639,21.7,100.0,122.99999999999999,173.99999999999997,460.54854681129575,38.49646821288897,54.7605448868455,465.38764413246565
-83.7521,4.3893,-54.4639,19.7,100.0,122.99999999999999,176.99999999999997,460.5778404073873,38.012442013420035,54.810494412357905,465.3827275693453
-83.8671,0.0,-54.4639,21.2,100.0,122.99999999999999,180.0,460.59532796471035,37.787013099734466,54.78646821288896,465.37884739334737
-83.7521,-4.3893,-54.4639,21.4,100.0,122.99999999999999,182.99999999999997,460.55770941004255,37.53646821288897,54.782442013420024,465.320863594011
-83.4076,-8.7665,-54.4639,20.5,100.0,122.99999999999999,186.0,460.51462156080197,37.24,54.74750751209239,465.2502808704958
-82.8345,-13.1197,-54.4639,21.4,100.0,122.99999999999999,188.99999999999997,460.55582237706824,36.77,54.72646821288897,465.2512060688011
-82.0344,-17.4369,-54.4639,20.8,100.0,122.99999999999999,192.0,460.484026199469,36.459999999999994,54.735973800531056,465.156851838996
-81.0094,-21.7064,-54.4639,21.0,100.0,122.99999999999999,194.99999999999997,460.3315841860488,36.19651868737655,54.713531787111016,464.98271572709257
-79.7623,-25.9163,-54.4639,20.8,100.0,122.99999999999999,197.99999999999997,460.181352239729,35.89293642577795,54.702986900265515,464.8092045240295
-78.2966,-30.0553,-54.4639,21.0,100.0,122.99999999999999,200.99999999999997,459.90236101921425,35.61298690026553,54.66646821288897,464.50714661227437
-76.6164,-34.1118,-54.4639,20.9,100.0,122.99999999999999,204.0,459.72994952551244,35.387013099734475,54.637013099734475,464.3157012069606
-74.7261,-38.0748,-54.4639,20.7,100.0,122.99999999999999,207.0,459.571089773691,35.2094551131545,54.591634660536485,464.1395682982143
-72.631,-41.9335,-54.4639,22.0,100.0,122.99999999999999,209.99999999999997,459.29179617759934,34.96353178711102,54.56353178711102,463.8411167546026
-70.3368,-45.6773,-54.4639,21.3,100.0,122.99999999999999,212.99999999999997,459.0451664476475,34.6994551131545,54.489999999999995,463.56841687511263
-67.8499,-49.2958,-54.4639,21.3,100.0,122.99999999999999,215.99999999999994,458.82683162790215,34.5205448868455,54.416468212888965,463.33020779326307
-65.1769,-52.7792,-54.4639,21.1,100.0,122.99999999999999,219.0,458.45457108631444,34.34706357422205,54.344076673956515,462.940161571291
-62.3254,-56.118,-54.4639,20.4,100.0,122.99999999999999,221.99999999999997,458.1375075120923,34.199999999999996,54.28755798657996,462.6086410147769
-59.303,-59.303,-54.4639,22.1,100.0,122.99999999999999,224.99999999999997,457.84,34.16,54.28108977369099,462.3102939660975
-56.118,-62.3254,-54.4639,22.0,100.0,122.99999999999999,228.0,457.45810287342533,34.177013099734474,54.219455113154496,461.92611251339775
-52.7792,-65.1769,-54.4639,20.9,100.0,122.99999999999999,231.0,457.15047445758853,34.17,54.08108977369099,461.60471127135213
-49.2958,-67.8499,-54.4639,22.6,100.0,122.99999999999999,233.99999999999997,456.77163466053645,34.16353178711102,54.043531787111014,461.2246485853201
-45.6773,-70.3368,-54.4639,21.4,100.0,122.99999999999999,236.99999999999997,456.449505587642,34.25,53.96755798657996,460.9031470561226
-41.9335,-72.631,-54.4639,21.3,100.0,122.99999999999999,239.99999999999994,456.0740766739564,34.339999999999996,53.898910226309006,460.53001154928614
-38.0748,-74.7261,-54.4639,20.9,100.0,122.99999999999999,242.99999999999997,455.845640905236,34.542986900265525,53.86298690026552,460.3147701672362
-34.1118,-76.6164,-54.4639,21.5,100.0,122.99999999999999,245.99999999999997,455.49701309973443,34.547013099734464,53.73701309973446,459.95509741036017
-30.0553,-78.2966,-54.4639,22.0,100.0,122.99999999999999,249.0,455.1364682128889,34.896468212888976,53.72999999999999,459.6236298223092
-25.9163,-79.7623,-54.4639,20.9,100.0,122.99999999999999,252.0,454.82521692213516,34.92999999999999,53.69592332604348,459.3139830552774
-21.7064,-81.0094,-54.4639,20.2,100.0,122.99999999999999,254.99999999999997,454.63194760106205,35.36348131262344,53.57592332604348,459.1417680306609
-17.4369,-82.0344,-54.4639,21.3,100.0,122.99999999999999,258.0,454.34321884658533,35.57353178711102,53.57293642577795,458.87176443203083
-13.1197,-82.8345,-54.4639,21.1,100.0,122.99999999999999,260.99999999999994,454.1154793881732,35.99755798657996,53.554076673956516,458.67715435734044
-8.7665,-83.4076,-54.4639,20.9,100.0,122.99999999999999,263.99999999999994,453.9830373747531,36.2694551131545,53.5394551131545,458.5657475782781
-4.3893,-83.7521,-54.4639,20.9,100.0,122.99999999999999,266.99999999999994,453.8964682128889,36.524076673956515,53.53994952551241,458.50031431637376
0.0,-83.8671,-54.4639,20.9,100.0,122.99999999999999,270.0,453.74493450132763,36.87701309973447,53.53597380053105,458.3780973950907
4.3893,-83.7521,-54.4639,21.1,100.0,122.99999999999999,273.0,453.7029364257779,37.21,53.56,458.36624245397206
8.7665,-83.4076,-54.4639,20.1,100.0,122.99999999999999,276.0,453.70498497581514,37.68353178711102,53.5594551131545,458.4068904280049
13.1197,-82.8345,-54.4639,22.5,100.0,122.99999999999999,278.99999999999994,453.69670015920883,38.03353178711102,53.576518687376556,458.42958961024215
17.4369,-82.0344,-54.4639,20.0,100.0,122.99999999999999,282.0,453.8653784391979,38.43054488684549,53.55457108631444,458.6270604862902
21.7064,-81.0094,-54.4639,22.4,100.0,122.99999999999999,284.99999999999994,453.88675063369635,38.669999999999995,53.5394551131545,458.6665723100265
25.9163,-79.7623,-54.4639,21.0,100.0,122.99999999999999,287.99999999999994,454.0865186873765,39.048910226309,53.59646821288898,458.903002004104
30.0553,-78.2966,-54.4639,21.4,100.0,122.99999999999999,291.0,454.2541271484441,39.37950558764207,53.607063574222046,459.0983279829852
34.1118,-76.6164,-54.4639,20.6,100.0,122.99999999999999,294.0,454.4973765147476,39.60646821288897,53.55701309973447,459.35268719716004
38.0748,-74.7261,-54.4639,21.5,100.0,122.99999999999999,296.99999999999994,454.72163466053655,39.942391538932455,53.65,459.61449299407417
41.9335,-72.631,-54.4639,20.5,100.0,122.99999999999999,300.0,454.9170130997344,40.2705448868455,53.58701309973448,459.8290699444941
45.6773,-70.3368,-54.4639,22.1,100.0,122.99999999999999,303.0,455.23770941004256,40.38244201342003,53.64646821288896,460.16307679298444
49.2958,-67.8499,-54.4639,21.0,100.0,122.99999999999999,305.99999999999994,455.51896070079647,40.52,53.652986900265525,460.4541638005392
52.7792,-65.1769,-54.4639,23.3,100.0,122.99999999999999,309.0,455.7575579865799,40.63,53.65,460.69954532416324
56.118,-62.3254,-54.4639,21.1,100.0,122.99999999999999,311.99999999999994,456.14782045261796,40.813531787111025,53.68701309973446,461.1061416378905
59.303,-59.303,-54.4639,21.9,100.0,122.99999999999999,314.99999999999994,456.538153347913,40.778910226309,53.71701309973446,461.4927111861302
62.3254,-56.118,-54.4639,21.4,100.0,122.99999999999999,318.0,456.89919264711637,40.769999999999996,53.68407667395651,461.84526113182324
65.1769,-52.7792,-54.4639,20.7,100.0,122.99999999999999,321.0,457.31194760106206,40.792986900265525,53.692986900265524,462.25666251682503
67.8499,-49.2958,-54.4639,21.2,100.0,122.99999999999999,323.99999999999994,457.6111402481785,40.73402619946894,53.70651868737655,462.54903169196524
70.3368,-45.6773,-54.4639,21.0,100.0,122.99999999999999,327.0,457.988910226309,40.76651868737655,53.73402619946894,462.928824451206
72.631,-41.9335,-54.4639,20.7,100.0,122.99999999999999,329.99999999999994,458.24168513502406,40.67701309973447,53.79592332604347,463.17821921653876
74.7261,-38.0748,-54.4639,21.0,100.0,122.99999999999999,332.99999999999994,458.5570130997345,40.537013099734466,53.80103929920341,463.478516787642
76.6164,-34.1118,-54.4639,20.7,100.0,122.99999999999999,335.99999999999994,458.8708578273711,40.39999999999999,53.83597380053106,463.78112967032075
78.2966,-30.0553,-54.4639,20.3,100.0,122.99999999999999,339.0,459.0124924879075,40.22701309973446,53.879999999999995,463.91134416274787
79.7623,-25.9163,-54.4639,20.9,100.0,122.99999999999999,341.99999999999994,459.33706357422204,39.82054488684549,53.88298690026552,464.19779194365884
81.0094,-21.7064,-54.4639,22.7,100.0,122.99999999999999,345.0,459.58483355235245,39.61353178711102,53.93592332604347,464.431410390194
82.0344,-17.4369,-54.4639,20.7,100.0,122.99999999999999,347.99999999999994,459.80392525049376,39.33701309973446,53.93646821288896,464.62478719785315
82.8345,-13.1197,-54.4639,21.1,100.0,122.99999999999999,351.0,459.9242076713012,39.14999999999999,53.944833552352485,464.7290009985015
83.4076,-8.7665,-54.4639,21.8,100.0,122.99999999999999,353.99999999999994,460.0719476010621,38.811897126574536,53.94054488684549,464.8463646310338
83.7521,-4.3893,-54.4639,21.0,100.0,122.99999999999999,356.99999999999994,460.1818466520869,38.59,53.97597380053106,464.9407766972482
80.7908,-4.2341,-58.7785,20.5,100.0,126.0,356.99999999999994,459.9670130997344,38.46999999999999,53.92999999999999,464.7128564392115
80.4585,-8.4565,-58.7785,21.1,100.0,126.0,353.99999999999994,459.8951664476474,38.64646821288897,53.91945511315449,464.65516382252616
79.9057,-12.6558,-58.7785,20.2,100.0,126.0,351.0,459.68999999999994,38.92353178711102,53.877608461067545,464.47038023997425
79.1338,-16.8204,-58.7785,21.8,100.0,126.0,347.99999999999994,459.50843576872046,39.291089773690985,53.839999999999996,464.31728147703114
78.145,-20.9389,-58.7785,20.3,100.0,126.0,345.0,459.4115841860489,39.64,53.8405448868455,464.2511578424415
76.9421,-25.0,-58.7785,20.1,100.0,126.0,341.99999999999994,459.20130176524145,39.7794551131545,53.830000000000005,464.0537786636284
75.5282,-28.9926,-58.7785,20.9,100.0,126.0,339.0,458.93493450132763,39.97402619946894,53.81592332604347,463.8052937168444
73.9074,-32.9057,-58.7785,20.5,100.0,126.0,335.99999999999994,458.6995560621296,40.22,53.79646821288897,463.5914053601244
72.0839,-36.7286,-58.7785,21.2,100.0,126.0,332.99999999999994,458.4140766739565,40.68298690026552,53.76049441235792,463.34518652450083
70.0629,-40.4508,-58.7785,21.3,100.0,126.0,329.99999999999994,458.11999999999995,40.66298690026553,53.76049441235792,463.0524847823541
67.8499,-44.0622,-58.7785,20.9,100.0,126.0,327.0,457.8412712455233,40.633531787111025,53.72597380053105,462.77013065022504
65.4508,-47.5528,-58.7785,21.2,100.0,126.0,323.99999999999994,457.5221290728943,40.603531787111024,53.76348131262344,462.4561139263205
62.8724,-50.9131,-58.7785,21.3,100.0,126.0,321.0,457.20457108631444,40.5894551131545,53.72999999999999,462.1368158766444
60.1217,-54.1338,-58.7785,20.1,100.0,126.0,318.0,456.8947830778649,40.618910226309005,53.719455113154496,461.8316993552915
57.2061,-57.2061,-58.7785,21.2,100.0,126.0,314.99999999999994,456.5476084610675,40.58353178711101,53.68402619946893,461.4810034148978
54.1338,-60.1217,-58.7785,20.9,100.0,126.0,311.99999999999994,456.20673067892693,40.67701309973447,53.635923326043475,461.14641143839356
50.9131,-62.8724,-58.7785,21.6,100.0,126.0,309.0,455.92592332604346,40.522442013420026,53.67249248790761,460.8592543470303
47.5528,-65.4508,-58.7785,20.9,100.0,126.0,305.99999999999994,455.6075579865798,40.425923326043474,53.635923326043475,460.53155640226765
44.0622,-67.8499,-58.7785,20.9,100.0,126.0,303.0,455.28576180898057,40.18950558764208,53.62244201342003,460.19092510918284
40.4508,-70.0629,-58.7785,21.8,100.0,126.0,300.0,455.09358226159856,40.04,53.630050474487575,459.98864391372797
36.7286,-72.0839,-58.7785,21.3,100.0,126.0,296.99999999999994,454.85945511315447,39.650544886845495,53.62054488684549,459.7221470079745
32.9057,-73.9074,-58.7785,21.7,100.0,126.0,294.0,454.6611402481785,39.562442013420025,53.56651868737655,459.5120359621978
28.9926,-75.5282,-58.7785,21.3,100.0,126.0,291.0,454.44483355235246,39.18999999999999,53.57353178711102,459.2669007783708
25.0,-76.9421,-58.7785,21.0,100.0,126.0,287.99999999999994,454.2348335523524,38.82999999999999,53.546518687376555,459.0253615824194
20.9389,-78.145,-58.7785,20.1,100.0,126.0,284.99999999999994,454.0941776229317,38.85646821288898,53.57353178711102,458.89156734589324
16.8204,-79.1338,-58.7785,21.0,100.0,126.0,282.0,454.08353178711104,38.402986900265525,53.61239153893245,458.84739485981834
12.6558,-79.9057,-58.7785,21.5,100.0,126.0,278.99999999999994,454.056468212889,37.95298690026553,53.55950558764208,458.7769895923363
8.4565,-80.4585,-58.7785,20.1,100.0,126.0,276.0,453.9554289136855,37.61054488684549,53.50407667395651,458.6423124261718
4.2341,-80.7908,-58.7785,21.7,100.0,126.0,273.0,453.998153347913,37.2405448868455,53.49407667395651,458.65324338325945
0.0,-80.9017,-58.7785,20.0,100.0,126.0,270.0,453.9849345013276,36.87755798657997,53.503531787111015,458.6119306678825
-4.2341,-80.7908,-58.7785,21.0,100.0,126.0,266.99999999999994,454.08805239893786,36.55,53.47646821288898,458.68463510780987
-8.4565,-80.4585,-58.7785,20.9,100.0,126.0,263.99999999999994,454.1379214015932,36.22755798657997,53.52054488684549,458.71356676864866
-12.6558,-79.9057,-58.7785,21.5,100.0,126.0,260.99999999999994,454.2703328952951,35.99999999999999,53.58054488684549,458.8337500001209
-16.8204,-79.1338,-58.7785,21.6,100.0,126.0,258.0,454.5651159731599,35.71348131262344,53.63646821288897,459.1097560818237
-20.9389,-78.145,-58.7785,20.9,100.0,126.0,254.99999999999997,454.7325429623951,35.459999999999994,53.65701309973447,459.2582849376063
-25.0,-76.9421,-58.7785,21.4,100.0,126.0,252.0,454.9762362665691,35.09701309973447,53.66457108631444,459.4725912235614
-28.9926,-75.5282,-58.7785,19.9,100.0,126.0,249.0,455.24488402684,34.83701309973446,53.778910226309,459.7321971533552
-32.9057,-73.9074,-58.7785,20.9,100.0,126.0,245.99999999999997,455.4845710863144,34.88646821288897,53.8094551131545,459.97686639833023
-36.7286,-72.0839,-58.7785,21.4,100.0,126.0,242.99999999999997,455.8089102263089,34.53054488684549,53.861897126574526,460.27733502091047
-40.4508,-70.0629,-58.7785,21.1,100.0,126.0,239.99999999999994,456.1472955205418,34.52,53.91706357422204,460.61810141935496
-44.0622,-67.8499,-58.7785,20.5,100.0,126.0,236.99999999999997,456.4342076713011,34.45462156080201,54.00945511315449,460.9081558413198
-47.5528,-65.4508,-58.7785,21.3,100.0,126.0,233.99999999999997,456.7495055876421,34.38760846106754,54.022442013420026,461.21691503165897
-50.9131,-62.8724,-58.7785,21.8,100.0,126.0,231.0,457.13244201342,34.41,54.17353178711102,461.6155209559596
-54.1338,-60.1217,-58.7785,20.4,100.0,126.0,228.0,457.4353784391979,34.298910226309,54.17646821288896,461.90759941631916
-57.2061,-57.2061,-58.7785,21.5,100.0,126.0,224.99999999999997,457.7058428031863,34.297013099734464,54.21999999999999,462.18041070964745
-60.1217,-54.1338,-58.7785,21.2,100.0,126.0,221.99999999999997,458.08407667395653,34.432986900265526,54.32651868737655,462.5775854078914
-62.8724,-50.9131,-58.7785,21.1,100.0,126.0,219.0,458.29597380053093,34.55353178711102,54.41049441235791,462.8062748742038
-65.4508,-47.5528,-58.7785,21.3,100.0,126.0,215.99999999999994,458.66831486497586,34.57646821288897,54.455923326043475,463.1820406713169
-67.8499,-44.0622,-58.7785,22.2,100.0,126.0,212.99999999999997,458.9334813126235,34.91054488684549,54.459999999999994,463.47014792111537
-70.0629,-40.4508,-58.7785,20.2,100.0,126.0,209.99999999999997,459.16776997813037,34.985923326043476,54.51,463.71370037736114
-72.0839,-36.7286,-58.7785,20.2,100.0,126.0,207.0,459.4114531887041,35.24293642577794,54.52656916186413,463.97639447867584
-73.9074,-32.9057,-58.7785,21.3,100.0,126.0,204.0,459.65358226159856,35.39651868737655,54.58945511315451,464.2352182144921
-75.5282,-28.9926,-58.7785,19.7,100.0,126.0,200.99999999999997,459.8432188465854,35.629999999999995,54.62,464.444428558669
-76.9421,-25.0,-58.7785,22.6,100.0,126.0,197.99999999999997,460.0471440970791,35.98701309973447,54.67999999999999,464.6809037433313
-78.145,-20.9389,-58.7785,19.9,100.0,126.0,194.99999999999997,460.1754289136855,36.24298690026553,54.698910226309,464.83002297107817
-79.1338,-16.8204,-58.7785,20.8,100.0,126.0,192.0,460.35316837209774,36.57353178711102,54.72755798657996,465.0352335692278
-79.9057,-12.6558,-58.7785,20.9,100.0,126.0,188.99999999999997,460.38108977369103,36.853531787111024,54.75189712657453,465.08784209582814
-80.4585,-8.4565,-58.7785,21.4,100.0,126.0,186.0,460.45425814578886,37.165973800531056,54.76,465.1860821790894
-80.7908,-4.2341,-58.7785,20.9,100.0,126.0,182.99999999999997,460.4885972857833,37.397013099734465,54.74542891368556,465.2368717180029
-80.9017,0.0,-58.7785,21.9,100.0,126.0,180.0,460.44994952551235,37.70701309973447,54.771897126574544,465.22675715160074
-80.7908,4.2341,-58.7785,20.7,100.0,126.0,176.99999999999997,460.41324936630355,37.942391538932455,54.77054488684549,465.20941290448286
-80.4585,8.4565,-58.7785,20.5,100.0,126.0,173.99999999999997,460.2376589355551,38.33353178711102,54.790544886845495,465.0700658726072
-79.9057,12.6558,-58.7785,21.5,100.0,126.0,170.99999999999997,460.2470635742221,38.64,54.74701309973448,465.0996071510237
-79.1338,16.8204,-58.7785,21.7,100.0,126.0,167.99999999999997,460.0943896144821,38.923531787111024,54.73353178711101,464.97058851436594
-78.145,20.9389,-58.7785,20.4,100.0,126.0,164.99999999999997,459.9421795473819,39.15755798657997,54.72994952551241,464.8392090275234
-76.9421,25.0,-58.7785,20.5,100.0,126.0,161.99999999999997,459.8315841860489,39.483531787111026,54.687013099734465,464.7523044581981
-75.5282,28.9926,-58.7785,20.1,100.0,126.0,159.0,459.6358428031863,39.687013099734465,54.66,464.5727958008022
-73.9074,32.9057,-58.7785,20.6,100.0,126.0,155.99999999999997,459.43571133449296,39.876518687376546,54.63999999999999,464.38867254925185
-72.0839,36.7286,-58.7785,21.2,100.0,126.0,152.99999999999997,459.2337942531491,40.16701309973446,54.59000000000001,464.20807277071117
-70.0629,40.4508,-58.7785,19.8,100.0,126.0,150.0,459.0480523989378,40.22244201342003,54.5594551131545,464.02553097327
-67.8499,44.0622,-58.7785,22.3,100.0,126.0,147.0,458.66584233183767,40.491039299203415,54.46298690026553,463.6594613804428
-65.4508,47.5528,-58.7785,22.1,100.0,126.0,143.99999999999997,458.40348131262346,40.546468212888975,54.38,463.39502820387656
-62.8724,50.9131,-58.7785,20.5,100.0,126.0,141.0,458.1549345013276,40.7594551131545,54.358910226309,463.1653790062778
-60.1217,54.1338,-58.7785,21.5,100.0,126.0,138.0,457.95745703760474,40.73298690026552,54.306518687376546,462.96156066147563
-57.2061,57.2061,-58.7785,21.6,100.0,126.0,135.0,457.60891022630886,40.78054488684549,54.260544886845494,462.61557938659547
-54.1338,60.1217,-58.7785,21.9,100.0,126.0,131.99999999999997,457.32901117528417,40.714571086314436,54.20646821288897,462.3265533769617
-50.9131,62.8724,-58.7785,20.3,100.0,126.0,129.0,457.1229869002655,40.750544886845496,54.10298690026552,462.11380119265584
-47.5528,65.4508,-58.7785,21.4,100.0,126.0,126.0,456.82896070079653,40.789455113154496,54.148910226309,461.8317696543784
-44.0622,67.8499,-58.7785,21.3,100.0,126.0,122.99999999999999,456.6887588028462,40.550544886845486,54.007063574222045,461.6554256406117
-40.4508,70.0629,-58.7785,22.7,100.0,126.0,119.99999999999997,456.43423819101946,40.49701309973447,54.00701309973446,461.39893728418065
-36.7286,72.0839,-58.7785,23.2,100.0,126.0,116.99999999999999,456.1594551131545,40.31646821288898,53.94244201342003,461.1037336095448
-32.9057,73.9074,-58.7785,21.1,100.0,126.0,114.0,455.92184665208686,40.07999999999999,53.86651868737654,460.8391677040337
-28.9926,75.5282,-58.7785,20.7,100.0,126.0,110.99999999999999,455.66326932107296,39.94,53.800544886845486,460.5634779685534
-25.0,76.9421,-58.7785,21.0,100.0,126.0,107.99999999999997,455.58831486497587,39.652986900265525,53.774076673956515,460.4614243709864
-20.9389,78.145,-58.7785,20.6,100.0,126.0,104.99999999999999,455.3405448868454,39.49651868737655,53.734076673956515,460.1981505854562
-16.8204,79.1338,-58.7785,21.0,100.0,126.0,102.0,455.15805239893785,39.2394551131545,53.70184665208696,459.99182148709536
-12.6558,79.9057,-58.7785,21.6,100.0,126.0,98.99999999999999,455.077063574222,39.056518687376546,53.68054488684549,459.8936250293784
-8.4565,80.4585,-58.7785,21.4,100.0,126.0,96.0,454.97298690026554,38.582442013420035,53.69592332604348,459.75240708723265
-4.2341,80.7908,-58.7785,19.7,100.0,126.0,93.0,455.0178709271055,38.339999999999996,53.723481312623434,459.77976348180425
0.0,80.9017,-58.7785,21.1,100.0,126.0,90.0,454.98244201342004,37.96999999999999,53.74896070079659,459.71697186085146
4.2341,80.7908,-58.7785,21.7,100.0,126.0,86.99999999999999,454.99407667395644,37.79244201342003,53.74706357422205,459.7136340425149
8.4565,80.4585,-58.7785,20.5,100.0,126.0,83.99999999999999,455.04293642577795,37.35353178711102,53.775973800531055,459.7295027362946
12.6558,79.9057,-58.7785,20.8,100.0,126.0,80.99999999999999,455.1664177384013,37.25755798657996,53.779999999999994,459.8444104954764
16.8204,79.1338,-58.7785,21.2,100.0,126.0,77.99999999999999,455.2274774637228,36.959455113154505,53.792986900265525,459.88231429344796
20.9389,78.145,-58.7785,20.8,100.0,126.0,75.0,455.389243121604,36.58,53.85,460.0187840195956
25.0,76.9421,-58.7785,20.9,100.0,126.0,71.99999999999999,455.62130176524147,36.35,53.906518687376554,460.2369019094902
28.9926,75.5282,-58.7785,21.6,100.0,126.0,69.0,455.8313017652414,36.14407667395652,53.89407667395652,460.4271293572368
32.9057,73.9074,-58.7785,22.2,100.0,126.0,65.99999999999999,456.0626234852523,35.967013099734466,53.94298690026553,460.64800922970426
36.7286,72.0839,-58.7785,21.4,100.0,126.0,63.0,456.2549345013276,35.92999999999999,53.962986900265534,460.8378609793351
40.4508,70.0629,-58.7785,19.4,100.0,126.0,59.999999999999986,456.4562057468509,35.652986900265525,53.986518687376545,461.01838080461005
44.0622,67.8499,-58.7785,20.9,100.0,126.0,57.0,456.8550654986724,35.52244201342004,53.96054488684549,461.4001898166908
47.5528,65.4508,-58.7785,20.6,100.0,126.0,53.999999999999986,457.0744196628517,35.56999999999999,54.022442013420026,461.6282858006277
50.9131,62.8724,-58.7785,20.8,100.0,126.0,51.0,457.29841581395107,35.44244201342003,53.999999999999986,461.8376422530151
54.1338,60.1217,-58.7785,20.1,100.0,126.0,48.0,457.58168513502403,35.368910226309005,54.03239153893246,462.11628159698233
57.2061,57.2061,-58.7785,20.3,100.0,126.0,45.0,457.84747746372284,35.27646821288897,54.06999999999999,462.37680167745134
60.1217,54.1338,-58.7785,20.9,100.0,126.0,41.99999999999999,458.1799495255124,35.27592332604348,54.06457108631443,462.70534334547415
62.8724,50.9131,-58.7785,20.4,100.0,126.0,38.99999999999999,458.42696262524674,35.36054488684549,54.037013099734466,462.95318011786554
65.4508,47.5528,-58.7785,21.0,100.0,126.0,35.99999999999999,458.6645206118268,35.51353178711103,54.05402619946894,463.2021061658117
67.8499,44.0622,-58.7785,22.2,100.0,126.0,32.99999999999999,458.8391421726289,35.66701309973446,54.072986900265526,463.3890181321595
70.0629,40.4508,-58.7785,21.8,100.0,126.0,29.999999999999993,459.16,35.63597380053106,54.07298690026551,463.7043413006055
72.0839,36.7286,-58.7785,21.8,100.0,126.0,26.999999999999993,459.295711334493,35.84646821288897,54.08651868737655,463.8565200978806
73.9074,32.9057,-58.7785,21.1,100.0,126.0,24.0,459.5118971265744,36.03244201342003,54.10298690026552,464.08690314406016
75.5282,28.9926,-58.7785,21.8,100.0,126.0,20.999999999999996,459.7059233260434,36.21651868737655,54.10592332604348,464.2936819577097
76.9421,25.0,-58.7785,20.5,100.0,126.0,17.999999999999996,459.798153347913,36.5305448868455,54.103481312623444,464.4093121611863
78.145,20.9389,-58.7785,20.6,100.0,126.0,14.999999999999996,459.85033289529497,36.76945511315451,54.1094551131545,464.48052125560054
79.1338,16.8204,-58.7785,20.5,100.0,126.0,12.0,460.03184665208687,36.91,54.08244201342002,464.6682241861005
79.9057,12.6558,-58.7785,21.3,100.0,126.0,8.999999999999998,460.05103929920335,37.25646821288897,54.05755798657996,464.711978282729
80.4585,8.4565,-58.7785,21.9,100.0,126.0,6.0,460.1440261994689,37.51701309973447,54.03298690026553,464.8221324252401
80.7908,4.2341,-58.7785,23.0,100.0,126.0,3.0,460.05537843919797,37.91646821288897,54.00298690026552,464.7633079178292
80.9017,0.0,-58.7785,21.3,100.0,126.0,0.0,460.04163466053643,38.22353178711102,53.99348131262344,464.77375144006936
77.7146,0.0,-62.932,20.9,100.0,129.0,0.0,459.81646821288894,38.227013099734464,53.96597380053105,464.54796878098773
77.6081,4.0673,-62.932,21.6,100.0,129.0,3.0,459.7724924879076,37.881897126574536,54.00163466053648,464.4803112344607
77.2889,8.1234,-62.932,20.5,100.0,129.0,6.0,459.76005047448746,37.601089773690994,54.023531787111025,464.44772359354437
76.7578,12.1572,-62.932,20.9,100.0,129.0,8.999999999999998,459.8589102263089,37.416518687376545,54.0205448868455,464.53033534429477
76.0163,16.1578,-62.932,21.6,100.0,129.0,12.0,459.75778993289987,37.08646821288897,54.019999999999996,464.40369499874794
75.0665,20.114,-62.932,21.3,100.0,129.0,14.999999999999996,459.6189607007965,36.93298690026552,54.019999999999996,464.2540198609545
73.911,24.0151,-62.932,20.9,100.0,129.0,17.999999999999996,459.52433913999454,36.66706357422205,54.0305448868455,464.14048691530263
72.5528,27.8504,-62.932,20.2,100.0,129.0,20.999999999999996,459.3710897736909,36.46750751209238,54.052986900265516,463.97564873261746
70.9958,31.6094,-62.932,21.9,100.0,129.0,24.0,459.2036327360862,36.27625622133851,54.024076673956515,463.7914875716544
69.2442,35.2817,-62.932,21.0,100.0,129.0,26.999999999999993,459.124621560802,35.98891022630901,54.04646821288897,463.6934768884654
67.3028,38.8573,-62.932,21.0,100.0,129.0,29.999999999999993,458.9548840268401,35.91592332604347,54.04,463.51899715162966
65.1769,42.3264,-62.932,21.7,100.0,129.0,32.99999999999999,458.81587285155587,35.603531787111024,54.05701309973446,463.3592313977523
62.8724,45.6795,-62.932,21.3,100.0,129.0,35.99999999999999,458.6045710863144,35.59,54.08244201342002,463.15193107164885
60.3956,48.9074,-62.932,21.8,100.0,129.0,38.99999999999999,458.3814027142166,35.53,54.0894551131545,462.92716533888006
57.7532,52.0012,-62.932,21.9,100.0,129.0,41.99999999999999,458.0989607007965,35.603531787111024,54.01462156080201,462.6444083885835
54.9525,54.9525,-62.932,20.9,100.0,129.0,45.0,457.89794135636254,35.49108977369099,54.010544886845494,462.43624545519026
52.0012,57.7532,-62.932,20.1,100.0,129.0,48.0,457.7337437786615,35.41701309973447,54.033037374753114,462.27060704578395
48.9074,60.3956,-62.932,20.8,100.0,129.0,51.0,457.4185972857833,35.51,54.00054488684549,461.96189463089894
45.6795,62.8724,-62.932,21.9,100.0,129.0,53.999999999999986,457.1751159731599,35.53701309973447,53.969505587642075,461.7192583145059
42.3264,65.1769,-62.932,21.6,100.0,129.0,57.0,456.9100000000001,35.66701309973447,53.99701309973447,461.47000048448393
38.8573,67.3028,-62.932,21.6,100.0,129.0,59.999999999999986,456.68194760106206,35.8,53.918910226309,461.2453686972824
35.2817,69.2442,-62.932,22.6,100.0,129.0,63.0,456.47646821288896,35.92298690026553,53.98244201342003,461.058923637404
31.6094,70.9958,-62.932,21.1,100.0,129.0,65.99999999999999,456.2340766739565,36.10054488684549,53.89706357422204,460.8228244364514
27.8504,72.5528,-62.932,21.1,100.0,129.0,69.0,456.113531787111,36.29597380053105,53.913531787111026,460.720761962385
24.0151,73.911,-62.932,21.5,100.0,129.0,71.99999999999999,455.91927364132226,36.559455113154506,53.88999999999999,460.54653395265245
20.114,75.0665,-62.932,20.6,100.0,129.0,75.0,455.7678404073874,36.79,53.86,460.4114768873749
16.1578,76.0163,-62.932,21.2,100.0,129.0,77.99999999999999,455.68430862027645,36.96,53.85537843919798,460.3418648239247
12.1572,76.7578,-62.932,21.0,100.0,129.0,80.99999999999999,455.5289607007965,37.31402619946894,53.834026199468944,460.2141598921176
8.1234,77.2889,-62.932,20.9,100.0,129.0,83.99999999999999,455.45444008896965,37.51945511315451,53.80755798657996,460.15400661650665
4.0673,77.6081,-62.932,20.8,100.0,129.0,86.99999999999999,455.377063574222,37.71163466053648,53.78054488684549,460.0899742730511
0.0,77.7146,-62.932,20.4,100.0,129.0,90.0,455.30168513502406,37.96244201342003,53.77701309973446,460.03558408925704
-4.0673,77.6081,-62.932,22.8,100.0,129.0,93.0,455.37,38.289455113154496,53.77836533946351,460.1304509065305
-8.1234,77.2889,-62.932,20.2,100.0,129.0,96.0,455.4282643904883,38.67646821288897,53.75407667395652,460.21763760010845
-12.1572,76.7578,-62.932,21.2,100.0,129.0,98.99999999999999,455.42158418604885,38.96646821288898,53.75651868737655,460.23577467305034
-16.1578,76.0163,-62.932,20.8,100.0,129.0,102.0,455.5621795473819,39.07999999999999,53.80103929920341,460.3897236729285
-20.114,75.0665,-62.932,20.8,100.0,129.0,104.99999999999999,455.5970130997344,39.38298690026553,53.78298690026553,460.44789898803987
-24.0151,73.911,-62.932,20.0,100.0,129.0,107.99999999999997,455.7016346605364,39.64,53.885378439197986,460.5854355511262
-27.8504,72.5528,-62.932,20.1,100.0,129.0,110.99999999999999,455.99262348525224,39.75646821288897,53.92244201342003,460.887707788368
-31.6094,70.9958,-62.932,20.3,100.0,129.0,114.0,456.0821290728944,40.08592332604348,53.938910226309005,461.00671984795144
-35.2817,69.2442,-62.932,21.3,100.0,129.0,116.99999999999999,456.2494551131545,40.182986900265526,54.049455113154494,461.193648400871
-38.8573,67.3028,-62.932,21.5,100.0,129.0,119.99999999999997,456.4829869002654,40.38,54.014026199468944,461.43772792833573
-42.3264,65.1769,-62.932,21.3,100.0,129.0,122.99999999999999,456.65659968158224,40.57103929920341,54.103531787111024,461.6367093444815
-45.6795,62.8724,-62.932,21.2,100.0,129.0,126.0,456.84435909476394,40.66810287342546,54.09353178711102,461.82980978844614
-48.9074,60.3956,-62.932,21.0,100.0,129.0,129.0,457.205973800531,40.663531787111026,54.19760846106754,462.1993142132433
-52.0012,57.7532,-62.932,20.9,100.0,129.0,131.99999999999997,457.43706357422195,40.74,54.2394551131545,462.4395454785184
-54.9525,54.9525,-62.932,20.5,100.0,129.0,135.0,457.67815334791305,40.65054488684549,54.29511597315993,462.6766889201272
-57.7532,52.0012,-62.932,21.4,100.0,129.0,138.0,457.91872875447666,40.5794551131545,54.33566086000543,462.91318663707347
-60.3956,48.9074,-62.932,21.0,100.0,129.0,141.0,458.1245710863144,40.470544886845495,54.41701309973446,463.1168307793989
-62.8724,45.6795,-62.932,20.5,100.0,129.0,143.99999999999997,458.41999999999996,40.38244201342003,54.470494412357915,463.40767449891666
-65.1769,42.3264,-62.932,20.5,100.0,129.0,147.0,458.70610479787575,40.203531787111025,54.52755798657996,463.6818619775599
-67.3028,38.8573,-62.932,20.7,100.0,129.0,150.0,458.88678115341463,40.2105448868455,54.53353178711101,463.86191040719723
-69.2442,35.2817,-62.932,20.4,100.0,129.0,152.99999999999997,459.0504944123579,39.998910226309,54.58592332604347,464.01173720594534
-70.9958,31.6094,-62.932,21.3,100.0,129.0,155.99999999999997,459.29402619946893,39.87298690026552,54.614026199468924,464.2451393871383
-72.5528,27.8504,-62.932,21.4,100.0,129.0,159.0,459.4496065366171,39.743531787111024,54.682391538932436,464.3960090375266
-73.911,24.0151,-62.932,21.3,100.0,129.0,161.99999999999997,459.6415337115613,39.42054488684549,54.706468212888964,464.56120860035224
-75.0665,20.114,-62.932,20.3,100.0,129.0,164.99999999999997,459.8088801779395,39.18646821288897,54.738910226309,464.7108067112862
-76.0163,16.1578,-62.932,20.6,100.0,129.0,167.99999999999997,459.9556608600054,38.86999999999999,54.72706357422204,464.8280739635046
-76.7578,12.1572,-62.932,21.2,100.0,129.0,170.99999999999997,460.01374377866136,38.56,54.76701309973447,464.86443592635305
-77.2889,8.1234,-62.932,21.8,100.0,129.0,173.99999999999997,460.0815337115613,38.2405448868455,54.78755798657996,464.90755365530276
-77.6081,4.0673,-62.932,20.8,100.0,129.0,176.99999999999997,460.14348131262335,38.016468212888974,54.827013099734465,464.95513398103327
-77.7146,0.0,-62.932,20.9,100.0,129.0,180.0,460.1694046386669,37.73348131262345,54.824076673956526,464.957391553922
-77.6081,-4.0673,-62.932,21.3,100.0,129.0,182.99999999999997,460.17607474950614,37.469455113154496,54.826468212888976,464.9429227927216
-77.2889,-8.1234,-62.932,21.7,100.0,129.0,186.0,460.1714531887042,37.18,54.777013099734475,464.90928135920484
-76.7578,-12.1572,-62.932,21.3,100.0,129.0,188.99999999999997,460.2035118323417,36.82999999999999,54.75,464.9099737613942
-76.0163,-16.1578,-62.932,21.3,100.0,129.0,192.0,460.13,36.49810287342546,54.72163466053648,464.80768680528547
-75.0665,-20.114,-62.932,21.0,100.0,129.0,194.99999999999997,459.95298690026544,36.297013099734464,54.73298690026552,464.6180400861149
-73.911,-24.0151,-62.932,21.3,100.0,129.0,197.99999999999997,459.8019980755496,35.939455113154494,54.71701309973446,464.438880145337
-72.5528,-27.8504,-62.932,20.4,100.0,129.0,200.99999999999997,459.66031294052556,35.73108977369099,54.69646821288897,464.28010694403116
-70.9958,-31.6094,-62.932,21.1,100.0,129.0,204.0,459.4861857920815,35.472936425777945,54.65701309973446,464.08326110021153
-69.2442,-35.2817,-62.932,20.9,100.0,129.0,207.0,459.25023194631996,35.24163466053649,54.64402619946893,463.83048407320496
-67.3028,-38.8573,-62.932,21.3,100.0,129.0,209.99999999999997,459.06999999999994,35.17293642577795,54.63836533946351,463.6461488288029
-65.1769,-42.3264,-62.932,21.0,100.0,129.0,212.99999999999997,458.8374269892352,35.09108977369099,54.57348131262345,463.4020218451644
-62.8724,-45.6795,-62.932,20.8,100.0,129.0,215.99999999999994,458.54249248790745,34.88646821288897,54.469455113154496,463.0822870956257
-60.3956,-48.9074,-62.932,21.1,100.0,129.0,219.0,458.33592332604337,34.772442013420026,54.37,462.8574707560777
-57.7532,-52.0012,-62.932,20.5,100.0,129.0,221.99999999999997,458.0399999999999,34.6194551131545,54.36592332604347,462.5524855531801
-54.9525,-54.9525,-62.932,20.9,100.0,129.0,224.99999999999997,457.80701309973443,34.56701309973447,54.32651868737655,462.313216629838
-52.0012,-57.7532,-62.932,21.6,100.0,129.0,228.0,457.46298690026555,34.52,54.26597380053106,461.9619147681251
-48.9074,-60.3956,-62.932,20.1,100.0,129.0,231.0,457.19353178711094,34.48646821288897,54.17293642577794,461.6816533486705
-45.6795,-62.8724,-62.932,19.9,100.0,129.0,233.99999999999997,456.911089773691,34.57353178711102,54.15054488684549,461.40584583418376
-42.3264,-65.1769,-62.932,20.4,100.0,129.0,236.99999999999997,456.62935416417935,34.65348131262344,54.0583653394635,461.12204210453314
-38.8573,-67.3028,-62.932,22.6,100.0,129.0,239.99999999999994,456.3317356095116,34.73353178711102,54.02049441235791,460.82891073732674
-35.2817,-69.2442,-62.932,20.4,100.0,129.0,242.99999999999997,456.1219476010621,34.81,53.94701309973447,460.6183315997844
-31.6094,-70.9958,-62.932,19.7,100.0,129.0,245.99999999999997,455.8669626252468,34.862986900265525,53.94755798657996,460.369910486656
-27.8504,-72.5528,-62.932,21.1,100.0,129.0,249.0,455.49028242080743,35.16701309973447,53.80597380053104,460.00347716812666
-24.0151,-73.911,-62.932,20.5,100.0,129.0,252.0,455.35968705947437,35.3405448868455,53.793531787111014,459.88601063082194
-20.114,-75.0665,-62.932,22.3,100.0,129.0,254.99999999999997,455.12221006710007,35.467063574222045,53.78407667395651,459.65951050599347
-16.1578,-76.0163,-62.932,20.7,100.0,129.0,258.0,454.90189712657445,35.690544886845494,53.70298690026553,459.4491939330034
-12.1572,-76.7578,-62.932,20.9,100.0,129.0,260.99999999999994,454.5938447276366,35.964621560802016,53.61706357422204,459.1555370183272
-8.1234,-77.2889,-62.932,20.9,100.0,129.0,263.99999999999994,454.45483355235245,36.353531787111024,53.63244201342003,459.05033912286325
-4.0673,-77.6081,-62.932,19.7,100.0,129.0,266.99999999999994,454.3549039816095,36.680544886845496,53.61054488684549,458.97487041056826
0.0,-77.7146,-62.932,19.6,100.0,129.0,270.0,454.30994952551237,36.91353178711102,53.60407667395651,458.9482934960528
4.0673,-77.6081,-62.932,20.8,100.0,129.0,273.0,454.2559233260434,37.31244201342003,53.60646821288898,458.9273533360814
8.1234,-77.2889,-62.932,21.3,100.0,129.0,276.0,454.25727556577255,37.55646821288897,53.61646821288897,458.9497645414885
12.1572,-76.7578,-62.932,21.6,100.0,129.0,278.99999999999994,454.26561038551773,37.90999999999999,53.60651868737654,458.9859166953895
16.1578,-76.0163,-62.932,20.6,100.0,129.0,282.0,454.3374570376048,38.30293642577795,53.67054488684549,459.09712174515477
20.114,-75.0665,-62.932,21.2,100.0,129.0,284.99999999999994,454.34732604026004,38.59646821288898,53.694076673956516,459.13422210537914
24.0151,-73.911,-62.932,20.5,100.0,129.0,287.99999999999994,454.51428866550685,38.88999999999999,53.68353178711102,459.32297165093917
27.8504,-72.5528,-62.932,22.1,100.0,129.0,291.0,454.64298690026544,39.082986900265524,53.66,459.46394962242823
31.6094,-70.9958,-62.932,21.1,100.0,129.0,294.0,454.82815334791303,39.46,53.7094551131545,459.68515991537583
35.2817,-69.2442,-62.932,21.0,100.0,129.0,296.99999999999994,455.0794551131544,39.622986900265516,53.67,459.9432143830194
38.8573,-67.3028,-62.932,19.7,100.0,129.0,300.0,455.2964682128889,39.88646821288897,53.70298690026553,460.18454462925854
42.3264,-65.1769,-62.932,21.1,100.0,129.0,303.0,455.51353178711094,40.02646821288898,53.661089773690975,460.4065685396602
45.6795,-62.8724,-62.932,21.8,100.0,129.0,305.99999999999994,455.7819476010621,40.23298690026552,53.72597380053105,460.69768531516365
48.9074,-60.3956,-62.932,20.3,100.0,129.0,309.0,456.0504944123579,40.2494551131545,53.686518687376555,460.96020910641727
52.0012,-57.7532,-62.932,21.3,100.0,129.0,311.99999999999994,456.2452979163408,40.43244201342002,53.75,461.1763401757934
54.9525,-54.9525,-62.932,21.8,100.0,129.0,314.99999999999994,456.64028242080735,40.37701309973447,53.77945511315449,461.5656838506072
57.7532,-52.0012,-62.932,21.1,100.0,129.0,318.0,456.8851664476475,40.42353178711102,53.747557986579956,461.8083122157492
60.3956,-48.9074,-62.932,20.6,100.0,129.0,321.0,457.19896070079653,40.419999999999995,53.73298690026552,462.11676008029895
62.8724,-45.6795,-62.932,20.9,100.0,129.0,323.99999999999994,457.56369330417385,40.53353178711102,53.77646821288897,462.49260444113554
65.1769,-42.3264,-62.932,20.3,100.0,129.0,327.0,457.79049441235793,40.4505448868455,53.79755798657997,462.7121790068565
67.3028,-38.8573,-62.932,20.5,100.0,129.0,329.99999999999994,457.99498497581516,40.415923326043476,53.83896070079658,462.9162848838175
69.2442,-35.2817,-62.932,21.3,100.0,129.0,332.99999999999994,458.3465691618641,40.207557986579964,53.87701309973446,463.25042657535096
70.9958,-31.6094,-62.932,21.8,100.0,129.0,335.99999999999994,458.61298690026547,39.98,53.861039299203405,463.4924850609483
72.5528,-27.8504,-62.932,21.3,100.0,129.0,339.0,458.809404638667,39.81755798657997,53.8805448868455,463.675124226226
73.911,-24.0151,-62.932,21.3,100.0,129.0,341.99999999999994,459.0154793881731,39.64755798657996,53.87407667395651,463.8637249340855
75.0665,-20.114,-62.932,19.9,100.0,129.0,345.0,459.28098882471585,39.3805448868455,53.91353178711102,464.10830947221086
76.0163,-16.1578,-62.932,20.9,100.0,129.0,347.99999999999994,459.43255305599524,39.13,53.9294551131545,464.2389619973227
76.7578,-12.1572,-62.932,21.8,100.0,129.0,351.0,459.494026199469,38.86999999999999,53.95,464.28034581812557
77.2889,-8.1234,-62.932,21.0,100.0,129.0,353.99999999999994,459.6649345013276,38.720544886845495,53.96597380053105,464.438864582502
77.6081,-4.0673,-62.932,21.3,100.0,129.0,356.99999999999994,459.7365186873765,38.42407667395651,53.972986900265525,464.48590893370573
74.2126,-3.8893,-66.9131,21.1,100.0,131.99999999999997,356.99999999999994,459.4378709271055,38.400544886845495,53.86298690026552,464.1755922573444
73.9074,-7.768,-66.9131,20.4,100.0,131.99999999999997,353.99999999999994,459.42597380053104,38.684026199468946,53.879999999999995,464.1893295688381
73.3995,-11.6253,-66.9131,20.8,100.0,131.99999999999997,351.0,459.3102824208074,38.84298690026553,53.8805448868455,464.08816650084873
72.6905,-15.4508,-66.9131,21.0,100.0,131.99999999999997,347.99999999999994,459.24023194631985,39.078910226309,53.830000000000005,464.03277983628004
71.7823,-19.234,-66.9131,20.7,100.0,131.99999999999997,345.0,459.0310392992033,39.23701309973446,53.80755798657996,463.8364922400723
70.6773,-22.9644,-66.9131,20.9,100.0,131.99999999999997,341.99999999999994,458.94130176524146,39.46755798657996,53.787013099734466,463.7648643198291
69.3785,-26.6319,-66.9131,21.4,100.0,131.99999999999997,339.0,458.6805448868455,39.599999999999994,53.773531787111025,463.5165530793403
67.8897,-30.2264,-66.9131,21.2,100.0,131.99999999999997,335.99999999999994,458.45537843919794,39.92298690026553,53.75592332604348,463.3194127116869
66.2147,-33.7381,-66.9131,21.5,100.0,131.99999999999997,332.99999999999994,458.2458728515559,40.0594551131545,53.68597380053106,463.11577787024106
64.3582,-37.1572,-66.9131,20.7,100.0,131.99999999999997,329.99999999999994,457.99701309973443,40.13999999999999,53.686518687376555,462.87657739082925
62.3254,-40.4746,-66.9131,20.8,100.0,131.99999999999997,327.0,457.7375579865799,40.207557986579964,53.69353178711103,462.6265395181466
60.1217,-43.681,-66.9131,20.9,100.0,131.99999999999997,323.99999999999994,457.4568011081839,40.21651868737655,53.71755798657996,462.3523216028078
57.7532,-46.7676,-66.9131,20.7,100.0,131.99999999999997,321.0,457.26701309973436,40.397013099734465,53.73646821288897,462.1824833899783
55.2264,-49.7261,-66.9131,19.4,100.0,131.99999999999997,318.0,456.89561038551784,40.38,53.67,461.80581643105677
52.5483,-52.5483,-66.9131,20.9,100.0,131.99999999999997,314.99999999999994,456.7281333931436,40.259455113154495,53.655428913685554,461.6278984319566
49.7261,-55.2264,-66.9131,19.7,100.0,131.99999999999997,311.99999999999994,456.4194551131545,40.09646821288897,53.69108977369098,461.3124525633604
46.7676,-57.7532,-66.9131,21.4,100.0,131.99999999999997,309.0,456.11701309973444,40.22999999999999,53.64402619946895,461.019374957184
43.681,-60.1217,-66.9131,21.0,100.0,131.99999999999997,305.99999999999994,455.82168513502404,40.15298690026552,53.636518687376544,460.7195970796632
40.4746,-62.3254,-66.9131,22.1,100.0,131.99999999999997,303.0,455.53566086000535,39.94353178711102,53.682986900265526,460.42381251334496
37.1572,-64.3582,-66.9131,21.5,100.0,131.99999999999997,300.0,455.4024924879076,39.722986900265525,53.624127148444096,460.26611092378926
33.7381,-66.2147,-66.9131,22.6,100.0,131.99999999999997,296.99999999999994,455.20480303263423,39.43054488684549,53.649455113154495,460.04830682004604
30.2264,-67.8897,-66.9131,17.4,100.0,131.99999999999997,294.0,455.03597380053105,39.339999999999996,53.652986900265525,459.87391321526127
26.6319,-69.3785,-66.9131,20.5,100.0,131.99999999999997,291.0,454.91760846106746,39.023531787111025,53.61462156080201,459.725346447403
22.9644,-70.6773,-66.9131,20.4,100.0,131.99999999999997,287.99999999999994,454.71376373343094,38.8205448868455,53.6594551131545,459.5116742336093
19.234,-71.7823,-66.9131,20.0,100.0,131.99999999999997,284.99999999999994,454.6795055876421,38.493531787111024,53.63945511315449,459.44792516204063
15.4508,-72.6905,-66.9131,22.1,100.0,131.99999999999997,282.0,454.6129869002655,38.2805448868455,53.60651868737655,459.360454132694
11.6253,-73.3995,-66.9131,20.9,100.0,131.99999999999997,278.99999999999994,454.53137219449843,37.932986900265526,53.61244201342002,459.251536462135
7.768,-73.9074,-66.9131,20.7,100.0,131.99999999999997,276.0,454.5894551131545,37.72054488684549,53.599455113154505,459.29001055440153
3.8893,-74.2126,-66.9131,20.6,100.0,131.99999999999997,273.0,454.56981852816773,37.377557986579966,53.61999999999999,459.24493046496605
0.0,-74.3145,-66.9131,21.1,100.0,131.99999999999997,270.0,454.572179547382,37.040544886845495,53.63836533946351,459.2221059795156
-3.8893,-74.2126,-66.9131,22.2,100.0,131.99999999999997,266.99999999999994,454.65869823475845,36.77,53.63945511315449,459.2861373102407
-7.768,-73.9074,-66.9131,21.0,100.0,131.99999999999997,263.99999999999994,454.8318971265745,36.47407667395652,53.64402619946895,459.4345377307477
-11.6253,-73.3995,-66.9131,21.5,100.0,131.99999999999997,260.99999999999994,454.90423819101926,36.21597380053105,53.643531787111016,459.48568115346876
-15.4508,-72.6905,-66.9131,22.3,100.0,131.99999999999997,258.0,455.0659738005311,35.95646821288898,53.67402619946894,459.6289908239377
-19.234,-71.7823,-66.9131,20.5,100.0,131.99999999999997,254.99999999999997,455.26244201342,35.595973800531056,53.76701309973447,459.8063246155904
-22.9644,-70.6773,-66.9131,22.2,100.0,131.99999999999997,252.0,455.36838529423284,35.402986900265525,53.81999999999999,459.90252250551663
-26.6319,-69.3785,-66.9131,21.7,100.0,131.99999999999997,249.0,455.60173560951165,35.20054488684549,53.807013099734455,460.1165227520581
-30.2264,-67.8897,-66.9131,21.3,100.0,131.99999999999997,245.99999999999997,455.85457108631437,35.14298690026553,53.92402619946893,460.37617239614053
-33.7381,-66.2147,-66.9131,21.9,100.0,131.99999999999997,242.99999999999997,456.1488597518215,35.02646821288898,54.003481312623435,460.6680059676798
-37.1572,-64.3582,-66.9131,22.1,100.0,131.99999999999997,239.99999999999994,456.3603634150131,34.8794551131545,54.03353178711103,460.8698083435952
-40.4746,-62.3254,-66.9131,18.8,100.0,131.99999999999997,236.99999999999997,456.6439757249813,34.757013099734465,54.15701309973446,461.15588751897906
-43.681,-60.1217,-66.9131,20.6,100.0,131.99999999999997,233.99999999999997,456.84488402684,34.68755798657997,54.16298690026552,461.3503049641645
-46.7676,-57.7532,-66.9131,20.7,100.0,131.99999999999997,231.0,457.1470130997344,34.76701309973447,54.222986900265525,461.6625056188473
-49.7261,-55.2264,-66.9131,21.1,100.0,131.99999999999997,228.0,457.42049441235787,34.61353178711102,54.31999999999999,461.9331853106283
-52.5483,-52.5483,-66.9131,20.5,100.0,131.99999999999997,224.99999999999997,457.66049441235793,34.75701309973447,54.33298690026553,462.1831363982068
-55.2264,-49.7261,-66.9131,20.7,100.0,131.99999999999997,221.99999999999997,457.8856608600053,34.783481312623444,54.40054488684548,462.4160337590113
-57.7532,-46.7676,-66.9131,21.0,100.0,131.99999999999997,219.0,458.075711334493,34.993481312623445,54.51407667395652,462.63342465130285
-60.1217,-43.681,-66.9131,21.0,100.0,131.99999999999997,215.99999999999994,458.373269321073,35.040544886845495,54.540000000000006,462.9346664639147
-62.3254,-40.4746,-66.9131,20.4,100.0,131.99999999999997,212.99999999999997,458.60082730765293,35.26701309973448,54.560544886845484,463.1795916041531
-64.3582,-37.1572,-66.9131,21.7,100.0,131.99999999999997,209.99999999999997,458.81542891368554,35.41054488684549,54.61407667395652,463.40932432287264
-66.2147,-33.7381,-66.9131,21.7,100.0,131.99999999999997,207.0,459.01244201342,35.57646821288897,54.6599495255124,463.62249416498065
-67.8897,-30.2264,-66.9131,20.7,100.0,131.99999999999997,204.0,459.18994952551236,35.707557986579964,54.72999999999999,463.81657187147545
-69.3785,-26.6319,-66.9131,20.9,100.0,131.99999999999997,200.99999999999997,459.3373459950294,35.88,54.8,463.98406419375806
-70.6773,-22.9644,-66.9131,22.0,100.0,131.99999999999997,197.99999999999997,459.5943391399945,36.05701309973447,54.81701309973446,464.25420804595745
-71.7823,-19.234,-66.9131,21.5,100.0,131.99999999999997,194.99999999999997,459.66402619946894,36.387013099734475,54.82999999999999,464.35047173899403
-72.6905,-15.4508,-66.9131,20.7,100.0,131.99999999999997,192.0,459.79353178711096,36.69353178711102,54.81651868737656,464.50119253806037
-73.3995,-11.6253,-66.9131,20.9,100.0,131.99999999999997,188.99999999999997,459.74433913999445,36.92298690026553,54.86298690026552,464.4761691029219
-73.9074,-7.768,-66.9131,21.9,100.0,131.99999999999997,186.0,459.78602427501863,37.14353178711102,54.83651868737655,464.53188680003353
-74.2126,-3.8893,-66.9131,20.6,100.0,131.99999999999997,182.99999999999997,459.9063167894263,37.432986900265526,54.86407667395651,464.6774318173601
-74.3145,0.0,-66.9131,21.2,100.0,131.99999999999997,180.0,459.80968705947436,37.80646821288897,54.85293642577795,464.6107209126737
-74.2126,3.8893,-66.9131,21.5,100.0,131.99999999999997,176.99999999999997,459.79597380053104,38.010544886845494,54.84298690026553,464.61262602077034
-73.9074,7.768,-66.9131,20.4,100.0,131.99999999999997,173.99999999999997,459.7794551131545,38.15054488684549,54.836468212888974,464.6069840901831
-73.3995,11.6253,-66.9131,21.2,100.0,131.99999999999997,170.99999999999997,459.72488402683996,38.54597380053105,54.82000000000001,464.5836775971824
-72.6905,15.4508,-66.9131,22.2,100.0,131.99999999999997,167.99999999999997,459.5249345013276,38.855973800531046,54.77597380053105,464.40645929426245
-71.7823,19.234,-66.9131,20.4,100.0,131.99999999999997,164.99999999999997,459.45656916186414,39.117063574222044,54.77701309973446,464.3608562021449
-70.6773,22.9644,-66.9131,21.7,100.0,131.99999999999997,161.99999999999997,459.3014027142166,39.332391538932455,54.74592332604349,464.22185609925765
-69.3785,26.6319,-66.9131,21.5,100.0,131.99999999999997,159.0,459.21618579208155,39.49701309973447,54.7294551131545,464.14957997849245
-67.8897,30.2264,-66.9131,20.9,100.0,131.99999999999997,155.99999999999997,459.0558728515558,39.72646821288897,54.68646821288896,464.0054918659614
-66.2147,33.7381,-66.9131,22.6,100.0,131.99999999999997,152.99999999999997,458.8794551131544,39.879455113154506,54.64054488684548,463.8386728277397
-64.3582,37.1572,-66.9131,21.4,100.0,131.99999999999997,150.0,458.73249248790756,40.02,54.647013099734465,463.7061527572076
-62.3254,40.4746,-66.9131,20.1,100.0,131.99999999999997,147.0,458.474551131545,40.16782045261802,54.57272443422747,463.45501409237073
-60.1217,43.681,-66.9131,21.7,100.0,131.99999999999997,143.99999999999997,458.2756913797236,40.21651868737655,54.49945511315449,463.2538918266381
-57.7532,46.7676,-66.9131,20.9,100.0,131.99999999999997,141.0,458.011947601062,40.39054488684549,54.44646821288897,463.0018986596398
-55.2264,49.7261,-66.9131,21.1,100.0,131.99999999999997,138.0,457.8277699781304,40.33597380053105,54.429999999999986,462.813010454098
-52.5483,52.5483,-66.9131,21.0,100.0,131.99999999999997,135.0,457.59539839396734,40.46054488684549,54.37108977369098,462.5870942071913
-49.7261,55.2264,-66.9131,20.9,100.0,131.99999999999997,131.99999999999997,457.4257418542112,40.43701309973447,54.28646821288897,462.4072685094089
-46.7676,57.7532,-66.9131,21.4,100.0,131.99999999999997,129.0,457.13108977369086,40.48298690026552,54.27293642577795,462.11822848090054
-43.681,60.1217,-66.9131,21.0,100.0,131.99999999999997,126.0,456.92049441235787,40.34701309973447,54.225923326043464,461.8924879673468
-40.4746,62.3254,-66.9131,21.2,100.0,131.99999999999997,122.99999999999999,456.6609083018586,40.17701309973447,54.139999999999986,461.61078535135505
-37.1572,64.3582,-66.9131,21.1,100.0,131.99999999999997,119.99999999999997,456.5318466520869,40.1694551131545,54.1094551131545,461.4788676248294
-33.7381,66.2147,-66.9131,22.0,100.0,131.99999999999997,116.99999999999999,456.27838529423286,40.08701309973447,54.03348131262345,461.21204516874053
-30.2264,67.8897,-66.9131,21.6,100.0,131.99999999999997,114.0,456.2259233260435,39.836468212888974,53.970544886845495,461.1310627465476
-26.6319,69.3785,-66.9131,21.3,100.0,131.99999999999997,110.99999999999999,455.97919264711646,39.61348131262344,53.95348131262344,460.8657398576871
-22.9644,70.6773,-66.9131,19.7,100.0,131.99999999999997,107.99999999999997,455.84506549867234,39.48298690026553,53.88597380053106,460.7139331152108
-19.234,71.7823,-66.9131,20.8,100.0,131.99999999999997,104.99999999999999,455.78189712657445,39.25298690026552,53.870544886845494,460.629971164814
-15.4508,72.6905,-66.9131,21.3,100.0,131.99999999999997,102.0,455.6348335523524,38.923531787111024,53.882442013420025,460.4578812773126
-11.6253,73.3995,-66.9131,20.7,100.0,131.99999999999997,98.99999999999999,455.5722300218696,38.76701309973447,53.87407667395651,460.38174834505065
-7.768,73.9074,-66.9131,22.6,100.0,131.99999999999997,96.0,455.54532796471034,38.609455113154496,53.84049441235791,460.3379570415385
-3.8893,74.2126,-66.9131,21.6,100.0,131.99999999999997,93.0,455.4678709271056,38.21701309973447,53.81760846106756,460.2258755411353
0.0,74.3145,-66.9131,21.3,100.0,131.99999999999997,90.0,455.45825429688813,37.98353178711101,53.84353178711102,460.2000608534303
3.8893,74.2126,-66.9131,20.6,100.0,131.99999999999997,86.99999999999999,455.51571133449295,37.73402619946894,53.8594551131545,460.2382653700985
7.768,73.9074,-66.9131,20.2,100.0,131.99999999999997,83.99999999999999,455.59488402684,37.55646821288897,53.83353178711103,460.2990721267309
11.6253,73.3995,-66.9131,20.9,100.0,131.99999999999997,80.99999999999999,455.6548335523525,37.25348131262344,53.88999999999999,460.34039721659457
15.4508,72.6905,-66.9131,21.5,100.0,131.99999999999997,77.99999999999999,455.77537843919794,37.00054488684549,53.89244201342003,460.4396064843764
19.234,71.7823,-66.9131,21.1,100.0,131.99999999999997,75.0,455.93298690026546,36.759455113154495,53.89298690026553,460.57637816223905
22.9644,70.6773,-66.9131,19.5,100.0,131.99999999999997,71.99999999999999,455.98701309973444,36.59298690026553,53.8894551131545,460.61619183252026
26.6319,69.3785,-66.9131,21.5,100.0,131.99999999999997,69.0,456.13544886845494,36.28999999999999,53.96054488684549,460.7474929057261
30.2264,67.8897,-66.9131,20.9,100.0,131.99999999999997,65.99999999999999,456.3034813126234,36.2294551131545,53.932986900265526,460.90585541062495
33.7381,66.2147,-66.9131,23.1,100.0,131.99999999999997,63.0,456.51625622133844,36.11,53.95054488684549,461.1091905264243
37.1572,64.3582,-66.9131,21.6,100.0,131.99999999999997,59.999999999999986,456.721685135024,35.893531787111016,54.02646821288898,461.3045659477984
40.4746,62.3254,-66.9131,20.9,100.0,131.99999999999997,57.0,456.9059233260435,35.86999999999999,54.00592332604348,461.48274011573045
43.681,60.1217,-66.9131,21.0,100.0,131.99999999999997,53.999999999999986,457.19400624469944,35.79108977369099,53.99108977369099,461.76011004440113
46.7676,57.7532,-66.9131,20.2,100.0,131.99999999999997,51.0,457.3616346605364,35.8,54.029999999999994,461.931321474695
49.7261,55.2264,-66.9131,20.9,100.0,131.99999999999997,48.0,457.594621560802,35.722986900265525,53.99049441235792,462.1514286046739
52.5483,52.5483,-66.9131,20.4,100.0,131.99999999999997,45.0,457.80696262524685,35.56646821288897,54.065923326043475,462.3584245521976
55.2264,49.7261,-66.9131,20.1,100.0,131.99999999999997,41.99999999999999,458.04737651474755,35.629455113154506,54.03755798657997,462.59800569917746
57.7532,46.7676,-66.9131,21.9,100.0,131.99999999999997,38.99999999999999,458.2740261994689,35.71,54.00298690026552,462.8245993713188
60.1217,43.681,-66.9131,21.2,100.0,131.99999999999997,35.99999999999999,458.4624924879075,35.82999999999999,54.012986900265524,463.02165032762014
62.3254,40.4746,-66.9131,20.9,100.0,131.99999999999997,32.99999999999999,458.65407667395647,36.054076673956516,54.04108977369099,463.2320130111683
64.3582,37.1572,-66.9131,20.7,100.0,131.99999999999997,29.999999999999993,458.76566086000537,35.97402619946894,54.08646821288897,463.34156751694684
66.2147,33.7381,-66.9131,20.0,100.0,131.99999999999997,26.999999999999993,459.0175579865799,36.13298690026553,54.04402619946894,463.5983909054764
67.8897,30.2264,-66.9131,20.9,100.0,131.99999999999997,24.0,459.1790916981412,36.28701309973447,54.00999999999999,463.76639127089646
69.3785,26.6319,-66.9131,20.9,100.0,131.99999999999997,20.999999999999996,459.31158418604883,36.49,54.00999999999999,463.91349578073044
70.6773,22.9644,-66.9131,21.1,100.0,131.99999999999997,17.999999999999996,459.31673067892694,36.66701309973447,53.970000000000006,463.92789292220186
71.7823,19.234,-66.9131,21.4,100.0,131.99999999999997,14.999999999999996,459.42353178711096,36.942986900265524,53.94005047448758,464.0520389849031
72.6905,15.4508,-66.9131,20.4,100.0,131.99999999999997,12.0,459.4921290728944,37.17298690026553,53.95,464.1394727180923
73.3995,11.6253,-66.9131,21.3,100.0,131.99999999999997,8.999999999999998,459.5445710863144,37.47353178711102,53.945378439197974,464.2150172651167
73.9074,7.768,-66.9131,22.6,100.0,131.99999999999997,6.0,459.5462057468509,37.635923326043475,53.90353178711102,464.22491174004756
74.2126,3.8893,-66.9131,21.3,100.0,131.99999999999997,3.0,459.57036341501316,37.79298690026552,53.879999999999995,464.25885364551846
74.3145,0.0,-66.9131,21.2,100.0,131.99999999999997,0.0,459.55885975182144,38.02298690026553,53.879999999999995,464.26624636000844
70.7107,0.0,-70.7107,20.9,100.0,135.0,0.0,459.3029869002655,38.07597380053105,53.75,464.0022371243098
70.6138,3.7007,-70.7107,21.9,100.0,135.0,3.0,459.3783148649759,37.93646821288897,53.76298690026553,464.06688154735906
70.3233,7.3913,-70.7107,21.7,100.0,135.0,6.0,459.4105754065637,37.709999999999994,53.77,464.0811715588017
69.8401,11.0616,-70.7107,21.3,100.0,135.0,8.999999999999998,459.4123915389324,37.402986900265525,53.83701309973448,464.06589285152575
69.1655,14.7016,-70.7107,20.6,100.0,135.0,12.0,459.42683162790223,37.262986900265524,53.84402619946895,464.06973933855164
68.3013,18.3013,-70.7107,20.5,100.0,135.0,14.999999999999996,459.3674065631172,37.084026199468944,53.86999999999999,463.9995863270646
67.2499,21.8508,-70.7107,19.8,100.0,135.0,17.999999999999996,459.2958728515558,36.76597380053106,53.876518687376546,463.9042087692729
66.0141,25.3404,-70.7107,21.4,100.0,135.0,20.999999999999996,459.1365386421459,36.50348131262344,53.908910226309,463.72948565518243
64.5974,28.7606,-70.7107,21.3,100.0,135.0,24.0,459.01966710470487,36.53353178711102,53.9494551131545,463.62085526943264
63.0037,32.102,-70.7107,20.3,100.0,135.0,26.999999999999993,458.9419476010621,36.31701309973447,53.90701309973447,463.5219550028642
61.2372,35.3553,-70.7107,19.6,100.0,135.0,29.999999999999993,458.71249248790747,36.256468212888976,53.8905448868455,463.28811022941426
59.303,38.5118,-70.7107,20.9,100.0,135.0,32.99999999999999,458.6130878492407,36.00646821288896,53.91462156080202,463.17298768152017
57.2061,41.5627,-70.7107,21.0,100.0,135.0,35.99999999999999,458.47270447945806,35.92402619946894,53.97891022630899,463.0350733587128
54.9525,44.4997,-70.7107,20.7,100.0,135.0,38.99999999999999,458.291352239729,35.83353178711102,53.91353178711102,462.84087378689566
52.5483,47.3147,-70.7107,21.8,100.0,135.0,41.99999999999999,457.9986982347585,35.923531787111024,53.909455113154486,462.5576040574732
50.0,50.0,-70.7107,20.2,100.0,135.0,45.0,457.8595055876421,35.7894551131545,53.931089773690985,462.4119098795299
47.3147,52.5483,-70.7107,21.4,100.0,135.0,48.0,457.684551131545,35.98,53.95189712657453,462.2558987704108
44.4997,54.9525,-70.7107,20.9,100.0,135.0,51.0,457.45108977369097,35.829455113154495,53.90810287342545,462.00793601869526
41.5627,57.2061,-70.7107,20.5,100.0,135.0,53.999999999999986,457.27298690026544,35.99999999999999,53.93597380053106,461.84810686902455
38.5118,59.303,-70.7107,20.7,100.0,135.0,57.0,457.1299495255125,36.05,53.870544886845494,461.7027494607361
35.3553,61.2372,-70.7107,21.7,100.0,135.0,59.999999999999986,456.9185972857834,36.0594551131545,53.91462156080202,461.49937731995914
32.102,63.0037,-70.7107,20.9,100.0,135.0,63.0,456.75945511315433,36.290544886845495,53.89298690026553,461.35740757083545
28.7606,64.5974,-70.7107,20.3,100.0,135.0,65.99999999999999,456.59755798657994,36.32,53.91298690026552,461.20178069454204
25.3404,66.0141,-70.7107,20.7,100.0,135.0,69.0,456.46402619946883,36.59298690026553,53.86298690026552,461.08532319119695
21.8508,67.2499,-70.7107,20.9,100.0,135.0,71.99999999999999,456.37184665208696,36.78,53.8694551131545,461.0097059833167
18.3013,68.3013,-70.7107,22.6,100.0,135.0,75.0,456.191089773691,36.87646821288898,53.85244201342003,460.83648923188883
14.7016,69.1655,-70.7107,20.9,100.0,135.0,77.99999999999999,456.08566086000536,37.08054488684549,53.85646821288897,460.7489728904223
11.0616,69.8401,-70.7107,21.5,100.0,135.0,80.99999999999999,455.9294551131544,37.48298690026552,53.829505587642075,460.62377057480796
7.3913,70.3233,-70.7107,21.2,100.0,135.0,83.99999999999999,455.94103929920334,37.56298690026553,53.84701309973447,460.6437996129658
3.7007,70.6138,-70.7107,21.4,100.0,135.0,86.99999999999999,455.8342886655069,37.89,53.800544886845486,460.55949610588874
0.0,70.7107,-70.7107,20.5,100.0,135.0,90.0,455.7965691618641,38.03407667395653,53.83348131262345,460.5378889498702
-3.7007,70.6138,-70.7107,21.0,100.0,135.0,93.0,455.8240766739565,38.31646821288897,53.81999999999999,460.5869440311723
-7.3913,70.3233,-70.7107,22.3,100.0,135.0,96.0,455.9280019244502,38.51054488684549,53.832986900265524,460.70749449613623
-11.0616,69.8401,-70.7107,19.7,100.0,135.0,98.99999999999999,455.92467203528963,38.78108977369099,53.86,460.73005013187657
-14.7016,69.1655,-70.7107,21.1,100.0,135.0,102.0,456.06896070079654,38.90945511315449,53.8905448868455,460.8872242101189
-18.3013,68.3013,-70.7107,21.3,100.0,135.0,104.99999999999999,456.13457108631445,39.08597380053105,53.90054488684549,460.96825164769285
-21.8508,67.2499,-70.7107,21.0,100.0,135.0,107.99999999999997,456.2300504744876,39.38,53.90298690026552,461.08803427623633
-25.3404,66.0141,-70.7107,21.7,100.0,135.0,110.99999999999999,456.4009888247158,39.56407667395652,53.995115973159926,461.28369937837175
-28.7606,64.5974,-70.7107,21.3,100.0,135.0,114.0,456.46701309973446,39.673531787111024,54.067013099734474,461.3668443637697
-32.102,63.0037,-70.7107,20.6,100.0,135.0,116.99999999999999,456.6189102263089,39.81999999999999,54.06706357422205,461.5297487051089
-35.3553,61.2372,-70.7107,20.7,100.0,135.0,119.99999999999997,456.78343083813587,39.9394551131545,54.19054488684549,461.7173138600359
-38.5118,59.303,-70.7107,20.9,100.0,135.0,122.99999999999999,456.94787092710555,40.13298690026552,54.19189712657453,461.89693124822645
-41.5627,57.2061,-70.7107,20.4,100.0,135.0,126.0,457.1581533479129,40.14646821288897,54.269999999999996,462.1152983644259
-44.4997,54.9525,-70.7107,20.9,100.0,135.0,129.0,457.28935416417926,40.278910226309,54.29244201342003,462.2592490158437
-47.3147,52.5483,-70.7107,22.0,100.0,135.0,131.99999999999997,457.4189607007966,40.287013099734466,54.37298690026553,462.39763271188093
-50.0,50.0,-70.7107,21.3,100.0,135.0,135.0,457.6629869002655,40.24,54.40999999999998,462.63929283889473
-52.5483,47.3147,-70.7107,20.5,100.0,135.0,138.0,457.92204855003723,40.23298690026552,54.42298690026553,462.8964865780751
-54.9525,44.4997,-70.7107,21.8,100.0,135.0,141.0,458.0900504744875,40.099999999999994,54.52,463.0625602914994
-57.2061,41.5627,-70.7107,21.1,100.0,135.0,143.99999999999997,458.30815334791305,40.04298690026552,54.554076673956516,463.27740232696107
-59.303,38.5118,-70.7107,21.0,100.0,135.0,147.0,458.4373260402601,40.02592332604348,54.60293642577795,463.4094702435024
-61.2372,35.3553,-70.7107,20.0,100.0,135.0,150.0,458.61488402683995,39.872986900265516,54.62293642577794,463.57430053776187
-63.0037,32.102,-70.7107,21.9,100.0,135.0,152.99999999999997,458.8762362665691,39.78950558764208,54.68244201342002,463.83270090586774
-64.5974,28.7606,-70.7107,20.1,100.0,135.0,155.99999999999997,458.9451664476474,39.64706357422205,54.76407667395651,463.8983288929463
-66.0141,25.3404,-70.7107,21.8,100.0,135.0,159.0,459.1904944123578,39.29706357422205,54.78353178711102,464.11356877308754
-67.2499,21.8508,-70.7107,21.2,100.0,135.0,161.99999999999997,459.2551664476475,39.1705448868455,54.79244201342002,464.1679127184287
-68.3013,18.3013,-70.7107,20.9,100.0,135.0,164.99999999999997,459.3982843452577,38.98108977369098,54.81298690026552,464.2959967006387
-69.1655,14.7016,-70.7107,20.9,100.0,135.0,167.99999999999997,459.39267395973985,38.692986900265524,54.836468212888974,464.2691184746269
-69.8401,11.0616,-70.7107,21.7,100.0,135.0,170.99999999999997,459.5475075120923,38.52,54.85646821288897,464.41030798784846
-70.3233,7.3913,-70.7107,20.5,100.0,135.0,173.99999999999997,459.6149345013276,38.187013099734465,54.87298690026552,464.4514836637899
-70.6138,3.7007,-70.7107,20.5,100.0,135.0,176.99999999999997,459.6465186873765,38.016468212888974,54.86298690026552,464.46756757434105
-70.7107,0.0,-70.7107,21.0,100.0,135.0,180.0,459.599505587642,37.66353178711102,54.88537843919797,464.39493099031307
-70.6138,-3.7007,-70.7107,21.3,100.0,135.0,182.99999999999997,459.61511597315996,37.50592332604347,54.893531787111016,464.39858844275454
-70.3233,-7.3913,-70.7107,21.5,100.0,135.0,186.0,459.584621560802,37.0905448868455,54.89402619946893,464.3351020626986
-69.8401,-11.0616,-70.7107,20.9,100.0,135.0,188.99999999999997,459.55244201342003,36.97353178711102,54.90298690026552,464.2949784176877
-69.1655,-14.7016,-70.7107,22.0,100.0,135.0,192.0,459.5240261994689,36.78,54.888910226308994,464.24981585392356
-68.3013,-18.3013,-70.7107,21.3,100.0,135.0,194.99999999999997,459.5026739597398,36.51945511315451,54.85348131262345,464.2039232815972
-67.2499,-21.8508,-70.7107,20.5,100.0,135.0,197.99999999999997,459.36566086000545,36.299455113154494,54.799455113154494,464.04465420857946
-66.0141,-25.3404,-70.7107,21.0,100.0,135.0,200.99999999999997,459.2629869002654,35.93597380053106,54.74701309973448,463.90852632053264
-64.5974,-28.7606,-70.7107,21.5,100.0,135.0,204.0,459.1210392992034,35.769999999999996,54.73108977369098,463.7532898158206
-63.0037,-32.102,-70.7107,20.1,100.0,135.0,207.0,458.924026199469,35.673531787111024,54.70049441235791,463.5472001665562
-61.2372,-35.3553,-70.7107,21.4,100.0,135.0,209.99999999999997,458.74701309973443,35.467013099734466,54.708314864975925,463.3570229979362
-59.303,-38.5118,-70.7107,21.5,100.0,135.0,212.99999999999997,458.50145318870415,35.41,54.662936425777936,463.1041862203818
-57.2061,-41.5627,-70.7107,20.7,100.0,135.0,215.99999999999994,458.40402619946894,35.297013099734464,54.54597380053105,462.9853060600244
-54.9525,-44.4997,-70.7107,21.9,100.0,135.0,219.0,458.12778993289976,35.095973800531056,54.49298690026552,462.6902688701408
-52.5483,-47.3147,-70.7107,19.6,100.0,135.0,221.99999999999997,457.9458728515558,34.987013099734476,54.48592332604347,462.50105879674027
-50.0,-50.0,-70.7107,20.7,100.0,135.0,224.99999999999997,457.71374377866147,34.9,54.42108977369099,462.25700238723726
-47.3147,-52.5483,-70.7107,20.7,100.0,135.0,228.0,457.5376690291552,34.87542891368556,54.33353178711102,462.07049981470067
-44.4997,-54.9525,-70.7107,20.1,100.0,135.0,231.0,457.178415813951,34.8794551131545,54.31999999999999,461.71348548114173
-41.5627,-57.2061,-70.7107,20.8,100.0,135.0,233.99999999999997,456.95919264711637,35.01701309973447,54.21348131262344,461.4943082066837
-38.5118,-59.303,-70.7107,21.6,100.0,135.0,236.99999999999997,456.66680110818396,34.98646821288897,54.205973800531055,461.2015912679151
-35.3553,-61.2372,-70.7107,20.6,100.0,135.0,239.99999999999994,456.4564682128889,35.069455113154504,54.10293642577794,460.9875288825169
-32.102,-63.0037,-70.7107,22.5,100.0,135.0,242.99999999999997,456.1685167629262,35.250544886845496,54.06755798657996,460.71207649370314
-28.7606,-64.5974,-70.7107,21.4,100.0,135.0,245.99999999999997,456.0923915389324,35.26597380053105,53.93462156080201,460.6222985600127
-25.3404,-66.0141,-70.7107,21.3,100.0,135.0,249.0,455.88597380053096,35.55755798657996,53.89755798657997,460.43599750122075
-21.8508,-67.2499,-70.7107,20.6,100.0,135.0,252.0,455.7394046386668,35.593481312623446,53.87646821288897,460.29118466407004
-18.3013,-68.3013,-70.7107,20.9,100.0,135.0,254.99999999999997,455.5242886655069,35.79592332604348,53.77592332604348,460.082140079952
-14.7016,-69.1655,-70.7107,23.4,100.0,135.0,258.0,455.37864776027095,35.9794551131545,53.73592332604347,459.94758775529505
-11.0616,-69.8401,-70.7107,21.8,100.0,135.0,260.99999999999994,455.2060242750186,36.25999999999999,53.73701309973446,459.79884592411696
-7.3913,-70.3233,-70.7107,20.2,100.0,135.0,263.99999999999994,455.1052474418531,36.601089773690994,53.71353178711102,459.72336194583056
-3.7007,-70.6138,-70.7107,21.9,100.0,135.0,266.99999999999994,454.92542891368544,36.93597380053106,53.701897126574536,459.57078430627786
0.0,-70.7107,-70.7107,19.6,100.0,135.0,270.0,454.852179547382,37.0605448868455,53.699999999999996,459.5080839618751
3.7007,-70.6138,-70.7107,21.6,100.0,135.0,273.0,454.831089773691,37.40592332604347,53.66701309973447,459.51134003378445
7.3913,-70.3233,-70.7107,21.4,100.0,135.0,276.0,454.8320586436374,37.69701309973447,53.61651868737655,459.53019209057913
11.0616,-69.8401,-70.7107,21.8,100.0,135.0,278.99999999999994,454.9411202934092,37.87701309973447,53.60402619946893,459.6514795798802
14.7016,-69.1655,-70.7107,20.9,100.0,135.0,282.0,454.92651868737653,38.023531787111025,53.60298690026553,459.6490036747729
18.3013,-68.3013,-70.7107,20.7,100.0,135.0,284.99999999999994,454.92428866550694,38.3994551131545,53.58945511315451,459.67646912815695
21.8508,-67.2499,-70.7107,21.4,100.0,135.0,287.99999999999994,454.9896365849867,38.652986900265525,53.65054488684549,459.76951156281103
25.3404,-66.0141,-70.7107,21.0,100.0,135.0,291.0,455.06,39.02651868737655,53.65651868737655,459.87138936718486
28.7606,-64.5974,-70.7107,19.9,100.0,135.0,294.0,455.2480523989379,39.072986900265526,53.62701309973447,460.05797901170405
32.102,-63.0037,-70.7107,20.3,100.0,135.0,296.99999999999994,455.3956608600054,39.402986900265525,53.66646821288897,460.2367794051542
35.3553,-61.2372,-70.7107,21.3,100.0,135.0,300.0,455.57615527236334,39.58945511315451,53.613531787111015,460.42520456594525
38.5118,-59.303,-70.7107,21.4,100.0,135.0,303.0,455.7924924879075,39.66353178711102,53.64537843919797,460.64934450192277
41.5627,-57.2061,-70.7107,21.1,100.0,135.0,305.99999999999994,455.940595361333,39.88999999999999,53.60353178711102,460.81056543714215
44.4997,-54.9525,-70.7107,21.8,100.0,135.0,309.0,456.1789607007965,39.86999999999999,53.662986900265516,461.0515993347349
47.3147,-52.5483,-70.7107,21.8,100.0,135.0,311.99999999999994,456.4410392992033,40.029999999999994,53.57999999999999,461.3151196921003
50.0,-50.0,-70.7107,21.2,100.0,135.0,314.99999999999994,456.6505448868454,40.082986900265524,53.62054488684549,461.5317202731161
52.5483,-47.3147,-70.7107,20.6,100.0,135.0,318.0,456.93841581395105,40.12348131262345,53.64348131262344,461.8227286378892
54.9525,-44.4997,-70.7107,21.6,100.0,135.0,321.0,457.203531787111,40.04402619946894,53.59244201342003,462.07222742103136
57.2061,-41.5627,-70.7107,20.6,100.0,135.0,323.99999999999994,457.3286982347585,40.24701309973447,53.622986900265516,462.2172487225624
59.303,-38.5118,-70.7107,19.2,100.0,135.0,327.0,457.69303737475303,39.99999999999999,53.662986900265516,462.56095017239096
61.2372,-35.3553,-70.7107,20.5,100.0,135.0,329.99999999999994,457.91057540656357,39.955973800531055,53.68353178711102,462.774779451794
63.0037,-32.102,-70.7107,21.3,100.0,135.0,332.99999999999994,458.020595361333,39.88999999999999,53.641089773690986,462.87303268527006
64.5974,-28.7606,-70.7107,20.5,100.0,135.0,335.99999999999994,458.36542891368555,39.611089773690985,53.65054488684549,463.1914138052882
66.0141,-25.3404,-70.7107,21.5,100.0,135.0,339.0,458.55353178711096,39.49646821288898,53.68293642577795,463.3715249980504
67.2499,-21.8508,-70.7107,20.8,100.0,135.0,341.99999999999994,458.67379425314914,39.29054488684549,53.69402619946894,463.4743195707769
68.3013,-18.3013,-70.7107,20.9,100.0,135.0,345.0,458.9184963368082,39.24701309973447,53.72999999999999,463.716968869253
69.1655,-14.7016,-70.7107,20.5,100.0,135.0,347.99999999999994,459.0745710863144,39.00646821288897,53.77,463.8557742235475
69.8401,-11.0616,-70.7107,21.8,100.0,135.0,351.0,459.2476084610675,38.688910226309,53.818910226309,464.0061128365195
70.3233,-7.3913,-70.7107,18.9,100.0,135.0,353.99999999999994,459.29168513502395,38.52407667395652,53.787013099734466,464.0323257014988
70.6138,-3.7007,-70.7107,21.7,100.0,135.0,356.99999999999994,459.38130176524146,38.293531787111014,53.767608461067546,464.0996991034157
66.8214,-3.502,-74.3145,20.9,100.0,138.0,356.99999999999994,459.16239153893235,38.248910226309,53.76108977369099,463.8785786290491
66.5465,-6.9943,-74.3145,21.3,100.0,138.0,353.99999999999994,459.0175579865799,38.49,53.739999999999995,463.7527210054549
66.0892,-10.4675,-74.3145,20.6,100.0,138.0,351.0,458.93896070079654,38.704026199468935,53.73402619946894,463.6920496027311
65.4508,-13.912,-74.3145,20.4,100.0,138.0,347.99999999999994,458.84542891368545,38.883481312623445,53.7094551131545,463.6116460169277
64.6331,-17.3184,-74.3145,21.4,100.0,138.0,345.0,458.72358226159855,39.079455113154495,53.66353178711102,463.5022150742334
63.6381,-20.6773,-74.3145,20.1,100.0,138.0,341.99999999999994,458.60587285155583,39.262986900265524,53.647557986579955,463.39938415171775
62.4687,-23.9795,-74.3145,20.3,100.0,138.0,339.0,458.41462156080195,39.2805448868455,53.66755798657996,463.2139173725069
61.1281,-27.216,-74.3145,19.0,100.0,138.0,335.99999999999994,458.265973800531,39.54999999999999,53.682986900265526,463.0915334206436
59.62,-30.3779,-74.3145,20.4,100.0,138.0,332.99999999999994,458.0540261994689,39.629999999999995,53.66755798657997,462.8868485902215
57.9484,-33.4565,-74.3145,19.2,100.0,138.0,329.99999999999994,457.864127148444,39.682986900265526,53.607557986579955,462.6965189538578
56.118,-36.4435,-74.3145,21.8,100.0,138.0,327.0,457.6940261994689,39.89999999999999,53.586518687376554,462.54442662701354
54.1338,-39.3305,-74.3145,21.3,100.0,138.0,323.99999999999994,457.47010094897513,39.899455113154495,53.64597380053105,462.32969868439056
52.0012,-42.1098,-74.3145,20.7,100.0,138.0,321.0,457.3072755657724,40.0305448868455,53.63999999999999,462.1792275831174
49.7261,-44.7736,-74.3145,21.2,100.0,138.0,318.0,457.05597380053104,39.832986900265524,53.57353178711102,461.9057840515672
47.3147,-47.3147,-74.3145,21.2,100.0,138.0,314.99999999999994,456.86402619946887,39.9083653394635,53.63701309973446,461.72973180586735
44.7736,-49.7261,-74.3145,20.7,100.0,138.0,311.99999999999994,456.5835822615985,39.758910226309,53.61755798657996,461.43708244750104
42.1098,-52.0012,-74.3145,21.4,100.0,138.0,309.0,456.38919264711643,39.773531787111025,53.61999999999999,461.246282799013
39.3305,-54.1338,-74.3145,20.3,100.0,138.0,305.99999999999994,456.23836533946354,39.69701309973447,53.62244201342003,461.0907341772863
36.4435,-56.118,-74.3145,22.5,100.0,138.0,303.0,455.9908777821405,39.444076673956516,53.637013099734475,460.82582933191696
33.4565,-57.9484,-74.3145,22.4,100.0,138.0,300.0,455.84249248790763,39.446518687376546,53.647013099734465,460.68037488986306
30.3779,-59.62,-74.3145,19.4,100.0,138.0,296.99999999999994,455.67457108631436,39.23407667395651,53.66348131262344,460.4979877629703
27.216,-61.1281,-74.3145,21.2,100.0,138.0,294.0,455.5561857920815,39.1483653394635,53.64891022630899,460.37184806485743
23.9795,-62.4687,-74.3145,21.0,100.0,138.0,291.0,455.45927364132217,38.84,53.72646821288897,460.25887164997846
20.6773,-63.6381,-74.3145,22.2,100.0,138.0,287.99999999999994,455.33732604026005,38.58592332604348,53.69945511315451,460.11366578690865
17.3184,-64.6331,-74.3145,21.1,100.0,138.0,284.99999999999994,455.23402619946893,38.42,53.65108977369099,459.9919069328105
13.912,-65.4508,-74.3145,20.1,100.0,138.0,282.0,455.20537843919794,38.147013099734465,53.65597380053106,459.94140354276436
10.4675,-66.0892,-74.3145,21.1,100.0,138.0,278.99999999999994,455.1662057468509,38.07646821288897,53.68353178711102,459.900004208186
6.9943,-66.5465,-74.3145,20.4,100.0,138.0,276.0,455.2113017652414,37.7194551131545,53.71706357422204,459.91913361793934
3.502,-66.8214,-74.3145,20.1,100.0,138.0,273.0,455.21013099734455,37.33701309973447,53.779999999999994,459.89412293464824
0.0,-66.9131,-74.3145,21.4,100.0,138.0,270.0,455.22452061182673,37.203531787111025,53.773531787111025,459.8967924051672
-3.502,-66.8214,-74.3145,21.4,100.0,138.0,266.99999999999994,455.23,36.91298690026553,53.832986900265524,459.8857597061507
-6.9943,-66.5465,-74.3145,20.5,100.0,138.0,263.99999999999994,455.3608073528835,36.69348131262345,53.83298690026554,459.9976814316719
-10.4675,-66.0892,-74.3145,20.3,100.0,138.0,260.99999999999994,455.4110392992033,36.43755798657996,53.85,460.0290565253524
-13.912,-65.4508,-74.3145,20.9,100.0,138.0,258.0,455.58592332604337,36.211897126574534,53.839999999999996,460.1832033292274
-17.3184,-64.6331,-74.3145,21.4,100.0,138.0,254.99999999999997,455.72618579208154,35.98891022630901,53.919999999999995,460.3139412139026
-20.6773,-63.6381,-74.3145,20.9,100.0,138.0,252.0,455.90135223972896,35.70462156080202,54.026518687376544,460.47771682926304
-23.9795,-62.4687,-74.3145,20.8,100.0,138.0,249.0,456.06810287342546,35.63755798657997,54.09810287342546,460.6460189042297
-27.216,-61.1281,-74.3145,21.7,100.0,138.0,245.99999999999997,456.25651868737657,35.47353178711102,54.10999999999999,460.82130419738144
-30.3779,-59.62,-74.3145,20.9,100.0,138.0,242.99999999999997,456.45727556577253,35.37646821288897,54.200544886845506,461.02325102555955
-33.4565,-57.9484,-74.3145,22.7,100.0,138.0,239.99999999999994,456.61701309973444,35.327013099734465,54.25999999999999,461.1846074043147
-36.4435,-56.118,-74.3145,22.0,100.0,138.0,236.99999999999997,456.8785468112957,35.06,54.31999999999999,461.4302466640015
-39.3305,-54.1338,-74.3145,22.0,100.0,138.0,233.99999999999997,457.01303737475314,35.2005448868455,54.37755798657996,461.58088511485414
-42.1098,-52.0012,-74.3145,20.9,100.0,138.0,231.0,457.2129869002655,35.27298690026553,54.442986900265524,461.7920937150734
-44.7736,-49.7261,-74.3145,20.9,100.0,138.0,228.0,457.46709409394015,35.17298690026553,54.504026199468946,462.04325561379267
-47.3147,-47.3147,-74.3145,21.6,100.0,138.0,224.99999999999997,457.70537843919794,35.294571086314434,54.60646821288898,462.30053706546954
-49.7261,-44.7736,-74.3145,20.5,100.0,138.0,221.99999999999997,457.922704479458,35.309999999999995,54.58945511315451,462.51487326066837
-52.0012,-42.1098,-74.3145,21.6,100.0,138.0,219.0,458.12815334791304,35.45298690026553,54.65950558764208,462.7374857532128
-54.1338,-39.3305,-74.3145,21.6,100.0,138.0,215.99999999999994,458.28511597315986,35.48244201342003,54.755428913685556,462.9064789018296
-56.118,-36.4435,-74.3145,21.0,100.0,138.0,212.99999999999997,458.45955606212965,35.547013099734464,54.74244201342004,463.0825948387505
-57.9484,-33.4565,-74.3145,21.7,100.0,138.0,209.99999999999997,458.6165186873765,35.75646821288897,54.83592332604348,463.2651667447142
-59.62,-30.3779,-74.3145,20.8,100.0,138.0,207.0,458.84135223972896,35.73353178711102,54.88999999999999,463.4923774121463
-61.1281,-27.216,-74.3145,23.3,100.0,138.0,204.0,458.92457108631453,35.97,54.930544886845496,463.59785116879425
-62.4687,-23.9795,-74.3145,20.0,100.0,138.0,200.99999999999997,459.0839757249813,36.09054488684549,54.95999999999999,463.76850453398043
-63.6381,-20.6773,-74.3145,22.7,100.0,138.0,197.99999999999997,459.131089773691,36.35103929920341,54.93950558764208,463.83305717588075
-64.6331,-17.3184,-74.3145,20.7,100.0,138.0,194.99999999999997,459.3009888247158,36.616468212888975,54.989999999999995,464.02808555059164
-65.4508,-13.912,-74.3145,20.7,100.0,138.0,192.0,459.3389607007965,36.85,55.039999999999985,464.09008276162064
-66.0892,-10.4675,-74.3145,20.8,100.0,138.0,188.99999999999997,459.3816851350241,36.87646821288898,55.06298690026552,464.13719854341497
-66.5465,-6.9943,-74.3145,20.1,100.0,138.0,186.0,459.4470130997345,37.11,55.08402619946894,464.22296355157977
-66.8214,-3.502,-74.3145,20.7,100.0,138.0,182.99999999999997,459.4408073528835,37.440544886845494,55.0894551131545,464.2440068834035
-66.9131,0.0,-74.3145,20.5,100.0,138.0,180.0,459.3792431216041,37.71999999999999,55.050544886845486,464.201087787735
-66.8214,3.502,-74.3145,21.4,100.0,138.0,176.99999999999997,459.3965691618641,37.849455113154505,55.04701309973447,464.2283518498804
-66.5465,6.9943,-74.3145,21.3,100.0,138.0,173.99999999999997,459.4239757249813,38.0305448868455,55.03891022630901,464.26931134228363
-66.0892,10.4675,-74.3145,21.3,100.0,138.0,170.99999999999997,459.2905953613331,38.31,55.02706357422205,464.1589003918478
-65.4508,13.912,-74.3145,21.7,100.0,138.0,167.99999999999997,459.265973800531,38.61,55.05597380053105,464.16282384748865
-64.6331,17.3184,-74.3145,20.5,100.0,138.0,164.99999999999997,459.2576084610675,38.72,55.03646821288898,464.1613966743976
-63.6381,20.6773,-74.3145,22.7,100.0,138.0,161.99999999999997,459.1115841860489,38.97646821288897,54.98701309973446,464.03252409481405
-62.4687,23.9795,-74.3145,20.5,100.0,138.0,159.0,458.9869121507593,39.30701309973447,54.917557986579965,463.92883611575695
-61.1281,27.216,-74.3145,21.5,100.0,138.0,155.99999999999997,458.87999999999994,39.38805239893788,54.85896070079658,463.8230035702768
-59.62,30.3779,-74.3145,20.9,100.0,138.0,152.99999999999997,458.73384472763655,39.486518687376545,54.85353178711102,463.68613889803464
-57.9484,33.4565,-74.3145,21.2,100.0,138.0,150.0,458.5701514234627,39.633531787111025,54.832986900265524,463.53431056488375
-56.118,36.4435,-74.3145,20.9,100.0,138.0,147.0,458.4494551131545,39.643481312623436,54.75108977369099,463.40607498773613
-54.1338,39.3305,-74.3145,21.4,100.0,138.0,143.99999999999997,458.25384472763665,39.90402619946893,54.71298690026552,463.23042694768816
-52.0012,42.1098,-74.3145,21.3,100.0,138.0,141.0,458.10348131262344,39.86348131262344,54.70348131262343,463.0770644296989
-49.7261,44.7736,-74.3145,20.9,100.0,138.0,138.0,457.9867001592088,39.85054488684549,54.64054488684548,462.95299177781635
-47.3147,47.3147,-74.3145,19.6,100.0,138.0,135.0,457.798910226309,39.942986900265524,54.55298690026553,462.7648569053742
-44.7736,49.7261,-74.3145,20.6,100.0,138.0,131.99999999999997,457.61298690026547,39.89597380053105,54.527013099734475,462.5738099621009
-42.1098,52.0012,-74.3145,20.4,100.0,138.0,129.0,457.39896070079647,39.86999999999999,54.43298690026552,462.34876036716395
-39.3305,54.1338,-74.3145,20.4,100.0,138.0,126.0,457.1478709271055,39.88,54.400544886845495,462.0974026946821
-36.4435,56.118,-74.3145,19.8,100.0,138.0,122.99999999999999,457.02293642577786,39.74298690026553,54.3394551131545,461.9548092714154
-33.4565,57.9484,-74.3145,20.5,100.0,138.0,119.99999999999997,456.8416346605365,39.82755798657996,54.24810287342546,461.771989405866
-30.3779,59.62,-74.3145,21.3,100.0,138.0,116.99999999999999,456.78971757919254,39.516468212888974,54.200544886845506,461.6883108896409
-27.216,61.1281,-74.3145,22.3,100.0,138.0,114.0,456.58244201341995,39.49353178711102,54.18353178711102,461.4792742094518
-23.9795,62.4687,-74.3145,20.7,100.0,138.0,110.99999999999999,456.3835317871109,39.42597380053105,54.09462156080201,461.2662610449667
-20.6773,63.6381,-74.3145,20.9,100.0,138.0,107.99999999999997,456.3440766739565,39.1994551131545,54.043531787111014,461.2019264103291
-17.3184,64.6331,-74.3145,21.5,100.0,138.0,104.99999999999999,456.244621560802,38.967063574222045,54.019999999999996,461.0810635308686
-13.912,65.4508,-74.3145,21.2,100.0,138.0,102.0,456.218577331014,38.90646821288897,53.9894551131545,461.04659724820687
-10.4675,66.0892,-74.3145,20.5,100.0,138.0,98.99999999999999,456.0402319463198,38.6294551131545,53.957557986579964,460.8430817749872
-6.9943,66.5465,-74.3145,21.3,100.0,138.0,96.0,456.02298690026544,38.477013099734464,53.919999999999995,460.8088665797532
-3.502,66.8214,-74.3145,21.2,100.0,138.0,93.0,456.04308784924064,38.35999999999999,53.918910226309,460.8188759752176
0.0,66.9131,-74.3145,20.9,100.0,138.0,90.0,456.07026246603795,38.09646821288897,53.90054488684549,460.82175939861526
3.502,66.8214,-74.3145,19.7,100.0,138.0,86.99999999999999,455.97272443422753,37.85651868737655,53.92189712657453,460.70794699552187
6.9943,66.5465,-74.3145,20.8,100.0,138.0,83.99999999999999,456.1384662884387,37.72999999999999,53.89646821288897,460.8586362582262
10.4675,66.0892,-74.3145,19.7,100.0,138.0,80.99999999999999,456.14597380053107,37.397013099734465,53.925973800531054,460.84237723277147
13.912,65.4508,-74.3145,21.6,100.0,138.0,77.99999999999999,456.16402619946894,37.19597380053105,53.935973800531045,460.84514593873195
17.3184,64.6331,-74.3145,21.4,100.0,138.0,75.0,456.2953279647104,37.07402619946894,53.976468212888975,460.97003032930303
20.6773,63.6381,-74.3145,21.7,100.0,138.0,71.99999999999999,456.43597380053103,36.83597380053106,53.970000000000006,461.0894143710875
23.9795,62.4687,-74.3145,20.7,100.0,138.0,69.0,456.4795560621297,36.83163466053649,53.95298690026553,461.1302193631496
27.216,61.1281,-74.3145,20.4,100.0,138.0,65.99999999999999,456.67168513502406,36.5605448868455,54.017557986579966,461.30640361620726
30.3779,59.62,-74.3145,21.1,100.0,138.0,63.0,456.7847830778649,36.43646821288897,53.962986900265534,461.4021653855985
33.4565,57.9484,-74.3145,20.7,100.0,138.0,59.999999999999986,456.937063574222,36.41054488684549,54.00646821288897,461.55596243101377
36.4435,56.118,-74.3145,20.1,100.0,138.0,57.0,457.16836533946343,36.315923326043475,54.01085782737111,461.7780130294519
39.3305,54.1338,-74.3145,20.5,100.0,138.0,53.999999999999986,457.30070640390835,36.243481312623445,53.965166447647505,461.89800303194033
42.1098,52.0012,-74.3145,20.5,100.0,138.0,51.0,457.50508592479036,36.24646821288897,53.980544886845486,462.10237970739615
44.7736,49.7261,-74.3145,21.4,100.0,138.0,48.0,457.71005047448756,36.06701309973447,54.00298690026552,462.2938917327857
47.3147,47.3147,-74.3145,22.4,100.0,138.0,45.0,457.9439757249814,36.06108977369099,53.96592332604347,462.5207108648227
49.7261,44.7736,-74.3145,21.3,100.0,138.0,41.99999999999999,458.04249248790757,36.01701309973447,54.01348131262344,462.6203695479377
52.0012,42.1098,-74.3145,21.0,100.0,138.0,38.99999999999999,458.1943086202763,36.08651868737655,53.99407667395652,462.7738341769773
54.1338,39.3305,-74.3145,21.3,100.0,138.0,35.99999999999999,458.5187287544767,36.17999999999999,53.95597380053106,463.09789907468263
56.118,36.4435,-74.3145,21.2,100.0,138.0,32.99999999999999,458.57924312160395,36.150544886845495,53.986468212888965,463.15906864456434
57.9484,33.4565,-74.3145,20.8,100.0,138.0,29.999999999999993,458.64298690026544,36.38701309973447,53.96298690026552,463.23796056704543
59.62,30.3779,-74.3145,19.4,100.0,138.0,26.999999999999993,458.791089773691,36.597013099734475,53.92646821288897,463.3968810830182
61.1281,27.216,-74.3145,20.4,100.0,138.0,24.0,458.92412714844403,36.76054488684549,53.919999999999995,463.5407841164993
62.4687,23.9795,-74.3145,19.9,100.0,138.0,20.999999999999996,459.03108977369095,36.79999999999999,53.90353178711102,463.6478967038958
63.6381,20.6773,-74.3145,20.5,100.0,138.0,17.999999999999996,459.17683162790223,36.853531787111024,53.91646821288897,463.79794205405216
64.6331,17.3184,-74.3145,20.4,100.0,138.0,14.999999999999996,459.246730678927,37.03298690026553,53.923531787111024,463.88225773188793
65.4508,13.912,-74.3145,20.9,100.0,138.0,12.0,459.29483355235243,37.27701309973447,53.91348131262344,463.94825498191875
66.0892,10.4675,-74.3145,21.2,100.0,138.0,8.999999999999998,459.4136933041738,37.36054488684549,53.85244201342003,464.0655529345313
66.5465,6.9943,-74.3145,21.9,100.0,138.0,6.0,459.33976805368013,37.77646821288897,53.81945511315449,464.022216941091
66.8214,3.502,-74.3145,20.9,100.0,138.0,3.0,459.2834813126234,37.96999999999999,53.792986900265525,463.97922641676
66.9131,0.0,-74.3145,20.3,100.0,138.0,0.0,459.2695055876421,38.029455113154505,53.782442013420024,463.96903914792364
62.932,0.0,-77.7146,20.4,100.0,141.0,0.0,459.13673067892694,38.08457108631444,53.76457108631444,463.84005984547883
62.8458,3.2936,-77.7146,21.3,100.0,141.0,3.0,459.1425429623952,37.96353178711102,53.76,463.83536098892455
62.5873,6.5782,-77.7146,21.5,100.0,141.0,6.0,459.1711907226661,37.64353178711102,53.77348131262344,463.8392018443
62.1572,9.8447,-77.7146,21.4,100.0,141.0,8.999999999999998,459.1629364257779,37.51407667395652,53.85108977369099,463.8295462836069
61.5568,13.0843,-77.7146,20.6,100.0,141.0,12.0,459.0681028734254,37.30701309973447,53.87402619946894,463.72162662654705
60.7877,16.288,-77.7146,21.3,100.0,141.0,14.999999999999996,459.06217954738196,37.121634660536486,53.87945511315449,463.7015162083832
59.8519,19.4471,-77.7146,20.4,100.0,141.0,17.999999999999996,459.04031294052555,37.05298690026553,53.872936425777944,463.67362014880985
58.7521,22.5528,-77.7146,21.3,100.0,141.0,20.999999999999996,458.96412714844405,36.87701309973447,53.88054488684549,463.5850485311131
57.4913,25.5968,-77.7146,21.3,100.0,141.0,24.0,458.85428866550694,36.80701309973447,53.933531787111015,463.476903729931
56.0729,28.5705,-77.7146,21.2,100.0,141.0,26.999999999999993,458.8097175791925,36.595973800531056,53.95646821288897,463.4187336583579
54.5007,31.466,-77.7146,20.1,100.0,141.0,29.999999999999993,458.6634308381359,36.6,53.92646821288897,463.27072728818644
52.7792,34.2752,-77.7146,20.5,100.0,141.0,32.99999999999999,458.48762841583687,36.41,53.96999999999999,463.0867676908708
50.9131,36.9905,-77.7146,20.9,100.0,141.0,35.99999999999999,458.4645511315451,36.39597380053105,53.959455113154505,463.06158807360237
48.9074,39.6044,-77.7146,20.1,100.0,141.0,38.99999999999999,458.30049441235786,36.446468212888966,53.9494551131545,462.9019679487343
46.7676,42.1098,-77.7146,21.3,100.0,141.0,41.99999999999999,458.19547938817306,36.35407667395652,53.957557986579964,462.7916748240495
44.4997,44.4997,-77.7146,20.3,100.0,141.0,45.0,458.0103129405255,36.33,53.98348131262345,462.60948100369546
42.1098,46.7676,-77.7146,21.2,100.0,141.0,48.0,457.775640905236,36.307557986579965,53.9205448868455,462.36803666997
39.6044,48.9074,-77.7146,21.3,100.0,141.0,51.0,457.65064583582057,36.326468212888976,53.96755798657996,462.2512555329629
36.9905,50.9131,-77.7146,21.5,100.0,141.0,53.999999999999986,457.45425814578874,36.44433913999456,53.95108977369099,462.0641819475231
34.2752,52.7792,-77.7146,20.0,100.0,141.0,57.0,457.2972955205419,36.40646821288897,54.00994952551242,461.9126779661783
31.466,54.5007,-77.7146,21.4,100.0,141.0,59.999999999999986,457.19651868737645,36.605923326043474,53.99298690026553,461.8266914729171
28.5705,56.0729,-77.7146,20.8,100.0,141.0,63.0,457.0516346605364,36.66298690026552,53.988365339463506,461.68724797891576
25.5968,57.4913,-77.7146,20.5,100.0,141.0,65.99999999999999,456.9248535071219,36.66701309973447,53.99597380053106,461.5629499741379
22.5528,58.7521,-77.7146,21.2,100.0,141.0,69.0,456.73033289529496,36.92,53.957013099734475,461.38600179165803
19.4471,59.8519,-77.7146,22.0,100.0,141.0,71.99999999999999,456.5976589355551,36.97950558764208,53.969505587642075,461.2608952776189
16.288,60.7877,-77.7146,20.5,100.0,141.0,75.0,456.5329869002655,37.24298690026553,54.01103929920341,461.2229402008441
13.0843,61.5568,-77.7146,21.3,100.0,141.0,77.99999999999999,456.4784662884387,37.349455113154505,53.99348131262344,461.17552841250307
9.8447,62.1572,-77.7146,21.8,100.0,141.0,80.99999999999999,456.4226234852523,37.45701309973447,53.97945511315449,461.12733668025703
6.5782,62.5873,-77.7146,21.4,100.0,141.0,83.99999999999999,456.39927364132217,37.813531787111025,53.94701309973447,461.12952669388267
3.2936,62.8458,-77.7146,20.9,100.0,141.0,86.99999999999999,456.32597380053096,37.8394551131545,53.94353178711102,461.0586983779076
0.0,62.932,-77.7146,20.7,100.0,141.0,90.0,456.36592332604346,38.01348131262344,53.97402619946893,461.1161201247668
-3.2936,62.8458,-77.7146,20.5,100.0,141.0,93.0,456.340595361333,38.269999999999996,54.00054488684549,461.11537680152463
-6.5782,62.5873,-77.7146,20.6,100.0,141.0,96.0,456.367820452618,38.47651868737655,54.00646821288897,461.1601984601477
-9.8447,62.1572,-77.7146,21.0,100.0,141.0,98.99999999999999,456.4195055876421,38.51701309973447,54.02298690026553,461.2166611177647
-13.0843,61.5568,-77.7146,21.3,100.0,141.0,102.0,456.4964177384014,38.66706357422205,54.065923326043475,461.31035678656036
-16.288,60.7877,-77.7146,19.9,100.0,141.0,104.99999999999999,456.5648335523525,38.83891022630901,54.13646821288898,461.4007643847372
-19.4471,59.8519,-77.7146,21.3,100.0,141.0,107.99999999999997,456.63223002186953,39.09701309973447,54.16293642577794,461.4923548774446
-22.5528,58.7521,-77.7146,20.3,100.0,141.0,110.99999999999999,456.76,39.2494551131545,54.1594551131545,461.6313073274313
-25.5968,57.4913,-77.7146,21.5,100.0,141.0,114.0,456.86485350712184,39.2805448868455,54.260544886845494,461.7495666571965
-28.5705,56.0729,-77.7146,20.5,100.0,141.0,116.99999999999999,457.03428866550695,39.46646821288897,54.29298690026553,461.93686966482477
-31.466,54.5007,-77.7146,21.3,100.0,141.0,119.99999999999997,457.157820452618,39.60163466053649,54.37891022630901,462.0807593334478
-34.2752,52.7792,-77.7146,22.1,100.0,141.0,122.99999999999999,457.2599999999999,39.66805239893788,54.429999999999986,462.1935599736595
-36.9905,50.9131,-77.7146,21.6,100.0,141.0,126.0,457.35691215075934,39.75999999999999,54.469455113154496,462.30198380755553
-39.6044,48.9074,-77.7146,20.9,100.0,141.0,129.0,457.489172692347,39.76348131262345,54.565923326043475,462.4445021462047
-42.1098,46.7676,-77.7146,19.9,100.0,141.0,131.99999999999997,457.68597380053103,39.901089773690984,54.54755798657996,462.6488772937505
-44.4997,44.4997,-77.7146,21.5,100.0,141.0,135.0,457.8770130997345,39.66054488684549,54.633531787111025,462.8273336152362
-46.7676,42.1098,-77.7146,20.4,100.0,141.0,138.0,457.97670015920886,39.65054488684549,54.675973800531054,462.93010888208386
-48.9074,39.6044,-77.7146,21.0,100.0,141.0,141.0,458.1628859512904,39.671089773690994,54.706518687376544,463.1196698629196
-50.9131,36.9905,-77.7146,21.0,100.0,141.0,143.99999999999997,458.33054488684553,39.531089773690994,54.819455113154504,463.286917680471
-52.7792,34.2752,-77.7146,21.5,100.0,141.0,147.0,458.44298690026557,39.61592332604347,54.85054488684548,463.40908050381995
-54.5007,31.466,-77.7146,20.8,100.0,141.0,150.0,458.71976805368007,39.40462156080201,54.86005047448757,463.66601659129105
-56.0729,28.5705,-77.7146,20.8,100.0,141.0,152.99999999999997,458.79597380053116,39.24999999999999,54.98353178711101,463.7429210708902
-57.4913,25.5968,-77.7146,20.0,100.0,141.0,155.99999999999997,458.9108777821404,39.13244201342003,54.971089773690984,463.84519236014023
-58.7521,22.5528,-77.7146,21.8,100.0,141.0,159.0,459.00576180898054,39.04701309973447,54.9894551131545,463.9340457214743
-59.8519,19.4471,-77.7146,21.3,100.0,141.0,161.99999999999997,459.1761857920814,38.83054488684549,55.029999999999994,464.0893035987507
-60.7877,16.288,-77.7146,20.5,100.0,141.0,164.99999999999997,459.2194551131544,38.64298690026553,55.08755798657997,464.12328904712524
-61.5568,13.0843,-77.7146,22.0,100.0,141.0,167.99999999999997,459.2478908818749,38.36353178711102,55.103531787111024,464.13013807125725
-62.1572,9.8447,-77.7146,21.0,100.0,141.0,170.99999999999997,459.32,38.29,55.129455113154506,464.19849560406084
-62.5873,6.5782,-77.7146,21.2,100.0,141.0,173.99999999999997,459.4100000000001,38.08,55.10298690026552,464.2671361030532
-62.8458,3.2936,-77.7146,21.3,100.0,141.0,176.99999999999997,459.4333503152788,37.98701309973447,55.0905448868455,464.281148316503
-62.932,0.0,-77.7146,21.5,100.0,141.0,180.0,459.47423819101937,37.65701309973446,55.103531787111024,464.2962690052811
-62.8458,-3.2936,-77.7146,22.6,100.0,141.0,182.99999999999997,459.3940766739565,37.446468212888966,55.14646821288897,464.20500710471777
-62.5873,-6.5782,-77.7146,19.5,100.0,141.0,186.0,459.413531787111,37.188910226309,55.14646821288897,464.2035557697534
-62.1572,-9.8447,-77.7146,20.3,100.0,141.0,188.99999999999997,459.3983148649758,37.08054488684549,55.13,464.1778704439547
-61.5568,-13.0843,-77.7146,20.6,100.0,141.0,192.0,459.31207859840674,36.92,55.1,464.076159640192
-60.7877,-16.288,-77.7146,21.0,100.0,141.0,194.99999999999997,459.1535822615985,36.723531787111014,55.10293642577795,463.9040455668831
-59.8519,-19.4471,-77.7146,19.8,100.0,141.0,197.99999999999997,459.08765893555505,36.49701309973447,55.09994952551241,463.82056335380895
-58.7521,-22.5528,-77.7146,20.1,100.0,141.0,200.99999999999997,458.9980523989378,36.262986900265524,55.04597380053105,463.7071010418059
-57.4913,-25.5968,-77.7146,21.1,100.0,141.0,204.0,458.8560242750185,35.97,54.99348131262344,463.537457925849
-56.0729,-28.5705,-77.7146,22.0,100.0,141.0,207.0,458.77765893555505,35.972986900265525,54.95293642577795,463.45530674136285
-54.5007,-31.466,-77.7146,21.0,100.0,141.0,209.99999999999997,458.67108977369105,35.95407667395652,54.93189712657453,463.34585089928953
-52.7792,-34.2752,-77.7146,19.7,100.0,141.0,212.99999999999997,458.55158418604896,35.773531787111025,54.882442013420025,463.2077108354469
-50.9131,-36.9905,-77.7146,20.9,100.0,141.0,215.99999999999994,458.36547938817307,35.68706357422205,54.8294551131545,463.0105272553808
-48.9074,-39.6044,-77.7146,21.4,100.0,141.0,219.0,458.19488402684,35.626518687376546,54.80353178711101,462.8339093870416
-46.7676,-42.1098,-77.7146,21.0,100.0,141.0,221.99999999999997,458.04841581395107,35.54353178711102,54.73457108631443,462.6743640548657
-44.4997,-44.4997,-77.7146,21.8,100.0,141.0,224.99999999999997,457.7840766739565,35.50755798657996,54.68402619946893,462.40392542860343
-42.1098,-46.7676,-77.7146,20.7,100.0,141.0,228.0,457.617820452618,35.39,54.64402619946893,462.22558485559057
-39.6044,-48.9074,-77.7146,21.0,100.0,141.0,231.0,457.44244201342,35.39108977369099,54.53999999999999,462.0397478470555
-36.9905,-50.9131,-77.7146,21.6,100.0,141.0,233.99999999999997,457.18597380053103,35.332986900265524,54.52999999999999,461.78020258910425
-34.2752,-52.7792,-77.7146,20.6,100.0,141.0,236.99999999999997,457.07999999999987,35.507013099734465,54.41298690026552,461.67482877310204
-31.466,-54.5007,-77.7146,21.1,100.0,141.0,239.99999999999994,456.812179547382,35.54999999999999,54.41298690026552,461.41298532468505
-28.5705,-56.0729,-77.7146,20.5,100.0,141.0,242.99999999999997,456.63488402684,35.66348131262344,54.29,461.23172626082595
-25.5968,-57.4913,-77.7146,21.8,100.0,141.0,245.99999999999997,456.533794253149,35.66646821288897,54.20701309973446,461.1221123727991
-22.5528,-58.7521,-77.7146,21.4,100.0,141.0,249.0,456.291947601062,35.743531787111024,54.18706357422205,460.8862976580919
-19.4471,-59.8519,-77.7146,19.2,100.0,141.0,252.0,456.1476589355551,36.037013099734466,54.1094551131545,460.75718789638046
-16.288,-60.7877,-77.7146,21.5,100.0,141.0,254.99999999999997,455.86760846106745,36.249455113154504,54.00298690026552,460.48411702703055
-13.0843,-61.5568,-77.7146,20.8,100.0,141.0,258.0,455.82202859526785,36.42298690026553,53.964571086314436,460.44818455497466
-9.8447,-62.1572,-77.7146,20.9,100.0,141.0,260.99999999999994,455.69272443422744,36.698910226309,53.919999999999995,460.336871773365
-6.5782,-62.5873,-77.7146,21.0,100.0,141.0,263.99999999999994,455.65212907289435,36.79999999999999,53.92407667395651,460.30523435411885
-3.2936,-62.8458,-77.7146,21.6,100.0,141.0,266.99999999999994,455.55737651474766,37.02054488684549,53.935378439197976,460.2304521520692
0.0,-62.932,-77.7146,21.8,100.0,141.0,270.0,455.52379425314894,37.28,53.879455113154506,460.2116048233417
3.2936,-62.8458,-77.7146,21.2,100.0,141.0,273.0,455.5308073528835,37.33108977369099,53.85054488684549,460.2193041321402
6.5782,-62.5873,-77.7146,21.0,100.0,141.0,276.0,455.5089607007966,37.63298690026552,53.79,460.2151877999632
9.8447,-62.1572,-77.7146,21.1,100.0,141.0,278.99999999999994,455.4804439378702,37.93402619946894,53.75994952551242,460.2081673835515
13.0843,-61.5568,-77.7146,19.4,100.0,141.0,282.0,455.5399999999999,38.007013099734465,53.73701309973446,460.2704544304841
16.288,-60.7877,-77.7146,20.9,100.0,141.0,284.99999999999994,455.5731988918159,38.36348131262344,53.69701309973447,460.32821493232314
19.4471,-59.8519,-77.7146,21.3,100.0,141.0,287.99999999999994,455.61914217262887,38.46293642577795,53.745923326043474,460.38768930846163
22.5528,-58.7521,-77.7146,19.7,100.0,141.0,291.0,455.69249248790766,38.60755798657996,53.7494551131545,460.47279525341116
25.5968,-57.4913,-77.7146,20.0,100.0,141.0,294.0,455.81348131262337,38.83353178711102,53.66298690026553,460.60144279024126
28.5705,-56.0729,-77.7146,21.2,100.0,141.0,296.99999999999994,455.9631988918159,38.85760846106754,53.655166447647495,460.7507236733287
31.466,-54.5007,-77.7146,22.1,100.0,141.0,300.0,456.1315841860489,39.10298690026553,53.67054488684549,460.93990179311646
34.2752,-52.7792,-77.7146,20.9,100.0,141.0,303.0,456.23973753396194,39.21701309973447,53.62651868737655,461.05148923742865
36.9905,-50.9131,-77.7146,20.2,100.0,141.0,305.99999999999994,456.4062057468508,39.312986900265535,53.67646821288897,461.23020155131474
39.6044,-48.9074,-77.7146,20.5,100.0,141.0,309.0,456.56836533946336,39.40353178711102,53.62592332604347,461.39251207471744
42.1098,-46.7676,-77.7146,21.3,100.0,141.0,311.99999999999994,456.7151664476475,39.550544886845486,53.65701309973446,461.55396642097423
44.4997,-44.4997,-77.7146,21.6,100.0,141.0,314.99999999999994,456.85282538320257,39.5794551131545,53.61402619946894,461.68766621276177
46.7676,-42.1098,-77.7146,21.3,100.0,141.0,318.0,457.1180019244503,39.67701309973447,53.64348131262344,461.9618557189068
48.9074,-39.6044,-77.7146,20.1,100.0,141.0,321.0,457.3380523989378,39.552986900265516,53.67,462.1720478834545
50.9131,-36.9905,-77.7146,22.2,100.0,141.0,323.99999999999994,457.5264682128889,39.61646821288897,53.59760846106754,462.355531276277
52.7792,-34.2752,-77.7146,21.3,100.0,141.0,327.0,457.60353178711097,39.53054488684549,53.65,462.4305123833076
54.5007,-31.466,-77.7146,21.0,100.0,141.0,329.99999999999994,457.83668020443935,39.437013099734465,53.652986900265525,462.6535926005231
56.0729,-28.5705,-77.7146,22.5,100.0,141.0,332.99999999999994,458.04212907289434,39.40999999999999,53.599455113154505,462.8484003365001
57.4913,-25.5968,-77.7146,19.3,100.0,141.0,335.99999999999994,458.1999999999999,39.18402619946894,53.607013099734466,462.98632783558054
58.7521,-22.5528,-77.7146,21.0,100.0,141.0,339.0,458.35298690026553,39.016468212888974,53.66293642577795,463.13006395400356
59.8519,-19.4471,-77.7146,22.2,100.0,141.0,341.99999999999994,458.523531787111,39.012986900265524,53.67755798657996,463.30025100447415
60.7877,-16.288,-77.7146,20.9,100.0,141.0,345.0,458.63293642577787,38.90646821288897,53.67244201342003,463.3989800107636
61.5568,-13.0843,-77.7146,20.9,100.0,141.0,347.99999999999994,458.7920281239191,38.78293642577795,53.684026199468946,463.5474257256211
62.1572,-9.8447,-77.7146,20.9,100.0,141.0,351.0,458.8175579865799,38.65597380053105,53.70298690026553,463.56428532539695
62.5873,-6.5782,-77.7146,21.8,100.0,141.0,353.99999999999994,458.94433913999455,38.297013099734464,53.73701309973446,463.66392378304414
62.8458,-3.2936,-77.7146,21.4,100.0,141.0,356.99999999999994,458.99249248790755,38.17054488684549,53.71755798657996,463.6989052103338
58.698,-3.0762,-80.9017,21.2,100.0,143.99999999999997,356.99999999999994,458.9253784391979,38.05,53.67348131262344,463.61745876506586
58.4565,-6.144,-80.9017,20.8,100.0,143.99999999999997,353.99999999999994,458.8405448868454,38.329455113154495,53.63054488684549,463.5515377023233
58.0549,-9.195,-80.9017,19.9,100.0,143.99999999999997,351.0,458.82623626656914,38.326468212888976,53.61244201342002,463.53503340185785
57.4941,-12.2207,-80.9017,21.3,100.0,143.99999999999997,347.99999999999994,458.7339757249813,38.5,53.599999999999994,463.4566543749779
56.7757,-15.213,-80.9017,20.4,100.0,143.99999999999997,345.0,458.61433913999446,38.708910226309,53.609505587642076,463.35674256999187
55.9017,-18.1636,-80.9017,20.9,100.0,143.99999999999997,341.99999999999994,458.45321884658534,39.042986900265525,53.586518687376554,463.2226502254849
54.8745,-21.0643,-80.9017,21.3,100.0,143.99999999999997,339.0,458.31085782737114,39.0094551131545,53.52646821288897,463.0719844581741
53.6969,-23.9074,-80.9017,21.1,100.0,143.99999999999997,335.99999999999994,458.17901117528424,38.957013099734475,53.556468212888966,462.9405474125725
52.372,-26.6849,-80.9017,21.5,100.0,143.99999999999997,332.99999999999994,458.0886782799891,39.17298690026553,53.56353178711102,462.8701891551286
50.9037,-29.3893,-80.9017,20.8,100.0,143.99999999999997,329.99999999999994,457.9190916981412,39.24054488684549,53.516518687376546,462.70263958300853
49.2958,-32.0131,-80.9017,22.2,100.0,143.99999999999997,327.0,457.7267506336964,39.281089773690994,53.54537843919798,462.5190696735517
47.5528,-34.5492,-80.9017,20.8,100.0,143.99999999999997,323.99999999999994,457.6143086202764,39.32054488684549,53.58891022630902,462.4161891667023
45.6795,-36.9905,-80.9017,19.7,100.0,143.99999999999997,321.0,457.38433913999444,39.446518687376546,53.53646821288897,462.19326580532595
43.681,-39.3305,-80.9017,19.3,100.0,143.99999999999997,318.0,457.2282038224006,39.33353178711102,53.58189712657453,462.0343891889317
41.5627,-41.5627,-80.9017,21.5,100.0,143.99999999999997,314.99999999999994,457.1349140752096,39.42999999999999,53.55891022630901,461.9476284506493
39.3305,-43.681,-80.9017,20.8,100.0,143.99999999999997,311.99999999999994,456.88664968472125,39.343531787111026,53.57407667395651,461.69633510033367
36.9905,-45.6795,-80.9017,21.1,100.0,143.99999999999997,309.0,456.7805448868454,39.22,53.59646821288898,461.58342257063197
34.5492,-47.5528,-80.9017,19.2,100.0,143.99999999999997,305.99999999999994,456.60831486497585,39.182986900265526,53.5905448868455,461.409152669871
32.0131,-49.2958,-80.9017,20.9,100.0,143.99999999999997,303.0,456.41379425314904,39.02298690026553,53.57,461.20070467332783
29.3893,-50.9037,-80.9017,21.3,100.0,143.99999999999997,300.0,456.2946215608019,38.88701309973447,53.62755798657996,461.077972179043
26.6849,-52.372,-80.9017,20.6,100.0,143.99999999999997,296.99999999999994,456.19054488684543,38.836468212888974,53.588910226309004,460.96621981079164
23.9074,-53.6969,-80.9017,21.1,100.0,143.99999999999997,294.0,456.126730678927,38.601897126574535,53.63457108631443,460.888672151128
21.0643,-54.8745,-80.9017,20.0,100.0,143.99999999999997,291.0,455.99137219449835,38.57592332604347,53.704026199468935,460.76062744804005
18.1636,-55.9017,-80.9017,20.0,100.0,143.99999999999997,287.99999999999994,455.83701309973446,38.297013099734464,53.63999999999999,460.5771307002213
15.213,-56.7757,-80.9017,21.3,100.0,143.99999999999997,284.99999999999994,455.794621560802,38.14706357422204,53.652986900265525,460.52424312560413
12.2207,-57.4941,-80.9017,20.6,100.0,143.99999999999997,282.0,455.7999495255123,37.89298690026552,53.68407667395651,460.5121632834669
9.195,-58.0549,-80.9017,19.2,100.0,143.99999999999997,278.99999999999994,455.773531787111,37.73407667395652,53.74348131262343,460.47989598215145
6.144,-58.4565,-80.9017,20.3,100.0,143.99999999999997,276.0,455.74254296239513,37.59810287342546,53.74353178711102,460.43810660550616
3.0762,-58.698,-80.9017,20.4,100.0,143.99999999999997,273.0,455.8283958591817,37.30701309973447,53.8,460.50600397603785
0.0,-58.7785,-80.9017,20.5,100.0,143.99999999999997,270.0,455.7899495255124,37.20298690026553,53.82592332604347,460.46256128448874
-3.0762,-58.698,-80.9017,20.7,100.0,143.99999999999997,266.99999999999994,455.8889102263089,37.05,53.839999999999996,460.54983071034945
-6.144,-58.4565,-80.9017,20.7,100.0,143.99999999999997,263.99999999999994,455.9498990510248,36.82999999999999,53.90646821288897,460.60033289157195
-9.195,-58.0549,-80.9017,20.6,100.0,143.99999999999997,260.99999999999994,455.9964881676583,36.65407667395652,53.92651868737654,460.6347663559467
-12.2207,-57.4941,-80.9017,21.5,100.0,143.99999999999997,258.0,456.14295638054733,36.45646821288897,53.95,460.7668317382918
-15.213,-56.7757,-80.9017,20.6,100.0,143.99999999999997,254.99999999999997,456.36335031527864,36.264026199468944,53.9894551131545,460.97445522566306
-18.1636,-55.9017,-80.9017,20.9,100.0,143.99999999999997,252.0,456.36244201342004,36.20054488684549,54.03407667395652,460.9737946701132
-21.0643,-54.8745,-80.9017,20.8,100.0,143.99999999999997,249.0,456.528415813951,36.19701309973447,54.16298690026552,461.1529544011363
-23.9074,-53.6969,-80.9017,21.8,100.0,143.99999999999997,245.99999999999997,456.66217954738204,35.94298690026553,54.19348131262344,461.2690949468214
-26.6849,-52.372,-80.9017,20.7,100.0,143.99999999999997,242.99999999999997,456.8373765147477,35.819455113154504,54.262936425777944,461.4410993995102
-29.3893,-50.9037,-80.9017,20.9,100.0,143.99999999999997,239.99999999999994,456.96085782737106,36.05,54.33701309973447,461.59001189251
-32.0131,-49.2958,-80.9017,20.4,100.0,143.99999999999997,236.99999999999997,457.1741776229317,35.74054488684549,54.3794551131545,461.78213518110044
-34.5492,-47.5528,-80.9017,21.5,100.0,143.99999999999997,233.99999999999997,457.281685135024,35.750544886845496,54.459999999999994,461.8988337500254
-36.9905,-45.6795,-80.9017,21.7,100.0,143.99999999999997,231.0,457.38841581395116,35.79,54.507013099734465,462.0130966735148
-39.3305,-43.681,-80.9017,20.9,100.0,143.99999999999997,228.0,457.5527044794581,35.76,54.582442013420035,462.18232111647745
-41.5627,-41.5627,-80.9017,20.9,100.0,143.99999999999997,224.99999999999997,457.7543391399946,35.80298690026552,54.60054488684548,462.3874007522417
-43.681,-39.3305,-80.9017,20.7,100.0,143.99999999999997,221.99999999999997,457.89843576872045,35.79701309973447,54.713531787111016,462.5429430733138
-45.6795,-36.9905,-80.9017,19.7,100.0,143.99999999999997,219.0,458.0638142079184,35.93244201342002,54.71701309973447,462.71757022865546
-47.5528,-34.5492,-80.9017,21.0,100.0,143.99999999999997,215.99999999999994,458.2571140487096,35.82999999999999,54.836468212888974,462.9151215096729
-49.2958,-32.0131,-80.9017,20.8,100.0,143.99999999999997,212.99999999999997,458.49750751209234,36.002986900265526,54.82999999999999,463.1657461001859
-50.9037,-29.3893,-80.9017,21.0,100.0,143.99999999999997,209.99999999999997,458.5350854534418,36.17,54.888365339463505,463.2228687591251
-52.372,-26.6849,-80.9017,20.9,100.0,143.99999999999997,207.0,458.68,36.18999999999999,54.965923326043466,463.3770724011758
-53.6969,-23.9074,-80.9017,20.3,100.0,143.99999999999997,204.0,458.83880927733384,36.291089773690985,54.95999999999999,463.54147354471274
-54.8745,-21.0643,-80.9017,20.4,100.0,143.99999999999997,200.99999999999997,458.9114531887041,36.57646821288897,55.00646821288897,463.64131765832974
-55.9017,-18.1636,-80.9017,20.6,100.0,143.99999999999997,197.99999999999997,459.04574185421114,36.62054488684549,55.049455113154494,463.782815475679
-56.7757,-15.213,-80.9017,20.9,100.0,143.99999999999997,194.99999999999997,459.11108977369094,36.83945511315449,55.0894551131545,463.86957894529417
-57.4941,-12.2207,-80.9017,21.5,100.0,143.99999999999997,192.0,459.1373964695171,36.949999999999996,55.050544886845486,463.89978856337615
-58.0549,-9.195,-80.9017,20.8,100.0,143.99999999999997,188.99999999999997,459.218415813951,37.10646821288897,55.06348131262344,463.9939982156823
-58.4565,-6.144,-80.9017,21.3,100.0,143.99999999999997,186.0,459.2133702700482,37.27457108631443,55.10592332604348,464.0075170404687
-58.698,-3.0762,-80.9017,21.4,100.0,143.99999999999997,182.99999999999997,459.2251159731599,37.49407667395652,55.12994952551243,464.0396796189743
-58.7785,0.0,-80.9017,21.1,100.0,143.99999999999997,180.0,459.1460242750186,37.703481312623445,55.08701309973446,463.97327845781984
-58.698,3.0762,-80.9017,19.0,100.0,143.99999999999997,176.99999999999997,459.1640261994689,37.97999999999999,55.09,464.01399920229403
-58.4565,6.144,-80.9017,21.3,100.0,143.99999999999997,173.99999999999997,459.18914217262886,38.10298690026553,55.077013099734465,464.047393346784
-58.0549,9.195,-80.9017,20.6,100.0,143.99999999999997,170.99999999999997,459.15407667395647,38.239999999999995,55.09,464.025507732402
-57.4941,12.2207,-80.9017,21.8,100.0,143.99999999999997,167.99999999999997,459.09462156080195,38.38298690026553,55.04701309973446,463.9733816509782
-56.7757,15.213,-80.9017,21.3,100.0,143.99999999999997,164.99999999999997,459.01082730765296,38.609455113154496,55.03293642577795,463.9075917695618
-55.9017,18.1636,-80.9017,21.4,100.0,143.99999999999997,161.99999999999997,458.9108073528836,38.6705448868455,55.02348131262343,463.8125953905107
-54.8745,21.0643,-80.9017,19.9,100.0,143.99999999999997,159.0,458.8215036631918,38.86999999999999,55.00054488684549,463.7381902125403
-53.6969,23.9074,-80.9017,20.9,100.0,143.99999999999997,155.99999999999997,458.74194760106207,38.959455113154505,54.92651868737654,463.6582104165138
-52.372,26.6849,-80.9017,20.9,100.0,143.99999999999997,152.99999999999997,458.6472450460543,39.14999999999999,54.90054488684549,463.577488363281
-50.9037,29.3893,-80.9017,21.0,100.0,143.99999999999997,150.0,458.5511402481786,39.15646821288897,54.87114024817856,463.4794701580072
-49.2958,32.0131,-80.9017,21.2,100.0,143.99999999999997,147.0,458.42498497581516,39.2894551131545,54.81402619946894,463.3591540062212
-47.5528,34.5492,-80.9017,21.4,100.0,143.99999999999997,143.99999999999997,458.337063574222,39.413481312623446,54.779999999999994,463.2786793659092
-45.6795,36.9905,-80.9017,21.6,100.0,143.99999999999997,141.0,458.20919264711637,39.3394551131545,54.75940463866693,463.1434436017673
-43.681,39.3305,-80.9017,21.5,100.0,143.99999999999997,138.0,458.02571133449305,39.44353178711102,54.6694551131545,462.9601427398242
-41.5627,41.5627,-80.9017,21.7,100.0,143.99999999999997,135.0,457.93386468240595,39.35999999999999,54.6194551131545,462.85626159729327
-39.3305,43.681,-80.9017,20.9,100.0,143.99999999999997,131.99999999999997,457.85935416417925,39.489455113154506,54.54646821288896,462.7849635146683
-36.9905,45.6795,-80.9017,21.8,100.0,143.99999999999997,129.0,457.6989102263089,39.44,54.53457108631443,462.6206064000166
-34.5492,47.5528,-80.9017,21.0,100.0,143.99999999999997,126.0,457.51675063369635,39.39999999999999,54.440544886845494,462.4258968072533
-32.0131,49.2958,-80.9017,21.2,100.0,143.99999999999997,122.99999999999999,457.4084458623206,39.353531787111024,54.402986900265525,462.31036306141044
-29.3893,50.9037,-80.9017,19.9,100.0,143.99999999999997,119.99999999999997,457.2201009489751,39.32244201342003,54.3194551131545,462.11154320302336
-26.6849,52.372,-80.9017,21.3,100.0,143.99999999999997,116.99999999999999,457.08805239893786,39.12298690026552,54.29402619946894,461.9609691638473
-23.9074,53.6969,-80.9017,22.4,100.0,143.99999999999997,114.0,457.0061047978757,39.12,54.245973800531054,461.87398703119754
-21.0643,54.8745,-80.9017,21.5,100.0,143.99999999999997,110.99999999999999,456.876468212889,39.086468212888974,54.15353178711101,461.73202640607224
-18.1636,55.9017,-80.9017,22.3,100.0,143.99999999999997,107.99999999999997,456.7923410644448,38.879999999999995,54.139999999999986,461.62976166527227
-15.213,56.7757,-80.9017,21.2,100.0,143.99999999999997,104.99999999999999,456.7934007897663,38.75,54.129999999999995,461.6187067321688
-12.2207,57.4941,-80.9017,21.2,100.0,143.99999999999997,102.0,456.653864682406,38.576518687376556,54.1,461.4625769479197
-9.195,58.0549,-80.9017,21.7,100.0,143.99999999999997,98.99999999999999,456.6105448868454,38.509455113154495,54.029999999999994,461.4059045298119
-6.144,58.4565,-80.9017,21.6,100.0,143.99999999999997,96.0,456.50343083813584,38.40646821288897,53.992442013420025,461.28692043255336
-3.0762,58.698,-80.9017,20.4,100.0,143.99999999999997,93.0,456.4953784391979,38.232442013420034,53.99701309973447,461.26502965469746
0.0,58.7785,-80.9017,20.7,100.0,143.99999999999997,90.0,456.5038142079183,38.113481312623435,53.970000000000006,461.260371963759
3.0762,58.698,-80.9017,20.4,100.0,143.99999999999997,86.99999999999999,456.5597375339619,37.867013099734464,53.988910226308995,461.2976339041856
6.144,58.4565,-80.9017,21.8,100.0,143.99999999999997,83.99999999999999,456.5170130997344,37.77,53.976468212888975,461.24593794443336
9.195,58.0549,-80.9017,21.7,100.0,143.99999999999997,80.99999999999999,456.6054289136855,37.577013099734465,53.98298690026552,461.3184502072539
12.2207,57.4941,-80.9017,20.7,100.0,143.99999999999997,77.99999999999999,456.62597380053097,37.32701309973447,54.027557986579964,461.3237072579559
15.213,56.7757,-80.9017,21.3,100.0,143.99999999999997,75.0,456.7507568783959,37.22706357422205,53.97407667395651,461.43288691222784
18.1636,55.9017,-80.9017,21.8,100.0,143.99999999999997,71.99999999999999,456.8706559294207,37.13592332604348,53.985923326043476,461.5456130958481
21.0643,54.8745,-80.9017,21.4,100.0,143.99999999999997,69.0,456.8421290728943,37.040544886845495,53.962986900265534,461.5070279167671
23.9074,53.6969,-80.9017,24.1,100.0,143.99999999999997,65.99999999999999,457.0461047978757,36.89999999999999,53.99891022630899,461.7018889029368
26.6849,52.372,-80.9017,20.9,100.0,143.99999999999997,63.0,457.0821795473819,36.796468212888975,54.00348131262344,461.72987224849345
29.3893,50.9037,-80.9017,20.0,100.0,143.99999999999997,59.999999999999986,457.20348131262347,36.699999999999996,53.96646821288897,461.8379510345108
32.0131,49.2958,-80.9017,20.4,100.0,143.99999999999997,57.0,457.366468212889,36.599455113154505,54.00999999999999,461.99641390395163
34.5492,47.5528,-80.9017,20.9,100.0,143.99999999999997,53.999999999999986,457.51782045261797,36.71,53.94,462.1468421743396
36.9905,45.6795,-80.9017,21.7,100.0,143.99999999999997,51.0,457.6962562213385,36.53054488684549,53.967063574222045,462.3124350691674
39.3305,43.681,-80.9017,21.1,100.0,143.99999999999997,48.0,457.86729552054186,36.6405448868455,53.94755798657996,462.48819320023244
41.5627,41.5627,-80.9017,20.6,100.0,143.99999999999997,45.0,457.97493450132754,36.6005448868455,53.97592332604347,462.5948992546374
43.681,39.3305,-80.9017,20.9,100.0,143.99999999999997,41.99999999999999,458.12016151706285,36.55054488684549,53.92298690026553,462.72855243240747
45.6795,36.9905,-80.9017,21.3,100.0,143.99999999999997,38.99999999999999,458.24633721554426,36.599455113154505,53.95597380053106,462.8611809115188
47.5528,34.5492,-80.9017,21.1,100.0,143.99999999999997,35.99999999999999,458.354621560802,36.53244201342003,53.90516644764752,462.9571744722815
49.2958,32.0131,-80.9017,20.6,100.0,143.99999999999997,32.99999999999999,458.4601814718322,36.652986900265525,53.90994952551242,463.0717677657963
50.9037,29.3893,-80.9017,21.5,100.0,143.99999999999997,29.999999999999993,458.613531787111,36.749455113154504,53.883531787111025,463.22816083137025
52.372,26.6849,-80.9017,20.0,100.0,143.99999999999997,26.999999999999993,458.7062562213385,36.88891022630901,53.84755798657996,463.326861616504
53.6969,23.9074,-80.9017,21.4,100.0,143.99999999999997,24.0,458.7579718760808,36.938102873425464,53.819505587642084,463.37872133433245
54.8745,21.0643,-80.9017,21.6,100.0,143.99999999999997,20.999999999999996,458.8640766739565,37.148102873425465,53.84755798657996,463.5038100275502
55.9017,18.1636,-80.9017,20.8,100.0,143.99999999999997,17.999999999999996,458.8890916981413,37.25999999999999,53.804026199468936,463.5325008182472
56.7757,15.213,-80.9017,20.4,100.0,143.99999999999997,14.999999999999996,458.8999999999999,37.32108977369099,53.78592332604347,463.5461134449634
57.4941,12.2207,-80.9017,21.8,100.0,143.99999999999997,12.0,458.91893018107845,37.471039299203404,53.790544886845495,463.57748649382415
58.0549,9.195,-80.9017,22.4,100.0,143.99999999999997,8.999999999999998,459.01103929920333,37.53701309973446,53.76,463.67046396226755
58.4565,6.144,-80.9017,19.9,100.0,143.99999999999997,6.0,459.05298690026547,37.839999999999996,53.722986900265525,463.7323254891138
58.698,3.0762,-80.9017,20.3,100.0,143.99999999999997,3.0,459.0605448868455,37.92,53.67940463866692,463.74129507104414
58.7785,0.0,-80.9017,21.1,100.0,143.99999999999997,0.0,458.94841581395104,38.072986900265526,53.66701309973447,463.64140130567523
54.4639,0.0,-83.8671,19.7,100.0,147.0,0.0,458.90547938817303,38.11,53.752936425777946,463.61189510934963
54.3893,2.8504,-83.8671,21.9,100.0,147.0,3.0,458.87,37.92298690026553,53.747557986579956,463.5608156703481
54.1655,5.693,-83.8671,20.9,100.0,147.0,6.0,458.9292736413221,37.67646821288897,53.81298690026552,463.60698012549
53.7934,8.52,-83.8671,21.6,100.0,147.0,8.999999999999998,458.929404638667,37.527013099734475,53.84755798657996,463.5990019999041
53.2737,11.3237,-83.8671,21.9,100.0,147.0,12.0,458.89532796471036,37.46,53.82646821288897,463.55739915150986
52.6081,14.0963,-83.8671,20.5,100.0,147.0,14.999999999999996,458.9017961775994,37.491089773690994,53.871089773690976,463.57149897383795
51.7983,16.8303,-83.8671,21.7,100.0,147.0,17.999999999999996,458.8975075120924,37.22353178711102,53.91005047448757,463.5502208625067
50.8464,19.5181,-83.8671,21.3,100.0,147.0,20.999999999999996,458.86215912126397,37.345428913685566,53.880857827371116,463.5216380864961
49.7553,22.1525,-83.8671,22.0,100.0,147.0,24.0,458.7416346605364,37.095973800531056,53.933531787111015,463.388416443767
48.5277,24.7261,-83.8671,20.9,100.0,147.0,26.999999999999993,458.68950558764203,37.02054488684549,53.97945511315449,463.33612513408394
47.1671,27.232,-83.8671,21.8,100.0,147.0,29.999999999999993,458.5749345013276,36.951897126574536,53.95293642577795,463.21413255978484
45.6773,29.6632,-83.8671,20.3,100.0,147.0,32.99999999999999,458.4906458358206,36.89999999999999,53.988102873425454,463.1306484900556
44.0622,32.0131,-83.8671,20.7,100.0,147.0,35.99999999999999,458.37664968472126,36.87891022630901,53.97999999999999,463.0151697252152
42.3264,34.2752,-83.8671,21.3,100.0,147.0,38.99999999999999,458.2534813126234,36.87646821288897,54.01597380053105,462.8972374821595
40.4746,36.4435,-83.8671,20.8,100.0,147.0,41.99999999999999,458.1615841860489,36.79,54.02651868737656,462.80061154383475
38.5118,38.5118,-83.8671,20.7,100.0,147.0,45.0,458.08098882471575,36.744026199468934,54.04646821288897,462.7195008968862
36.4435,40.4746,-83.8671,20.9,100.0,147.0,48.0,457.89891022630894,36.669455113154505,54.098365339463506,462.5393973026936
34.2752,42.3264,-83.8671,21.4,100.0,147.0,51.0,457.8416851350241,36.71,54.07537843919797,462.48327461717037
32.0131,44.0622,-83.8671,20.5,100.0,147.0,53.999999999999986,457.7621595926126,36.757013099734465,54.06999999999999,462.407653123201
29.6632,45.6773,-83.8671,20.6,100.0,147.0,57.0,457.59646821288896,36.9094551131545,54.077013099734465,462.25659426713247
27.232,47.1671,-83.8671,20.6,100.0,147.0,59.999999999999986,457.4808578273711,36.89054488684549,54.05810287342546,462.13842738598305
24.7261,48.5277,-83.8671,20.9,100.0,147.0,63.0,457.4023915389324,37.010544886845494,54.09298690026553,462.07443063877525
22.1525,49.7553,-83.8671,22.3,100.0,147.0,65.99999999999999,457.2560242750185,37.08054488684549,54.10701309973447,461.9368002351366
19.5181,50.8464,-83.8671,21.0,100.0,147.0,69.0,457.14696262524683,37.17054488684549,54.04999999999999,461.829402858538
16.8303,51.7983,-83.8671,20.5,100.0,147.0,71.99999999999999,457.1301009489751,37.31,54.091089773690996,461.82876836174427
14.0963,52.6081,-83.8671,21.2,100.0,147.0,75.0,457.05999999999995,37.3994551131545,54.088910226309,461.7663619756538
11.3237,53.2737,-83.8671,20.5,100.0,147.0,77.99999999999999,456.968647760271,37.51,54.08597380053106,461.68456515006255
8.52,53.7934,-83.8671,20.1,100.0,147.0,80.99999999999999,456.92270447945805,37.586468212888974,54.114571086314434,461.64866215055406
5.693,54.1655,-83.8671,19.5,100.0,147.0,83.99999999999999,456.86592332604346,37.829455113154495,54.08646821288897,461.60901812514476
2.8504,54.3893,-83.8671,21.4,100.0,147.0,86.99999999999999,456.7510392992033,37.870544886845494,54.073531787111015,461.4971689088251
0.0,54.4639,-83.8671,21.5,100.0,147.0,90.0,456.7651159731599,38.08945511315451,54.09646821288897,461.5318034912646
-2.8504,54.3893,-83.8671,21.1,100.0,147.0,93.0,456.7762562213385,38.125923326043484,54.1,461.54625367025267
-5.693,54.1655,-83.8671,20.9,100.0,147.0,96.0,456.8026739597399,38.42298690026552,54.103531787111024,461.59744476214917
-8.52,53.7934,-83.8671,20.5,100.0,147.0,98.99999999999999,456.8332998407911,38.458910226309,54.14999999999999,461.6361923844592
-11.3237,53.2737,-83.8671,21.8,100.0,147.0,102.0,456.8571140487096,38.45,54.169999999999995,461.661362967398
-14.0963,52.6081,-83.8671,20.0,100.0,147.0,104.99999999999999,456.89602427501865,38.62054488684549,54.21298690026553,461.7191477882671
-16.8303,51.7983,-83.8671,20.7,100.0,147.0,107.99999999999997,456.99194760106207,38.779999999999994,54.24597380053105,461.8313049651136
-19.5181,50.8464,-83.8671,21.3,100.0,147.0,110.99999999999999,457.09402619946894,38.827013099734465,54.27701309973447,461.9399093870506
-22.1525,49.7553,-83.8671,20.0,100.0,147.0,114.0,457.1969626252468,38.88999999999999,54.31646821288898,462.0516999783391
-24.7261,48.5277,-83.8671,20.9,100.0,147.0,116.99999999999999,457.2540766739565,38.97999999999999,54.35651868737656,462.1205061006962
-27.232,47.1671,-83.8671,20.7,100.0,147.0,119.99999999999997,457.36270447945805,39.07353178711102,54.39,462.2398256696219
-29.6632,45.6773,-83.8671,20.1,100.0,147.0,122.99999999999999,457.5064682128889,39.20646821288898,54.47999999999999,462.4039208380043
-32.0131,44.0622,-83.8671,20.5,100.0,147.0,126.0,457.5630373747531,39.126518687376546,54.52994952551241,462.4590068659689
-34.2752,42.3264,-83.8671,19.7,100.0,147.0,129.0,457.7485972857833,39.16353178711102,54.547013099734464,462.6477463224531
-36.4435,40.4746,-83.8671,20.4,100.0,147.0,131.99999999999997,457.93994952551236,39.0694551131545,54.62646821288897,462.83849313089917
-38.5118,38.5118,-83.8671,20.5,100.0,147.0,135.0,457.9250654986724,39.37,54.65701309973447,462.8528401046578
-40.4746,36.4435,-83.8671,20.4,100.0,147.0,138.0,458.1510392992034,39.187013099734465,54.69701309973447,463.0656109544861
-42.3264,34.2752,-83.8671,21.0,100.0,147.0,141.0,458.2772755657725,39.15054488684549,54.75706357422205,463.1945190480942
-44.0622,32.0131,-83.8671,20.5,100.0,147.0,143.99999999999997,458.34935416417926,39.11244201342003,54.81836533946351,463.269863860649
-45.6773,29.6632,-83.8671,20.9,100.0,147.0,147.0,458.47815334791306,39.12646821288897,54.83896070079658,463.40091629481077
-47.1671,27.232,-83.8671,21.5,100.0,147.0,150.0,458.56207859840674,38.94348131262345,54.85108977369099,463.46997390834235
-48.5277,24.7261,-83.8671,20.7,100.0,147.0,152.99999999999997,458.6779718760807,38.85999999999999,54.940494412357914,463.5882218204308
-49.7553,22.1525,-83.8671,20.2,100.0,147.0,155.99999999999997,458.7393541641793,38.79646821288896,54.95999999999999,463.64594531254346
-50.8464,19.5181,-83.8671,20.3,100.0,147.0,159.0,458.8518466520869,38.69348131262345,54.977013099734464,463.75065999035405
-51.7983,16.8303,-83.8671,20.8,100.0,147.0,161.99999999999997,458.98493450132764,38.58701309973448,55.05701309973447,463.882961931791
-52.6081,14.0963,-83.8671,20.0,100.0,147.0,164.99999999999997,459.0729869002654,38.4,55.06,463.9549233508911
-53.2737,11.3237,-83.8671,20.4,100.0,147.0,167.99999999999997,459.05792140159315,38.29,55.097013099734475,463.9353189336457
-53.7934,8.52,-83.8671,21.3,100.0,147.0,170.99999999999997,459.24212907289444,37.998910226309,55.13135223972903,464.09774433148584
-54.1655,5.693,-83.8671,19.9,100.0,147.0,173.99999999999997,459.2087991837337,37.87701309973447,55.15592332604347,464.05771758163064
-54.3893,2.8504,-83.8671,18.7,100.0,147.0,176.99999999999997,459.27059536133305,37.96298690026553,55.11597380053106,464.1211465834366
-54.4639,0.0,-83.8671,20.1,100.0,147.0,180.0,459.2489102263089,37.78999999999999,55.13244201342004,464.0875260189779
-54.3893,-2.8504,-83.8671,20.8,100.0,147.0,182.99999999999997,459.23999999999995,37.55646821288897,55.143481312623436,464.0610621846023
-54.1655,-5.693,-83.8671,20.1,100.0,147.0,186.0,459.1919980755497,37.41646821288897,55.12298690026552,463.999813442795
-53.7934,-8.52,-83.8671,20.3,100.0,147.0,188.99999999999997,459.1856103855178,37.2005448868455,55.09353178711103,463.9726312723372
-53.2737,-11.3237,-83.8671,20.9,100.0,147.0,192.0,459.17353178711096,36.937013099734465,55.14994952551242,463.9463246575465
-52.6081,-14.0963,-83.8671,21.1,100.0,147.0,194.99999999999997,459.106569161864,36.939455113154494,55.078960700796586,463.87181106800836
-51.7983,-16.8303,-83.8671,21.3,100.0,147.0,197.99999999999997,458.98732604026003,36.80646821288897,55.029999999999994,463.73740680248596
-50.8464,-19.5181,-83.8671,20.7,100.0,147.0,200.99999999999997,458.94026246603795,36.63999999999999,55.04950558764208,463.67995662724053
-49.7553,-22.1525,-83.8671,21.0,100.0,147.0,204.0,458.8443896144821,36.61701309973447,55.04483355235247,463.5826929791911
-48.5277,-24.7261,-83.8671,20.1,100.0,147.0,207.0,458.6792935960916,36.449999999999996,54.98,463.3984217428989
-47.1671,-27.232,-83.8671,20.5,100.0,147.0,209.99999999999997,458.58217954738194,36.2894551131545,54.984571086314425,463.2902362541033
-45.6773,-29.6632,-83.8671,21.8,100.0,147.0,212.99999999999997,458.50163466053647,36.269999999999996,54.88999999999999,463.1977698417643
-44.0622,-32.0131,-83.8671,20.9,100.0,147.0,215.99999999999994,458.35108977369106,36.21,54.879455113154506,463.0428060020444
-42.3264,-34.2752,-83.8671,22.1,100.0,147.0,219.0,458.17049441235787,36.02298690026553,54.849999999999994,462.845957133992
-40.4746,-36.4435,-83.8671,21.6,100.0,147.0,221.99999999999997,458.10267395973983,36.08348131262345,54.77940463866692,462.7751729352699
-38.5118,-38.5118,-83.8671,21.1,100.0,147.0,224.99999999999997,457.9056608600054,36.069455113154504,54.75755798657997,462.57646935015174
-36.4435,-40.4746,-83.8671,21.1,100.0,147.0,228.0,457.79158418604896,36.08701309973447,54.6410392992034,462.4511328148412
-34.2752,-42.3264,-83.8671,21.5,100.0,147.0,231.0,457.61542891368555,36.109455113154496,54.60646821288898,462.274420554621
-32.0131,-44.0622,-83.8671,20.9,100.0,147.0,233.99999999999997,457.4570130997344,36.099999999999994,54.559999999999995,462.1113744911832
-29.6632,-45.6773,-83.8671,21.5,100.0,147.0,236.99999999999997,457.31999999999994,36.099999999999994,54.47999999999999,461.96630050253657
-27.232,-47.1671,-83.8671,20.8,100.0,147.0,239.99999999999994,457.1670130997345,36.09,54.46298690026553,461.81206449012495
-24.7261,-48.5277,-83.8671,20.1,100.0,147.0,242.99999999999997,457.0353784391979,36.15597380053106,54.34054488684549,461.6724882480272
-22.1525,-49.7553,-83.8671,21.8,100.0,147.0,245.99999999999997,456.87085782737114,36.2194551131545,54.29646821288897,461.5094106527028
-19.5181,-50.8464,-83.8671,20.2,100.0,147.0,249.0,456.71140271421655,36.27457108631443,54.28054488684549,461.35401529616735
-16.8303,-51.7983,-83.8671,21.8,100.0,147.0,252.0,456.577063574222,36.28999999999999,54.19810287342546,461.2125469207636
-14.0963,-52.6081,-83.8671,21.8,100.0,147.0,254.99999999999997,456.54163466053643,36.430544886845496,54.12,461.1793828644849
-11.3237,-53.2737,-83.8671,20.9,100.0,147.0,258.0,456.4468316279021,36.663481312623446,54.09298690026553,461.1008264977453
-8.52,-53.7934,-83.8671,21.5,100.0,147.0,260.99999999999994,456.36488402683995,36.7694551131545,54.04701309973447,461.0227541316721
-5.693,-54.1655,-83.8671,22.1,100.0,147.0,263.99999999999994,456.2781028734254,36.98244201342003,54.00348131262344,460.9487869307511
-2.8504,-54.3893,-83.8671,20.7,100.0,147.0,266.99999999999994,456.21706357422204,37.148910226309006,53.970544886845495,460.8978957889384
0.0,-54.4639,-83.8671,20.8,100.0,147.0,270.0,456.16815334791306,37.30891022630901,53.97651868737655,460.86310709442625
2.8504,-54.3893,-83.8671,20.4,100.0,147.0,273.0,456.1423915389323,37.39592332604347,53.91651868737655,460.8376367308015
5.693,-54.1655,-83.8671,20.2,100.0,147.0,276.0,456.050595361333,37.5294551131545,53.86701309973447,460.75184278611795
8.52,-53.7934,-83.8671,21.1,100.0,147.0,278.99999999999994,456.13506549867225,37.739999999999995,53.88293642577794,460.8545067755576
11.3237,-53.2737,-83.8671,21.7,100.0,147.0,282.0,456.1482038224006,37.81,53.82348131262344,460.86630066757175
14.0963,-52.6081,-83.8671,21.6,100.0,147.0,284.99999999999994,456.1894551131545,37.93054488684549,53.80950558764208,460.91540230657984
16.8303,-51.7983,-83.8671,21.4,100.0,147.0,287.99999999999994,456.305973800531,38.14646821288897,53.83945511315451,461.05203794154215
19.5181,-50.8464,-83.8671,20.3,100.0,147.0,291.0,456.3408578273711,38.385923326043475,53.822986900265526,461.104512611924
22.1525,-49.7553,-83.8671,21.3,100.0,147.0,294.0,456.4324420134201,38.40597380053106,53.75597380053106,461.1890042760609
24.7261,-48.5277,-83.8671,24.0,100.0,147.0,296.99999999999994,456.5213721944983,38.529999999999994,53.747557986579956,461.2863797684346
27.232,-47.1671,-83.8671,20.6,100.0,147.0,300.0,456.6505448868454,38.671089773690994,53.771634660536485,461.42882660688196
29.6632,-45.6773,-83.8671,21.6,100.0,147.0,303.0,456.80244201342003,38.85,53.72999999999999,461.5893265982479
32.0131,-44.0622,-83.8671,20.9,100.0,147.0,305.99999999999994,456.88319889181594,38.86407667395652,53.738102873425454,461.67137401594726
34.2752,-42.3264,-83.8671,21.3,100.0,147.0,309.0,457.08275495394565,39.0705448868455,53.74891022630901,461.8875379403081
36.4435,-40.4746,-83.8671,20.9,100.0,147.0,311.99999999999994,457.15348131262346,39.13,53.70999999999999,461.9580354060866
38.5118,-38.5118,-83.8671,20.0,100.0,147.0,314.99999999999994,457.35314841732844,39.10298690026553,53.72646821288897,462.15525458269514
40.4746,-36.4435,-83.8671,22.4,100.0,147.0,318.0,457.49016151706286,39.15298690026552,53.682986900265526,462.29002514726045
42.3264,-34.2752,-83.8671,22.7,100.0,147.0,321.0,457.66696262524687,39.01353178711102,53.70701309973447,462.4559953089787
44.0622,-32.0131,-83.8671,21.2,100.0,147.0,323.99999999999994,457.69114024817856,39.169999999999995,53.68402619946893,462.4904792865072
45.6773,-29.6632,-83.8671,20.0,100.0,147.0,327.0,457.91727556577257,39.09298690026553,53.67646821288897,462.70687927258365
47.1671,-27.232,-83.8671,20.9,100.0,147.0,329.99999999999994,458.001947601062,38.937013099734465,53.699999999999996,462.7802556240865
48.5277,-24.7261,-83.8671,20.5,100.0,147.0,332.99999999999994,458.1249345013277,38.88701309973447,53.66,462.89313129454047
49.7553,-22.1525,-83.8671,21.5,100.0,147.0,335.99999999999994,458.3375579865799,38.87701309973446,53.695428913685554,463.1068324856405
50.8464,-19.5181,-83.8671,21.1,100.0,147.0,339.0,458.5388092773338,38.71760846106754,53.71896070079658,463.2953912539962
51.7983,-16.8303,-83.8671,20.6,100.0,147.0,341.99999999999994,458.5788597518214,38.633531787111025,53.7094551131545,463.32691046190956
52.6081,-14.0963,-83.8671,20.5,100.0,147.0,345.0,458.6821290728944,38.5794551131545,53.74651868737655,463.42891381384885
53.2737,-11.3237,-83.8671,21.5,100.0,147.0,347.99999999999994,458.6960242750186,38.437013099734465,53.75646821288897,463.4319848008562
53.7934,-8.52,-83.8671,20.5,100.0,147.0,351.0,458.82488402684,38.343531787111026,53.728910226309,463.5485912245437
54.1655,-5.693,-83.8671,20.6,100.0,147.0,353.99999999999994,458.90561038551783,38.24651868737655,53.739999999999995,463.6217672144057
54.3893,-2.8504,-83.8671,20.5,100.0,147.0,356.99999999999994,458.88896070079664,38.08701309973447,53.784621560802016,463.5973299495537
49.9315,-2.6168,-86.6025,21.5,100.0,150.0,356.99999999999994,458.8753784391979,38.00706357422205,53.855973800531046,463.5856077719147
49.7261,-5.2264,-86.6025,19.7,100.0,150.0,353.99999999999994,458.7899495255123,38.18054488684549,53.806468212888966,463.50955525751914
49.3844,-7.8217,-86.6025,20.4,100.0,150.0,351.0,458.6614027142166,38.358910226309,53.78298690026553,463.39432237937154
48.9074,-10.3956,-86.6025,21.0,100.0,150.0,347.99999999999994,458.701019344434,38.31891022630901,53.79891022630899,463.4320735232869
48.2963,-12.941,-86.6025,21.9,100.0,150.0,345.0,458.53108977369095,38.696468212888966,53.73646821288897,463.2880151236319
47.5528,-15.4508,-86.6025,20.9,100.0,150.0,341.99999999999994,458.504621560802,38.50054488684549,53.75353178711103,463.24747395834356
46.679,-17.9184,-86.6025,21.0,100.0,150.0,339.0,458.49103929920346,38.61999999999999,53.71999999999999,463.2400845324849
45.6773,-20.3368,-86.6025,20.9,100.0,150.0,335.99999999999994,458.33135223972903,38.78353178711102,53.690544886845494,463.0922860446142
44.5503,-22.6995,-86.6025,21.4,100.0,150.0,332.99999999999994,458.15223002186946,38.80108977369098,53.73293642577794,462.9213960259071
43.3013,-25.0,-86.6025,20.5,100.0,150.0,329.99999999999994,458.01267395973986,38.84592332604348,53.673531787111024,462.7801457293796
41.9335,-27.232,-86.6025,21.1,100.0,150.0,327.0,457.92532796471033,38.67348131262344,53.68999999999999,462.68116478675176
40.4508,-29.3893,-86.6025,19.6,100.0,150.0,323.99999999999994,457.8205754065636,38.897013099734465,53.69592332604347,462.59691857546375
38.8573,-31.466,-86.6025,21.6,100.0,150.0,321.0,457.66184665208687,38.89054488684549,53.71298690026552,462.4412668916368
37.1572,-33.4565,-86.6025,22.2,100.0,150.0,318.0,457.5305448868455,38.836468212888974,53.703481312623445,462.30567233465763
35.3553,-35.3553,-86.6025,21.6,100.0,150.0,314.99999999999994,457.4120785984068,38.7805448868455,53.734076673956515,462.18729028981136
33.4565,-37.1572,-86.6025,21.0,100.0,150.0,311.99999999999994,457.27542891368546,38.884076673956514,53.70298690026553,462.0571394416401
31.466,-38.8573,-86.6025,20.1,100.0,150.0,309.0,457.2010897736909,38.731634660536486,53.759455113154495,461.97733172504377
29.3893,-40.4508,-86.6025,21.7,100.0,150.0,305.99999999999994,457.04597380053093,38.720544886845495,53.70701309973447,461.81678836926756
27.232,-41.9335,-86.6025,23.1,100.0,150.0,303.0,456.98158418604896,38.59701309973447,53.75,461.74772355195427
25.0,-43.3013,-86.6025,19.9,100.0,150.0,300.0,456.78303737475306,38.63,53.75597380053106,461.5546824077819
22.6995,-44.5503,-86.6025,19.1,100.0,150.0,296.99999999999994,456.7627549539456,38.50999999999999,53.73402619946894,461.5220254600244
20.3368,-45.6773,-86.6025,20.9,100.0,150.0,294.0,456.6849345013276,38.42701309973447,53.77706357422205,461.4431029963661
17.9184,-46.679,-86.6025,20.5,100.0,150.0,291.0,456.6105448868455,38.31,53.82244201342003,461.3650410099902
15.4508,-47.5528,-86.6025,21.3,100.0,150.0,287.99999999999994,456.49986900265526,38.04402619946894,53.839999999999996,461.23554061770574
12.941,-48.2963,-86.6025,20.9,100.0,150.0,284.99999999999994,456.49135223972894,37.959455113154505,53.82054488684549,461.2178725440514
10.3956,-48.9074,-86.6025,21.4,100.0,150.0,282.0,456.42999999999995,37.99999999999999,53.81054488684549,461.1593213207548
7.8217,-49.3844,-86.6025,20.4,100.0,150.0,278.99999999999994,456.3968515826716,37.74298690026553,53.870544886845494,461.11241015736545
5.2264,-49.7261,-86.6025,19.1,100.0,150.0,276.0,456.32480303263424,37.717063574222045,53.886468212888964,461.0408378917133
2.6168,-49.9315,-86.6025,19.8,100.0,150.0,273.0,456.385711334493,37.43706357422205,53.934571086314435,461.0839285830902
0.0,-50.0,-86.6025,19.8,100.0,150.0,270.0,456.4358423318377,37.32108977369099,53.95353178711102,461.12636608566737
-2.6168,-49.9315,-86.6025,20.1,100.0,150.0,266.99999999999994,456.41914217262877,37.11353178711102,53.96646821288897,461.09459688298665
-5.2264,-49.7261,-86.6025,21.7,100.0,150.0,263.99999999999994,456.5124924879075,37.23651868737655,53.988910226308995,461.19954092442634
-7.8217,-49.3844,-86.6025,19.3,100.0,150.0,260.99999999999994,456.5369020571592,36.95298690026553,54.029455113154505,461.20564632344184
-10.3956,-48.9074,-86.6025,21.0,100.0,150.0,258.0,456.6905448868455,36.949999999999996,54.037557986579955,461.3584441214844
-12.941,-48.2963,-86.6025,20.5,100.0,150.0,254.99999999999997,456.76787092710555,36.72353178711102,54.08353178711101,461.42229476778357
-15.4508,-47.5528,-86.6025,20.5,100.0,150.0,252.0,456.881352239729,36.59,54.17298690026553,461.5345172726517
-17.9184,-46.679,-86.6025,21.4,100.0,150.0,249.0,456.9208073528835,36.56999999999999,54.222986900265525,461.5778606046842
-20.3368,-45.6773,-86.6025,21.3,100.0,150.0,245.99999999999997,456.9848335523525,36.529999999999994,54.25348131262344,461.64165673323987
-22.6995,-44.5503,-86.6025,20.6,100.0,150.0,242.99999999999997,457.11353178711107,36.4394551131545,54.298910226309,461.7672427572083
-25.0,-43.3013,-86.6025,21.2,100.0,150.0,239.99999999999994,457.2848840268399,36.446468212888966,54.38353178711102,461.9473765855514
-27.232,-41.9335,-86.6025,21.6,100.0,150.0,236.99999999999997,457.43506549867226,36.459999999999994,54.40999999999998,462.1002259767621
-29.3893,-40.4508,-86.6025,20.8,100.0,150.0,233.99999999999997,457.53896070079657,36.39298690026553,54.46298690026553,462.20403178335266
-31.466,-38.8573,-86.6025,20.3,100.0,150.0,231.0,457.75914217262886,36.34298690026553,54.58054488684549,462.43192019971855
-33.4565,-37.1572,-86.6025,20.7,100.0,150.0,228.0,457.8581028734255,36.482442013420034,54.54755798657996,462.53696827865997
-35.3553,-35.3553,-86.6025,20.3,100.0,150.0,224.99999999999997,458.0570130997344,36.39646821288897,54.67651868737655,462.74231689353104
-37.1572,-33.4565,-86.6025,21.2,100.0,150.0,221.99999999999997,458.07973753396186,36.48,54.660544886845486,462.76950148698245
-38.8573,-31.466,-86.6025,22.2,100.0,150.0,219.0,458.21108977369084,36.431897126574526,54.75,462.90630630812825
-40.4508,-29.3893,-86.6025,21.3,100.0,150.0,215.99999999999994,458.3521795473819,36.60646821288898,54.77,463.0620983311598
-41.9335,-27.232,-86.6025,21.0,100.0,150.0,212.99999999999997,458.52493450132755,36.48298690026552,54.84701309973447,463.2324672759608
-43.3013,-25.0,-86.6025,21.8,100.0,150.0,209.99999999999997,458.6702624660381,36.63407667395652,54.83945511315449,463.38734454182634
-44.5503,-22.6995,-86.6025,20.8,100.0,150.0,207.0,458.74374377866144,36.71,54.9205448868455,463.4756873954989
-45.6773,-20.3368,-86.6025,21.3,100.0,150.0,204.0,458.8489607007965,36.838910226309004,54.90457108631443,463.5881641813511
-46.679,-17.9184,-86.6025,21.5,100.0,150.0,200.99999999999997,459.0380523989378,36.897013099734465,54.956468212888986,463.7860891880288
-47.5528,-15.4508,-86.6025,21.9,100.0,150.0,197.99999999999997,459.0868821023897,36.94597380053106,54.99701309973447,463.84312191564874
-48.2963,-12.941,-86.6025,20.9,100.0,150.0,194.99999999999997,459.10379425314903,37.13298690026553,54.95059536133306,463.86929252143653
-48.9074,-10.3956,-86.6025,20.7,100.0,150.0,192.0,459.10711404870955,37.31891022630901,55.029999999999994,463.89691110268683
-49.3844,-7.8217,-86.6025,20.9,100.0,150.0,188.99999999999997,459.13282538320266,37.3805448868455,55.00950558764208,463.924888516877
-49.7261,-5.2264,-86.6025,20.3,100.0,150.0,186.0,459.16433913999447,37.537063574222046,55.01353178711102,463.9691909591999
-49.9315,-2.6168,-86.6025,21.4,100.0,150.0,182.99999999999997,459.2070130997344,37.643481312623436,55.0705448868455,464.02680685435354
-50.0,0.0,-86.6025,21.1,100.0,150.0,180.0,459.2076084610675,37.76945511315451,55.0005448868455,464.0293302647232
-49.9315,2.6168,-86.6025,21.2,100.0,150.0,176.99999999999997,459.23488402684006,37.773531787111025,55.022442013420026,464.05925002734006
-49.7261,5.2264,-86.6025,20.5,100.0,150.0,173.99999999999997,459.195973800531,37.88,55.045923326043464,464.0322083966097
-49.3844,7.8217,-86.6025,20.1,100.0,150.0,170.99999999999997,459.10493450132753,38.05646821288897,54.98,463.94874291920104
-48.9074,10.3956,-86.6025,21.3,100.0,150.0,167.99999999999997,459.14326932107286,38.27049441235791,54.97945511315449,464.00421656483786
-48.2963,12.941,-86.6025,21.5,100.0,150.0,164.99999999999997,459.0854289136855,38.20244201342003,55.00701309973446,463.94464013156323
-47.5528,15.4508,-86.6025,20.8,100.0,150.0,161.99999999999997,458.97511597315986,38.38,54.93994952551242,463.84219249270694
-46.679,17.9184,-86.6025,21.6,100.0,150.0,159.0,458.89636726391376,38.57592332604347,54.92646821288897,463.77892864900093
-45.6773,20.3368,-86.6025,21.3,100.0,150.0,155.99999999999997,458.83288595129034,38.62646821288897,54.885973800531055,463.71552852694475
-44.5503,22.6995,-86.6025,21.3,100.0,150.0,152.99999999999997,458.7331683720978,38.764026199468944,54.84701309973447,463.6237314222159
-43.3013,25.0,-86.6025,21.3,100.0,150.0,150.0,458.6789607007966,38.63298690026552,54.858415813951076,463.5605057077397
-41.9335,27.232,-86.6025,21.8,100.0,150.0,147.0,458.52909169814126,38.87298690026552,54.75597380053106,463.42016972820153
-40.4508,29.3893,-86.6025,20.5,100.0,150.0,143.99999999999997,458.34381420791846,38.87298690026552,54.76298690026553,463.2376775127966
-38.8573,31.466,-86.6025,21.3,100.0,150.0,141.0,458.2295560621296,38.959455113154505,54.684026199468946,463.1225625177362
-37.1572,33.4565,-86.6025,21.8,100.0,150.0,138.0,458.20696262524683,38.860544886845496,54.69646821288897,463.0933665926564
-35.3553,35.3553,-86.6025,21.1,100.0,150.0,135.0,458.10130176524143,38.95646821288898,54.61049441235792,462.98673328141143
-33.4565,37.1572,-86.6025,21.2,100.0,150.0,131.99999999999997,458.0180019244503,38.85810287342546,54.60353178711102,462.8952234895209
-31.466,38.8573,-86.6025,21.3,100.0,150.0,129.0,457.96732604026,38.97402619946894,54.518960700796576,462.8448590127773
-29.3893,40.4508,-86.6025,20.9,100.0,150.0,126.0,457.77348131262335,38.85999999999999,54.49353178711101,462.6404703435613
-27.232,41.9335,-86.6025,21.6,100.0,150.0,122.99999999999999,457.64706357422205,38.87701309973446,54.47,462.5140407011067
-25.0,43.3013,-86.6025,20.1,100.0,150.0,119.99999999999997,457.57353178711105,38.88108977369099,54.35646821288896,462.42826662164475
-22.6995,44.5503,-86.6025,21.4,100.0,150.0,116.99999999999999,457.50163466053635,38.71,54.369455113154494,462.3442953756045
-20.3368,45.6773,-86.6025,21.4,100.0,150.0,114.0,457.4310698189215,38.68,54.29646821288897,462.26338000762763
-17.9184,46.679,-86.6025,21.7,100.0,150.0,110.99999999999999,457.2894551131545,38.607013099734466,54.24592332604347,462.11120676268365
-15.4508,47.5528,-86.6025,20.1,100.0,150.0,107.99999999999997,457.16555991103024,38.58353178711103,54.207557986579964,461.98213973789206
-12.941,48.2963,-86.6025,21.7,100.0,150.0,104.99999999999999,457.10343083813586,38.52701309973447,54.2,461.9150541196742
-10.3956,48.9074,-86.6025,20.8,100.0,150.0,102.0,457.0604944123579,38.48,54.192492487907614,461.86776483591166
-7.8217,49.3844,-86.6025,21.4,100.0,150.0,98.99999999999999,457.08212907289436,38.269999999999996,54.1805448868455,461.87032494201827
-5.2264,49.7261,-86.6025,20.5,100.0,150.0,96.0,457.00722509128497,38.166468212888965,54.17885975182142,461.7874315369458
-2.6168,49.9315,-86.6025,20.3,100.0,150.0,93.0,457.03805239893785,37.97407667395651,54.14457108631443,461.79805804915935
0.0,50.0,-86.6025,20.9,100.0,150.0,90.0,457.08277490871495,37.90407667395652,54.15298690026552,461.83755600533016
2.6168,49.9315,-86.6025,21.3,100.0,150.0,86.99999999999999,457.04999999999995,37.82999999999999,54.13298690026553,461.79669950178754
5.2264,49.7261,-86.6025,19.6,100.0,150.0,83.99999999999999,457.0629869002654,37.73701309973446,54.132986900265514,461.80194501823615
7.8217,49.3844,-86.6025,20.5,100.0,150.0,80.99999999999999,457.0672450460543,37.617013099734464,54.14701309973446,461.79801341729296
10.3956,48.9074,-86.6025,20.9,100.0,150.0,77.99999999999999,457.1518971265745,37.613531787111015,54.112442013420036,461.8774634040742
12.941,48.2963,-86.6025,20.3,100.0,150.0,75.0,457.2254793881731,37.4794551131545,54.13646821288898,461.94221039853977
15.4508,47.5528,-86.6025,21.0,100.0,150.0,71.99999999999999,457.2350654986723,37.35,54.09348131262344,461.9361777801067
17.9184,46.679,-86.6025,20.7,100.0,150.0,69.0,457.298153347913,37.252986900265526,54.10049441235791,461.99161202782057
20.3368,45.6773,-86.6025,19.2,100.0,150.0,65.99999999999999,457.5040261994689,37.21755798657997,54.132986900265514,462.19634451383655
22.6995,44.5503,-86.6025,21.1,100.0,150.0,63.0,457.51678115341446,37.06000000000001,54.112986900265525,462.1939679271568
25.0,43.3013,-86.6025,19.7,100.0,150.0,59.999999999999986,457.57298690026545,37.23293642577795,54.097063574222055,462.261638234312
27.232,41.9335,-86.6025,19.9,100.0,150.0,57.0,457.7379214015932,37.05353178711103,54.12592332604348,462.4138670961829
29.3893,40.4508,-86.6025,21.3,100.0,150.0,53.999999999999986,457.8076084610675,37.071089773690986,54.103531787111024,462.4816366232178
31.466,38.8573,-86.6025,22.0,100.0,150.0,51.0,457.8686982347586,37.16592332604347,54.09592332604347,462.5488294227615
33.4565,37.1572,-86.6025,21.1,100.0,150.0,48.0,458.02495445609696,36.97999999999999,54.117013099734464,462.69107448852577
35.3553,35.3553,-86.6025,22.2,100.0,150.0,45.0,458.0510392992034,37.037013099734466,54.06244201342003,462.71507710348567
37.1572,33.4565,-86.6025,21.6,100.0,150.0,41.99999999999999,458.28452061182685,36.99701309973447,54.0894551131545,462.94616313903265
38.8573,31.466,-86.6025,21.3,100.0,150.0,38.99999999999999,458.2964682128889,37.15298690026552,54.043531787111014,462.9651180597122
40.4508,29.3893,-86.6025,20.0,100.0,150.0,35.99999999999999,458.4696365849867,37.042986900265525,54.08,463.13198653176937
41.9335,27.232,-86.6025,21.1,100.0,150.0,32.99999999999999,458.4681028734254,37.19646821288897,54.03755798657997,463.1378156370123
43.3013,25.0,-86.6025,21.2,100.0,150.0,29.999999999999993,458.67891022630903,36.99,54.0594551131545,463.3325236517782
44.5503,22.6995,-86.6025,21.7,100.0,150.0,26.999999999999993,458.71210911812506,37.20646821288897,54.02298690026553,463.37846674408775
45.6773,20.3368,-86.6025,22.9,100.0,150.0,24.0,458.7670130997344,37.30054488684549,54.0205448868455,463.44009561881796
46.679,17.9184,-86.6025,20.7,100.0,150.0,20.999999999999996,458.9184158139511,37.326468212888976,54.00298690026552,463.5900130466408
47.5528,15.4508,-86.6025,21.7,100.0,150.0,17.999999999999996,458.9285972857834,37.437013099734465,53.99646821288897,463.60824619067336
48.2963,12.941,-86.6025,21.3,100.0,150.0,14.999999999999996,459.02135223972897,37.35999999999999,53.9894551131545,463.6930371219786
48.9074,10.3956,-86.6025,23.1,100.0,150.0,12.0,458.95130176524145,37.57,53.933531787111015,463.6341533397222
49.3844,7.8217,-86.6025,21.4,100.0,150.0,8.999999999999998,458.895973800531,37.766468212888974,53.8894551131545,463.5902223559137
49.7261,5.2264,-86.6025,21.5,100.0,150.0,6.0,459.01021199155036,37.76,53.919999999999995,463.7063280919595
49.9315,2.6168,-86.6025,21.8,100.0,150.0,3.0,458.9726739597399,37.86999999999999,53.86646821288897,463.6719192915222
50.0,0.0,-86.6025,23.3,100.0,150.0,0.0,458.83688210238967,37.90896070079658,53.86999999999999,463.5410991259101
45.399,0.0,-89.1007,21.4,100.0,152.99999999999997,0.0,458.8299999999999,37.92,54.00701309973446,463.5511328472349
45.3368,2.376,-89.1007,21.8,100.0,152.99999999999997,3.0,458.8459233260434,37.887013099734475,53.9994551131545,463.56331635178634
45.1503,4.7455,-89.1007,20.8,100.0,152.99999999999997,6.0,458.9184158139511,37.737557986579965,54.06999999999999,463.6311039565583
44.8401,7.102,-89.1007,20.8,100.0,152.99999999999997,8.999999999999998,458.87989905102484,37.74348131262344,54.01706357422204,463.58728982992693
44.407,9.439,-89.1007,21.5,100.0,152.99999999999997,12.0,458.93602427501867,37.57,54.064076673956514,463.6342347842402
43.8521,11.7501,-89.1007,20.8,100.0,152.99999999999997,14.999999999999996,458.8151664476475,37.58701309973447,54.04054488684549,463.5132371441071
43.1771,14.0291,-89.1007,20.1,100.0,152.99999999999997,17.999999999999996,458.8267001592089,37.44054488684549,54.112442013420036,463.5211878232409
42.3837,16.2696,-89.1007,21.1,100.0,152.99999999999997,20.999999999999996,458.79371325894334,37.36353178711102,54.12,463.48320275230685
41.4741,18.4655,-89.1007,21.6,100.0,152.99999999999997,24.0,458.7302319463198,37.42755798657997,54.117013099734464,463.42518156138215
40.4508,20.6107,-89.1007,21.4,100.0,152.99999999999997,26.999999999999993,458.6926234852522,37.3105448868455,54.14701309973446,463.3820223391921
39.3167,22.6995,-89.1007,21.6,100.0,152.99999999999997,29.999999999999993,458.56597380053097,37.23,54.118910226309005,463.2468906228217
38.0748,24.7261,-89.1007,20.1,100.0,152.99999999999997,32.99999999999999,458.51168513502404,37.24706357422205,54.159455113154486,463.19926136428086
36.7286,26.6849,-89.1007,20.9,100.0,152.99999999999997,35.99999999999999,458.444551131545,37.28891022630901,54.158910226309,463.1361104955766
35.2817,28.5705,-89.1007,21.8,100.0,152.99999999999997,38.99999999999999,458.3387787576157,37.205115973159934,54.19859728578338,463.02931301953817
33.7381,30.3779,-89.1007,20.2,100.0,152.99999999999997,41.99999999999999,458.2669626252468,37.109455113154496,54.17353178711102,462.94761284496724
32.102,32.102,-89.1007,20.9,100.0,152.99999999999997,45.0,458.24488402684005,37.11,54.18701309973447,462.9273789974437
30.3779,33.7381,-89.1007,19.7,100.0,152.99999999999997,48.0,458.12896070079654,37.19701309973448,54.20646821288897,462.82189188979464
28.5705,35.2817,-89.1007,20.6,100.0,152.99999999999997,51.0,458.0501309973447,37.16701309973447,54.169999999999995,462.73718055656656
26.6849,36.7286,-89.1007,19.7,100.0,152.99999999999997,53.999999999999986,457.8867811534146,37.12,54.209455113154505,462.57633292106516
24.7261,38.0748,-89.1007,20.9,100.0,152.99999999999997,57.0,457.7937942531491,37.2005448868455,54.19,462.48848060959614
22.6995,39.3167,-89.1007,20.1,100.0,152.99999999999997,59.999999999999986,457.7099495255124,37.192442013420035,54.16353178711101,462.40173422384794
20.6107,40.4508,-89.1007,20.9,100.0,152.99999999999997,63.0,457.6393541641793,37.26353178711102,54.18005047448758,462.3395150216712
18.4655,41.4741,-89.1007,21.6,100.0,152.99999999999997,65.99999999999999,457.46428866550696,37.33,54.18054488684549,462.1716518226467
16.2696,42.3837,-89.1007,20.3,100.0,152.99999999999997,69.0,457.48971757919253,37.49810287342546,54.15244201342003,462.20713580148475
14.0291,43.1771,-89.1007,20.6,100.0,152.99999999999997,71.99999999999999,457.3807568783959,37.5494551131545,54.122391538932455,462.09993681869577
11.7501,43.8521,-89.1007,20.4,100.0,152.99999999999997,75.0,457.29851676292617,37.563481312623445,54.12353178711103,462.01981045730764
9.439,44.407,-89.1007,21.1,100.0,152.99999999999997,77.99999999999999,457.2545206118268,37.66701309973447,54.12592332604348,461.9849738592196
7.102,44.8401,-89.1007,21.2,100.0,152.99999999999997,80.99999999999999,457.2567811534146,37.65239153893244,54.13597380053106,461.98719696406584
4.7455,45.1503,-89.1007,21.8,100.0,152.99999999999997,83.99999999999999,457.1624619681894,37.75651868737655,54.158910226309,461.90503233143914
2.376,45.3368,-89.1007,20.4,100.0,152.99999999999997,86.99999999999999,457.2233197955605,37.74298690026553,54.17836533946352,461.9664408762647
0.0,45.399,-89.1007,20.5,100.0,152.99999999999997,90.0,457.2367001592088,37.85755798657996,54.15706357422204,461.98656063155323
-2.376,45.3368,-89.1007,21.9,100.0,152.99999999999997,93.0,457.2630373747531,37.9505448868455,54.171039299203414,462.02189418375957
-4.7455,45.1503,-89.1007,20.7,100.0,152.99999999999997,96.0,457.2409083018587,38.08,54.1805448868455,462.01175966521055
-7.102,44.8401,-89.1007,21.2,100.0,152.99999999999997,98.99999999999999,457.22701309973445,38.14597380053105,54.19298690026553,462.0049097731191
-9.439,44.407,-89.1007,20.2,100.0,152.99999999999997,102.0,457.33433913999454,38.25597380053105,54.18402619946894,462.1191685953172
-11.7501,43.8521,-89.1007,22.6,100.0,152.99999999999997,104.99999999999999,457.36103929920336,38.33646821288897,54.19701309973448,462.15378532780414
-14.0291,43.1771,-89.1007,20.7,100.0,152.99999999999997,107.99999999999997,457.46673067892704,38.42646821288897,54.18353178711102,462.2642731753201
-16.2696,42.3837,-89.1007,20.9,100.0,152.99999999999997,110.99999999999999,457.5033503152788,38.5,54.262986900265524,462.31594964595706
-18.4655,41.4741,-89.1007,20.5,100.0,152.99999999999997,114.0,457.60864776027097,38.46348131262344,54.31298690026552,462.4229821772472
-20.6107,40.4508,-89.1007,20.3,100.0,152.99999999999997,116.99999999999999,457.69711404870964,38.5705448868455,54.344076673956515,462.5230954351691
-22.6995,39.3167,-89.1007,21.3,100.0,152.99999999999997,119.99999999999997,457.74186660685626,38.53054488684549,54.349455113154505,462.56467937479084
-24.7261,38.0748,-89.1007,20.9,100.0,152.99999999999997,122.99999999999999,457.8214027142167,38.540544886845495,54.41755798657996,462.65222467919756
-26.6849,36.7286,-89.1007,21.5,100.0,152.99999999999997,126.0,457.9256608600055,38.5905448868455,54.4894551131545,462.7680215261907
-28.5705,35.2817,-89.1007,21.3,100.0,152.99999999999997,129.0,458.0089607007966,38.72646821288897,54.47592332604348,462.860209614839
-30.3779,33.7381,-89.1007,19.5,100.0,152.99999999999997,131.99999999999997,458.0904944123578,38.77646821288898,54.51054488684549,462.94914954224123
-32.102,32.102,-89.1007,20.4,100.0,152.99999999999997,135.0,458.25907174337186,38.71755798657997,54.58542891368555,463.1198496946897
-33.7381,30.3779,-89.1007,21.7,100.0,152.99999999999997,138.0,458.303794253149,38.631089773690995,54.59298690026552,463.157773488288
-35.2817,28.5705,-89.1007,20.9,100.0,152.99999999999997,141.0,458.35732604026003,38.63,54.65592332604348,463.21807519720085
-36.7286,26.6849,-89.1007,21.1,100.0,152.99999999999997,143.99999999999997,458.3309083018587,38.785973800531046,54.66,463.2054499554839
-38.0748,24.7261,-89.1007,20.1,100.0,152.99999999999997,147.0,458.51298690026545,38.56298690026553,54.71402619946894,463.37337836547016
-39.3167,22.6995,-89.1007,20.8,100.0,152.99999999999997,150.0,458.6797680536801,38.58,54.75592332604348,463.5447736314857
-40.4508,20.6107,-89.1007,21.0,100.0,152.99999999999997,152.99999999999997,458.72709409394014,38.40864776027095,54.793481312623435,463.5818122758916
-41.4741,18.4655,-89.1007,20.5,100.0,152.99999999999997,155.99999999999997,458.7727244342274,38.453531787111025,54.77054488684551,463.6279751901387
-42.3837,16.2696,-89.1007,20.2,100.0,152.99999999999997,159.0,458.8788597518213,38.307608461067545,54.79303737475311,463.72357901867497
-43.1771,14.0291,-89.1007,21.3,100.0,152.99999999999997,161.99999999999997,458.88127124552324,38.230544886845486,54.83706357422204,463.72480977805776
-43.8521,11.7501,-89.1007,20.2,100.0,152.99999999999997,164.99999999999997,458.986730678927,38.151089773690984,54.838910226309004,463.8228440526181
-44.407,9.439,-89.1007,21.7,100.0,152.99999999999997,167.99999999999997,459.0569121507592,38.06298690026553,54.86701309973447,463.88837956090913
-44.8401,7.102,-89.1007,21.8,100.0,152.99999999999997,170.99999999999997,459.00324936630346,37.99353178711102,54.86054488684549,463.828816236944
-45.1503,4.7455,-89.1007,21.4,100.0,152.99999999999997,173.99999999999997,459.11537843919797,37.8805448868455,54.9,463.9352071144119
-45.3368,2.376,-89.1007,21.3,100.0,152.99999999999997,176.99999999999997,459.0254793881731,37.85646821288897,54.89646821288897,463.8438585724126
-45.399,0.0,-89.1007,20.3,100.0,152.99999999999997,180.0,459.06348131262337,37.72353178711102,54.90701309973447,463.8718840508583
-45.3368,-2.376,-89.1007,20.9,100.0,152.99999999999997,182.99999999999997,459.0448335523524,37.67,54.925923326043474,463.8513179504024
-45.1503,-4.7455,-89.1007,20.7,100.0,152.99999999999997,186.0,459.0370130997343,37.487013099734476,54.88999999999999,463.82450091243055
-44.8401,-7.102,-89.1007,21.3,100.0,152.99999999999997,188.99999999999997,459.00298690026546,37.46999999999999,54.915973800531056,463.7925258796501
-44.407,-9.439,-89.1007,20.7,100.0,152.99999999999997,192.0,458.9959233260434,37.36353178711102,54.88298690026552,463.7730408169801
-43.8521,-11.7501,-89.1007,20.6,100.0,152.99999999999997,194.99999999999997,458.9956409052361,37.23353178711102,54.912986900265516,463.7658572918655
-43.1771,-14.0291,-89.1007,20.6,100.0,152.99999999999997,197.99999999999997,458.91130176524143,37.1694551131545,54.89348131262343,463.67493524224125
-42.3837,-16.2696,-89.1007,20.3,100.0,152.99999999999997,200.99999999999997,458.84699314496504,37.057013099734476,54.84488402684007,463.5965343291158
-41.4741,-18.4655,-89.1007,21.6,100.0,152.99999999999997,204.0,458.64547938817304,36.91,54.868910226309,463.3881970579633
-40.4508,-20.6107,-89.1007,21.5,100.0,152.99999999999997,207.0,458.63818386763114,36.8410392992034,54.827013099734465,463.3705291054697
-39.3167,-22.6995,-89.1007,20.8,100.0,152.99999999999997,209.99999999999997,458.4805448868455,36.74701309973447,54.839999999999996,463.20856923365614
-38.0748,-24.7261,-89.1007,21.2,100.0,152.99999999999997,212.99999999999997,458.5218466520868,36.76701309973447,54.75244201342003,463.24067936219586
-36.7286,-26.6849,-89.1007,21.6,100.0,152.99999999999997,215.99999999999994,458.291352239729,36.743531787111024,54.752986900265526,463.01073447643785
-35.2817,-28.5705,-89.1007,20.8,100.0,152.99999999999997,219.0,458.15919264711647,36.80348131262345,54.69646821288897,462.87800301888376
-33.7381,-30.3779,-89.1007,20.7,100.0,152.99999999999997,221.99999999999997,458.09630669582606,36.56755798657996,54.66646821288897,462.7935125434766
-32.102,-32.102,-89.1007,20.7,100.0,152.99999999999997,224.99999999999997,457.96602427501864,36.487557986579965,54.655923326043464,462.6569909043992
-30.3779,-33.7381,-89.1007,20.6,100.0,152.99999999999997,228.0,457.96542891368546,36.67298690026553,54.57402619946894,462.66139495737406
-28.5705,-35.2817,-89.1007,20.8,100.0,152.99999999999997,231.0,457.7421795473819,36.629999999999995,54.55108977369099,462.4342993683372
-26.6849,-36.7286,-89.1007,20.9,100.0,152.99999999999997,233.99999999999997,457.6948840268401,36.692986900265524,54.459999999999994,462.3817402882662
-24.7261,-38.0748,-89.1007,21.3,100.0,152.99999999999997,236.99999999999997,457.63808291865604,36.67646821288897,54.44298690026552,462.3222005059418
-22.6995,-39.3167,-89.1007,20.1,100.0,152.99999999999997,239.99999999999994,457.5260848431064,36.523531787111025,54.43701309973447,462.19852345208346
-20.6107,-40.4508,-89.1007,20.5,100.0,152.99999999999997,242.99999999999997,457.38212907289443,36.68,54.33298690026553,462.05617392342924
-18.4655,-41.4741,-89.1007,21.5,100.0,152.99999999999997,245.99999999999997,457.23103929920336,36.75999999999999,54.28701309973447,461.90756725769324
-16.2696,-42.3837,-89.1007,20.6,100.0,152.99999999999997,249.0,457.1374570376048,36.937013099734465,54.29293642577794,461.829752732835
-14.0291,-43.1771,-89.1007,21.5,100.0,152.99999999999997,252.0,457.044621560802,36.800544886845486,54.25244201342002,461.7222039993798
-11.7501,-43.8521,-89.1007,21.8,100.0,152.99999999999997,254.99999999999997,456.93940463866693,36.899455113154495,54.21999999999999,461.62213735823707
-9.439,-44.407,-89.1007,21.2,100.0,152.99999999999997,258.0,456.7509888247158,37.02651868737655,54.15488402684006,461.43816524256295
-7.102,-44.8401,-89.1007,21.2,100.0,152.99999999999997,260.99999999999994,456.7995560621297,37.076518687376556,54.145923326043466,461.48920211567673
-4.7455,-45.1503,-89.1007,20.5,100.0,152.99999999999997,263.99999999999994,456.7249345013276,37.29646821288897,54.06646821288897,461.4237481116597
-2.376,-45.3368,-89.1007,20.1,100.0,152.99999999999997,266.99999999999994,456.7826739597399,37.269999999999996,54.058910226309,461.4778758561088
0.0,-45.399,-89.1007,20.9,100.0,152.99999999999997,270.0,456.7427549539456,37.402986900265525,54.03298690026553,461.4460871058999
2.376,-45.3368,-89.1007,22.2,100.0,152.99999999999997,273.0,456.76989905102477,37.46,54.010544886845494,461.47495190753017
4.7455,-45.1503,-89.1007,22.0,100.0,152.99999999999997,276.0,456.64701309973435,37.6405448868455,53.97755798657997,461.3641533089477
7.102,-44.8401,-89.1007,21.1,100.0,152.99999999999997,278.99999999999994,456.6889102263091,37.68,53.972986900265525,461.4083077260638
9.439,-44.407,-89.1007,21.4,100.0,152.99999999999997,282.0,456.75026246603795,37.80293642577794,53.936468212888975,461.4748171552657
11.7501,-43.8521,-89.1007,21.3,100.0,152.99999999999997,284.99999999999994,456.71885975182136,37.897013099734465,53.986468212888965,461.45729943840587
14.0291,-43.1771,-89.1007,21.2,100.0,152.99999999999997,287.99999999999994,456.7521290728943,38.0694551131545,53.970000000000006,461.50249373674507
16.2696,-42.3837,-89.1007,21.3,100.0,152.99999999999997,291.0,456.81059536133307,38.17298690026553,53.951089773690995,461.56669837742004
18.4655,-41.4741,-89.1007,20.4,100.0,152.99999999999997,294.0,456.86298690026547,38.26353178711102,53.92701309973447,461.6232331741052
20.6107,-40.4508,-89.1007,20.4,100.0,152.99999999999997,296.99999999999994,457.01127124552323,38.32999999999999,53.92244201342003,461.77496759584085
22.6995,-39.3167,-89.1007,21.5,100.0,152.99999999999997,300.0,457.03485350712185,38.3505448868455,53.962936425777954,461.80474241944165
24.7261,-38.0748,-89.1007,21.0,100.0,152.99999999999997,303.0,457.07708352899135,38.56,53.8994551131545,461.8565633926441
26.6849,-36.7286,-89.1007,21.5,100.0,152.99999999999997,305.99999999999994,457.2469626252469,38.542986900265525,53.8405448868455,462.01639683340284
28.5705,-35.2817,-89.1007,21.3,100.0,152.99999999999997,309.0,457.3799495255124,38.502986900265526,53.92054488684549,462.15400397388817
30.3779,-33.7381,-89.1007,20.8,100.0,152.99999999999997,311.99999999999994,457.4321795473819,38.603531787111024,53.85348131262345,462.20626239958693
32.102,-32.102,-89.1007,21.6,100.0,152.99999999999997,314.99999999999994,457.55760846106756,38.53353178711102,53.86999999999999,462.3264809986552
33.7381,-30.3779,-89.1007,20.5,100.0,152.99999999999997,318.0,457.6579214015931,38.52891022630901,53.90701309973447,462.42968763498385
35.2817,-28.5705,-89.1007,22.0,100.0,152.99999999999997,321.0,457.7631988918159,38.65945511315449,53.839999999999996,462.536966446266
36.7286,-26.6849,-89.1007,20.6,100.0,152.99999999999997,323.99999999999994,457.89592332604343,38.48,53.90298690026552,462.6606953215067
38.0748,-24.7261,-89.1007,21.6,100.0,152.99999999999997,327.0,457.9534308381358,38.59298690026553,53.8405448868455,462.71975074338
39.3167,-22.6995,-89.1007,20.4,100.0,152.99999999999997,329.99999999999994,458.10054488684546,38.529999999999994,53.891634660536475,462.86604802254556
40.4508,-20.6107,-89.1007,19.9,100.0,152.99999999999997,332.99999999999994,458.23353178711096,38.56,53.8694551131545,462.9975825512239
41.4741,-18.4655,-89.1007,20.7,100.0,152.99999999999997,335.99999999999994,458.26412714844406,38.50999999999999,53.93592332604347,463.03143970594283
42.3837,-16.2696,-89.1007,23.4,100.0,152.99999999999997,339.0,458.3886982347585,38.502986900265526,53.90646821288897,463.15071627363994
43.1771,-14.0291,-89.1007,20.1,100.0,152.99999999999997,341.99999999999994,458.5729364257779,38.467013099734466,53.938910226309005,463.33384848873015
43.8521,-11.7501,-89.1007,19.7,100.0,152.99999999999997,345.0,458.497063574222,38.323531787111015,53.933531787111015,463.2462371631886
44.407,-9.439,-89.1007,20.9,100.0,152.99999999999997,347.99999999999994,458.57919264711643,38.22,53.96298690026552,463.3224020960775
44.8401,-7.102,-89.1007,21.7,100.0,152.99999999999997,351.0,458.7078404073874,38.18592332604348,53.99597380053106,463.45076629361535
45.1503,-4.7455,-89.1007,20.7,100.0,152.99999999999997,353.99999999999994,458.779505587642,38.14348131262344,53.9994551131545,463.51860919104996
45.3368,-2.376,-89.1007,20.1,100.0,152.99999999999997,356.99999999999994,458.83683162790214,38.08755798657997,54.04108977369099,463.5756028045922
40.6179,-2.1287,-91.3545,19.8,100.0,155.99999999999997,356.99999999999994,458.7436933041739,37.99298690026553,54.13701309973447,463.4868492064457
40.4508,-4.2516,-91.3545,21.0,100.0,155.99999999999997,353.99999999999994,458.629505587642,38.102442013420024,54.09298690026553,463.3776761074526
40.1729,-6.3628,-91.3545,21.8,100.0,155.99999999999997,351.0,458.5446720352896,38.12950558764208,54.10298690026552,463.29710622864854
39.7848,-8.4565,-91.3545,20.2,100.0,155.99999999999997,347.99999999999994,458.5227244342274,38.21651868737655,54.05701309973446,463.2771867774561
39.2877,-10.5271,-91.3545,20.5,100.0,155.99999999999997,345.0,458.4683653394635,38.24891022630901,54.07891022630899,463.22861492119114
38.683,-12.5689,-91.3545,22.2,100.0,155.99999999999997,341.99999999999994,458.4170130997344,38.28,54.00298690026552,463.17150051944293
37.9721,-14.5761,-91.3545,20.9,100.0,155.99999999999997,339.0,458.41412714844415,38.269999999999996,54.065973800531054,463.1751659925968
37.1572,-16.5435,-91.3545,20.4,100.0,155.99999999999997,335.99999999999994,458.2783148649759,38.29646821288897,53.97999999999999,463.032907851119
36.2405,-18.4655,-91.3545,20.5,100.0,155.99999999999997,332.99999999999994,458.2164177384014,38.37701309973447,54.04,462.9853153389105
35.2244,-20.3368,-91.3545,21.4,100.0,155.99999999999997,329.99999999999994,458.13140271421656,38.45,53.98298690026552,462.9005806083742
34.1118,-22.1525,-91.3545,19.9,100.0,155.99999999999997,327.0,458.08488402684003,38.42054488684549,53.989999999999995,462.8529132924255
32.9057,-23.9074,-91.3545,21.1,100.0,155.99999999999997,323.99999999999994,457.951685135024,38.42999999999999,53.9994551131545,462.72297540810064
31.6094,-25.5968,-91.3545,20.5,100.0,155.99999999999997,321.0,457.86384472763666,38.34646821288897,53.9905448868455,462.6280696956833
30.2264,-27.216,-91.3545,20.2,100.0,155.99999999999997,318.0,457.82402619946896,38.343531787111026,53.97592332604347,462.5867115409825
28.7606,-28.7606,-91.3545,20.9,100.0,155.99999999999997,314.99999999999994,457.6894046386669,38.339999999999996,53.94701309973447,462.4498101857977
27.216,-30.2264,-91.3545,20.2,100.0,155.99999999999997,311.99999999999994,457.6050654986723,38.29597380053106,53.97999999999999,462.3665407221581
25.5968,-31.6094,-91.3545,20.1,100.0,155.99999999999997,309.0,457.53480303263433,38.444076673956516,53.96646821288897,462.30771430811893
23.9074,-32.9057,-91.3545,19.8,100.0,155.99999999999997,305.99999999999994,457.451352239729,38.33353178711102,53.95353178711102,462.21443391301926
22.1525,-34.1118,-91.3545,19.1,100.0,155.99999999999997,303.0,457.3567306789271,38.222986900265525,53.98353178711101,462.11513449475393
20.3368,-35.2244,-91.3545,21.2,100.0,155.99999999999997,300.0,457.2735822615986,38.099999999999994,53.99651868737655,462.0242018170814
18.4655,-36.2405,-91.3545,21.2,100.0,155.99999999999997,296.99999999999994,457.1882848166063,38.22244201342003,53.968910226309,461.9466702099226
16.5435,-37.1572,-91.3545,21.8,100.0,155.99999999999997,294.0,457.0687487092461,38.103481312623444,53.99298690026553,461.8213496247111
14.5761,-37.9721,-91.3545,21.3,100.0,155.99999999999997,291.0,457.0506458358206,38.04462156080201,53.984026199468936,461.7975326626922
12.5689,-38.683,-91.3545,20.8,100.0,155.99999999999997,287.99999999999994,457.0623110160753,37.800544886845486,54.04298690026552,461.79593088094686
10.5271,-39.2877,-91.3545,20.9,100.0,155.99999999999997,284.99999999999994,457.05085782737103,37.8805448868455,53.986518687376545,461.7845455638836
8.4565,-39.7848,-91.3545,20.1,100.0,155.99999999999997,282.0,456.9910392992034,37.75,54.01701309973448,461.71821515290355
6.3628,-40.1729,-91.3545,20.6,100.0,155.99999999999997,278.99999999999994,457.1019476010619,37.709999999999994,53.977013099734464,461.8200434626596
4.2516,-40.4508,-91.3545,20.0,100.0,155.99999999999997,276.0,456.9761552723633,37.673531787111024,54.01189712657453,461.69663905646667
2.1287,-40.6179,-91.3545,21.8,100.0,155.99999999999997,273.0,457.07359235519874,37.54646821288897,53.988102873425454,461.7799490619092
0.0,-40.6737,-91.3545,19.9,100.0,155.99999999999997,270.0,456.99552986266065,37.51755798657997,54.01706357422204,461.70371953116415
-2.1287,-40.6179,-91.3545,20.4,100.0,155.99999999999997,266.99999999999994,457.0229869002655,37.446468212888966,54.06348131262344,461.73055838713935
-4.2516,-40.4508,-91.3545,21.4,100.0,155.99999999999997,263.99999999999994,457.08678115341445,37.385973800531055,54.08841581395109,461.79172065712294
-6.3628,-40.1729,-91.3545,20.5,100.0,155.99999999999997,260.99999999999994,457.1287792289643,37.33,54.077063574222045,461.8274336851089
-8.4565,-39.7848,-91.3545,20.1,100.0,155.99999999999997,258.0,457.14402619946895,37.164026199468935,54.124026199468936,461.8346411273805
-10.5271,-39.2877,-91.3545,22.9,100.0,155.99999999999997,254.99999999999997,457.1359738005311,37.169999999999995,54.145973800531046,461.82972394743894
-12.5689,-38.683,-91.3545,21.3,100.0,155.99999999999997,252.0,457.3299495255124,36.96810287342546,54.19457108631443,462.01122810847085
-14.5761,-37.9721,-91.3545,20.0,100.0,155.99999999999997,249.0,457.3524924879076,37.057013099734476,54.187013099734465,462.03977858345297
-16.5435,-37.1572,-91.3545,21.7,100.0,155.99999999999997,245.99999999999997,457.46820382240054,36.927063574222046,54.23353178711102,462.14937141882126
-18.4655,-36.2405,-91.3545,20.5,100.0,155.99999999999997,242.99999999999997,457.52270447945807,36.912442013420026,54.23353178711102,462.20215215822526
-20.3368,-35.2244,-91.3545,21.3,100.0,155.99999999999997,239.99999999999994,457.6283653394635,36.94,54.3294551131545,462.32020727647387
-22.1525,-34.1118,-91.3545,20.8,100.0,155.99999999999997,236.99999999999997,457.7312411971536,36.940544886845494,54.33701309973447,462.42297090112703
-23.9074,-32.9057,-91.3545,21.3,100.0,155.99999999999997,233.99999999999997,457.8111907226662,36.942986900265524,54.37054488684549,462.5062451289832
-25.5968,-31.6094,-91.3545,20.8,100.0,155.99999999999997,231.0,457.85755798658,36.90755798657996,54.414076673956515,462.5544324533562
-27.216,-30.2264,-91.3545,21.2,100.0,155.99999999999997,228.0,457.9510897736909,36.919455113154505,54.483481312623454,462.65613205350076
-28.7606,-28.7606,-91.3545,20.9,100.0,155.99999999999997,224.99999999999997,458.0899999999999,36.897013099734465,54.47999999999999,462.79143042593375
-30.2264,-27.216,-91.3545,20.9,100.0,155.99999999999997,221.99999999999997,458.2261552723633,36.898910226309006,54.52103929920341,462.93118568297655
-31.6094,-25.5968,-91.3545,21.2,100.0,155.99999999999997,219.0,458.3804439378703,36.87108977369099,54.57298690026552,463.08780975641673
-32.9057,-23.9074,-91.3545,21.8,100.0,155.99999999999997,215.99999999999994,458.420595361333,36.827013099734465,54.59298690026553,463.1264032248427
-34.1118,-22.1525,-91.3545,20.5,100.0,155.99999999999997,212.99999999999997,458.51646821288887,36.999455113154504,54.60054488684548,463.23593427435213
-35.2244,-20.3368,-91.3545,20.5,100.0,155.99999999999997,209.99999999999997,458.5654289136855,37.04108977369099,54.59054488684549,463.28654471877087
-36.2405,-18.4655,-91.3545,20.5,100.0,155.99999999999997,207.0,458.65776997813043,37.01353178711102,54.68353178711102,463.3867069148391
-37.1572,-16.5435,-91.3545,21.0,100.0,155.99999999999997,204.0,458.678910226309,37.1305448868455,54.658910226309,463.4140875255263
-37.9721,-14.5761,-91.3545,20.3,100.0,155.99999999999997,200.99999999999997,458.809404638667,37.12646821288897,54.700544886845485,463.547833602713
-38.683,-12.5689,-91.3545,20.5,100.0,155.99999999999997,197.99999999999997,458.83457108631444,37.332442013420035,54.67353178711102,463.58609764392605
-39.2877,-10.5271,-91.3545,20.1,100.0,155.99999999999997,194.99999999999997,458.886468212889,37.28244201342003,54.72706357422204,463.63975528295646
-39.7848,-8.4565,-91.3545,20.9,100.0,155.99999999999997,192.0,458.89114024817854,37.32348131262344,54.71293642577793,463.6460139674431
-40.1729,-6.3628,-91.3545,19.3,100.0,155.99999999999997,188.99999999999997,458.9365691618642,37.467063574222045,54.73646821288897,463.70533350324746
-40.4508,-4.2516,-91.3545,20.8,100.0,155.99999999999997,186.0,458.98940463866694,37.523531787111025,54.735973800531056,463.7621328183541
-40.6179,-2.1287,-91.3545,21.4,100.0,155.99999999999997,182.99999999999997,458.95254296239517,37.728910226309,54.737013099734476,463.7424370936895
-40.6737,0.0,-91.3545,20.3,100.0,155.99999999999997,180.0,458.95229058995733,37.789455113154496,54.73244201342002,463.7465775229723
-40.6179,2.1287,-91.3545,21.4,100.0,155.99999999999997,176.99999999999997,458.9503129405255,37.7805448868455,54.74646821288896,463.7455499537846
-40.4508,4.2516,-91.3545,21.6,100.0,155.99999999999997,173.99999999999997,458.9406458358206,37.84701309973447,54.72706357422204,463.73911231233075
-40.1729,6.3628,-91.3545,20.8,100.0,155.99999999999997,170.99999999999997,458.93782045261804,37.91891022630901,54.69272443422747,463.738138285594
-39.7848,8.4565,-91.3545,20.5,100.0,155.99999999999997,167.99999999999997,458.9882643904883,37.96646821288897,54.715923326043466,463.79468714310923
-39.2877,10.5271,-91.3545,21.1,100.0,155.99999999999997,164.99999999999997,458.8976084610675,38.059455113154506,54.688910226309005,463.70940693125766
-38.683,12.5689,-91.3545,20.8,100.0,155.99999999999997,161.99999999999997,458.8618971265745,38.25592332604347,54.69592332604347,463.69106130333756
-37.9721,14.5761,-91.3545,20.4,100.0,155.99999999999997,159.0,458.79293642577795,38.13,54.63,463.6046724464583
-37.1572,16.5435,-91.3545,20.5,100.0,155.99999999999997,155.99999999999997,458.78036341501314,38.19353178711102,54.64244201342002,463.59892600692524
-36.2405,18.4655,-91.3545,20.4,100.0,155.99999999999997,152.99999999999997,458.6449345013276,38.30701309973447,54.60000000000001,463.46926888020346
-35.2244,20.3368,-91.3545,21.6,100.0,155.99999999999997,150.0,458.5672755657725,38.315428913685565,54.5605448868455,463.38846702416356
-34.1118,22.1525,-91.3545,21.0,100.0,155.99999999999997,147.0,458.5202119915504,38.41701309973447,54.54810287342546,463.34883967413936
-32.9057,23.9074,-91.3545,20.1,100.0,155.99999999999997,143.99999999999997,458.53646821288896,38.419455113154505,54.52646821288897,463.3625825939257
-31.6094,25.5968,-91.3545,21.3,100.0,155.99999999999997,141.0,458.39075687839596,38.41,54.55054488684549,463.2204400056203
-30.2264,27.216,-91.3545,21.1,100.0,155.99999999999997,138.0,458.29194760106196,38.502986900265526,54.43999999999999,463.11737479414063
-28.7606,28.7606,-91.3545,21.4,100.0,155.99999999999997,135.0,458.2086982347585,38.442986900265524,54.48244201342002,463.0349996140158
-27.216,30.2264,-91.3545,22.2,100.0,155.99999999999997,131.99999999999997,458.15407667395647,38.42,54.419999999999995,462.9716954339278
-25.5968,31.6094,-91.3545,20.5,100.0,155.99999999999997,129.0,457.98358226159854,38.5905448868455,54.36646821288896,462.81087351289955
-23.9074,32.9057,-91.3545,20.9,100.0,155.99999999999997,126.0,458.0382643904883,38.42597380053105,54.39244201342003,462.8543451849115
-22.1525,34.1118,-91.3545,21.8,100.0,155.99999999999997,122.99999999999999,457.8319476010621,38.427013099734474,54.348910226309,462.64514654617983
-20.3368,35.2244,-91.3545,21.9,100.0,155.99999999999997,119.99999999999997,457.8122100671002,38.40353178711102,54.30298690026552,462.6182717171218
-18.4655,36.2405,-91.3545,21.1,100.0,155.99999999999997,116.99999999999999,457.7654289136855,38.4794551131545,54.276468212888965,462.575173756656
-16.5435,37.1572,-91.3545,21.3,100.0,155.99999999999997,114.0,457.8090717433719,38.32348131262345,54.27353178711102,462.6050709223726
-14.5761,37.9721,-91.3545,21.4,100.0,155.99999999999997,110.99999999999999,457.653037374753,38.37353178711103,54.232986900265516,462.45004857636013
-12.5689,38.683,-91.3545,20.7,100.0,155.99999999999997,107.99999999999997,457.54516644764743,38.283481312623444,54.217013099734466,462.3339580762765
-10.5271,39.2877,-91.3545,20.8,100.0,155.99999999999997,104.99999999999999,457.47457108631437,38.26348131262345,54.205923326043475,462.26113757961275
-8.4565,39.7848,-91.3545,21.3,100.0,155.99999999999997,102.0,457.4665186873765,38.192986900265524,54.17891022630901,462.24417171190174
-6.3628,40.1729,-91.3545,20.7,100.0,155.99999999999997,98.99999999999999,457.3705448868455,38.0994551131545,54.18542891368556,462.1422340757976
-4.2516,40.4508,-91.3545,20.2,100.0,155.99999999999997,96.0,457.40184665208693,37.99755798657996,54.190595361333074,462.1654296453798
-2.1287,40.6179,-91.3545,20.1,100.0,155.99999999999997,93.0,457.4111402481785,37.929455113154496,54.2,462.17013619263594
0.0,40.6737,-91.3545,20.6,100.0,155.99999999999997,90.0,457.35267395973983,37.91353178711102,54.207013099734475,462.11178792570433
2.1287,40.6179,-91.3545,21.0,100.0,155.99999999999997,86.99999999999999,457.41537843919787,37.82646821288897,54.17945511315451,462.163481342364
4.2516,40.4508,-91.3545,21.1,100.0,155.99999999999997,83.99999999999999,457.364026199469,37.752986900265526,54.209999999999994,462.11022990329934
6.3628,40.1729,-91.3545,21.1,100.0,155.99999999999997,80.99999999999999,457.48103929920336,37.70701309973447,54.23103929920341,462.22475677818744
8.4565,39.7848,-91.3545,21.2,100.0,155.99999999999997,77.99999999999999,457.50026246603795,37.76,54.225428913685555,462.2474498549092
10.5271,39.2877,-91.3545,19.7,100.0,155.99999999999997,75.0,457.45810287342533,37.65189712657453,54.20303737475309,462.19427787720656
12.5689,38.683,-91.3545,21.0,100.0,155.99999999999997,71.99999999999999,457.54493450132753,37.5705448868455,54.2394551131545,462.2778725202954
14.5761,37.9721,-91.3545,20.3,100.0,155.99999999999997,69.0,457.58506549867235,37.584026199468944,54.23348131262344,462.3179876319689
16.5435,37.1572,-91.3545,20.8,100.0,155.99999999999997,65.99999999999999,457.5896065366172,37.45457108631443,54.276468212888965,462.31702100102336
18.4655,36.2405,-91.3545,21.2,100.0,155.99999999999997,63.0,457.687063574222,37.44054488684549,54.24651868737656,462.40883139740936
20.3368,35.2244,-91.3545,20.3,100.0,155.99999999999997,59.999999999999986,457.75768945527324,37.457013099734475,54.23999999999999,462.47930514325077
22.1525,34.1118,-91.3545,19.7,100.0,155.99999999999997,57.0,457.78547938817303,37.3794551131545,54.29537843919797,462.50703445793283
23.9074,32.9057,-91.3545,20.8,100.0,155.99999999999997,53.999999999999986,457.87864776027095,37.376468212888966,54.27407667395652,462.5965108489837
25.5968,31.6094,-91.3545,22.5,100.0,155.99999999999997,51.0,457.95217954738183,37.597820452618016,54.25108977369098,462.68453139976253
27.216,30.2264,-91.3545,21.5,100.0,155.99999999999997,48.0,458.058153347913,37.29999999999999,54.276468212888965,462.76829715329995
28.7606,28.7606,-91.3545,20.5,100.0,155.99999999999997,45.0,458.09254296239504,37.26592332604348,54.29402619946894,462.80165107748365
30.2264,27.216,-91.3545,21.9,100.0,155.99999999999997,41.99999999999999,458.1529869002655,37.472986900265525,54.25348131262343,462.87344316497735
31.6094,25.5968,-91.3545,21.1,100.0,155.99999999999997,38.99999999999999,458.17353178711096,37.39049441235792,54.29755798657996,462.8922759195506
32.9057,23.9074,-91.3545,20.2,100.0,155.99999999999997,35.99999999999999,458.2805448868454,37.44108977369099,54.24999999999999,462.9967122185918
34.1118,22.1525,-91.3545,19.7,100.0,155.99999999999997,32.99999999999999,458.31059536133307,37.43755798657996,54.216518687376556,463.02224942980524
35.2244,20.3368,-91.3545,22.1,100.0,155.99999999999997,29.999999999999993,458.44592332604344,37.487013099734476,54.24348131262344,463.1633578234801
36.2405,18.4655,-91.3545,21.9,100.0,155.99999999999997,26.999999999999993,458.54646821288884,37.3905448868455,54.24701309973446,463.2554962304191
37.1572,16.5435,-91.3545,22.2,100.0,155.99999999999997,24.0,458.59989905102475,37.39592332604347,54.24646821288897,463.3087542930626
37.9721,14.5761,-91.3545,20.7,100.0,155.99999999999997,20.999999999999996,458.58792140159306,37.53805239893788,54.20701309973446,463.30377432364384
38.683,12.5689,-91.3545,20.6,100.0,155.99999999999997,17.999999999999996,458.6280523989378,37.61592332604347,54.18646821288897,463.34740904886917
39.2877,10.5271,-91.3545,20.9,100.0,155.99999999999997,14.999999999999996,458.62389520212423,37.68407667395652,54.15999999999999,463.34573752775333
39.7848,8.4565,-91.3545,20.2,100.0,155.99999999999997,12.0,458.5824924879076,37.7094551131545,54.19239153893245,463.31060933466847
40.1729,6.3628,-91.3545,21.2,100.0,155.99999999999997,8.999999999999998,458.74701309973443,37.749455113154504,54.171897126574535,463.4743119392488
40.4508,4.2516,-91.3545,21.2,100.0,155.99999999999997,6.0,458.76042398310085,37.83701309973446,54.15646821288897,463.4929225163612
40.6179,2.1287,-91.3545,21.2,100.0,155.99999999999997,3.0,458.6474769923742,37.90244201342003,54.14457108631443,463.38508590606585
40.6737,0.0,-91.3545,20.4,100.0,155.99999999999997,0.0,458.63651868737645,37.88701309973447,54.13646821288898,463.372031121712
35.8368,0.0,-93.358,20.9,100.0,159.0,0.0,458.5565386421459,37.908910226309,54.30054488684548,463.31386098520784
35.7877,1.8756,-93.358,21.8,100.0,159.0,3.0,458.4865691618641,37.84054488684549,54.31999999999999,463.24130141768467
35.6405,3.746,-93.358,21.3,100.0,159.0,6.0,458.5090916981413,37.83896070079659,54.300000000000004,463.2611187189909
35.3956,5.6061,-93.358,20.7,100.0,159.0,8.999999999999998,458.52379425314894,37.667608461067545,54.33,463.2652237363391
35.0537,7.4509,-93.358,20.0,100.0,159.0,12.0,458.5642076713012,37.72999999999999,54.29054488684549,463.30567525265525
34.6157,9.2752,-93.358,20.7,100.0,159.0,14.999999999999996,458.5602319463198,37.61999999999999,54.35896070079659,463.3008173218922
34.0828,11.0742,-93.358,20.7,100.0,159.0,17.999999999999996,458.46467203528954,37.61298690026552,54.32646821288897,463.20185387849125
33.4565,12.8428,-93.358,20.9,100.0,159.0,20.999999999999996,458.422179547382,37.5483653394635,54.361089773690985,463.158614863225
32.7385,14.5761,-93.358,20.1,100.0,159.0,24.0,458.51397572498126,37.40646821288897,54.347557986579965,463.2364049363945
31.9308,16.2696,-93.358,20.5,100.0,159.0,26.999999999999993,458.41343083813587,37.45,54.3794551131545,463.1441473355719
31.0356,17.9184,-93.358,20.9,100.0,159.0,29.999999999999993,458.39836533946345,37.50108977369099,54.388910226309,463.1344800764807
30.0553,19.5181,-93.358,20.5,100.0,159.0,32.99999999999999,458.33683162790214,37.597013099734475,54.328910226309,463.07431056700165
28.9926,21.0643,-93.358,21.1,100.0,159.0,35.99999999999999,458.3660747495061,37.50005047448758,54.38402619946894,463.1018619834339
27.8504,22.5528,-93.358,20.1,100.0,159.0,38.99999999999999,458.28651868737654,37.432986900265526,54.35249248790762,463.01399024059594
26.6319,23.9795,-93.358,19.9,100.0,159.0,41.99999999999999,458.199838482937,37.46,54.353531787111024,462.9305023472984
25.3404,25.3404,-93.358,20.9,100.0,159.0,45.0,458.1329869002655,37.49,54.40701309973446,462.87304615908835
23.9795,26.6319,-93.358,21.0,100.0,159.0,48.0,457.9981028734254,37.549455113154494,54.36646821288896,462.7395992141743
22.5528,27.8504,-93.358,21.5,100.0,159.0,51.0,457.9684158139509,37.47945511315449,54.36592332604347,462.70447702373923
21.0643,28.9926,-93.358,19.4,100.0,159.0,53.999999999999986,457.88701309973436,37.467013099734466,54.39,462.62572986812137
19.5181,30.0553,-93.358,21.6,100.0,159.0,57.0,457.75363273608616,37.55298690026553,54.33706357422204,462.49446654644873
17.9184,31.0356,-93.358,20.3,100.0,159.0,59.999999999999986,457.7281028734254,37.507013099734465,54.34592332604347,462.4665085970323
16.2696,31.9308,-93.358,21.5,100.0,159.0,63.0,457.61272443422735,37.6005448868455,54.33891022630901,462.3590852405591
14.5761,32.7385,-93.358,21.0,100.0,159.0,65.99999999999999,457.648910226309,37.569455113154504,54.34462156080202,462.39304372083103
12.8428,33.4565,-93.358,21.0,100.0,159.0,69.0,457.5710392992034,37.56,54.36353178711103,462.31742687651456
11.0742,34.0828,-93.358,21.3,100.0,159.0,71.99999999999999,457.50950558764197,37.67646821288897,54.29108977369099,462.2574892728731
9.2752,34.6157,-93.358,20.8,100.0,159.0,75.0,457.49506549867226,37.73701309973447,54.267557986579966,462.24537311167404
7.4509,35.0537,-93.358,20.2,100.0,159.0,77.99999999999999,457.47542891368556,37.72999999999999,54.24059536133307,462.2222010515207
5.6061,35.3956,-93.358,21.7,100.0,159.0,80.99999999999999,457.37303737475304,37.8594551131545,54.23,462.13020520073366
3.746,35.6405,-93.358,21.1,100.0,159.0,83.99999999999999,457.4464177384013,37.86054488684549,54.260544886845494,462.2065043811501
1.8756,35.7877,-93.358,21.4,100.0,159.0,86.99999999999999,457.44298690026545,37.862986900265525,54.232492487907614,462.2000165325582
0.0,35.8368,-93.358,20.0,100.0,159.0,90.0,457.3391926471164,37.906518687376554,54.27651868737655,462.10602871087264
-1.8756,35.7877,-93.358,21.7,100.0,159.0,93.0,457.38869823475846,37.91891022630901,54.24592332604347,462.15244803325754
-3.746,35.6405,-93.358,21.3,100.0,159.0,96.0,457.465216922135,38.03950558764208,54.24407667395652,462.2378700768452
-5.6061,35.3956,-93.358,21.2,100.0,159.0,98.99999999999999,457.5040261994688,38.09298690026553,54.23701309973447,462.2798538003671
-7.4509,35.0537,-93.358,20.2,100.0,159.0,102.0,457.53493450132754,38.09,54.234026199468936,462.3098463010914
-9.2752,34.6157,-93.358,19.3,100.0,159.0,104.99999999999999,457.5110392992034,38.134026199468934,54.22646821288897,462.2889409121339
-11.0742,34.0828,-93.358,20.7,100.0,159.0,107.99999999999997,457.5666196363517,38.107013099734466,54.28298690026552,462.3483519162099
-12.8428,33.4565,-93.358,20.8,100.0,159.0,110.99999999999999,457.6186477602709,38.13244201342003,54.27755798657996,462.40130105010763
-14.5761,32.7385,-93.358,21.2,100.0,159.0,114.0,457.6018971265745,38.21298690026553,54.273481312623446,462.39089458538393
-16.2696,31.9308,-93.358,20.9,100.0,159.0,116.99999999999999,457.7304439378704,38.2294551131545,54.28592332604348,462.52093143680503
-17.9184,31.0356,-93.358,21.5,100.0,159.0,119.99999999999997,457.8015841860489,38.226468212888975,54.28,462.59039306419567
-19.5181,30.0553,-93.358,20.8,100.0,159.0,122.99999999999999,457.8246215608021,38.317013099734474,54.35054488684549,462.62896507857556
-21.0643,28.9926,-93.358,20.7,100.0,159.0,126.0,457.89298690026544,38.249455113154504,54.38,462.6944917209409
-22.5528,27.8504,-93.358,20.5,100.0,159.0,129.0,457.98615527236325,38.36353178711102,54.34298690026552,462.791788191606
-23.9795,26.6319,-93.358,21.3,100.0,159.0,131.99999999999997,458.0789102263089,38.339999999999996,54.381089773690995,462.8861053424449
-25.3404,25.3404,-93.358,20.8,100.0,159.0,135.0,458.17293642577795,38.22,54.4205448868455,462.9738694341195
-26.6319,23.9795,-93.358,20.1,100.0,159.0,138.0,458.30283547680284,38.289455113154496,54.39701309973447,463.1053944979613
-27.8504,22.5528,-93.358,22.2,100.0,159.0,141.0,458.29755798657993,38.253531787111015,54.42646821288897,463.10066377924653
-28.9926,21.0643,-93.358,21.1,100.0,159.0,143.99999999999997,458.36163466053637,38.21353178711102,54.47407667395652,463.16637094007984
-30.0553,19.5181,-93.358,20.3,100.0,159.0,147.0,458.37207859840674,38.29,54.43701309973447,463.1786641608664
-31.0356,17.9184,-93.358,20.1,100.0,159.0,150.0,458.47379425314904,38.22,54.50054488684548,463.28101386722284
-31.9308,16.2696,-93.358,20.5,100.0,159.0,152.99999999999997,458.5490616497716,38.04701309973447,54.51646821288897,463.34313683500733
-32.7385,14.5761,-93.358,20.1,100.0,159.0,155.99999999999997,458.60272443422747,38.04108977369099,54.50054488684548,463.393885115707
-33.4565,12.8428,-93.358,20.6,100.0,159.0,159.0,458.65057540656363,37.95298690026553,54.53896070079658,463.43853720827605
-34.0828,11.0742,-93.358,21.4,100.0,159.0,161.99999999999997,458.6116346605364,38.01945511315451,54.52999999999999,463.4043928504676
-34.6157,9.2752,-93.358,19.8,100.0,159.0,164.99999999999997,458.6359937553004,37.829455113154495,54.597820452618,463.4209365579488
-35.0537,7.4509,-93.358,20.6,100.0,159.0,167.99999999999997,458.67701309973444,37.84244201342003,54.58994952551241,463.4616654620218
-35.3956,5.6061,-93.358,20.9,100.0,159.0,170.99999999999997,458.6576084610675,37.80298690026552,54.63,463.4439604933994
-35.6405,3.746,-93.358,21.8,100.0,159.0,173.99999999999997,458.7046720352896,37.75646821288897,54.607013099734466,463.4840373935094
-35.7877,1.8756,-93.358,20.9,100.0,159.0,176.99999999999997,458.7156608600054,37.76,54.62244201342003,463.4970186416963
-35.8368,0.0,-93.358,21.0,100.0,159.0,180.0,458.6822300218695,37.686468212888975,54.611089773690985,463.4566097818289
-35.7877,-1.8756,-93.358,22.1,100.0,159.0,182.99999999999997,458.70901117528405,37.655428913685554,54.635923326043475,463.48351899260643
-35.6405,-3.746,-93.358,21.9,100.0,159.0,186.0,458.69999999999993,37.54353178711102,54.63646821288897,463.4655871128166
-35.3956,-5.6061,-93.358,21.8,100.0,159.0,188.99999999999997,458.67864776027096,37.625428913685546,54.58945511315451,463.44555604912284
-35.0537,-7.4509,-93.358,22.0,100.0,159.0,192.0,458.72114024817853,37.343531787111026,54.60000000000001,463.4660547191391
-34.6157,-9.2752,-93.358,21.9,100.0,159.0,194.99999999999997,458.62249248790755,37.47646821288897,54.567013099734474,463.3752639105362
-34.0828,-11.0742,-93.358,20.3,100.0,159.0,197.99999999999997,458.5970130997345,37.417013099734476,54.57298690026552,463.3459444006393
-33.4565,-12.8428,-93.358,21.1,100.0,159.0,200.99999999999997,458.51597380053107,37.38402619946894,54.527013099734454,463.25765919487014
-32.7385,-14.5761,-93.358,21.3,100.0,159.0,204.0,458.48103929920336,37.22,54.55298690026552,463.212931789062
-31.9308,-16.2696,-93.358,21.1,100.0,159.0,207.0,458.37571133449296,37.129455113154506,54.522986900265536,463.0978787242808
-31.0356,-17.9184,-93.358,22.2,100.0,159.0,209.99999999999997,458.32433913999455,37.17701309973447,54.51755798657996,463.0502070833688
-30.0553,-19.5181,-93.358,20.9,100.0,159.0,212.99999999999997,458.3574570376048,37.0705448868455,54.5264177384014,463.0754948726719
-28.9926,-21.0643,-93.358,21.3,100.0,159.0,215.99999999999994,458.2422095957515,37.06353178711102,54.469999999999985,462.95421905813845
-27.8504,-22.5528,-93.358,20.4,100.0,159.0,219.0,458.2088597518215,37.03597380053106,54.48298690026552,462.92053137875894
-26.6319,-23.9795,-93.358,20.9,100.0,159.0,221.99999999999997,458.02163466053645,37.08651868737655,54.43701309973446,462.73385015652326
-25.3404,-25.3404,-93.358,19.7,100.0,159.0,224.99999999999997,458.00836533946347,37.06000000000001,54.38701309973446,462.712711641725
-23.9795,-26.6319,-93.358,21.7,100.0,159.0,228.0,457.8983653394634,36.9205448868455,54.43646821288897,462.59849620030883
-22.5528,-27.8504,-93.358,20.9,100.0,159.0,231.0,457.8930174199837,36.97103929920341,54.33859728578338,462.5857285993887
-21.0643,-28.9926,-93.358,21.3,100.0,159.0,233.99999999999997,457.7019476010621,37.01407667395652,54.31353178711102,462.397096060324
-19.5181,-30.0553,-93.358,20.7,100.0,159.0,236.99999999999997,457.6540766739565,37.18999999999999,54.32646821288897,462.36534812286453
-17.9184,-31.0356,-93.358,20.2,100.0,159.0,239.99999999999994,457.55189712657454,37.112986900265525,54.31999999999999,462.2572603656829
-16.2696,-31.9308,-93.358,21.1,100.0,159.0,242.99999999999997,457.49217954738197,37.072724434227474,54.27163466053649,462.1892378374002
-14.5761,-32.7385,-93.358,21.6,100.0,159.0,245.99999999999997,457.423794253149,37.018910226309,54.20945511315449,462.1099352826726
-12.8428,-33.4565,-93.358,21.3,100.0,159.0,249.0,457.294127148444,37.17646821288897,54.2,461.99312604544366
-11.0742,-34.0828,-93.358,22.2,100.0,159.0,252.0,457.273864682406,37.2294551131545,54.21646821288898,461.9792690966608
-9.2752,-34.6157,-93.358,21.5,100.0,159.0,254.99999999999997,457.23298690026553,37.312986900265535,54.20244201342003,461.94390137913496
-7.4509,-35.0537,-93.358,22.4,100.0,159.0,258.0,457.14132172001086,37.23701309973447,54.21298690026553,461.84827716162005
-5.6061,-35.3956,-93.358,21.9,100.0,159.0,260.99999999999994,457.1539757249814,37.35,54.188910226309,461.86709994615535
-3.746,-35.6405,-93.358,21.3,100.0,159.0,263.99999999999994,457.1086982347585,37.30353178711103,54.17755798657997,461.81719681607433
-1.8756,-35.7877,-93.358,20.9,100.0,159.0,266.99999999999994,457.0771140487096,37.357013099734466,54.14999999999999,461.7870257108041
0.0,-35.8368,-93.358,20.4,100.0,159.0,270.0,457.020100948975,37.514026199468944,54.16298690026551,461.7448472728895
1.8756,-35.7877,-93.358,20.9,100.0,159.0,273.0,457.10597380053105,37.55701309973447,54.13701309973447,461.8302899382697
3.746,-35.6405,-93.358,21.8,100.0,159.0,276.0,457.05628674105657,37.57,54.14994952551242,461.7836844055217
5.6061,-35.3956,-93.358,21.4,100.0,159.0,278.99999999999994,457.0775075120923,37.666468212888965,54.13597380053105,461.8109075806148
7.4509,-35.0537,-93.358,22.1,100.0,159.0,282.0,457.1558728515558,37.666468212888965,54.172442013420024,461.8927455416439
9.2752,-34.6157,-93.358,20.1,100.0,159.0,284.99999999999994,457.03869823475844,37.91298690026552,54.14054488684549,461.79320573224857
11.0742,-34.0828,-93.358,21.3,100.0,159.0,287.99999999999994,457.0924420134199,37.89054488684549,54.13701309973447,461.8441405116822
12.8428,-33.4565,-93.358,20.1,100.0,159.0,291.0,457.1828859512903,37.85896070079659,54.10597380053105,461.9274277557014
14.5761,-32.7385,-93.358,21.8,100.0,159.0,294.0,457.20587285155585,37.88945511315451,54.091089773690996,461.9509356756736
16.2696,-31.9308,-93.358,20.1,100.0,159.0,296.99999999999994,457.30452061182683,38.01945511315451,54.15239153893245,462.066429259365
17.9184,-31.0356,-93.358,20.6,100.0,159.0,300.0,457.333299840791,37.939455113154494,54.173481312623444,462.09080868924354
19.5181,-30.0553,-93.358,20.4,100.0,159.0,303.0,457.39597380053107,38.11999999999999,54.14701309973446,462.1645921926072
21.0643,-28.9926,-93.358,21.1,100.0,159.0,305.99999999999994,457.36815334791305,38.11244201342003,54.13597380053105,462.13514213099853
22.5528,-27.8504,-93.358,19.8,100.0,159.0,309.0,457.4800504744876,38.06999999999999,54.15348131262343,462.24443860409656
23.9795,-26.6319,-93.358,19.7,100.0,159.0,311.99999999999994,457.554359094764,38.11,54.218910226309006,462.3289455060637
25.3404,-25.3404,-93.358,20.0,100.0,159.0,314.99999999999994,457.69473260337725,38.14353178711102,54.13646821288898,462.46097614894654
26.6319,-23.9795,-93.358,21.3,100.0,159.0,318.0,457.780595361333,38.1405448868455,54.16054488684548,462.54852640137335
27.8504,-22.5528,-93.358,21.3,100.0,159.0,321.0,457.88392525049375,38.0694551131545,54.21298690026552,462.651078420942
28.9926,-21.0643,-93.358,21.7,100.0,159.0,323.99999999999994,457.8978204526179,38.182986900265526,54.15999999999999,462.6679803745703
30.0553,-19.5181,-93.358,21.9,100.0,159.0,327.0,457.96140271421666,38.147013099734465,54.2,462.73262364394003
31.0356,-17.9184,-93.358,21.2,100.0,159.0,329.99999999999994,457.9838142079184,38.13999999999999,54.18,462.7518839253203
31.9308,-16.2696,-93.358,22.5,100.0,159.0,332.99999999999994,458.06189712657437,38.13298690026553,54.19054488684549,462.82981909581565
32.7385,-14.5761,-93.358,21.6,100.0,159.0,335.99999999999994,458.22864776027086,38.17348131262344,54.268102873425455,463.00727347765525
33.4565,-12.8428,-93.358,20.5,100.0,159.0,339.0,458.29189712657455,38.23298690026552,54.21407667395651,463.0684510618277
34.0828,-11.0742,-93.358,20.1,100.0,159.0,341.99999999999994,458.3199999999999,38.160595361333066,54.25244201342002,463.09478608892886
34.6157,-9.2752,-93.358,21.2,100.0,159.0,345.0,458.34212907289435,38.15054488684549,54.21646821288898,463.11164613267516
35.0537,-7.4509,-93.358,22.2,100.0,159.0,347.99999999999994,458.3510392992034,38.078910226309,54.242936425777934,463.11766839840413
35.3956,-5.6061,-93.358,21.6,100.0,159.0,351.0,458.41158418604886,38.05054488684549,54.24108977369098,463.17504283152647
35.6405,-3.746,-93.358,20.8,100.0,159.0,353.99999999999994,458.4010897736909,38.01108977369099,54.262179547381976,463.16388695657537
35.7877,-1.8756,-93.358,21.3,100.0,159.0,356.99999999999994,458.4581028734254,38.0094551131545,54.30298690026552,463.2249617136253
30.8593,-1.6173,-95.1057,19.9,100.0,161.99999999999997,356.99999999999994,458.33130176524145,38.01701309973447,54.349999999999994,463.1056013080021
30.7324,-3.2301,-95.1057,20.1,100.0,161.99999999999997,353.99999999999994,458.32701309973436,37.87701309973447,54.35999999999999,463.0910587112232
30.5212,-4.8341,-95.1057,21.2,100.0,161.99999999999997,351.0,458.31348131262337,37.962442013420024,54.31488402684007,463.0793676934524
30.2264,-6.4248,-95.1057,21.3,100.0,161.99999999999997,347.99999999999994,458.3425429623951,38.06999999999999,54.32407667395652,463.11803775680437
29.8487,-7.9979,-95.1057,20.9,100.0,161.99999999999997,345.0,458.2204944123579,37.92999999999999,54.31353178711102,462.98452040505117
29.3893,-9.5492,-95.1057,21.8,100.0,161.99999999999997,341.99999999999994,458.21909169814126,37.94,54.314026199468934,462.9840094848484
28.8492,-11.0742,-95.1057,23.0,100.0,161.99999999999997,339.0,458.19326932107293,38.09701309973447,54.34462156080202,462.9749370655407
28.2301,-12.5689,-95.1057,20.8,100.0,161.99999999999997,335.99999999999994,458.14249248790753,38.06999999999999,54.29,462.9160533218009
27.5336,-14.0291,-95.1057,21.0,100.0,161.99999999999997,332.99999999999994,458.079505587642,38.160544886845486,54.26005047448758,462.857660304951
26.7617,-15.4508,-95.1057,21.3,100.0,161.99999999999997,329.99999999999994,458.0111402481785,38.13999999999999,54.27293642577795,462.78981818933005
25.9163,-16.8303,-95.1057,21.3,100.0,161.99999999999997,327.0,457.97293642577785,38.16348131262344,54.190050474487585,462.7442310551003
25.0,-18.1636,-95.1057,20.5,100.0,161.99999999999997,323.99999999999994,457.85896070079656,38.1305448868455,54.221089773690984,462.63235179095284
24.0151,-19.4471,-95.1057,21.0,100.0,161.99999999999997,321.0,457.83452061182686,38.11999999999999,54.262986900265524,462.6122073737351
22.9644,-20.6773,-95.1057,21.1,100.0,161.99999999999997,318.0,457.7551159731599,38.110544886845496,54.19755798657997,462.52517242079057
21.8508,-21.8508,-95.1057,22.1,100.0,161.99999999999997,314.99999999999994,457.8338548212367,38.01755798657997,54.203531787111025,462.5961480534966
20.6773,-22.9644,-95.1057,20.4,100.0,161.99999999999997,311.99999999999994,457.6121795473819,37.99298690026552,54.23457108631444,462.3783760348504
19.4471,-24.0151,-95.1057,20.1,100.0,161.99999999999997,309.0,457.57433913999455,38.0305448868455,54.2105448868455,462.34119582914286
18.1636,-25.0,-95.1057,21.4,100.0,161.99999999999997,305.99999999999994,457.5034308381358,37.96353178711102,54.15755798657996,462.2592995943788
16.8303,-25.9163,-95.1057,20.7,100.0,161.99999999999997,303.0,457.52989905102476,37.94597380053105,54.17651868737655,462.2862756240933
15.4508,-26.7617,-95.1057,21.9,100.0,161.99999999999997,300.0,457.49223002186943,37.75353178711102,54.21999999999999,462.2383347287236
14.0291,-27.5336,-95.1057,20.1,100.0,161.99999999999997,296.99999999999994,457.4608777821405,37.65646821288897,54.19244201342003,462.19615432287264
12.5689,-28.2301,-95.1057,20.6,100.0,161.99999999999997,294.0,457.36607474950625,37.800544886845486,54.169455113154505,462.11139067628426
11.0742,-28.8492,-95.1057,20.7,100.0,161.99999999999997,291.0,457.32090830185865,37.82402619946894,54.124026199468936,462.06328607671907
9.5492,-29.3893,-95.1057,20.4,100.0,161.99999999999997,287.99999999999994,457.38,37.758910226309006,54.10646821288897,462.1143901719041
7.9979,-29.8487,-95.1057,20.9,100.0,161.99999999999997,284.99999999999994,457.27597380053095,37.6894551131545,54.14407667395652,462.01016469426906
6.4248,-30.2264,-95.1057,20.5,100.0,161.99999999999997,282.0,457.28194760106203,37.69353178711102,54.127557986579966,462.01447431222
4.8341,-30.5212,-95.1057,20.5,100.0,161.99999999999997,278.99999999999994,457.2151664476475,37.65054488684549,54.17298690026553,461.9501969582032
3.2301,-30.7324,-95.1057,20.9,100.0,161.99999999999997,276.0,457.2920785984068,37.532936425777955,54.20244201342003,462.02020646916634
1.6173,-30.8593,-95.1057,20.3,100.0,161.99999999999997,273.0,457.17303737475305,37.591634660536485,54.15999999999999,461.90217871201753
0.0,-30.9017,-95.1057,23.7,100.0,161.99999999999997,270.0,457.26914217262885,37.61646821288897,54.18,462.00166608368755
-1.6173,-30.8593,-95.1057,21.0,100.0,161.99999999999997,266.99999999999994,457.2383653394635,37.51353178711102,54.15651868737654,461.96008087472603
-3.2301,-30.7324,-95.1057,20.3,100.0,161.99999999999997,263.99999999999994,457.3042886655069,37.387013099734475,54.17646821288898,462.0174140532012
-4.8341,-30.5212,-95.1057,20.4,100.0,161.99999999999997,260.99999999999994,457.3177195036427,37.3905448868455,54.169999999999995,462.03023528655314
-6.4248,-30.2264,-95.1057,20.0,100.0,161.99999999999997,258.0,457.3647525581467,37.38244201342003,54.15244201342003,462.07407504585046
-7.9979,-29.8487,-95.1057,21.9,100.0,161.99999999999997,254.99999999999997,457.36999999999995,37.44353178711102,54.16298690026551,462.08545110471795
-9.5492,-29.3893,-95.1057,22.1,100.0,161.99999999999997,252.0,457.45716452319715,37.274076673956515,54.12462156080202,462.15353382247275
-11.0742,-28.8492,-95.1057,21.4,100.0,161.99999999999997,249.0,457.4667506336964,37.29646821288897,54.1494551131545,462.16773791077105
-12.5689,-28.2301,-95.1057,21.1,100.0,161.99999999999997,245.99999999999997,457.5405448868455,37.24891022630901,54.178365339463504,462.24033445736376
-14.0291,-27.5336,-95.1057,21.6,100.0,161.99999999999997,242.99999999999997,457.5715337115613,37.18592332604347,54.17646821288896,462.2657147840223
-15.4508,-26.7617,-95.1057,21.1,100.0,161.99999999999997,239.99999999999994,457.64054488684536,37.19945511315451,54.21298690026552,462.33939452927075
-16.8303,-25.9163,-95.1057,21.4,100.0,161.99999999999997,236.99999999999997,457.7309083018586,37.11701309973447,54.217013099734466,462.42268714429133
-18.1636,-25.0,-95.1057,22.2,100.0,161.99999999999997,233.99999999999997,457.7694551131544,37.23353178711102,54.2,462.4682150417865
-19.4471,-24.0151,-95.1057,20.0,100.0,161.99999999999997,231.0,457.75168513502393,37.257013099734465,54.23597380053104,462.45673432566616
-20.6773,-22.9644,-95.1057,20.5,100.0,161.99999999999997,228.0,457.9332493663035,37.12701309973447,54.26353178711101,462.6292326030639
-21.8508,-21.8508,-95.1057,22.6,100.0,161.99999999999997,224.99999999999997,457.88,37.28298690026553,54.252986900265526,462.58783176798516
-22.9644,-20.6773,-95.1057,21.3,100.0,161.99999999999997,221.99999999999997,458.011947601062,37.16651868737655,54.24701309973446,462.7083667785788
-24.0151,-19.4471,-95.1057,21.7,100.0,161.99999999999997,219.0,458.1051159731599,37.218910226309006,54.312442013420025,462.81247381275006
-25.0,-18.1636,-95.1057,20.4,100.0,161.99999999999997,215.99999999999994,458.1273260402601,37.28298690026553,54.307013099734476,462.83897810018
-25.9163,-16.8303,-95.1057,22.6,100.0,161.99999999999997,212.99999999999997,458.19457108631434,37.3805448868455,54.29244201342003,462.91169716133726
-26.7617,-15.4508,-95.1057,22.2,100.0,161.99999999999997,209.99999999999997,458.18,37.35,54.357820452618,462.9024816787647
-27.5336,-14.0291,-95.1057,20.9,100.0,161.99999999999997,207.0,458.2477899328998,37.40244201342003,54.35537843919797,462.97352711815256
-28.2301,-12.5689,-95.1057,21.6,100.0,161.99999999999997,204.0,458.3905448868454,37.397013099734465,54.3205448868455,463.11029985009463
-28.8492,-11.0742,-95.1057,19.9,100.0,161.99999999999997,200.99999999999997,458.4201309973447,37.338910226309004,54.36760846106754,463.1404188475532
-29.3893,-9.5492,-95.1057,22.2,100.0,161.99999999999997,197.99999999999997,458.45249248790753,37.47999999999999,54.34402619946894,463.1810784692564
-29.8487,-7.9979,-95.1057,20.5,100.0,161.99999999999997,194.99999999999997,458.52428866550684,37.44,54.379949525512416,463.2531228244515
-30.2264,-6.4248,-95.1057,22.1,100.0,161.99999999999997,192.0,458.4770635742221,37.514026199468944,54.37597380053105,463.2119023860373
-30.5212,-4.8341,-95.1057,21.8,100.0,161.99999999999997,188.99999999999997,458.4882038224006,37.5705448868455,54.37755798657996,463.2276953075771
-30.7324,-3.2301,-95.1057,21.7,100.0,161.99999999999997,186.0,458.50571133449284,37.55805239893788,54.403531787111014,463.2470603223099
-30.8593,-1.6173,-95.1057,20.8,100.0,161.99999999999997,182.99999999999997,458.51891022630883,37.67,54.37244201342003,463.26556356546143
-30.9017,0.0,-95.1057,22.7,100.0,161.99999999999997,180.0,458.5516346605365,37.73244201342002,54.3883653394635,463.30490296827764
-30.8593,1.6173,-95.1057,20.9,100.0,161.99999999999997,176.99999999999997,458.69968705947434,37.76402619946895,54.37353178711102,463.4522688932031
-30.7324,3.2301,-95.1057,21.0,100.0,161.99999999999997,173.99999999999997,458.6204944123579,37.70298690026553,54.35298690026552,463.3665075307209
-30.5212,4.8341,-95.1057,21.4,100.0,161.99999999999997,170.99999999999997,458.60675063369644,37.69348131262345,54.39,463.3564743912213
-30.2264,6.4248,-95.1057,20.9,100.0,161.99999999999997,167.99999999999997,458.59262348525226,37.84244201342003,54.34701309973446,463.3495900132945
-29.8487,7.9979,-95.1057,22.6,100.0,161.99999999999997,164.99999999999997,458.55776997813035,37.82293642577795,54.348910226309,463.31372413298067
-29.3893,9.5492,-95.1057,20.9,100.0,161.99999999999997,161.99999999999997,458.5775579865799,37.83054488684549,54.36760846106754,463.33612385086775
-28.8492,11.0742,-95.1057,20.9,100.0,161.99999999999997,159.0,458.48701309973444,37.90701309973446,54.327013099734465,463.2479974868734
-28.2301,12.5689,-95.1057,21.2,100.0,161.99999999999997,155.99999999999997,458.3953279647104,38.00755798657997,54.35298690026552,463.1685420545723
-27.5336,14.0291,-95.1057,20.5,100.0,161.99999999999997,152.99999999999997,458.26516644764746,37.980544886845486,54.34646821288897,463.036740633404
-26.7617,15.4508,-95.1057,21.1,100.0,161.99999999999997,150.0,458.3000504744876,37.957013099734475,54.29945511315449,463.06382058411424
-25.9163,16.8303,-95.1057,20.7,100.0,161.99999999999997,147.0,458.2797880084495,37.95,54.31755798657997,463.0453149559931
-25.0,18.1636,-95.1057,22.2,100.0,161.99999999999997,143.99999999999997,458.1410897736909,37.9905448868455,54.3283653394635,462.91263854023555
-24.0151,19.4471,-95.1057,20.2,100.0,161.99999999999997,141.0,458.24379425314896,38.15646821288896,54.27407667395652,463.0215615247459
-22.9644,20.6773,-95.1057,21.1,100.0,161.99999999999997,138.0,458.1554289136855,38.10755798657996,54.29646821288897,462.9327051302132
-21.8508,21.8508,-95.1057,20.5,100.0,161.99999999999997,135.0,458.1729869002655,38.11353178711102,54.2794551131545,462.9485786540218
-20.6773,22.9644,-95.1057,21.5,100.0,161.99999999999997,131.99999999999997,458.1529869002655,38.102442013420024,54.25537843919797,462.9250496382773
-19.4471,24.0151,-95.1057,20.9,100.0,161.99999999999997,129.0,458.0759738005309,38.11701309973447,54.232986900265516,462.84740609522095
-18.1636,25.0,-95.1057,22.1,100.0,161.99999999999997,126.0,457.99114024817845,38.17049441235791,54.2240766739565,462.7668113430928
-16.8303,25.9163,-95.1057,19.9,100.0,161.99999999999997,122.99999999999999,457.8910392992034,38.095973800531056,54.25592332604347,462.6653351033303
-15.4508,26.7617,-95.1057,21.2,100.0,161.99999999999997,119.99999999999997,457.91423819101936,38.11,54.21891022630899,462.68511091690664
-14.0291,27.5336,-95.1057,21.3,100.0,161.99999999999997,116.99999999999999,457.80488402684006,38.182986900265526,54.18,462.57834442119565
-12.5689,28.2301,-95.1057,22.2,100.0,161.99999999999997,114.0,457.6867001592088,38.20407667395653,54.190544886845494,462.46435768853394
-11.0742,28.8492,-95.1057,20.7,100.0,161.99999999999997,110.99999999999999,457.7443391399945,38.06999999999999,54.24646821288897,462.51690155958875
-9.5492,29.3893,-95.1057,20.5,100.0,161.99999999999997,107.99999999999997,457.7115337115613,38.093531787111026,54.236468212888965,462.48519948298133
-7.9979,29.8487,-95.1057,20.9,100.0,161.99999999999997,104.99999999999999,457.67016151706287,38.05298690026552,54.225923326043464,462.4396796509228
-6.4248,30.2264,-95.1057,20.5,100.0,161.99999999999997,102.0,457.6122300218696,38.01592332604348,54.21592332604347,462.3781243030595
-4.8341,30.5212,-95.1057,20.9,100.0,161.99999999999997,98.99999999999999,457.61348131262343,38.01,54.212442013420024,462.37846754376136
-3.2301,30.7324,-95.1057,20.9,100.0,161.99999999999997,96.0,457.6040766739564,38.062442013420025,54.206518687376544,462.3727794203007
-1.6173,30.8593,-95.1057,20.8,100.0,161.99999999999997,93.0,457.60955606212957,37.9205448868455,54.22407667395652,462.3686018914322
0.0,30.9017,-95.1057,21.4,100.0,161.99999999999997,90.0,457.58059536133305,37.89999999999999,54.25646821288896,462.34205475401893
1.6173,30.8593,-95.1057,20.9,100.0,161.99999999999997,86.99999999999999,457.6219980755497,37.87891022630901,54.26592332604347,462.38241250832544
3.2301,30.7324,-95.1057,21.3,100.0,161.99999999999997,83.99999999999999,457.53755798657994,37.886518687376544,54.26348131262344,462.2991787476346
4.8341,30.5212,-95.1057,20.5,100.0,161.99999999999997,80.99999999999999,457.6410897736909,37.76891022630901,54.269999999999996,462.3927881454623
6.4248,30.2264,-95.1057,21.7,100.0,161.99999999999997,77.99999999999999,457.5880019244502,37.77457108631444,54.27706357422205,462.341537563094
7.9979,29.8487,-95.1057,20.0,100.0,161.99999999999997,75.0,457.64338036364825,37.766468212888974,54.31701309973447,462.4003758908709
9.5492,29.3893,-95.1057,20.9,100.0,161.99999999999997,71.99999999999999,457.6225934368827,37.70298690026553,54.32646821288896,462.37573292030163
11.0742,28.8492,-95.1057,20.6,100.0,161.99999999999997,69.0,457.6859233260434,37.70896070079658,54.317557986579956,462.43785229322714
12.5689,28.2301,-95.1057,19.9,100.0,161.99999999999997,65.99999999999999,457.7294551131545,37.68,54.34651868737655,462.48197864524695
14.0291,27.5336,-95.1057,19.6,100.0,161.99999999999997,63.0,457.74945511315445,37.6594551131545,54.33054488684549,462.4982230490308
15.4508,26.7617,-95.1057,20.2,100.0,161.99999999999997,59.999999999999986,457.77836533946345,37.61054488684549,54.349999999999994,462.5251424080173
16.8303,25.9163,-95.1057,21.3,100.0,161.99999999999997,57.0,457.82158418604877,37.593531787111026,54.39298690026552,462.5715875437923
18.1636,25.0,-95.1057,20.5,100.0,161.99999999999997,53.999999999999986,457.9037437786615,37.617013099734464,54.40945511315449,462.6567486233937
19.4471,24.0151,-95.1057,20.7,100.0,161.99999999999997,51.0,457.8729869002655,37.637557986579964,54.41353178711102,462.628458209945
20.6773,22.9644,-95.1057,21.1,100.0,161.99999999999997,48.0,457.89186660685635,37.626518687376546,54.38701309973446,462.6431276990433
21.8508,21.8508,-95.1057,20.0,100.0,161.99999999999997,45.0,457.9940261994689,37.5894551131545,54.42298690026553,462.74545559437985
22.9644,20.6773,-95.1057,20.1,100.0,161.99999999999997,41.99999999999999,458.09582237706826,37.5605448868455,54.44348131262344,462.84627001733224
24.0151,19.4471,-95.1057,21.5,100.0,161.99999999999997,38.99999999999999,458.09727556577246,37.71999999999999,54.410544886845486,462.85680255956777
25.0,18.1636,-95.1057,19.7,100.0,161.99999999999997,35.99999999999999,458.07402619946885,37.63646821288897,54.43945511315449,462.83039171077417
25.9163,16.8303,-95.1057,21.0,100.0,161.99999999999997,32.99999999999999,458.12896070079654,37.55,54.429455113154496,462.87656315340365
26.7617,15.4508,-95.1057,20.2,100.0,161.99999999999997,29.999999999999993,458.2060242750186,37.52,54.400544886845495,462.9470060016639
27.5336,14.0291,-95.1057,20.5,100.0,161.99999999999997,26.999999999999993,458.24690205715916,37.57293642577795,54.453481312623445,462.9979810147161
28.2301,12.5689,-95.1057,20.5,100.0,161.99999999999997,24.0,458.2949345013276,37.727013099734464,54.42597380053105,463.0548143914927
28.8492,11.0742,-95.1057,21.7,100.0,161.99999999999997,20.999999999999996,458.3445710863144,37.74646821288897,54.39054488684549,463.1013637206568
29.3893,9.5492,-95.1057,20.5,100.0,161.99999999999997,17.999999999999996,458.3526739597399,37.711089773690986,54.42407667395652,463.1104405428317
29.8487,7.9979,-95.1057,20.8,100.0,161.99999999999997,14.999999999999996,458.3189102263089,37.7405448868455,54.398910226309006,463.07646629168863
30.2264,6.4248,-95.1057,21.1,100.0,161.99999999999997,12.0,458.37150366319173,37.76108977369099,54.37054488684549,463.126863205585
30.5212,4.8341,-95.1057,20.4,100.0,161.99999999999997,8.999999999999998,458.45678115341457,37.72999999999999,54.37810287342546,463.209619025407
30.7324,3.2301,-95.1057,21.4,100.0,161.99999999999997,6.0,458.383531787111,37.82651868737655,54.349999999999994,463.1416956284889
30.8593,1.6173,-95.1057,19.6,100.0,161.99999999999997,3.0,458.4070130997345,37.78,54.39298690026552,463.1661851678646
30.9017,0.0,-95.1057,21.5,100.0,161.99999999999997,0.0,458.40914217262883,37.86646821288897,54.35999999999999,463.17148081716255
25.8819,0.0,-96.5926,20.5,100.0,164.99999999999997,0.0,458.22228049635714,37.84054488684549,54.416518687376545,462.9910611304166
25.8464,1.3546,-96.5926,20.6,100.0,164.99999999999997,3.0,458.2975075120924,37.70054488684549,54.46646821288898,463.0599665660454
25.7401,2.7054,-96.5926,21.7,100.0,164.99999999999997,6.0,458.2891421726288,37.81651868737655,54.42651868737655,463.05644672694496
25.5633,4.0488,-96.5926,20.8,100.0,164.99999999999997,8.999999999999998,458.3056409052359,37.67244201342003,54.42189712657453,463.06048876973836
25.3163,5.3812,-96.5926,21.0,100.0,164.99999999999997,12.0,458.37353178711106,37.6,54.48994952551242,463.129797402718
25.0,6.6987,-96.5926,19.8,100.0,164.99999999999997,14.999999999999996,458.2994551131544,37.70701309973447,54.46353178711103,463.06207541607574
24.6152,7.9979,-96.5926,20.5,100.0,164.99999999999997,17.999999999999996,458.2964177384014,37.767557986579966,54.467013099734466,463.0644128672896
24.1628,9.2752,-96.5926,21.0,100.0,164.99999999999997,20.999999999999996,458.31244201341997,37.627557986579966,54.502986900265526,463.0731078408553
23.6443,10.5271,-96.5926,20.0,100.0,164.99999999999997,24.0,458.27644825811956,37.60457108631444,54.453531787111025,463.02979808944536
23.0609,11.7501,-96.5926,21.0,100.0,164.99999999999997,26.999999999999993,458.19158418604883,37.65597380053106,54.45298690026552,462.9499194990187
22.4144,12.941,-96.5926,21.3,100.0,164.99999999999997,29.999999999999993,458.1765186873766,37.59597380053105,54.44402619946893,462.92907827366236
21.7064,14.0963,-96.5926,21.8,100.0,164.99999999999997,32.99999999999999,458.2801615170628,37.58457108631444,54.43646821288897,463.02984298567657
20.9389,15.213,-96.5926,20.1,100.0,164.99999999999997,35.99999999999999,458.181947601062,37.60999999999999,54.419999999999995,462.93276575276275
20.114,16.288,-96.5926,21.3,100.0,164.99999999999997,38.99999999999999,458.09869823475844,37.680544886845496,54.4605448868455,462.86087730194043
19.234,17.3184,-96.5926,21.0,100.0,164.99999999999997,41.99999999999999,458.0583148649759,37.66108977369098,54.455973800531055,462.81878806121034
18.3013,18.3013,-96.5926,20.6,100.0,164.99999999999997,45.0,457.98999999999995,37.68701309973447,54.42108977369099,462.7491826773286
17.3184,19.234,-96.5926,21.1,100.0,164.99999999999997,48.0,457.99407667395656,37.67597380053106,54.39402619946894,462.7491365269489
16.288,20.114,-96.5926,21.3,100.0,164.99999999999997,51.0,457.94787092710555,37.673531787111024,54.40706357422204,462.70473960264644
15.213,20.9389,-96.5926,22.6,100.0,164.99999999999997,53.999999999999986,457.8165186873765,37.69,54.429999999999986,462.5787779211547
14.0963,21.7064,-96.5926,21.3,100.0,164.99999999999997,57.0,457.82397572498127,37.78,54.406468212888974,462.59073156736326
12.941,22.4144,-96.5926,21.0,100.0,164.99999999999997,59.999999999999986,457.87880927733374,37.730544886845486,54.36646821288896,462.63626194736435
11.7501,23.0609,-96.5926,21.2,100.0,164.99999999999997,63.0,457.79973753396206,37.65999999999999,54.35054488684549,462.55038321858683
10.5271,23.6443,-96.5926,20.6,100.0,164.99999999999997,65.99999999999999,457.6762057468509,37.76103929920342,54.31701309973447,462.4324202603733
9.2752,24.1628,-96.5926,21.4,100.0,164.99999999999997,69.0,457.759505587642,37.72651868737655,54.33298690026552,462.51392263759567
7.9979,24.6152,-96.5926,20.3,100.0,164.99999999999997,71.99999999999999,457.65272443422737,37.64782045261801,54.33,462.4014743346991
6.6987,25.0,-96.5926,20.7,100.0,164.99999999999997,75.0,457.5867001592088,37.76,54.30353178711101,462.3421669360772
5.3812,25.3163,-96.5926,21.3,100.0,164.99999999999997,77.99999999999999,457.5901009489752,37.78999999999999,54.30462156080202,462.34811182631125
4.0488,25.5633,-96.5926,20.4,100.0,164.99999999999997,80.99999999999999,457.6529869002655,37.85,54.306518687376546,462.4154808077655
2.7054,25.7401,-96.5926,21.8,100.0,164.99999999999997,83.99999999999999,457.6147525581466,37.8505448868455,54.26940463866691,462.3733272875072
1.3546,25.8464,-96.5926,20.7,100.0,164.99999999999997,86.99999999999999,457.59,37.96701309973446,54.232986900265516,462.35410569372016
0.0,25.8819,-96.5926,21.2,100.0,164.99999999999997,90.0,457.6253983939674,37.96999999999999,54.23353178711102,462.38944854455855
-1.3546,25.8464,-96.5926,20.9,100.0,164.99999999999997,93.0,457.60158418604885,37.98701309973447,54.21298690026552,462.36486778567996
-2.7054,25.7401,-96.5926,21.8,100.0,164.99999999999997,96.0,457.6596471499356,37.93054488684549,54.20782045261801,462.4170916640515
-4.0488,25.5633,-96.5926,20.9,100.0,164.99999999999997,98.99999999999999,457.7277699781304,37.92298690026553,54.203531787111025,462.4833912723638
-5.3812,25.3163,-96.5926,21.8,100.0,164.99999999999997,102.0,457.73577190258067,37.9083653394635,54.21353178711102,462.4912843187358
-6.6987,25.0,-96.5926,20.8,100.0,164.99999999999997,104.99999999999999,457.7455094365426,37.96049441235791,54.18755798657996,462.50215349325623
-7.9979,24.6152,-96.5926,20.3,100.0,164.99999999999997,107.99999999999997,457.75999999999993,37.93353178711102,54.16244201342002,462.51134100549444
-9.2752,24.1628,-96.5926,19.7,100.0,164.99999999999997,110.99999999999999,457.76028242080736,37.98402619946894,54.13755798657996,462.5128512733993
-10.5271,23.6443,-96.5926,20.3,100.0,164.99999999999997,114.0,457.8287792289643,38.016468212888974,54.110544886845496,462.58014874572456
-11.7501,23.0609,-96.5926,20.5,100.0,164.99999999999997,116.99999999999999,457.9118466520869,37.99651868737655,54.12353178711103,462.66224335879724
-12.941,22.4144,-96.5926,19.3,100.0,164.99999999999997,119.99999999999997,457.98182669731756,37.99054488684549,54.129999999999995,462.7317711005062
-14.0963,21.7064,-96.5926,19.9,100.0,164.99999999999997,122.99999999999999,457.8789607007966,38.03646821288897,54.14298690026552,462.6352543819311
-15.213,20.9389,-96.5926,20.9,100.0,164.99999999999997,126.0,457.98930368969167,37.975923326043464,54.169999999999995,462.7426519639552
-16.288,20.114,-96.5926,21.3,100.0,164.99999999999997,129.0,457.9448535071218,38.0694551131545,54.15651868737654,462.7047663279555
-17.3184,19.234,-96.5926,21.1,100.0,164.99999999999997,131.99999999999997,458.07369330417384,38.040544886845495,54.12407667395653,462.82610906086825
-18.3013,18.3013,-96.5926,20.3,100.0,164.99999999999997,135.0,458.1223915389325,37.940544886845494,54.146468212888955,462.8687185321461
-19.234,17.3184,-96.5926,21.1,100.0,164.99999999999997,138.0,458.17460160603264,38.12348131262345,54.17945511315451,462.939281915673
-20.114,16.288,-96.5926,20.9,100.0,164.99999999999997,141.0,458.22114024817853,37.97239153893245,54.207557986579964,462.9762145428157
-20.9389,15.213,-96.5926,20.7,100.0,164.99999999999997,143.99999999999997,458.2939252504937,38.01402619946894,54.15755798657996,463.04581759958575
-21.7064,14.0963,-96.5926,21.6,100.0,164.99999999999997,147.0,458.275973800531,38.04,54.19,463.0339791665672
-22.4144,12.941,-96.5926,21.6,100.0,164.99999999999997,150.0,458.3127244342274,37.93353178711102,54.19054488684549,463.0616820330754
-23.0609,11.7501,-96.5926,20.6,100.0,164.99999999999997,152.99999999999997,458.303531787111,38.02,54.177063574222046,463.05809772215923
-23.6443,10.5271,-96.5926,18.9,100.0,164.99999999999997,155.99999999999997,458.372179547382,38.01353178711103,54.209999999999994,463.12936387358025
-24.1628,9.2752,-96.5926,21.3,100.0,164.99999999999997,159.0,458.42021199155045,37.96,54.24054488684549,463.17608862289075
-24.6152,7.9979,-96.5926,22.3,100.0,164.99999999999997,161.99999999999997,458.38204855003727,38.08054488684549,54.219455113154496,463.145743416233
-25.0,6.6987,-96.5926,22.0,100.0,164.99999999999997,164.99999999999997,458.423531787111,37.90054488684549,54.227013099734464,463.172921001009
-25.3163,5.3812,-96.5926,21.2,100.0,164.99999999999997,167.99999999999997,458.4678404073875,37.811089773690995,54.248910226309,463.2120286201881
-25.5633,4.0488,-96.5926,21.3,100.0,164.99999999999997,170.99999999999997,458.4932188465854,37.81999999999999,54.22999999999998,463.2356603590692
-25.7401,2.7054,-96.5926,20.1,100.0,164.99999999999997,173.99999999999997,458.5360543233882,37.76701309973447,54.24348131262344,463.27531302439337
-25.8464,1.3546,-96.5926,21.6,100.0,164.99999999999997,176.99999999999997,458.47080735288347,37.63999999999999,54.26348131262345,463.20273768509855
-25.8819,0.0,-96.5926,20.7,100.0,164.99999999999997,180.0,458.40516644764756,37.72999999999999,54.221039299203404,463.1401198650158
-25.8464,-1.3546,-96.5926,20.6,100.0,164.99999999999997,182.99999999999997,458.42576180898055,37.739999999999995,54.20706357422205,463.1596835125915
-25.7401,-2.7054,-96.5926,20.9,100.0,164.99999999999997,186.0,458.377820452618,37.609455113154496,54.24999999999999,463.1066398755268
-25.5633,-4.0488,-96.5926,20.5,100.0,164.99999999999997,188.99999999999997,458.41194760106214,37.55298690026552,54.22999999999998,463.13349417692785
-25.3163,-5.3812,-96.5926,20.3,100.0,164.99999999999997,192.0,458.4414531887042,37.532442013420024,54.22298690026551,463.16021257621856
-25.0,-6.6987,-96.5926,20.9,100.0,164.99999999999997,194.99999999999997,458.44919264711643,37.57353178711102,54.269999999999996,463.1767108024214
-24.6152,-7.9979,-96.5926,20.7,100.0,164.99999999999997,197.99999999999997,458.3950150241847,37.607013099734466,54.2394551131545,463.1222254699919
-24.1628,-9.2752,-96.5926,21.3,100.0,164.99999999999997,200.99999999999997,458.30945511315446,37.60293642577795,54.21994952551241,463.03492352144104
-23.6443,-10.5271,-96.5926,21.5,100.0,164.99999999999997,204.0,458.38891022630895,37.42298690026552,54.24298690026552,463.1016892593493
-23.0609,-11.7501,-96.5926,21.1,100.0,164.99999999999997,207.0,458.29163466053643,37.359455113154496,54.219455113154496,462.99751683885495
-22.4144,-12.941,-96.5926,21.7,100.0,164.99999999999997,209.99999999999997,458.344621560802,37.4094551131545,54.19,463.0505539847436
-21.7064,-14.0963,-96.5926,20.1,100.0,164.99999999999997,212.99999999999997,458.22859728578334,37.439455113154494,54.22945511315449,462.9427545296893
-20.9389,-15.213,-96.5926,21.1,100.0,164.99999999999997,215.99999999999994,458.1065386421459,37.30217954738198,54.241089773690994,462.81221803827805
-20.114,-16.288,-96.5926,21.8,100.0,164.99999999999997,219.0,458.162109118125,37.317013099734474,54.21597380053104,462.86547669208846
-19.234,-17.3184,-96.5926,22.9,100.0,164.99999999999997,221.99999999999997,458.0340261994688,37.39999999999999,54.21298690026553,462.74504546795964
-18.3013,-18.3013,-96.5926,21.4,100.0,164.99999999999997,224.99999999999997,458.0070130997344,37.31298690026553,54.18,462.70741882960954
-17.3184,-19.234,-96.5926,21.3,100.0,164.99999999999997,228.0,457.9792431216041,37.28,54.17651868737655,462.6768642447135
-16.288,-20.114,-96.5926,20.8,100.0,164.99999999999997,231.0,457.94994952551247,37.28701309973447,54.188102873425464,462.6497899160229
-15.213,-20.9389,-96.5926,21.6,100.0,164.99999999999997,233.99999999999997,457.86968705947436,37.36298690026552,54.152442013420014,462.5722971537176
-14.0963,-21.7064,-96.5926,19.8,100.0,164.99999999999997,236.99999999999997,457.83745703760474,37.42999999999999,54.1394551131545,462.54429254570834
-12.941,-22.4144,-96.5926,21.8,100.0,164.99999999999997,239.99999999999994,457.717063574222,37.23810287342546,54.16542891368555,462.4126731416687
-11.7501,-23.0609,-96.5926,20.9,100.0,164.99999999999997,242.99999999999997,457.68805239893794,37.33,54.2,462.39541759054333
-10.5271,-23.6443,-96.5926,20.5,100.0,164.99999999999997,245.99999999999997,457.6130878492407,37.275973800531055,54.15999999999999,462.3121694198572
-9.2752,-24.1628,-96.5926,20.5,100.0,164.99999999999997,249.0,457.60326932107296,37.33244201342003,54.139999999999986,462.3046646098434
-7.9979,-24.6152,-96.5926,20.2,100.0,164.99999999999997,252.0,457.58189712657446,37.37108977369099,54.11810287342546,462.2840684984146
-6.6987,-25.0,-96.5926,20.0,100.0,164.99999999999997,254.99999999999997,457.49511597315984,37.31646821288897,54.129999999999995,462.1951501683878
-5.3812,-25.3163,-96.5926,20.3,100.0,164.99999999999997,258.0,457.5210392992034,37.44054488684549,54.112442013420036,462.22878770529087
-4.0488,-25.5633,-96.5926,19.5,100.0,164.99999999999997,260.99999999999994,457.4983148649759,37.46054488684549,54.13457108631442,462.21050649483425
-2.7054,-25.7401,-96.5926,20.9,100.0,164.99999999999997,263.99999999999994,457.43968705947435,37.41054488684549,54.139999999999986,462.1490622794777
-1.3546,-25.8464,-96.5926,20.9,100.0,164.99999999999997,266.99999999999994,457.3889607007966,37.493481312623445,54.139999999999986,462.10557463840973
0.0,-25.8819,-96.5926,20.0,100.0,164.99999999999997,270.0,457.4332188465853,37.556518687376546,54.1805448868455,462.1592509563113
1.3546,-25.8464,-96.5926,21.2,100.0,164.99999999999997,273.0,457.42353178711096,37.60298690026553,54.17945511315451,462.1533137528865
2.7054,-25.7401,-96.5926,21.3,100.0,164.99999999999997,276.0,457.44623626656914,37.57755798657997,54.16592332604347,462.1721315575479
4.0488,-25.5633,-96.5926,20.9,100.0,164.99999999999997,278.99999999999994,457.4914027142165,37.581089773690984,54.20244201342003,462.22140429259423
5.3812,-25.3163,-96.5926,20.8,100.0,164.99999999999997,282.0,457.52773945841227,37.67755798657997,54.17701309973447,462.26224104740123
6.6987,-25.0,-96.5926,21.3,100.0,164.99999999999997,284.99999999999994,457.42246196818945,37.66298690026552,54.16597380053104,462.1555604047723
7.9979,-24.6152,-96.5926,22.2,100.0,164.99999999999997,287.99999999999994,457.4770130997345,37.69,54.185923326043465,462.2140931444546
9.2752,-24.1628,-96.5926,21.8,100.0,164.99999999999997,291.0,457.58101934443397,37.71646821288897,54.19054488684549,462.3197339438133
10.5271,-23.6443,-96.5926,21.3,100.0,164.99999999999997,294.0,457.59628674105664,37.665923326043476,54.2394551131545,462.3364596375443
11.7501,-23.0609,-96.5926,21.9,100.0,164.99999999999997,296.99999999999994,457.55646821288894,37.73701309973447,54.26407667395652,462.3057362594791
12.941,-22.4144,-96.5926,21.2,100.0,164.99999999999997,300.0,457.5645206118268,37.796518687376555,54.260544886845494,462.3181524437835
14.0963,-21.7064,-96.5926,20.5,100.0,164.99999999999997,303.0,457.6702119915505,37.906518687376554,54.227013099734464,462.42782793978347
15.213,-20.9389,-96.5926,21.4,100.0,164.99999999999997,305.99999999999994,457.65457108631443,37.92244201342003,54.23701309973447,462.4148263566388
16.288,-20.114,-96.5926,20.3,100.0,164.99999999999997,309.0,457.75343083813584,37.81,54.266468212888974,462.5069179119211
17.3184,-19.234,-96.5926,21.6,100.0,164.99999999999997,311.99999999999994,457.7776084610675,37.79706357422205,54.29999999999999,462.5337250657169
18.3013,-18.3013,-96.5926,20.5,100.0,164.99999999999997,314.99999999999994,457.7416346605365,37.91353178711102,54.30646821288897,462.50841341972347
19.234,-17.3184,-96.5926,20.5,100.0,164.99999999999997,318.0,457.78976805368006,37.90054488684549,54.29592332604347,462.5537485819238
20.114,-16.288,-96.5926,20.5,100.0,164.99999999999997,321.0,457.80397572498134,38.01891022630901,54.32994952551242,462.58151837253524
20.9389,-15.213,-96.5926,20.4,100.0,164.99999999999997,323.99999999999994,457.8343896144821,37.901402714216616,54.3794551131545,462.60779260597656
21.7064,-14.0963,-96.5926,20.9,100.0,164.99999999999997,327.0,457.85805239893784,37.96999999999999,54.367013099734464,462.6353738744317
22.4144,-12.941,-96.5926,20.9,100.0,164.99999999999997,329.99999999999994,457.91254296239515,37.8794551131545,54.35457108631444,462.68041834503225
23.0609,-11.7501,-96.5926,20.1,100.0,164.99999999999997,332.99999999999994,457.9489102263089,37.953531787111025,54.37298690026553,462.7246445317513
23.6443,-10.5271,-96.5926,20.9,100.0,164.99999999999997,335.99999999999994,458.02293642577786,37.90054488684549,54.41755798657996,462.798803166165
24.1628,-9.2752,-96.5926,20.7,100.0,164.99999999999997,339.0,458.07021199155037,37.957013099734475,54.39592332604347,462.8476751933946
24.6152,-7.9979,-96.5926,20.9,100.0,164.99999999999997,341.99999999999994,458.1337637334309,37.839999999999996,54.435378439197976,462.90562914959
25.0,-6.6987,-96.5926,21.0,100.0,164.99999999999997,345.0,458.11673067892696,37.9894551131545,54.440544886845494,462.901620817339
25.3163,-5.3812,-96.5926,21.3,100.0,164.99999999999997,347.99999999999994,458.0994551131545,37.82651868737655,54.39108977369098,462.86536588704195
25.5633,-4.0488,-96.5926,21.0,100.0,164.99999999999997,351.0,458.0613721944984,37.84701309973447,54.43999999999999,462.8351009779598
25.7401,-2.7054,-96.5926,20.6,100.0,164.99999999999997,353.99999999999994,458.1405953613331,37.86353178711102,54.48646821288897,462.9203250838577
25.8464,-1.3546,-96.5926,20.4,100.0,164.99999999999997,356.99999999999994,458.12706357422195,37.89592332604348,54.44353178711102,462.90453177445426
20.7627,-1.0881,-97.8148,20.1,100.0,167.99999999999997,356.99999999999994,457.971846652087,37.83353178711102,54.48244201342002,462.75039161642496
20.6773,-2.1733,-97.8148,23.1,100.0,167.99999999999997,353.99999999999994,458.0367306789269,37.797013099734464,54.48706357422204,462.81216594558384
20.5352,-3.2525,-97.8148,19.3,100.0,167.99999999999997,351.0,457.97389520212414,37.81999999999999,54.50810287342546,462.75433478841245
20.3368,-4.3227,-97.8148,21.0,100.0,167.99999999999997,347.99999999999994,457.90810287342543,37.779455113154505,54.46597380053106,462.680948611272
20.0827,-5.3812,-97.8148,20.4,100.0,167.99999999999997,345.0,457.98163466053643,37.79646821288897,54.46298690026553,462.7547597138289
19.7736,-6.4248,-97.8148,20.9,100.0,167.99999999999997,341.99999999999994,457.9775075120923,37.80592332604348,54.482391538932454,462.75373171193854
19.4102,-7.4509,-97.8148,20.5,100.0,167.99999999999997,339.0,457.91597380053105,37.814026199468934,54.44701309973446,462.6893308415328
18.9937,-8.4565,-97.8148,20.5,100.0,167.99999999999997,335.99999999999994,457.8300504744876,37.84646821288897,54.38054488684549,462.59912876685286
18.5251,-9.439,-97.8148,21.5,100.0,167.99999999999997,332.99999999999994,457.818910226309,37.94701309973447,54.38353178711102,462.59669139936176
18.0057,-10.3956,-97.8148,20.2,100.0,167.99999999999997,329.99999999999994,457.8300504744876,37.910544886845486,54.39054488684549,462.6055510952904
17.4369,-11.3237,-97.8148,20.6,100.0,167.99999999999997,327.0,457.83468212888965,37.905923326043464,54.412391538932454,462.61232531813005
16.8204,-12.2207,-97.8148,21.3,100.0,167.99999999999997,323.99999999999994,457.8021290728944,37.902986900265525,54.382442013420025,462.5763459138175
16.1578,-13.0843,-97.8148,20.9,100.0,167.99999999999997,321.0,457.72223002186945,37.81999999999999,54.35298690026553,462.4870154298103
15.4508,-13.912,-97.8148,20.9,100.0,167.99999999999997,318.0,457.6910897736909,37.88810287342546,54.351089773690994,462.4615475444027
14.7016,-14.7016,-97.8148,21.0,100.0,167.99999999999997,314.99999999999994,457.7072755657724,37.81701309973447,54.37353178711102,462.47438582545453
13.912,-15.4508,-97.8148,20.7,100.0,167.99999999999997,311.99999999999994,457.6701009489752,37.717013099734466,54.35646821288896,462.42742134997735
13.0843,-16.1578,-97.8148,21.1,100.0,167.99999999999997,309.0,457.7020785984069,37.752986900265526,54.307013099734476,462.4561951633999
12.2207,-16.8204,-97.8148,20.5,100.0,167.99999999999997,305.99999999999994,457.5845206118268,37.723531787111014,54.30457108631443,462.3371548933928
11.3237,-17.4369,-97.8148,20.8,100.0,167.99999999999997,303.0,457.60348131262344,37.78298690026553,54.26760846106754,462.3564355955499
10.3956,-18.0057,-97.8148,21.2,100.0,167.99999999999997,300.0,457.5885468112958,37.77,54.28353178711102,462.3424627872242
9.439,-18.5251,-97.8148,20.0,100.0,167.99999999999997,296.99999999999994,457.5464682128889,37.82353178711102,54.29054488684549,462.30601704395906
8.4565,-18.9937,-97.8148,20.4,100.0,167.99999999999997,294.0,457.48358226159866,37.7894551131545,54.31999999999999,462.2444519479428
7.4509,-19.4102,-97.8148,19.5,100.0,167.99999999999997,291.0,457.60750751209235,37.69353178711102,54.28244201342003,462.3548602328691
6.4248,-19.7736,-97.8148,19.7,100.0,167.99999999999997,287.99999999999994,457.4483348197453,37.81701309973447,54.227063574222036,462.20090862418914
5.3812,-20.0827,-97.8148,20.9,100.0,167.99999999999997,284.99999999999994,457.54912221785946,37.78,54.22999999999998,462.2979780859243
4.3227,-20.3368,-97.8148,19.8,100.0,167.99999999999997,282.0,457.509737533962,37.63651868737655,54.22646821288897,462.2468792021678
3.2525,-20.5352,-97.8148,20.6,100.0,167.99999999999997,278.99999999999994,457.5723410644448,37.57646821288897,54.19407667395651,462.30015814089177
2.1733,-20.6773,-97.8148,21.4,100.0,167.99999999999997,276.0,457.58701309973435,37.54,54.15701309973446,462.30737418455834
1.0881,-20.7627,-97.8148,20.1,100.0,167.99999999999997,273.0,457.5325429623951,37.61646821288897,54.18244201342003,462.26265647679656
0.0,-20.7912,-97.8148,21.6,100.0,167.99999999999997,270.0,457.511352239729,37.57646821288897,54.17108977369099,462.23709863970123
-1.0881,-20.7627,-97.8148,21.3,100.0,167.99999999999997,266.99999999999994,457.5469626252469,37.507013099734465,54.17651868737655,462.2673406334655
-2.1733,-20.6773,-97.8148,20.7,100.0,167.99999999999997,263.99999999999994,457.62093835022813,37.38646821288898,54.15706357422204,462.328518217251
-3.2525,-20.5352,-97.8148,20.1,100.0,167.99999999999997,260.99999999999994,457.489243121604,37.47999999999999,54.16353178711101,462.2064973014026
-4.3227,-20.3368,-97.8148,20.9,100.0,167.99999999999997,258.0,457.58205864363737,37.550544886845486,54.14298690026552,462.3016838000166
-5.3812,-20.0827,-97.8148,20.0,100.0,167.99999999999997,254.99999999999997,457.539505587642,37.39999999999999,54.14298690026552,462.2473604076785
-6.4248,-19.7736,-97.8148,21.0,100.0,167.99999999999997,252.0,457.63750751209227,37.49298690026553,54.127063574222035,462.3500312098526
-7.4509,-19.4102,-97.8148,21.3,100.0,167.99999999999997,249.0,457.69361230996805,37.39298690026553,54.17348131262343,462.4029025603104
-8.4565,-18.9937,-97.8148,19.6,100.0,167.99999999999997,245.99999999999997,457.664288665507,37.52054488684551,54.14353178711102,462.3807029307043
-9.439,-18.5251,-97.8148,20.5,100.0,167.99999999999997,242.99999999999997,457.6413522397289,37.51054488684549,54.127063574222035,462.35526088569986
-10.3956,-18.0057,-97.8148,21.0,100.0,167.99999999999997,239.99999999999994,457.70701309973447,37.44,54.129999999999995,462.41487902172923
-11.3237,-17.4369,-97.8148,20.5,100.0,167.99999999999997,236.99999999999997,457.71971757919243,37.44,54.121089773691,462.4264112473115
-12.2207,-16.8204,-97.8148,22.6,100.0,167.99999999999997,233.99999999999997,457.79542891368556,37.446468212888966,54.116468212888975,462.5013349685824
-13.0843,-16.1578,-97.8148,21.0,100.0,167.99999999999997,231.0,457.7864177384013,37.39706357422205,54.08896070079659,462.48520008690525
-13.912,-15.4508,-97.8148,21.2,100.0,167.99999999999997,228.0,457.8431683720978,37.46537843919798,54.117013099734464,462.55018377839855
-14.7016,-14.7016,-97.8148,21.0,100.0,167.99999999999997,224.99999999999997,457.8508073528835,37.48054488684549,54.1394551131545,462.56159983147256
-15.4508,-13.912,-97.8148,20.3,100.0,167.99999999999997,221.99999999999997,457.88267395973986,37.55353178711102,54.129999999999995,462.59795477520976
-16.1578,-13.0843,-97.8148,20.7,100.0,167.99999999999997,219.0,457.9499999999999,37.472986900265525,54.14402619946894,462.6597052049337
-16.8204,-12.2207,-97.8148,20.9,100.0,167.99999999999997,215.99999999999994,457.96244201342006,37.41,54.12592332604348,462.664805200041
-17.4369,-11.3237,-97.8148,21.3,100.0,167.99999999999997,212.99999999999997,458.0205448868454,37.34701309973447,54.14353178711102,462.71928959175284
-18.0057,-10.3956,-97.8148,19.8,100.0,167.99999999999997,209.99999999999997,458.106236266569,37.45646821288897,54.13701309973447,462.81219398873395
-18.5251,-9.439,-97.8148,20.8,100.0,167.99999999999997,207.0,458.1037437786615,37.5905448868455,54.120544886845494,462.81867130417777
-18.9937,-8.4565,-97.8148,20.1,100.0,167.99999999999997,204.0,458.0589607007965,37.59646821288898,54.12592332604348,462.7754547037616
-19.4102,-7.4509,-97.8148,20.9,100.0,167.99999999999997,200.99999999999997,458.17343083813586,37.56,54.16353178711101,462.89019702478197
-19.7736,-6.4248,-97.8148,21.7,100.0,167.99999999999997,197.99999999999997,458.1536627844557,37.56896070079659,54.17651868737655,462.8728774815332
-20.0827,-5.3812,-97.8148,21.3,100.0,167.99999999999997,194.99999999999997,458.17732604025997,37.58353178711103,54.145973800531046,462.8939084042944
-20.3368,-4.3227,-97.8148,20.4,100.0,167.99999999999997,192.0,458.23566086000545,37.65,54.16054488684549,462.9587541090955
-20.5352,-3.2525,-97.8148,22.2,100.0,167.99999999999997,188.99999999999997,458.18493450132763,37.567013099734474,54.217013099734466,462.9084133893856
-20.6773,-2.1733,-97.8148,21.8,100.0,167.99999999999997,186.0,458.20737651474764,37.65646821288897,54.2105448868455,462.9371368422766
-20.7627,-1.0881,-97.8148,20.1,100.0,167.99999999999997,182.99999999999997,458.2134813126234,37.647013099734465,54.15646821288897,462.9360810103908
-20.7912,0.0,-97.8148,21.1,100.0,167.99999999999997,180.0,458.19646821288893,37.84701309973447,54.1594551131545,462.9358988688285
-20.7627,1.0881,-97.8148,20.2,100.0,167.99999999999997,176.99999999999997,458.156468212889,37.69244201342003,54.20402619946894,462.8889132464459
-20.6773,2.1733,-97.8148,21.6,100.0,167.99999999999997,173.99999999999997,458.18564090523597,37.78999999999999,54.189455113154494,462.924035536288
-20.5352,3.2525,-97.8148,20.5,100.0,167.99999999999997,170.99999999999997,458.18234106444487,37.65,54.15298690026552,462.9050941105699
-20.3368,4.3227,-97.8148,21.3,100.0,167.99999999999997,167.99999999999997,458.1493745902973,37.68353178711102,54.18353178711102,462.8787671975845
-20.0827,5.3812,-97.8148,21.5,100.0,167.99999999999997,164.99999999999997,458.13023194631984,37.70701309973447,54.202986900265536,462.8640103194487
-19.7736,6.4248,-97.8148,20.7,100.0,167.99999999999997,161.99999999999997,458.10836533946343,37.81,54.16646821288897,462.8464937456621
-19.4102,7.4509,-97.8148,21.8,100.0,167.99999999999997,159.0,458.12103929920346,37.77298690026553,54.13597380053105,462.8524482459629
-18.9937,8.4565,-97.8148,20.7,100.0,167.99999999999997,155.99999999999997,458.11885975182145,37.799455113154494,54.172442013420024,462.856718586711
-18.5251,9.439,-97.8148,22.8,100.0,167.99999999999997,152.99999999999997,458.0560747495062,37.79755798657996,54.16353178711101,462.7933784966326
-18.0057,10.3956,-97.8148,21.1,100.0,167.99999999999997,150.0,458.04607474950615,37.84755798657997,54.145973800531046,462.78551264898675
-17.4369,11.3237,-97.8148,19.7,100.0,167.99999999999997,147.0,458.0770130997343,37.80701309973446,54.13646821288898,462.8117083225778
-16.8204,12.2207,-97.8148,20.5,100.0,167.99999999999997,143.99999999999997,458.1018266973176,37.86,54.168910226309,462.8443950816788
-16.1578,13.0843,-97.8148,20.5,100.0,167.99999999999997,141.0,458.10103929920336,37.849455113154505,54.18755798657996,462.84493612863685
-15.4508,13.912,-97.8148,20.9,100.0,167.99999999999997,138.0,458.04054488684545,37.91701309973447,54.14353178711102,462.78543913678357
-14.7016,14.7016,-97.8148,21.8,100.0,167.99999999999997,135.0,457.97407667395646,38.039455113154496,54.12353178711103,462.7273622164342
-13.912,15.4508,-97.8148,20.6,100.0,167.99999999999997,131.99999999999997,457.97950558764205,37.959455113154505,54.118910226309005,462.7256251979913
-13.0843,16.1578,-97.8148,20.0,100.0,167.99999999999997,129.0,457.9579214015931,37.897013099734465,54.13701309973447,462.70126168372394
-12.2207,16.8204,-97.8148,21.8,100.0,167.99999999999997,126.0,457.95896070079647,37.85298690026553,54.17701309973447,462.70336831693163
-11.3237,17.4369,-97.8148,21.4,100.0,167.99999999999997,122.99999999999999,457.82765893555506,37.813531787111025,54.209999999999994,462.5740509071232
-10.3956,18.0057,-97.8148,21.0,100.0,167.99999999999997,119.99999999999997,457.8180523989378,37.94592332604348,54.16293642577794,462.56987135100513
-9.439,18.5251,-97.8148,20.6,100.0,167.99999999999997,116.99999999999999,457.763037374753,38.01701309973447,54.14999999999999,462.51974462890223
-8.4565,18.9937,-97.8148,20.8,100.0,167.99999999999997,114.0,457.71326932107297,37.98108977369098,54.15999999999999,462.4687077986815
-7.4509,19.4102,-97.8148,21.8,100.0,167.99999999999997,110.99999999999999,457.78755798657994,38.05,54.167557986579965,462.5487813037083
-6.4248,19.7736,-97.8148,20.8,100.0,167.99999999999997,107.99999999999997,457.7459233260434,37.937013099734465,54.17298690026553,462.4989295060452
-5.3812,20.0827,-97.8148,20.1,100.0,167.99999999999997,104.99999999999999,457.72353178711097,37.877557986579966,54.202986900265536,462.4754098755992
-4.3227,20.3368,-97.8148,20.5,100.0,167.99999999999997,102.0,457.62298690026546,37.89298690026552,54.24701309973446,462.38232559861865
-3.2525,20.5352,-97.8148,19.9,100.0,167.99999999999997,98.99999999999999,457.6970130997344,37.79298690026552,54.269999999999996,462.45010385906727
-2.1733,20.6773,-97.8148,21.5,100.0,167.99999999999997,96.0,457.704026199469,37.70407667395652,54.272442013420026,462.45007401787694
-1.0881,20.7627,-97.8148,21.6,100.0,167.99999999999997,93.0,457.6992431216041,37.79999999999999,54.28701309973446,462.45488098341013
0.0,20.7912,-97.8148,19.8,100.0,167.99999999999997,90.0,457.7630373747531,37.800544886845486,54.31999999999999,462.52193675576297
1.0881,20.7627,-97.8148,20.4,100.0,167.99999999999997,86.99999999999999,457.7596870594743,37.764026199468944,54.33353178711102,462.51722719055886
2.1733,20.6773,-97.8148,20.6,100.0,167.99999999999997,83.99999999999999,457.79592332604346,37.6994551131545,54.32348131262345,462.5466430012182
3.2525,20.5352,-97.8148,19.7,100.0,167.99999999999997,80.99999999999999,457.78428866550695,37.69646821288898,54.32810287342546,462.5354272123759
4.3227,20.3368,-97.8148,20.8,100.0,167.99999999999997,77.99999999999999,457.7508578273711,37.77,54.34298690026552,462.5100874218167
5.3812,20.0827,-97.8148,21.2,100.0,167.99999999999997,75.0,457.79745703760483,37.819455113154504,54.33293642577794,462.55906740199265
6.4248,19.7736,-97.8148,21.3,100.0,167.99999999999997,71.99999999999999,457.7399495255124,37.7894551131545,54.33005047448757,462.49936074975074
7.4509,19.4102,-97.8148,21.0,100.0,167.99999999999997,69.0,457.7809888247158,37.79298690026552,54.35646821288896,462.543370101396
8.4565,18.9937,-97.8148,20.7,100.0,167.99999999999997,65.99999999999999,457.83254296239517,37.80651868737655,54.36592332604347,462.5966103094202
9.439,18.5251,-97.8148,20.5,100.0,167.99999999999997,63.0,457.86618579208147,37.750544886845496,54.37054488684549,462.62587895872736
10.3956,18.0057,-97.8148,20.7,100.0,167.99999999999997,59.999999999999986,457.83462156080196,37.64407667395652,54.39597380053105,462.5889527151135
11.3237,17.4369,-97.8148,21.3,100.0,167.99999999999997,57.0,457.84805239893785,37.6794551131545,54.42108977369099,462.6080797341102
12.2207,16.8204,-97.8148,21.0,100.0,167.99999999999997,53.999999999999986,457.78571133449293,37.64353178711102,54.472936425777945,462.54955819920724
13.0843,16.1578,-97.8148,20.8,100.0,167.99999999999997,51.0,457.82397572498127,37.71999999999999,54.44701309973446,462.5906055943105
13.912,15.4508,-97.8148,21.1,100.0,167.99999999999997,48.0,457.8889607007966,37.76597380053106,54.39999999999999,462.653141250287
14.7016,14.7016,-97.8148,20.1,100.0,167.99999999999997,45.0,457.798415813951,37.78999999999999,54.429999999999986,462.5690202788803
15.4508,13.912,-97.8148,19.7,100.0,167.99999999999997,41.99999999999999,457.8874269892352,37.727013099734464,54.47103929920341,462.6568030782484
16.1578,13.0843,-97.8148,19.9,100.0,167.99999999999997,38.99999999999999,457.9745206118268,37.71353178711102,54.505378439197976,462.74594356762344
16.8204,12.2207,-97.8148,19.5,100.0,167.99999999999997,35.99999999999999,457.9875075120924,37.65701309973446,54.525378439197965,462.75654999866856
17.4369,11.3237,-97.8148,20.9,100.0,167.99999999999997,32.99999999999999,458.03732604026,37.719455113154496,54.503531787111015,462.80836673229373
18.0057,10.3956,-97.8148,20.5,100.0,167.99999999999997,29.999999999999993,458.0041071936746,37.85298690026553,54.493531787111024,462.785215656442
18.5251,9.439,-97.8148,21.3,100.0,167.99999999999997,26.999999999999993,458.00145318870415,37.72402619946894,54.531089773690994,462.77648279441485
18.9937,8.4565,-97.8148,20.9,100.0,167.99999999999997,24.0,458.05867827998907,37.7,54.5194551131545,462.8297891595201
19.4102,7.4509,-97.8148,21.1,100.0,167.99999999999997,20.999999999999996,458.0385972857834,37.72945511315449,54.49054488684549,462.8089107490573
19.7736,6.4248,-97.8148,20.2,100.0,167.99999999999997,17.999999999999996,458.033531787111,37.81755798657997,54.539505587642076,462.81685535769674
20.0827,5.3812,-97.8148,21.1,100.0,167.99999999999997,14.999999999999996,458.0688597518214,37.78298690026553,54.53701309973446,462.84870116624506
20.3368,4.3227,-97.8148,20.3,100.0,167.99999999999997,12.0,458.0465186873765,37.708910226309,54.52353178711102,462.8189610534783
20.5352,3.2525,-97.8148,22.3,100.0,167.99999999999997,8.999999999999998,458.1340261994689,37.704026199468935,54.49701309973446,462.90204578309925
20.6773,2.1733,-97.8148,20.3,100.0,167.99999999999997,6.0,458.10435909476405,37.8794551131545,54.51298690026552,462.8888880520708
20.7627,1.0881,-97.8148,20.8,100.0,167.99999999999997,3.0,458.0780523989378,37.86646821288897,54.53189712657453,462.8640181616465
20.7912,0.0,-97.8148,21.4,100.0,167.99999999999997,0.0,458.07706357422194,37.96054488684549,54.49755798657996,462.86670107860283
15.6434,0.0,-98.7688,19.3,100.0,170.99999999999997,0.0,457.94402619946885,37.92298690026553,54.540544886845495,462.73702586217536
15.622,0.8187,-98.7688,20.9,100.0,170.99999999999997,3.0,458.00130176524146,37.717013099734466,54.5594551131545,462.7791045823759
15.5578,1.6352,-98.7688,20.4,100.0,170.99999999999997,6.0,457.94402619946885,37.69244201342003,54.56298690026553,462.72083468998176
15.4508,2.4472,-98.7688,21.0,100.0,170.99999999999997,8.999999999999998,457.93896070079654,37.75108977369099,54.522986900265536,462.71588756747207
15.3016,3.2525,-98.7688,22.8,100.0,170.99999999999997,12.0,457.935973800531,37.722986900265525,54.49999999999999,462.7079314657554
15.1104,4.0488,-98.7688,19.9,100.0,170.99999999999997,14.999999999999996,457.9256103855178,37.62054488684549,54.530544886845476,462.6929331318866
14.8778,4.8341,-98.7688,21.3,100.0,170.99999999999997,17.999999999999996,458.00026246603795,37.5705448868455,54.55348131262345,462.7654574245801
14.6044,5.6061,-98.7688,21.1,100.0,170.99999999999997,20.999999999999996,457.995711334493,37.58701309973447,54.54646821288896,462.7614637683734
14.291,6.3628,-98.7688,20.9,100.0,170.99999999999997,24.0,458.014359094764,37.68836533946351,54.51836533946351,462.7848508521379
13.9384,7.102,-98.7688,19.9,100.0,170.99999999999997,26.999999999999993,458.01483355235234,37.777013099734475,54.47896070079658,462.7879078279439
13.5476,7.8217,-98.7688,20.9,100.0,170.99999999999997,29.999999999999993,457.98909169814124,37.65999999999999,54.491039299203415,462.7543161099589
13.1197,8.52,-98.7688,21.0,100.0,170.99999999999997,32.99999999999999,457.98651868737653,37.619455113154494,54.51054488684549,462.7507689958539
12.6558,9.195,-98.7688,21.5,100.0,170.99999999999997,35.99999999999999,457.95277490871496,37.64244201342003,54.54353178711103,462.7231292545656
12.1572,9.8447,-98.7688,21.1,100.0,170.99999999999997,38.99999999999999,457.9304944123578,37.68701309973447,54.54402619946893,462.70476490217214
11.6253,10.4675,-98.7688,20.2,100.0,170.99999999999997,41.99999999999999,457.91727556577246,37.75353178711102,54.495973800531054,462.69144317184873
11.0616,11.0616,-98.7688,20.6,100.0,170.99999999999997,45.0,457.927063574222,37.72646821288897,54.467013099734466,462.6955127008845
10.4675,11.6253,-98.7688,21.4,100.0,170.99999999999997,48.0,457.8075579865799,37.74646821288897,54.451897126574536,462.577090994426
9.8447,12.1572,-98.7688,21.1,100.0,170.99999999999997,51.0,457.8056608600054,37.61651868737655,54.4510392992034,462.564526606167
9.195,12.6558,-98.7688,21.8,100.0,170.99999999999997,53.999999999999986,457.8443086202764,37.6894551131545,54.459999999999994,462.60976812288067
8.52,13.1197,-98.7688,20.6,100.0,170.99999999999997,57.0,457.82511597315994,37.70407667395652,54.43760846106755,462.5893291339884
7.8217,13.5476,-98.7688,20.9,100.0,170.99999999999997,59.999999999999986,457.88353178711094,37.53755798657996,54.42353178711102,462.63194631760655
7.102,13.9384,-98.7688,20.6,100.0,170.99999999999997,63.0,457.8361857920815,37.638365339463505,54.40999999999998,462.59168568627376
6.3628,14.291,-98.7688,20.6,100.0,170.99999999999997,65.99999999999999,457.7624924879076,37.73701309973447,54.35059536133308,462.519803794997
5.6061,14.6044,-98.7688,20.6,100.0,170.99999999999997,69.0,457.83981852816765,37.76,54.355378439197985,462.59877236669564
4.8341,14.8778,-98.7688,20.5,100.0,170.99999999999997,71.99999999999999,457.8552774902229,37.83353178711102,54.31457108631444,462.61528712897683
4.0488,15.1104,-98.7688,20.9,100.0,170.99999999999997,75.0,457.74864776027096,37.730544886845486,54.31999999999999,462.5019793944831
3.2525,15.3016,-98.7688,20.4,100.0,170.99999999999997,77.99999999999999,457.7287487092461,37.775923326043475,54.31701309973447,462.48563836095923
2.4472,15.4508,-98.7688,20.0,100.0,170.99999999999997,80.99999999999999,457.7315841860489,37.76701309973447,54.29810287342545,462.48549643810304
1.6352,15.5578,-98.7688,20.6,100.0,170.99999999999997,83.99999999999999,457.71353178711104,37.75701309973447,54.29244201342003,462.4661484682147
0.8187,15.622,-98.7688,22.1,100.0,170.99999999999997,86.99999999999999,457.69119072266614,37.76293642577795,54.29755798657996,462.445121323531
0.0,15.6434,-98.7688,21.1,100.0,170.99999999999997,90.0,457.7010897736909,37.789455113154496,54.27108977369099,462.4539779080697
-0.8187,15.622,-98.7688,21.0,100.0,170.99999999999997,93.0,457.77244201342,37.739999999999995,54.25755798657996,462.5189713574969
-1.6352,15.5578,-98.7688,19.8,100.0,170.99999999999997,96.0,457.76745703760474,37.76945511315451,54.26701309973446,462.51755120534256
-2.4472,15.4508,-98.7688,18.8,100.0,170.99999999999997,98.99999999999999,457.73701309973444,37.897013099734465,54.24701309973446,462.4955082955841
-3.2525,15.3016,-98.7688,20.6,100.0,170.99999999999997,102.0,457.785973800531,37.91298690026552,54.23755798657996,462.54416554589443
-4.0488,15.1104,-98.7688,21.3,100.0,170.99999999999997,104.99999999999999,457.76986900265535,37.92,54.24493450132764,462.52966638450505
-4.8341,14.8778,-98.7688,20.5,100.0,170.99999999999997,107.99999999999997,457.75891022630896,37.928910226309,54.208910226309,462.5153273897606
-5.6061,14.6044,-98.7688,20.6,100.0,170.99999999999997,110.99999999999999,457.80488402684006,37.783481312623444,54.19244201342003,462.5469966071639
-6.3628,14.291,-98.7688,20.5,100.0,170.99999999999997,114.0,457.8166196363517,37.73348131262345,54.18402619946894,462.55354449232226
-7.102,13.9384,-98.7688,20.8,100.0,170.99999999999997,116.99999999999999,457.94696262524684,37.783481312623444,54.202986900265536,462.68885422787196
-7.8217,13.5476,-98.7688,21.5,100.0,170.99999999999997,119.99999999999997,457.9422605415877,37.6705448868455,54.23348131262344,462.6785649209372
-8.52,13.1197,-98.7688,19.9,100.0,170.99999999999997,122.99999999999999,457.8581028734255,37.7894551131545,54.20298690026552,462.6013932896352
-9.195,12.6558,-98.7688,21.5,100.0,170.99999999999997,126.0,457.9227044794581,37.72651868737655,54.209999999999994,462.6610180143234
-9.8447,12.1572,-98.7688,21.5,100.0,170.99999999999997,129.0,457.94506549867225,37.727013099734464,54.172442013420024,462.67879139388714
-10.4675,11.6253,-98.7688,19.9,100.0,170.99999999999997,131.99999999999997,457.90158418604886,37.81999999999999,54.17646821288898,462.6438186208861
-11.0616,11.0616,-98.7688,20.7,100.0,170.99999999999997,135.0,457.95049441235784,37.80244201342003,54.17108977369099,462.69016298379444
-11.6253,10.4675,-98.7688,22.0,100.0,170.99999999999997,138.0,457.99319889181595,37.915923326043476,54.14810287342546,462.7390242000516
-12.1572,9.8447,-98.7688,21.8,100.0,170.99999999999997,141.0,458.0180019244503,37.79054488684549,54.1805448868455,462.75711427696706
-12.6558,9.195,-98.7688,20.5,100.0,170.99999999999997,143.99999999999997,458.0429869002654,37.77,54.18597380053106,462.78080178981986
-13.1197,8.52,-98.7688,20.9,100.0,170.99999999999997,147.0,458.06701309973437,37.76298690026553,54.15701309973446,462.80061985441057
-13.5476,7.8217,-98.7688,19.3,100.0,170.99999999999997,150.0,457.97384472763656,37.83348131262344,54.139999999999986,462.71217226570343
-13.9384,7.102,-98.7688,21.3,100.0,170.99999999999997,152.99999999999997,458.0028354768028,37.91542891368556,54.1226739597399,462.7455465923495
-14.291,6.3628,-98.7688,20.4,100.0,170.99999999999997,155.99999999999997,458.011947601062,37.89,54.13402619946894,462.7538103980158
-14.6044,5.6061,-98.7688,20.8,100.0,170.99999999999997,159.0,458.00945511315444,37.85994952551242,54.18,462.75426432516315
-14.8778,4.8341,-98.7688,20.1,100.0,170.99999999999997,161.99999999999997,458.0461552723633,37.750544886845496,54.183481312623435,462.7820584748323
-15.1104,4.0488,-98.7688,20.6,100.0,170.99999999999997,164.99999999999997,458.0570130997344,37.67353178711103,54.130544886845485,462.78033464799637
-15.3016,3.2525,-98.7688,20.5,100.0,170.99999999999997,167.99999999999997,458.0715841860488,37.70651868737655,54.120544886845494,462.79627393604517
-15.4508,2.4472,-98.7688,20.5,100.0,170.99999999999997,170.99999999999997,458.1145206118268,37.67407667395652,54.13701309973447,462.8380561665169
-15.5578,1.6352,-98.7688,20.8,100.0,170.99999999999997,173.99999999999997,458.1072755657725,37.65999999999999,54.16108977369098,462.832556300622
-15.622,0.8187,-98.7688,20.5,100.0,170.99999999999997,176.99999999999997,458.07732604026,37.73298690026552,54.173481312623444,462.8103078045469
-15.6434,0.0,-98.7688,21.8,100.0,170.99999999999997,180.0,458.0344400889697,37.79999999999999,54.14353178711102,462.76982436411936
-15.622,-0.8187,-98.7688,21.6,100.0,170.99999999999997,182.99999999999997,457.997063574222,37.798365339463516,54.12457108631443,462.7304786376439
-15.5578,-1.6352,-98.7688,20.5,100.0,170.99999999999997,186.0,458.0997175791925,37.86,54.13353178711102,462.8381683805713
-15.4508,-2.4472,-98.7688,21.7,100.0,170.99999999999997,188.99999999999997,458.07217954738195,37.68,54.159455113154486,462.79925524296465
-15.3016,-3.2525,-98.7688,20.4,100.0,170.99999999999997,192.0,458.08592332604337,37.53353178711102,54.17353178711102,462.8026044699585
-15.1104,-4.0488,-98.7688,21.5,100.0,170.99999999999997,194.99999999999997,458.05760846106745,37.54755798657996,54.13511597315994,462.77122054126875
-14.8778,-4.8341,-98.7688,19.7,100.0,170.99999999999997,197.99999999999997,458.0055904307484,37.67701309973447,54.12,462.7284868926226
-14.6044,-5.6061,-98.7688,20.5,100.0,170.99999999999997,200.99999999999997,458.02867827998904,37.70701309973447,54.10244201342003,462.7517295436428
-14.291,-6.3628,-98.7688,19.7,100.0,170.99999999999997,204.0,457.97973753396195,37.69701309973447,54.13891022630901,462.7067390786637
-13.9384,-7.102,-98.7688,20.3,100.0,170.99999999999997,207.0,457.9562057468509,37.68244201342003,54.16646821288897,462.6854861531802
-13.5476,-7.8217,-98.7688,21.1,100.0,170.99999999999997,209.99999999999997,457.8581028734255,37.5794551131545,54.13353178711102,462.5761527329311
-13.1197,-8.52,-98.7688,19.3,100.0,170.99999999999997,212.99999999999997,457.83727556577253,37.529999999999994,54.111089773691,462.5488966952419
-12.6558,-9.195,-98.7688,20.4,100.0,170.99999999999997,215.99999999999994,457.898052398938,37.539455113154496,54.129999999999995,462.6120339776443
-12.1572,-9.8447,-98.7688,21.3,100.0,170.99999999999997,219.0,457.94191708134395,37.48651868737655,54.14646821288897,462.65308658147404
-11.6253,-10.4675,-98.7688,20.9,100.0,170.99999999999997,221.99999999999997,457.85607474950626,37.5905448868455,54.17348131262343,462.5797232125989
-11.0616,-11.0616,-98.7688,20.1,100.0,170.99999999999997,224.99999999999997,457.85005047448755,37.52054488684549,54.17353178711102,462.5680831557509
-10.4675,-11.6253,-98.7688,21.7,100.0,170.99999999999997,228.0,457.793531787111,37.577013099734465,54.171584186048904,462.5164972115486
-9.8447,-12.1572,-98.7688,22.6,100.0,170.99999999999997,231.0,457.851352239729,37.60646821288898,54.145923326043466,462.5731166118771
-9.195,-12.6558,-98.7688,19.9,100.0,170.99999999999997,233.99999999999997,457.8184158139511,37.65841581395108,54.16348131262344,462.54679854898484
-8.52,-13.1197,-98.7688,20.8,100.0,170.99999999999997,236.99999999999997,457.80636726391367,37.682986900265526,54.16945511315449,462.53757390763735
-7.8217,-13.5476,-98.7688,20.8,100.0,170.99999999999997,239.99999999999994,457.74891022630896,37.6894551131545,54.16646821288896,462.4808818954118
-7.102,-13.9384,-98.7688,20.5,100.0,170.99999999999997,242.99999999999997,457.7432998407911,37.663481312623446,54.1705448868455,462.4736903944488
-6.3628,-14.291,-98.7688,20.8,100.0,170.99999999999997,245.99999999999997,457.66293642577796,37.637557986579964,54.190544886845494,462.3943817826856
-5.6061,-14.6044,-98.7688,20.0,100.0,170.99999999999997,249.0,457.7369626252468,37.56,54.203531787111025,462.4628670624085
-4.8341,-14.8778,-98.7688,21.8,100.0,170.99999999999997,252.0,457.635711334493,37.669455113154505,54.24293642577795,462.376176169621
-4.0488,-15.1104,-98.7688,19.8,100.0,170.99999999999997,254.99999999999997,457.63005047448746,37.58810287342546,54.23407667395651,462.3629133565772
-3.2525,-15.3016,-98.7688,21.7,100.0,170.99999999999997,258.0,457.61,37.62108977369098,54.221089773690984,462.3442278995238
-2.4472,-15.4508,-98.7688,20.7,100.0,170.99999999999997,260.99999999999994,457.6376084610675,37.550494412357914,54.23701309973447,462.36768258449746
-1.6352,-15.5578,-98.7688,20.9,100.0,170.99999999999997,263.99999999999994,457.6459233260434,37.537013099734466,54.245428913685565,462.37580499786765
-0.8187,-15.622,-98.7688,20.1,100.0,170.99999999999997,266.99999999999994,457.6445710863144,37.54054488684549,54.25402619946893,462.3757620313056
0.0,-15.6434,-98.7688,19.6,100.0,170.99999999999997,270.0,457.6572250912849,37.63298690026553,54.29592332604347,462.40071871821107
0.8187,-15.622,-98.7688,21.5,100.0,170.99999999999997,273.0,457.58493450132767,37.62597380053105,54.28298690026552,462.32707994864086
1.6352,-15.5578,-98.7688,21.2,100.0,170.99999999999997,276.0,457.6395861104991,37.654571086314434,54.29353178711102,462.38473708914887
2.4472,-15.4508,-98.7688,20.7,100.0,170.99999999999997,278.99999999999994,457.58135223972903,37.67298690026553,54.29945511315449,462.3292968059801
3.2525,-15.3016,-98.7688,20.9,100.0,170.99999999999997,282.0,457.5353983939673,37.561089773690995,54.310544886845484,462.27601228532257
4.0488,-15.1104,-98.7688,20.5,100.0,170.99999999999997,284.99999999999994,457.64722509128495,37.60298690026553,54.32402619946894,462.39168145642
4.8341,-14.8778,-98.7688,20.9,100.0,170.99999999999997,287.99999999999994,457.5799999999999,37.7,54.357013099734466,462.3369239776601
5.6061,-14.6044,-98.7688,20.7,100.0,170.99999999999997,291.0,457.6427244342274,37.690544886845494,54.3683653394635,462.3995669884811
6.3628,-14.291,-98.7688,20.9,100.0,170.99999999999997,294.0,457.7428354768028,37.79592332604348,54.348910226309,462.5049613714418
7.102,-13.9384,-98.7688,21.6,100.0,170.99999999999997,296.99999999999994,457.6440766739564,37.750544886845496,54.33891022630901,462.40233749257226
7.8217,-13.5476,-98.7688,21.5,100.0,170.99999999999997,300.0,457.58901117528416,37.75592332604348,54.32950558764208,462.347172665708
8.52,-13.1197,-98.7688,20.9,100.0,170.99999999999997,303.0,457.69945511315456,37.74537843919798,54.32646821288896,462.45526265021886
9.195,-12.6558,-98.7688,19.6,100.0,170.99999999999997,305.99999999999994,457.66701309973445,37.817013099734474,54.33,462.4294219223275
9.8447,-12.1572,-98.7688,20.5,100.0,170.99999999999997,309.0,457.6823915389324,37.70651868737655,54.34054488684549,462.43685827896263
10.4675,-11.6253,-98.7688,20.7,100.0,170.99999999999997,311.99999999999994,457.7070635742221,37.78462156080201,54.37163466053648,462.4713054102804
11.0616,-11.0616,-98.7688,22.0,100.0,170.99999999999997,314.99999999999994,457.696306695826,37.8105448868455,54.422936425777934,462.46881243695134
11.6253,-10.4675,-98.7688,20.8,100.0,170.99999999999997,318.0,457.7104439378703,37.8394551131545,54.44945511315451,462.4882895978904
12.1572,-9.8447,-98.7688,21.1,100.0,170.99999999999997,321.0,457.7710897736909,37.76108977369099,54.43945511315449,462.5407277273067
12.6558,-9.195,-98.7688,21.7,100.0,170.99999999999997,323.99999999999994,457.7351159731599,37.72945511315449,54.43353178711102,462.5018460081172
13.1197,-8.52,-98.7688,20.9,100.0,170.99999999999997,327.0,457.8464682128889,37.806468212888966,54.43353178711102,462.61833824067816
13.5476,-7.8217,-98.7688,20.7,100.0,170.99999999999997,329.99999999999994,457.7856103855179,37.69597380053105,54.47402619946894,462.55385745574745
13.9384,-7.102,-98.7688,20.5,100.0,170.99999999999997,332.99999999999994,457.77706357422204,37.78402619946894,54.49701309973446,462.5552907569776
14.291,-6.3628,-98.7688,21.1,100.0,170.99999999999997,335.99999999999994,457.79646821288895,37.74298690026553,54.47999999999999,462.56914052749806
14.6044,-5.6061,-98.7688,22.0,100.0,170.99999999999997,339.0,457.8329364257779,37.83592332604348,54.44646821288897,462.6088765588505
14.8778,-4.8341,-98.7688,19.7,100.0,170.99999999999997,341.99999999999994,457.87859728578337,37.75646821288897,54.45701309973447,462.64881607981243
15.1104,-4.0488,-98.7688,21.3,100.0,170.99999999999997,345.0,457.8961552723633,37.66701309973447,54.464571086314436,462.6597911994125
15.3016,-3.2525,-98.7688,21.2,100.0,170.99999999999997,347.99999999999994,457.91950558764205,37.73407667395652,54.50646821288896,462.693299299989
15.4508,-2.4472,-98.7688,20.9,100.0,170.99999999999997,351.0,457.91810287342554,37.66298690026552,54.52353178711102,462.6881293484703
15.5578,-1.6352,-98.7688,20.1,100.0,170.99999999999997,353.99999999999994,457.95438961448207,37.71646821288897,54.503531787111015,462.7260419718079
15.622,-0.8187,-98.7688,20.2,100.0,170.99999999999997,356.99999999999994,457.996730678927,37.774026199468935,54.501897126574534,462.7724485730535
10.4385,-0.5471,-99.4522,21.3,100.0,173.99999999999997,356.99999999999994,457.8383148649759,37.87353178711103,54.37348131262345,462.60869256693
10.3956,-1.0926,-99.4522,21.3,100.0,173.99999999999997,353.99999999999994,457.8450960183905,37.778910226309,54.37054488684549,462.60732177222314
10.3242,-1.6352,-99.4522,19.3,100.0,173.99999999999997,351.0,457.785973800531,37.73706357422204,54.37054488684549,462.5453922881492
10.2244,-2.1733,-99.4522,20.6,100.0,173.99999999999997,347.99999999999994,457.8634813126235,37.71353178711102,54.39999999999999,462.62364617426607
10.0967,-2.7054,-99.4522,21.0,100.0,173.99999999999997,345.0,457.85412714844404,37.68244201342003,54.41293642577794,462.6133761938084
9.9412,-3.2301,-99.4522,21.0,100.0,173.99999999999997,341.99999999999994,457.8769626252469,37.7094551131545,54.38646821288897,462.6350655025237
9.7586,-3.746,-99.4522,21.6,100.0,173.99999999999997,339.0,457.92,37.61999999999999,54.36402619946894,462.6677405488917
9.5492,-4.2516,-99.4522,20.0,100.0,173.99999999999997,335.99999999999994,457.7946720352895,37.81,54.33,462.5551931866059
9.3136,-4.7455,-99.4522,20.6,100.0,173.99999999999997,332.99999999999994,457.8614027142166,37.89,54.32407667395652,462.6270868657692
9.0524,-5.2264,-99.4522,21.5,100.0,173.99999999999997,329.99999999999994,457.87257301076477,37.766468212888974,54.34054488684549,462.6299753100447
8.7665,-5.693,-99.4522,21.9,100.0,173.99999999999997,327.0,457.8348335523524,37.695923326043484,54.36646821288896,462.5899159247381
8.4565,-6.144,-99.4522,20.5,100.0,173.99999999999997,323.99999999999994,457.7770130997344,37.69,54.34651868737655,462.5298627288316
8.1234,-6.5782,-99.4522,20.9,100.0,173.99999999999997,321.0,457.8040766739565,37.607013099734466,54.36755798657995,462.55236613274565
7.768,-6.9943,-99.4522,21.3,100.0,173.99999999999997,318.0,457.80184665208685,37.593531787111026,54.37896070079658,462.55040352072785
7.3913,-7.3913,-99.4522,21.3,100.0,173.99999999999997,314.99999999999994,457.8270130997344,37.547013099734464,54.37,462.57048005307905
6.9943,-7.768,-99.4522,20.2,100.0,173.99999999999997,311.99999999999994,457.7645206118268,37.67054488684549,54.337557986579974,462.5148608325925
6.5782,-8.1234,-99.4522,23.0,100.0,173.99999999999997,309.0,457.82729552054184,37.63108977369099,54.28597380053106,462.56772303380734
6.144,-8.4565,-99.4522,20.1,100.0,173.99999999999997,305.99999999999994,457.7999495255124,37.75755798657996,54.262986900265524,462.5482663658032
5.693,-8.7665,-99.4522,21.0,100.0,173.99999999999997,303.0,457.72701309973445,37.65701309973446,54.23597380053105,462.4647121790915
5.2264,-9.0524,-99.4522,21.3,100.0,173.99999999999997,300.0,457.764621560802,37.595923326043476,54.24049441235792,462.4974956013698
4.7455,-9.3136,-99.4522,21.8,100.0,173.99999999999997,296.99999999999994,457.69108977369103,37.739999999999995,54.230544886845486,462.43528547998267
4.2516,-9.5492,-99.4522,20.5,100.0,173.99999999999997,294.0,457.76090830185865,37.60298690026553,54.25597380053105,462.4962102398333
3.746,-9.7586,-99.4522,20.4,100.0,173.99999999999997,291.0,457.74547938817307,37.71402619946894,54.249949525512406,462.48927414157754
3.2301,-9.9412,-99.4522,20.7,100.0,173.99999999999997,287.99999999999994,457.8378709271055,37.75,54.25239153893245,462.583938915694
2.7054,-10.0967,-99.4522,21.9,100.0,173.99999999999997,284.99999999999994,457.81244201342,37.779455113154505,54.21054488684548,462.55626951525215
2.1733,-10.2244,-99.4522,21.2,100.0,173.99999999999997,282.0,457.7470130997345,37.717013099734466,54.2,462.48517930728764
1.6352,-10.3242,-99.4522,21.3,100.0,173.99999999999997,278.99999999999994,457.74891022630896,37.717013099734466,54.1994551131545,462.4869931415389
1.0926,-10.3956,-99.4522,21.8,100.0,173.99999999999997,276.0,457.75488402683993,37.73701309973447,54.17402619946893,462.49155789352085
0.5471,-10.4385,-99.4522,20.4,100.0,173.99999999999997,273.0,457.7385972857833,37.6494551131545,54.19701309973447,462.47099492228347
0.0,-10.4528,-99.4522,20.7,100.0,173.99999999999997,270.0,457.66293642577796,37.63298690026552,54.1994551131545,462.395054056014
-0.5471,-10.4385,-99.4522,20.0,100.0,173.99999999999997,266.99999999999994,457.7799999999999,37.51108977369098,54.2,462.50108135658434
-1.0926,-10.3956,-99.4522,21.4,100.0,173.99999999999997,263.99999999999994,457.7491421726288,37.57,54.19,462.4741486394429
-1.6352,-10.3242,-99.4522,20.9,100.0,173.99999999999997,260.99999999999994,457.87021199155043,37.5094551131545,54.17348131262343,462.5871337700631
-2.1733,-10.2244,-99.4522,19.8,100.0,173.99999999999997,258.0,457.77864776027087,37.63108977369099,54.15760846106753,462.50452518543
-2.7054,-10.0967,-99.4522,20.9,100.0,173.99999999999997,254.99999999999997,457.69267395973986,37.7105448868455,54.14511597315993,462.424439855666
-3.2301,-9.9412,-99.4522,20.1,100.0,173.99999999999997,252.0,457.78743708283537,37.76103929920342,54.148910226309,462.52279740411046
-3.746,-9.7586,-99.4522,20.9,100.0,173.99999999999997,249.0,457.72805239893785,37.67646821288897,54.1394551131545,462.45601608139003
-4.2516,-9.5492,-99.4522,21.3,100.0,173.99999999999997,245.99999999999997,457.85994952551243,37.6305448868455,54.10298690026552,462.57856033274606
-4.7455,-9.3136,-99.4522,21.2,100.0,173.99999999999997,242.99999999999997,457.83,37.662442013420026,54.08005047448758,462.54883017659586
-5.2264,-9.0524,-99.4522,22.3,100.0,173.99999999999997,239.99999999999994,457.8247225097771,37.56542891368556,54.077557986579954,462.5354259604506
-5.693,-8.7665,-99.4522,21.8,100.0,173.99999999999997,236.99999999999997,457.8667811534146,37.50755798657997,54.089999999999996,462.5738149635207
-6.144,-8.4565,-99.4522,20.4,100.0,173.99999999999997,233.99999999999997,457.8415841860489,37.62108977369098,54.09,462.55809441166525
-6.5782,-8.1234,-99.4522,20.7,100.0,173.99999999999997,231.0,457.9118466520869,37.453531787111025,54.12,462.617553436586
-6.9943,-7.768,-99.4522,21.0,100.0,173.99999999999997,228.0,457.86945511315446,37.53054488684549,54.13727556577251,462.5838565393359
-7.3913,-7.3913,-99.4522,21.2,100.0,173.99999999999997,224.99999999999997,457.8518466520869,37.50407667395652,54.13701309973447,462.5642500639808
-7.768,-6.9943,-99.4522,20.5,100.0,173.99999999999997,221.99999999999997,457.8961857920815,37.57353178711102,54.14999999999999,462.6152934716852
-8.1234,-6.5782,-99.4522,21.7,100.0,173.99999999999997,219.0,457.9036127813167,37.608910226309,54.139999999999986,462.6243490420631
-8.4565,-6.144,-99.4522,21.0,100.0,173.99999999999997,215.99999999999994,457.88163466053646,37.59537843919799,54.12542891368555,462.5997902015109
-8.7665,-5.693,-99.4522,21.4,100.0,173.99999999999997,212.99999999999997,457.928415813951,37.65,54.10244201342003,462.6478474408914
-9.0524,-5.2264,-99.4522,19.7,100.0,173.99999999999997,209.99999999999997,457.8821795473819,37.77,54.08054488684549,462.60930447011003
-9.3136,-4.7455,-99.4522,21.3,100.0,173.99999999999997,207.0,457.94506549867236,37.77402619946894,54.06999999999999,462.6706441626716
-9.5492,-4.2516,-99.4522,20.2,100.0,173.99999999999997,204.0,457.9216346605365,37.673531787111024,54.056468212888966,462.63767706829003
-9.7586,-3.746,-99.4522,20.4,100.0,173.99999999999997,200.99999999999997,457.93976805368015,37.59646821288898,54.0705448868455,462.65100174051446
-9.9412,-3.2301,-99.4522,21.1,100.0,173.99999999999997,197.99999999999997,457.9375579865799,37.612986900265525,54.11239153893245,462.6550493794859
-10.0967,-2.7054,-99.4522,22.2,100.0,173.99999999999997,194.99999999999997,457.9950654986723,37.603531787111024,54.112986900265525,462.71127171840726
-10.2244,-2.1733,-99.4522,21.4,100.0,173.99999999999997,192.0,457.9216346605365,37.642179547381986,54.0905448868455,462.63910796365997
-10.3242,-1.6352,-99.4522,19.9,100.0,173.99999999999997,188.99999999999997,457.89734599502947,37.5794551131545,54.08,462.6087345866843
-10.3956,-1.0926,-99.4522,20.9,100.0,173.99999999999997,186.0,457.93864776027095,37.686468212888975,54.05298690026552,462.65516358483114
-10.4385,-0.5471,-99.4522,20.8,100.0,173.99999999999997,182.99999999999997,457.9191926471165,37.70701309973447,54.06054488684549,462.6384639704671
-10.4528,0.0,-99.4522,19.3,100.0,173.99999999999997,180.0,457.87212907289444,37.78646821288898,54.077013099734465,462.60028870239347
-10.4385,0.5471,-99.4522,20.9,100.0,173.99999999999997,176.99999999999997,457.9620785984068,37.65,54.129999999999995,462.68439009131623
-10.3956,1.0926,-99.4522,21.0,100.0,173.99999999999997,173.99999999999997,458.0104439378703,37.56755798657996,54.14353178711102,462.72714444218855
-10.3242,1.6352,-99.4522,21.1,100.0,173.99999999999997,170.99999999999997,458.03381420791845,37.557557986579965,54.14353178711102,462.7494647799727
-10.2244,2.1733,-99.4522,20.4,100.0,173.99999999999997,167.99999999999997,457.9943896144821,37.56298690026553,54.11353178711103,462.7073732130127
-10.0967,2.7054,-99.4522,21.2,100.0,173.99999999999997,164.99999999999997,458.0601615170629,37.627557986579966,54.1,462.77613885016933
-9.9412,3.2301,-99.4522,20.5,100.0,173.99999999999997,161.99999999999997,457.9294551131545,37.68108977369099,54.081089773690984,462.6489107929182
-9.7586,3.746,-99.4522,22.2,100.0,173.99999999999997,159.0,457.871685135024,37.79597380053105,54.08646821288897,462.60173121991323
-9.5492,4.2516,-99.4522,20.7,100.0,173.99999999999997,155.99999999999997,457.90488402684,37.897013099734465,54.10701309973447,462.645258577336
-9.3136,4.7455,-99.4522,22.4,100.0,173.99999999999997,152.99999999999997,457.86249248790756,37.87244201342003,54.148910226309,462.6061914522934
-9.0524,5.2264,-99.4522,20.1,100.0,173.99999999999997,150.0,457.97755798657994,37.791897126574526,54.15994952551241,462.7147839008203
-8.7665,5.693,-99.4522,20.1,100.0,173.99999999999997,147.0,457.92005047448754,37.82298690026552,54.1494551131545,462.65917742293453
-8.4565,6.144,-99.4522,20.6,100.0,173.99999999999997,143.99999999999997,457.9056103855179,37.75005047448758,54.15407667395651,462.6394690833985
-8.1234,6.5782,-99.4522,21.5,100.0,173.99999999999997,141.0,457.91194760106214,37.79701309973446,54.129999999999995,462.6467581806441
-7.768,6.9943,-99.4522,20.6,100.0,173.99999999999997,138.0,458.03101934443396,37.727013099734464,54.135923326043475,462.75959243811684
-7.3913,7.3913,-99.4522,21.3,100.0,173.99999999999997,135.0,457.9629869002655,37.799455113154494,54.1305448868455,462.6975384278707
-6.9943,7.768,-99.4522,20.4,100.0,173.99999999999997,131.99999999999997,457.9165186873765,37.74244201342003,54.13701309973447,462.6476480036007
-6.5782,8.1234,-99.4522,20.0,100.0,173.99999999999997,129.0,457.88924312160395,37.72999999999999,54.159455113154486,462.62226323927507
-6.144,8.4565,-99.4522,21.3,100.0,173.99999999999997,126.0,458.01112029340914,37.76701309973447,54.17701309973447,462.7479684874997
-5.693,8.7665,-99.4522,20.8,100.0,173.99999999999997,122.99999999999999,457.91272443422747,37.78940463866692,54.19348131262344,462.6543371876063
-5.2264,9.0524,-99.4522,22.4,100.0,173.99999999999997,119.99999999999997,457.94031294052564,37.928910226309,54.190544886845494,462.69271401455546
-4.7455,9.3136,-99.4522,20.9,100.0,173.99999999999997,116.99999999999999,457.93103929920335,37.82999999999999,54.237013099734455,462.68088272980253
-4.2516,9.5492,-99.4522,21.4,100.0,173.99999999999997,114.0,457.8361353175938,37.88706357422205,54.236518687376545,462.5915653664184
-3.746,9.7586,-99.4522,21.6,100.0,173.99999999999997,110.99999999999999,457.8402824208074,37.917013099734476,54.24592332604347,462.59922642289956
-3.2301,9.9412,-99.4522,21.4,100.0,173.99999999999997,107.99999999999997,457.8029869002656,37.92646821288897,54.21592332604347,462.55957253958485
-2.7054,10.0967,-99.4522,21.3,100.0,173.99999999999997,104.99999999999999,457.88488402684,37.85651868737655,54.22646821288897,462.63613443206515
-2.1733,10.2244,-99.4522,20.5,100.0,173.99999999999997,102.0,457.87945511315456,37.808910226309,54.219455113154496,462.6260459809713
-1.6352,10.3242,-99.4522,22.8,100.0,173.99999999999997,98.99999999999999,457.8691421726288,37.80701309973447,54.21999999999999,462.6157476712422
-1.0926,10.3956,-99.4522,20.0,100.0,173.99999999999997,96.0,457.85701309973456,37.86,54.23353178711102,462.60966269060367
-0.5471,10.4385,-99.4522,22.7,100.0,173.99999999999997,93.0,457.86623626656905,37.78,54.25244201342002,462.6144681885048
0.0,10.4528,-99.4522,23.0,100.0,173.99999999999997,90.0,457.81810287342546,37.83348131262344,54.27483355235248,462.57382673903044
0.5471,10.4385,-99.4522,20.7,100.0,173.99999999999997,86.99999999999999,457.80597380053104,37.86,54.257013099734465,462.56190149855325
1.0926,10.3956,-99.4522,19.5,100.0,173.99999999999997,83.99999999999999,457.788647760271,37.91108977369098,54.25005047448757,462.54812152087567
1.6352,10.3242,-99.4522,20.5,100.0,173.99999999999997,80.99999999999999,457.85587285155583,37.88,54.266468212888974,462.61403380892
2.1733,10.2244,-99.4522,21.5,100.0,173.99999999999997,77.99999999999999,457.8195760168991,37.87646821288897,54.28353178711102,462.5798232217414
2.7054,10.0967,-99.4522,20.6,100.0,173.99999999999997,75.0,457.92054488684545,37.849455113154505,54.30348131262344,462.6798836825506
3.2301,9.9412,-99.4522,20.1,100.0,173.99999999999997,71.99999999999999,457.823531787111,37.83701309973447,54.29108977369099,462.58139634787335
3.746,9.7586,-99.4522,20.8,100.0,173.99999999999997,69.0,457.7913217200108,37.85,54.338647760270966,462.5561645709299
4.2516,9.5492,-99.4522,20.6,100.0,173.99999999999997,65.99999999999999,457.876730678927,37.80298690026552,54.35999999999999,462.639358373025
4.7455,9.3136,-99.4522,21.5,100.0,173.99999999999997,63.0,457.8214027142167,37.79592332604347,54.369455113154494,462.5851340592156
5.2264,9.0524,-99.4522,22.4,100.0,173.99999999999997,59.999999999999986,457.893531787111,37.81755798657997,54.350050474487574,462.656008424317
5.693,8.7665,-99.4522,20.5,100.0,173.99999999999997,57.0,457.88262348525234,37.83701309973446,54.349455113154505,462.6467331789382
6.144,8.4565,-99.4522,20.9,100.0,173.99999999999997,53.999999999999986,457.8818971265745,37.7705448868455,54.349999999999994,462.64064702237323
6.5782,8.1234,-99.4522,20.9,100.0,173.99999999999997,51.0,457.8834813126234,37.78298690026553,54.343531787111026,462.6424710347829
6.9943,7.768,-99.4522,20.7,100.0,173.99999999999997,48.0,457.88,37.66701309973447,54.362986900265525,462.6318543081248
7.3913,7.3913,-99.4522,21.4,100.0,173.99999999999997,45.0,457.8780523989379,37.85,54.369455113154494,462.64562141875484
7.768,6.9943,-99.4522,20.6,100.0,173.99999999999997,41.99999999999999,457.8697375339619,37.64244201342003,54.39592332604347,462.623568859873
8.1234,6.5782,-99.4522,21.1,100.0,173.99999999999997,38.99999999999999,457.91402619946894,37.773531787111025,54.37407667395652,462.67551837980915
8.4565,6.144,-99.4522,20.1,100.0,173.99999999999997,35.99999999999999,457.918153347913,37.862986900265525,54.40244201342002,462.69024912958344
8.7665,5.693,-99.4522,20.7,100.0,173.99999999999997,32.99999999999999,457.8856608600053,37.709999999999994,54.412442013420026,462.6467727835866
9.0524,5.2264,-99.4522,21.1,100.0,173.99999999999997,29.999999999999993,457.945973800531,37.653531787111014,54.43244201342003,462.7042188263513
9.3136,4.7455,-99.4522,22.3,100.0,173.99999999999997,26.999999999999993,457.97722509128494,37.78755798657996,54.416468212888965,462.7441952673928
9.5492,4.2516,-99.4522,21.6,100.0,173.99999999999997,24.0,457.93402619946886,37.827013099734465,54.40999999999998,462.7039046423785
9.7586,3.746,-99.4522,21.3,100.0,173.99999999999997,20.999999999999996,457.84896070079657,37.76945511315451,54.36810287342546,462.6100876163419
9.9412,3.2301,-99.4522,19.8,100.0,173.99999999999997,17.999999999999996,457.9580523989379,37.70103929920341,54.38597380053105,462.7145775394379
10.0967,2.7054,-99.4522,20.5,100.0,173.99999999999997,14.999999999999996,457.92191708134396,37.77293642577795,54.39999999999999,462.6863266508738
10.2244,2.1733,-99.4522,20.3,100.0,173.99999999999997,12.0,458.0068616762717,37.7594551131545,54.406468212888974,462.7700569142194
10.3242,1.6352,-99.4522,20.3,100.0,173.99999999999997,8.999999999999998,457.9953279647104,37.7194551131545,54.42646821288897,462.7577316195425
10.3956,1.0926,-99.4522,20.3,100.0,173.99999999999997,6.0,457.97566086000535,37.70049441235792,54.436518687376555,462.73790398658286
10.4385,0.5471,-99.4522,20.9,100.0,173.99999999999997,3.0,457.9810698189216,37.68348131262344,54.42353178711102,462.74034391708864
10.4528,0.0,-99.4522,22.4,100.0,173.99999999999997,0.0,458.03701309973434,37.72402619946894,54.414026199468935,462.7978973258856
5.2336,0.0,-99.863,20.5,100.0,176.99999999999997,0.0,457.83490398160944,37.682986900265526,54.27189712657454,462.57782655818323
5.2264,0.2739,-99.863,22.3,100.0,176.99999999999997,3.0,457.9009587763463,37.64701309973447,54.269999999999996,462.64005289601624
5.2049,0.5471,-99.863,20.8,100.0,176.99999999999997,6.0,457.8285672374138,37.64407667395652,54.27298690026553,462.5685144866371
5.1692,0.8187,-99.863,19.3,100.0,176.99999999999997,8.999999999999998,457.880332895295,37.591584186048905,54.29298690026553,462.617828104879
5.1192,1.0881,-99.863,20.8,100.0,176.99999999999997,12.0,457.8689607007965,37.63999999999999,54.30298690026552,462.61168290426684
5.0553,1.3546,-99.863,20.6,100.0,176.99999999999997,14.999999999999996,457.79836533946343,37.690544886845494,54.290544886845495,462.54446677639845
4.9774,1.6173,-99.863,20.7,100.0,176.99999999999997,17.999999999999996,457.7557113344929,37.74701309973447,54.307013099734476,462.5087890290452
4.886,1.8756,-99.863,22.9,100.0,176.99999999999997,20.999999999999996,457.83732604026005,37.72189712657453,54.29701309973447,462.5863425027548
4.7811,2.1287,-99.863,20.7,100.0,176.99999999999997,24.0,457.8554289136855,37.71999999999999,54.29,462.6032817498541
4.6632,2.376,-99.863,20.5,100.0,176.99999999999997,26.999999999999993,457.7840261994689,37.78592332604347,54.28298690026552,462.53716965430147
4.5324,2.6168,-99.863,23.1,100.0,176.99999999999997,29.999999999999993,457.8543391399946,37.804026199468936,54.260544886845494,462.60560631884766
4.3893,2.8504,-99.863,20.6,100.0,176.99999999999997,32.99999999999999,457.8476084610675,37.69701309973447,54.262986900265524,462.5904983000612
4.2341,3.0762,-99.863,21.0,100.0,176.99999999999997,35.99999999999999,457.94194760106217,37.66298690026552,54.26945511315451,462.68185799011206
4.0673,3.2936,-99.863,21.1,100.0,176.99999999999997,38.99999999999999,457.8930373747531,37.65402619946894,54.25755798657996,462.63132401943386
3.8893,3.502,-99.863,20.4,100.0,176.99999999999997,41.99999999999999,457.85620574685095,37.76298690026553,54.24999999999999,462.6028651235661
3.7007,3.7007,-99.863,21.8,100.0,176.99999999999997,45.0,457.7449345013276,37.78298690026553,54.24597380053105,462.49389707789464
3.502,3.8893,-99.863,21.1,100.0,176.99999999999997,48.0,457.778910226309,37.778365339463505,54.277820452618016,462.53088256763533
3.2936,4.0673,-99.863,21.1,100.0,176.99999999999997,51.0,457.8351159731599,37.7,54.283531787111016,462.5807877997519
3.0762,4.2341,-99.863,20.6,100.0,176.99999999999997,53.999999999999986,457.8348840268401,37.71999999999999,54.27407667395652,462.58107919658863
2.8504,4.3893,-99.863,22.5,100.0,176.99999999999997,57.0,457.803531787111,37.7094551131545,54.29,462.5510575295266
2.6168,4.5324,-99.863,22.2,100.0,176.99999999999997,59.999999999999986,457.76646821288887,37.69646821288898,54.29,462.5133157389387
2.376,4.6632,-99.863,21.1,100.0,176.99999999999997,63.0,457.85483355235243,37.680544886845496,54.27298690026553,462.5974807295197
2.1287,4.7811,-99.863,19.8,100.0,176.99999999999997,65.99999999999999,457.83537843919794,37.70701309973447,54.26706357422205,462.57968694748774
1.8756,4.886,-99.863,21.8,100.0,176.99999999999997,69.0,457.83782045261796,37.72054488684549,54.26353178711103,462.5827928332127
1.6173,4.9774,-99.863,22.1,100.0,176.99999999999997,71.99999999999999,457.87412714844413,37.68,54.25054488684549,462.6138998478853
1.3546,5.0553,-99.863,20.4,100.0,176.99999999999997,75.0,457.8886278055015,37.72999999999999,54.265378439197974,462.6340666993239
1.0881,5.1192,-99.863,22.0,100.0,176.99999999999997,77.99999999999999,457.85701309973456,37.72348131262344,54.24945511315449,462.6003770718616
0.8187,5.1692,-99.863,21.4,100.0,176.99999999999997,80.99999999999999,457.8134813126235,37.76,54.2594551131545,462.56144428687554
0.5471,5.2049,-99.863,21.0,100.0,176.99999999999997,83.99999999999999,457.80511597315984,37.733531787111026,54.266518687376546,462.5518335092562
0.2739,5.2264,-99.863,20.5,100.0,176.99999999999997,86.99999999999999,457.7772755657724,37.703531787111025,54.275923326043475,462.5229358491721
0.0,5.2336,-99.863,20.6,100.0,176.99999999999997,90.0,457.7968316279022,37.6694551131545,54.27293642577795,462.5391643151359
-0.2739,5.2264,-99.863,21.0,100.0,176.99999999999997,93.0,457.79480303263426,37.65298690026552,54.25646821288896,462.53388356869186
-0.5471,5.2049,-99.863,21.2,100.0,176.99999999999997,96.0,457.8473260402601,37.64646821288897,54.236468212888965,462.58299257033656
-0.8187,5.1692,-99.863,20.1,100.0,176.99999999999997,98.99999999999999,457.83571133449306,37.64755798657996,54.22054488684548,462.56971872717804
-1.0881,5.1192,-99.863,20.6,100.0,176.99999999999997,102.0,457.8256608600055,37.72348131262344,54.22298690026551,462.5662429237903
-1.3546,5.0553,-99.863,20.6,100.0,176.99999999999997,104.99999999999999,457.8370130997344,37.739999999999995,54.209999999999994,462.5773040953116
-1.6173,4.9774,-99.863,20.0,100.0,176.99999999999997,107.99999999999997,457.8100504744876,37.709999999999994,54.19592332604347,462.54652146634425
-1.8756,4.886,-99.863,21.8,100.0,176.99999999999997,110.99999999999999,457.81896070079665,37.7194551131545,54.190544886845494,462.55548124124965
-2.1287,4.7811,-99.863,21.0,100.0,176.99999999999997,114.0,457.8236327360861,37.75,54.19701309973447,462.5633550343125
-2.376,4.6632,-99.863,18.8,100.0,176.99999999999997,116.99999999999999,457.85999999999996,37.6694551131545,54.21646821288898,462.59506360747207
-2.6168,4.5324,-99.863,20.9,100.0,176.99999999999997,119.99999999999997,457.83989905102476,37.766468212888974,54.20646821288897,462.58190678024
-2.8504,4.3893,-99.863,19.4,100.0,176.99999999999997,122.99999999999999,457.7910392992034,37.88348131262344,54.16592332604347,462.5383671316051
-3.0762,4.2341,-99.863,20.5,100.0,176.99999999999997,126.0,457.75597380053097,37.89999999999999,54.169999999999995,462.5054923458449
-3.2936,4.0673,-99.863,21.2,100.0,176.99999999999997,129.0,457.6716346605364,37.88,54.16592332604347,462.4199031428149
-3.502,3.8893,-99.863,20.9,100.0,176.99999999999997,131.99999999999997,457.7345710863145,37.80542891368555,54.14298690026552,462.4734057796214
-3.7007,3.7007,-99.863,20.8,100.0,176.99999999999997,135.0,457.7332188465853,37.849455113154505,54.15940463866692,462.47759080720175
-3.8893,3.502,-99.863,21.8,100.0,176.99999999999997,138.0,457.75,37.88298690026553,54.15298690026552,462.49619369969525
-4.0673,3.2936,-99.863,20.5,100.0,176.99999999999997,141.0,457.8273260402602,37.89244201342002,54.1494551131545,462.5730873277937
-4.2341,3.0762,-99.863,20.4,100.0,176.99999999999997,143.99999999999997,457.81293642577793,37.82646821288897,54.13597380053106,462.5518674868645
-4.3893,2.8504,-99.863,19.7,100.0,176.99999999999997,147.0,457.87,37.81,54.138365339463505,462.6072801001182
-4.5324,2.6168,-99.863,21.8,100.0,176.99999999999997,150.0,457.7838952021242,37.867013099734464,54.12,462.52457209052676
-4.6632,2.376,-99.863,21.1,100.0,176.99999999999997,152.99999999999997,457.8494046386669,37.81646821288897,54.14054488684549,462.5876794692253
-4.7811,2.1287,-99.863,20.5,100.0,176.99999999999997,155.99999999999997,457.8220785984068,37.81298690026553,54.124076673956516,462.55842150618525
-4.886,1.8756,-99.863,20.1,100.0,176.99999999999997,159.0,457.8032693210729,37.81,54.13407667395652,462.5407309182669
-4.9774,1.6173,-99.863,21.0,100.0,176.99999999999997,161.99999999999997,457.8109888247158,37.77298690026553,54.14462156080201,462.54658151584493
-5.0553,1.3546,-99.863,19.7,100.0,176.99999999999997,164.99999999999997,457.8605448868455,37.829455113154495,54.145923326043466,462.6003969421849
-5.1192,1.0881,-99.863,20.7,100.0,176.99999999999997,167.99999999999997,457.82114024817855,37.75,54.14054488684549,462.5542752572793
-5.1692,0.8187,-99.863,21.4,100.0,176.99999999999997,170.99999999999997,457.8121795473821,37.69108977369098,54.1294551131545,462.53930416895366
-5.2049,0.5471,-99.863,19.5,100.0,176.99999999999997,173.99999999999997,457.7902319463198,37.75701309973447,54.12592332604348,462.522544401433
-5.2264,0.2739,-99.863,20.9,100.0,176.99999999999997,176.99999999999997,457.78168513502396,37.779455113154505,54.1,462.51288465696723
-5.2336,0.0,-99.863,21.5,100.0,176.99999999999997,180.0,457.77122077103564,37.85891022630901,54.10054488684549,462.5090881342566
-5.2264,-0.2739,-99.863,20.3,100.0,176.99999999999997,182.99999999999997,457.7229869002654,37.862986900265525,54.09,462.46044870227576
-5.2049,-0.5471,-99.863,19.7,100.0,176.99999999999997,186.0,457.70135223972903,37.85,54.08701309973447,462.43762317541524
-5.1692,-0.8187,-99.863,20.9,100.0,176.99999999999997,188.99999999999997,457.77348131262335,37.86592332604348,54.08646821288897,462.5102532767856
-5.1192,-1.0881,-99.863,20.9,100.0,176.99999999999997,192.0,457.750595361333,37.86353178711102,54.09348131262344,462.48822613507417
-5.0553,-1.3546,-99.863,21.1,100.0,176.99999999999997,194.99999999999997,457.7872450460543,37.72244201342002,54.09,462.51256464912603
-4.9774,-1.6173,-99.863,21.3,100.0,176.99999999999997,197.99999999999997,457.8018971265746,37.67646821288897,54.1,462.52448937292786
-4.886,-1.8756,-99.863,19.6,100.0,176.99999999999997,200.99999999999997,457.778910226309,37.6005448868455,54.12298690026552,462.4982479261744
-4.7811,-2.1287,-99.863,20.5,100.0,176.99999999999997,204.0,457.78343083813587,37.760544886845494,54.12353178711103,462.5158213436555
-4.6632,-2.376,-99.863,20.7,100.0,176.99999999999997,207.0,457.6884662884387,37.69298690026553,54.16244201342002,462.42087275531145
-4.5324,-2.6168,-99.863,21.1,100.0,176.99999999999997,209.99999999999997,457.68033289529507,37.61402619946894,54.1594551131545,462.40604306630365
-4.3893,-2.8504,-99.863,21.0,100.0,176.99999999999997,212.99999999999997,457.76755798657985,37.703481312623445,54.15701309973446,462.4993748276563
-4.2341,-3.0762,-99.863,21.3,100.0,176.99999999999997,215.99999999999994,457.77755798657984,37.787013099734466,54.14353178711102,462.51451111239516
-4.0673,-3.2936,-99.863,22.0,100.0,176.99999999999997,219.0,457.7489607007966,37.68701309973447,54.15353178711101,462.4792178942278
-3.8893,-3.502,-99.863,20.0,100.0,176.99999999999997,221.99999999999997,457.7429869002655,37.75,54.157013099734456,462.4788499210115
-3.7007,-3.7007,-99.863,21.3,100.0,176.99999999999997,224.99999999999997,457.72108977369095,37.788910226309,54.15163466053648,462.4597250530207
-3.502,-3.8893,-99.863,20.5,100.0,176.99999999999997,228.0,457.7694046386669,37.70701309973447,54.127557986579966,462.4980423674609
-3.2936,-4.0673,-99.863,20.9,100.0,176.99999999999997,231.0,457.7298990510248,37.71298690026552,54.11353178711103,462.4577863856069
-3.0762,-4.2341,-99.863,20.4,100.0,176.99999999999997,233.99999999999997,457.71108977369096,37.77,54.108102873425466,462.44318721155463
-2.8504,-4.3893,-99.863,21.0,100.0,176.99999999999997,236.99999999999997,457.68234106444476,37.79054488684549,54.12244201342003,462.4180893245543
-2.6168,-4.5324,-99.863,20.7,100.0,176.99999999999997,239.99999999999994,457.67651868737653,37.70054488684549,54.121352239729035,462.4048524948872
-2.376,-4.6632,-99.863,20.6,100.0,176.99999999999997,242.99999999999997,457.65597380053094,37.63298690026552,54.13646821288898,462.38078382315257
-2.1287,-4.7811,-99.863,20.9,100.0,176.99999999999997,245.99999999999997,457.65462156080196,37.749455113154504,54.13646821288898,462.3889393009591
-1.8756,-4.886,-99.863,20.5,100.0,176.99999999999997,249.0,457.74455113154494,37.68,54.14054488684549,462.47276145873076
-1.6173,-4.9774,-99.863,22.5,100.0,176.99999999999997,252.0,457.73402619946893,37.65402619946894,54.14402619946894,462.46063616582023
-1.3546,-5.0553,-99.863,21.2,100.0,176.99999999999997,254.99999999999997,457.702936425778,37.78049441235792,54.13755798657996,462.43942193067005
-1.0881,-5.1192,-99.863,20.2,100.0,176.99999999999997,258.0,457.674288665507,37.782442013420024,54.147557986579955,462.41239761265626
-0.8187,-5.1692,-99.863,21.1,100.0,176.99999999999997,260.99999999999994,457.668910226309,37.69,54.15407667395651,462.40029358570484
-0.5471,-5.2049,-99.863,20.5,100.0,176.99999999999997,263.99999999999994,457.72402619946894,37.7105448868455,54.17701309973447,462.4592069624344
-0.2739,-5.2264,-99.863,20.4,100.0,176.99999999999997,266.99999999999994,457.6718466520869,37.74353178711103,54.16407667395651,462.40873760304123
0.0,-5.2336,-99.863,20.5,100.0,176.99999999999997,270.0,457.67651868737653,37.76298690026553,54.18646821288897,462.41757349263077
0.2739,-5.2264,-99.863,20.7,100.0,176.99999999999997,273.0,457.6175579865799,37.78298690026553,54.18646821288897,462.36085129916967
0.5471,-5.2049,-99.863,22.3,100.0,176.99999999999997,276.0,457.67189712657455,37.82298690026552,54.18054488684549,462.4172090242003
0.8187,-5.1692,-99.863,20.1,100.0,176.99999999999997,278.99999999999994,457.7018466520869,37.793481312623435,54.18597380053106,462.44507502531576
1.0881,-5.1192,-99.863,21.5,100.0,176.99999999999997,282.0,457.6949039816094,37.760544886845494,54.1805448868455,462.434876847672
1.3546,-5.0553,-99.863,20.4,100.0,176.99999999999997,284.99999999999994,457.72792140159316,37.71999999999999,54.19,462.4653549517229
1.6173,-4.9774,-99.863,20.4,100.0,176.99999999999997,287.99999999999994,457.78026246603804,37.66402619946894,54.17651868737655,462.5110190580465
1.8756,-4.886,-99.863,21.2,100.0,176.99999999999997,291.0,457.6886477602709,37.69298690026553,54.18298690026553,462.4234592011128
2.1287,-4.7811,-99.863,21.6,100.0,176.99999999999997,294.0,457.7000504744875,37.76891022630901,54.166518687376545,462.43901060652456
2.376,-4.6632,-99.863,20.8,100.0,176.99999999999997,296.99999999999994,457.6919476010621,37.67457108631444,54.19457108631443,462.42658200045196
2.6168,-4.5324,-99.863,21.7,100.0,176.99999999999997,300.0,457.7145206118269,37.682986900265526,54.208910226309,462.45129022261807
2.8504,-4.3893,-99.863,20.9,100.0,176.99999999999997,303.0,457.720262466038,37.613531787111015,54.20054488684549,462.4503384272842
3.0762,-4.2341,-99.863,21.0,100.0,176.99999999999997,305.99999999999994,457.7562362665691,37.539455113154496,54.22646821288897,462.48296442784897
3.2936,-4.0673,-99.863,20.2,100.0,176.99999999999997,309.0,457.7538447276366,37.59298690026553,54.227013099734464,462.4850094616425
3.502,-3.8893,-99.863,20.3,100.0,176.99999999999997,311.99999999999994,457.77750751209237,37.67244201342003,54.24244201342003,462.51670433273813
3.7007,-3.7007,-99.863,21.3,100.0,176.99999999999997,314.99999999999994,457.76719457156673,37.69348131262345,54.24999999999999,462.5090977044535
3.8893,-3.502,-99.863,20.4,100.0,176.99999999999997,318.0,457.71968705947427,37.58701309973448,54.259505587642074,462.45452686961346
4.0673,-3.2936,-99.863,22.6,100.0,176.99999999999997,321.0,457.7051159731599,37.54755798657996,54.2705448868455,462.4381951580929
4.2341,-3.0762,-99.863,21.7,100.0,176.99999999999997,323.99999999999994,457.69000000000005,37.57,54.30103929920342,462.42863651483964
4.3893,-2.8504,-99.863,20.8,100.0,176.99999999999997,327.0,457.79179617759934,37.580544886845495,54.28407667395652,462.52825533349727
4.5324,-2.6168,-99.863,21.3,100.0,176.99999999999997,329.99999999999994,457.7654289136855,37.65999999999999,54.28755798657996,462.5090295990736
4.6632,-2.376,-99.863,21.1,100.0,176.99999999999997,332.99999999999994,457.72914217262894,37.7,54.27755798657997,462.4752003027593
4.7811,-2.1287,-99.863,20.1,100.0,176.99999999999997,335.99999999999994,457.7414027142165,37.68701309973447,54.26945511315451,462.4853256844338
4.886,-1.8756,-99.863,20.7,100.0,176.99999999999997,339.0,457.6678709271056,37.70994952551242,54.266518687376546,462.4140735559568
4.9774,-1.6173,-99.863,20.7,100.0,176.99999999999997,341.99999999999994,457.7065386421459,37.708910226309,54.28,462.4538418331391
5.0553,-1.3546,-99.863,21.8,100.0,176.99999999999997,345.0,457.7129869002655,37.745973800531054,54.28298690026552,462.46359811570835
5.1192,-1.0881,-99.863,20.2,100.0,176.99999999999997,347.99999999999994,457.6986982347586,37.77701309973447,54.266468212888974,462.4500520670644
5.1692,-0.8187,-99.863,20.6,100.0,176.99999999999997,351.0,457.7050654986723,37.703481312623445,54.26945511315451,462.4507035831105
5.2049,-0.5471,-99.863,20.5,100.0,176.99999999999997,353.99999999999994,457.7439757249813,37.78,54.260544886845494,462.4944134191565
5.2264,-0.2739,-99.863,20.9,100.0,176.99999999999997,356.99999999999994,457.719838482937,37.719455113154496,54.27298690026553,462.4670420061906
0.0,0.0,-100.0,20.6,100.0,180.0,0.0,457.661685135024,37.72999999999999,54.234026199468936,462.405774767611
0.0,0.0,0.0,21.7,0.0,0.0,0.0,457.6132188465853,37.493531787111024,54.09298690026553,462.32204600342845
