Fecha procesado,2026-05-27 18:28:17
Fecha y Hora,2026-05-27 12:47:21
Medidor,VGM_GAUSSMETER
Firmware,AL-PRG-0VGM-01 4.01
Muestras por punto,5
T estabilizacion (s),3
Velocidad (mm/min),1000
Radio maximo (mm),85
Paso radial (mm),85
Resol theta (deg),4
Resol phi (deg),4
Sentido cascarones,adentro_afuera
Sigma (automatico),1.0
Archivo origen,Measurement_Spherical_85_85_4_4_R2.csv

X,Y,Z,T_robot (C),radio,theta_deg,phi_deg,x axis (gauss),y axis (gauss),z axis (gauss),Magnitude (gauss)
0.0,0.0,85.0,20.1,84.99999999999999,0.0,0.0,458.61587285155593,35.82755798657996,59.15646821288897,463.80127260939986
5.9293,0.0,84.7929,21.5,84.99999999999999,4.0,0.0,458.5702824208075,35.84701309973447,59.15646821288897,463.75769535296575
5.9149,0.4136,84.7929,21.3,84.99999999999999,4.0,4.0,458.5641271484441,35.83592332604348,59.15,463.7499268011203
5.8716,0.8252,84.7929,21.8,84.99999999999999,4.0,8.0,458.57402619946896,35.81810287342547,59.15298690026553,463.75871944090227
5.7997,1.2328,84.7929,21.5,84.99999999999999,4.0,12.0,458.540595361333,35.821039299203406,59.14646821288897,463.72505771508514
5.6996,1.6343,84.7929,21.4,84.99999999999999,4.0,16.0,458.54742698923513,35.89298690026552,59.12701309973447,463.7348951558064
5.5717,2.0279,84.7929,21.6,84.99999999999999,4.0,19.999999999999996,458.54800192445026,35.8,59.1305448868455,463.7287260969724
5.4167,2.4117,84.7929,21.7,84.99999999999999,4.0,24.0,458.5573459950295,35.71646821288897,59.14,463.732730425196
5.2353,2.7836,84.7929,21.2,84.99999999999999,4.0,28.0,458.56898065556595,35.727013099734464,59.14108977369099,463.7451864808229
5.0283,3.1421,84.7929,22.4,84.99999999999999,4.0,32.0,458.55571133449297,35.78597380053105,59.175973800531054,463.7410615780926
4.7969,3.4852,84.7929,20.1,84.99999999999999,4.0,35.99999999999999,458.5164177384013,35.767557986579966,59.18646821288896,463.7021258949486
4.5421,3.8113,84.7929,21.9,84.99999999999999,4.0,39.99999999999999,458.61430862027635,35.64298690026553,59.19701309973447,463.7906779424924
4.2652,4.1188,84.7929,20.9,84.99999999999999,4.0,43.99999999999999,458.6194046386669,35.680544886845496,59.17999999999999,463.7964337880871
3.9675,4.4063,84.7929,19.8,84.99999999999999,4.0,48.0,458.5939757249813,35.73945511315449,59.18244201342002,463.7761363693714
3.6504,4.6724,84.7929,21.3,84.99999999999999,4.0,52.0,458.5510392992034,35.76701309973447,59.182986900265526,463.735873970187
3.3156,4.9156,84.7929,21.6,84.99999999999999,4.0,56.0,458.6267306789269,35.738910226309,59.14272443422748,463.803417032376
2.9647,5.1349,84.7929,23.0,84.99999999999999,4.0,59.999999999999986,458.5246215608019,35.74511597315993,59.168102873425454,463.70616374062956
2.5992,5.3292,84.7929,20.5,84.99999999999999,4.0,64.0,458.55909169814123,35.77597380053106,59.14298690026552,463.73942443993866
2.2212,5.4976,84.7929,21.8,84.99999999999999,4.0,68.0,458.58158418604876,35.809999999999995,59.1283653394635,463.7624273723597
1.8323,5.6391,84.7929,21.8,84.99999999999999,4.0,71.99999999999999,458.52864776027087,35.7794551131545,59.1305448868455,463.70800247965536
1.4344,5.7532,84.7929,21.3,84.99999999999999,4.0,75.99999999999999,458.54869823475855,35.76597380053105,59.112986900265525,463.7245505199858
1.0296,5.8392,84.7929,22.0,84.99999999999999,4.0,79.99999999999999,458.55815334791293,35.809455113154506,59.12,463.73814968940076
0.6198,5.8968,84.7929,20.2,84.99999999999999,4.0,83.99999999999999,458.6076084610675,35.77646821288898,59.12945511315449,463.7857120245795
0.2069,5.9257,84.7929,20.7,84.99999999999999,4.0,87.99999999999999,458.50342074453573,35.75,59.10462156080201,463.677480178072
-0.2069,5.9257,84.7929,21.3,84.99999999999999,4.0,91.99999999999999,458.58950558764195,35.82298690026552,59.12646821288897,463.77102137682584
-0.6198,5.8968,84.7929,21.5,84.99999999999999,4.0,96.0,458.6240261994688,35.84646821288897,59.080544886845495,463.8011184493579
-1.0296,5.8392,84.7929,20.8,84.99999999999999,4.0,100.0,458.59353178711103,35.86999999999999,59.10353178711102,463.7757127822522
-1.4344,5.7532,84.7929,21.0,84.99999999999999,4.0,104.0,458.58239153893237,35.93402619946894,59.10353178711102,463.7696535330668
-1.8323,5.6391,84.7929,20.5,84.99999999999999,4.0,107.99999999999997,458.5635822615985,35.90646821288897,59.11348131262344,463.7501882576555
-2.2212,5.4976,84.7929,21.5,84.99999999999999,4.0,112.0,458.54755798657993,35.94,59.11293642577794,463.7368712840655
-2.5992,5.3292,84.7929,20.7,84.99999999999999,4.0,115.99999999999997,458.56592332604345,35.94,59.11597380053105,463.7554182909908
-2.9647,5.1349,84.7929,19.0,84.99999999999999,4.0,119.99999999999997,458.5585972857833,35.942986900265524,59.11293642577794,463.74801854552
-3.3156,4.9156,84.7929,21.5,84.99999999999999,4.0,124.0,458.54412714844403,35.947557986579966,59.12701309973447,463.735859240606
-3.6504,4.6724,84.7929,20.5,84.99999999999999,4.0,128.0,458.5915841860488,35.92999999999999,59.118910226309005,463.7803914921547
-3.9675,4.4063,84.7929,20.9,84.99999999999999,4.0,131.99999999999997,458.59217954738193,35.92,59.117013099734464,463.7799637542057
-4.2652,4.1188,84.7929,20.9,84.99999999999999,4.0,136.0,458.6230878492406,35.82244201342003,59.14,463.8059116270265
-4.5421,3.8113,84.7929,21.9,84.99999999999999,4.0,139.99999999999997,458.70207859840684,35.839999999999996,59.14,463.8853760472505
-4.7969,3.4852,84.7929,21.1,84.99999999999999,4.0,143.99999999999997,458.65891022630905,35.8105448868455,59.12,463.83786548219433
-5.0283,3.1421,84.7929,20.2,84.99999999999999,4.0,147.99999999999997,458.67597380053104,35.81999999999999,59.109999999999985,463.8541941622016
-5.2353,2.7836,84.7929,21.1,84.99999999999999,4.0,151.99999999999997,458.6160747495062,35.81054488684549,59.08,463.7904112244425
-5.4167,2.4117,84.7929,20.9,84.99999999999999,4.0,155.99999999999997,458.70103929920333,35.77651868737656,59.079455113154495,463.8717330901126
-5.5717,2.0279,84.7929,21.6,84.99999999999999,4.0,159.99999999999997,458.6729869002655,35.79244201342003,59.076468212888976,463.84484142200364
-5.6996,1.6343,84.7929,21.6,84.99999999999999,4.0,163.99999999999997,458.73714409707907,35.86353178711102,59.05646821288897,463.9112272023273
-5.7997,1.2328,84.7929,19.9,84.99999999999999,4.0,167.99999999999997,458.7065186873765,35.86298690026552,59.068910226309,463.88248541093344
-5.8716,0.8252,84.7929,22.1,84.99999999999999,4.0,171.99999999999997,458.7156913797236,35.85999999999999,59.06592332604347,463.89094452935365
-5.9149,0.4136,84.7929,21.6,84.99999999999999,4.0,175.99999999999997,458.6572755657725,35.868910226309005,59.08108977369099,463.83580103209687
-5.9293,0.0,84.7929,20.0,84.99999999999999,4.0,180.0,458.8101309973447,35.85999999999999,59.077013099734465,463.98574265012365
-5.9149,-0.4136,84.7929,21.8,84.99999999999999,4.0,183.99999999999997,458.71914217262884,35.92244201342003,59.08353178711103,463.9014302243943
-5.8716,-0.8252,84.7929,20.7,84.99999999999999,4.0,188.0,458.69874870924616,35.735973800531056,59.06999999999999,463.8651385811402
-5.7997,-1.2328,84.7929,20.5,84.99999999999999,4.0,192.0,458.6881028734254,35.839999999999996,59.08244201342004,463.8642218062212
-5.6996,-1.6343,84.7929,21.8,84.99999999999999,4.0,196.0,458.56298690026557,35.81701309973447,59.05701309973447,463.73548729695244
-5.5717,-2.0279,84.7929,20.7,84.99999999999999,4.0,200.0,458.475448868455,35.75108977369099,59.04,463.64167115902967
-5.4167,-2.4117,84.7929,21.1,84.99999999999999,4.0,204.0,458.56,35.70298690026553,59.057013099734476,463.72374067958043
-5.2353,-2.7836,84.7929,20.8,84.99999999999999,4.0,208.0,458.63537843919795,35.77005047448758,59.0494551131545,463.8024849180674
-5.0283,-3.1421,84.7929,21.1,84.99999999999999,4.0,212.0,458.59511597315986,35.813531787111025,59.06054488684549,463.7674389344658
-4.7969,-3.4852,84.7929,21.4,84.99999999999999,4.0,215.99999999999994,458.6121290728944,35.80298690026552,59.08597380053106,463.78668707037156
-4.5421,-3.8113,84.7929,21.2,84.99999999999999,4.0,220.0,458.6159233260434,35.819455113154504,59.10402619946894,463.79401074808
-4.2652,-4.1188,84.7929,21.8,84.99999999999999,4.0,224.0,458.6428859512903,35.77701309973447,59.104571086314444,463.8174660611263
-3.9675,-4.4063,84.7929,21.6,84.99999999999999,4.0,228.0,458.61108977369094,35.760544886845494,59.1194551131545,463.7866516049085
-3.6504,-4.6724,84.7929,21.3,84.99999999999999,4.0,231.99999999999994,458.6,35.752986900265526,59.112986900265525,463.7742783861148
-3.3156,-4.9156,84.7929,20.5,84.99999999999999,4.0,236.0,458.51696262524683,35.70592332604348,59.11054488684549,463.68822984033903
-2.9647,-5.1349,84.7929,20.9,84.99999999999999,4.0,239.99999999999994,458.50239153893244,35.752986900265526,59.09054488684551,463.6748986242789
-2.5992,-5.3292,84.7929,21.3,84.99999999999999,4.0,243.99999999999994,458.5418971265745,35.69592332604348,59.1,463.71077231668534
-2.2212,-5.4976,84.7929,20.6,84.99999999999999,4.0,248.0,458.4861552723633,35.69701309973447,59.09348131262345,463.6549049177865
-1.8323,-5.6391,84.7929,20.6,84.99999999999999,4.0,252.0,458.53740656311714,35.62402619946894,59.06646821288897,463.69653020853417
-1.4344,-5.7532,84.7929,22.2,84.99999999999999,4.0,256.0,458.5225429623951,35.652986900265525,59.08,463.6857818389647
-1.0296,-5.8392,84.7929,21.2,84.99999999999999,4.0,259.99999999999994,458.58140271421655,35.665973800531056,59.08244201342003,463.7452959941996
-0.6198,-5.8968,84.7929,20.6,84.99999999999999,4.0,263.99999999999994,458.62231054472664,35.65841581395108,59.075115973159924,463.7842339655226
-0.2069,-5.9257,84.7929,21.3,84.99999999999999,4.0,267.99999999999994,458.494621560802,35.74054488684549,59.1,463.66746117124893
0.2069,-5.9257,84.7929,21.6,84.99999999999999,4.0,272.0,458.570595361333,35.69,59.0905448868455,463.7374898852493
0.6198,-5.8968,84.7929,22.2,84.99999999999999,4.0,276.0,458.56018147183215,35.69597380053106,59.10298690026552,463.72923741940275
1.0296,-5.8392,84.7929,22.1,84.99999999999999,4.0,279.99999999999994,458.56379425314907,35.738910226309,59.117013099734464,463.7379047930445
1.4344,-5.7532,84.7929,20.9,84.99999999999999,4.0,283.99999999999994,458.5134308381358,35.682986900265526,59.124884026840064,463.68479997113315
1.8323,-5.6391,84.7929,20.7,84.99999999999999,4.0,287.99999999999994,458.5018971265745,35.72651868737655,59.14,463.6786747373523
2.2212,-5.4976,84.7929,20.9,84.99999999999999,4.0,291.99999999999994,458.431685135024,35.752986900265526,59.16054488684549,463.61390841877983
2.5992,-5.3292,84.7929,20.6,84.99999999999999,4.0,295.99999999999994,458.4304944123579,35.65945511315449,59.169999999999995,463.6067340388036
2.9647,-5.1349,84.7929,20.5,84.99999999999999,4.0,300.0,458.46156423127945,35.76407667395652,59.187013099734465,463.6476869104389
3.3156,-4.9156,84.7929,21.8,84.99999999999999,4.0,303.99999999999994,458.471089773691,35.72054488684549,59.2,463.6554081268642
3.6504,-4.6724,84.7929,20.8,84.99999999999999,4.0,308.0,458.479505587642,35.79,59.22755798657995,463.672605152539
3.9675,-4.4063,84.7929,21.9,84.99999999999999,4.0,311.99999999999994,458.41444008896974,35.836468212888974,59.21755798657996,463.61058067083735
4.2652,-4.1188,84.7929,21.3,84.99999999999999,4.0,315.99999999999994,458.481089773691,35.813481312623445,59.204076673956514,463.67298586246824
4.5421,-3.8113,84.7929,22.2,84.99999999999999,4.0,319.99999999999994,458.51971757919245,35.79244201342003,59.22054488684548,463.7116596020433
4.7969,-3.4852,84.7929,22.5,84.99999999999999,4.0,323.99999999999994,458.5398990510248,35.867013099734464,59.19999999999999,463.734753550368
5.0283,-3.1421,84.7929,21.8,84.99999999999999,4.0,327.99999999999994,458.4506458358206,35.899455113154495,59.18244201342002,463.64676962896465
5.2353,-2.7836,84.7929,21.8,84.99999999999999,4.0,331.99999999999994,458.4603328952949,35.8694551131545,59.182986900265526,463.65409583763653
5.4167,-2.4117,84.7929,21.3,84.99999999999999,4.0,335.99999999999994,458.4943896144821,35.831089773690984,59.177557986579956,463.68411194646495
5.5717,-2.0279,84.7929,20.4,84.99999999999999,4.0,339.99999999999994,458.50891022630884,35.86646821288897,59.169999999999995,463.70024067169027
5.6996,-1.6343,84.7929,22.3,84.99999999999999,4.0,343.99999999999994,458.49179617759927,35.923531787111024,59.19646821288897,463.6911139401966
5.7997,-1.2328,84.7929,21.6,84.99999999999999,4.0,347.99999999999994,458.4891421726288,35.940544886845494,59.22646821288896,463.69363894054953
5.8716,-0.8252,84.7929,21.6,84.99999999999999,4.0,351.99999999999994,458.47755798657994,35.83755798657997,59.209999999999994,463.6721102673518
5.9149,-0.4136,84.7929,20.6,84.99999999999999,4.0,356.0,458.465973800531,35.89999999999999,59.21597380053105,463.6662492418597
11.8009,-0.8252,84.1728,21.5,84.99999999999999,8.0,356.0,458.4724924879075,35.839999999999996,59.32597380053106,463.6821143148134
11.7146,-1.6464,84.1728,23.4,84.99999999999999,8.0,351.99999999999994,458.4721290728944,35.97,59.29999999999999,463.68849892641583
11.5712,-2.4595,84.1728,20.5,84.99999999999999,8.0,347.99999999999994,458.4400504744875,35.896468212888976,59.29293642577795,463.65017914285437
11.3715,-3.2607,84.1728,20.7,84.99999999999999,8.0,343.99999999999994,458.42184665208697,35.91054488684549,59.30298690026552,463.6345554175969
11.1163,-4.046,84.1728,20.8,84.99999999999999,8.0,339.99999999999994,458.4478204526179,35.91,59.31054488684549,463.6611617469489
10.807,-4.8116,84.1728,21.3,84.99999999999999,8.0,335.99999999999994,458.4343391399945,35.84706357422205,59.29701309973446,463.64123094497097
10.445,-5.5537,84.1728,20.1,84.99999999999999,8.0,331.99999999999994,458.4538447276366,35.89298690026552,59.266468212888974,463.66016489299994
10.0322,-6.2688,84.1728,20.5,84.99999999999999,8.0,327.99999999999994,458.4029364257779,35.90646821288897,59.249455113154504,463.608697626031
9.5704,-6.9533,84.1728,20.9,84.99999999999999,8.0,323.99999999999994,458.4151664476475,35.893531787111016,59.26462156080201,463.6217270815959
9.0621,-7.604,84.1728,21.3,84.99999999999999,8.0,319.99999999999994,458.4089607007965,35.7794551131545,59.28407667395652,463.6092604835048
8.5096,-8.2176,84.1728,21.1,84.99999999999999,8.0,315.99999999999994,458.39891022630894,35.7805448868455,59.305923326043484,463.6022010631763
7.9156,-8.7912,84.1728,20.5,84.99999999999999,8.0,311.99999999999994,458.4167306789271,35.728910226309,59.29108977369098,463.61394211010037
7.2831,-9.3219,84.1728,21.4,84.99999999999999,8.0,308.0,458.41462156080206,35.65651868737655,59.2494551131545,463.600960435634
6.6151,-9.8073,84.1728,21.4,84.99999999999999,8.0,303.99999999999994,458.3967506336964,35.71592332604348,59.20810287342545,463.5825790691807
5.9149,-10.2448,84.1728,22.0,84.99999999999999,8.0,300.0,458.4048335523525,35.78651868737656,59.193481312623454,463.5941485543469
5.1858,-10.6325,84.1728,21.7,84.99999999999999,8.0,295.99999999999994,458.435378439198,35.730544886845486,59.19999999999999,463.6208667031733
4.4315,-10.9683,84.1728,21.5,84.99999999999999,8.0,291.99999999999994,458.4440261994689,35.69,59.209999999999994,463.62757182676194
3.6556,-11.2507,84.1728,21.8,84.99999999999999,8.0,287.99999999999994,458.4971241423097,35.721089773690984,59.21706357422206,463.6833722700676
2.8619,-11.4783,84.1728,20.5,84.99999999999999,8.0,283.99999999999994,458.5236428296863,35.629455113154506,59.20945511315449,463.701572868006
2.0542,-11.65,84.1728,20.9,84.99999999999999,8.0,279.99999999999994,458.45859728578336,35.61646821288897,59.19999999999999,463.63504853840357
1.2365,-11.7649,84.1728,22.6,84.99999999999999,8.0,276.0,458.47184665208687,35.769999999999996,59.180544886845496,463.6574856137649
0.4129,-11.8225,84.1728,21.3,84.99999999999999,8.0,272.0,458.47407667395646,35.77298690026553,59.17651868737656,463.65940725683646
-0.4129,-11.8225,84.1728,21.5,84.99999999999999,8.0,267.99999999999994,458.34678115341455,35.79597380053105,59.19,463.5370315670846
-1.2365,-11.7649,84.1728,22.6,84.99999999999999,8.0,263.99999999999994,458.39493450132767,35.764026199468944,59.187013099734465,463.5817986786592
-2.0542,-11.65,84.1728,20.9,84.99999999999999,8.0,259.99999999999994,458.5099999999999,35.61407667395652,59.15298690026553,463.6796937720708
-2.8619,-11.4783,84.1728,21.2,84.99999999999999,8.0,256.0,458.5452774902228,35.650544886845495,59.14,463.71572375682325
-3.6556,-11.2507,84.1728,21.1,84.99999999999999,8.0,252.0,458.51353178711094,35.67054488684549,59.12950558764207,463.6845318052495
-4.4315,-10.9683,84.1728,22.9,84.99999999999999,8.0,248.0,458.5019476010621,35.647013099734465,59.12592332604348,463.6708102803722
-5.1858,-10.6325,84.1728,21.6,84.99999999999999,8.0,243.99999999999994,458.5612008162662,35.6405448868455,59.109999999999985,463.7268759020629
-5.9149,-10.2448,84.1728,21.4,84.99999999999999,8.0,239.99999999999994,458.55462156080193,35.58945511315451,59.1194551131545,463.7176514247628
-6.6151,-9.8073,84.1728,21.3,84.99999999999999,8.0,236.0,458.601846652087,35.60646821288897,59.09755798657997,463.76286579595495
-7.2831,-9.3219,84.1728,22.2,84.99999999999999,8.0,231.99999999999994,458.63737651474764,35.5205448868455,59.12298690026552,463.7946526485593
-7.9156,-8.7912,84.1728,23.5,84.99999999999999,8.0,228.0,458.63023194631984,35.543481312623435,59.17108977369099,463.7954792621012
-8.5096,-8.2176,84.1728,21.2,84.99999999999999,8.0,224.0,458.7279214015931,35.620544886845494,59.19244201342003,463.90071597592305
-9.0621,-7.604,84.1728,22.9,84.99999999999999,8.0,220.0,458.6645206118268,35.650544886845495,59.14646821288897,463.83446241182224
-9.5704,-6.9533,84.1728,21.0,84.99999999999999,8.0,215.99999999999994,458.6757113344931,35.650544886845495,59.11353178711102,463.8413297230832
-10.0322,-6.2688,84.1728,21.7,84.99999999999999,8.0,212.0,458.6754289136856,35.712986900265534,59.08701309973447,463.84247502739566
-10.445,-5.5537,84.1728,21.5,84.99999999999999,8.0,208.0,458.614127148444,35.6305448868455,59.0994551131545,463.7771004951996
-10.807,-4.8116,84.1728,21.4,84.99999999999999,8.0,204.0,458.61321884658537,35.68701309973447,59.13597380053105,463.7851989899459
-11.1163,-4.046,84.1728,21.7,84.99999999999999,8.0,200.0,458.6541776229317,35.673531787111024,59.14706357422205,463.8260780191071
-11.3715,-3.2607,84.1728,20.5,84.99999999999999,8.0,196.0,458.65,35.75402619946894,59.12,463.824694566247
-11.5712,-2.4595,84.1728,21.9,84.99999999999999,8.0,192.0,458.69592332604344,35.766468212888974,59.08646821288897,463.866792355551
-11.7146,-1.6464,84.1728,20.5,84.99999999999999,8.0,188.0,458.64896070079647,35.71,59.109999999999985,463.81900063701653
-11.8009,-0.8252,84.1728,20.9,84.99999999999999,8.0,183.99999999999997,458.73168513502395,35.690544886845494,59.169455113154505,463.9068854409539
-11.8297,0.0,84.1728,21.3,84.99999999999999,8.0,180.0,458.7639252504938,35.72945511315449,59.17646821288896,463.94265536171025
-11.8009,0.8252,84.1728,22.1,84.99999999999999,8.0,175.99999999999997,458.68326932107294,35.809999999999995,59.15,463.8657350517151
-11.7146,1.6464,84.1728,21.1,84.99999999999999,8.0,171.99999999999997,458.65402619946894,35.78646821288898,59.12,463.8311777534314
-11.5712,2.4595,84.1728,21.6,84.99999999999999,8.0,167.99999999999997,458.6892935960916,35.82651868737655,59.09755798657997,463.86628338446377
-11.3715,3.2607,84.1728,20.7,84.99999999999999,8.0,163.99999999999997,458.67412714844403,35.84054488684549,59.15293642577794,463.85942855671817
-11.1163,4.046,84.1728,21.9,84.99999999999999,8.0,159.99999999999997,458.6528054284331,35.89999999999999,59.156518687376554,463.84339989977445
-10.807,4.8116,84.1728,21.3,84.99999999999999,8.0,155.99999999999997,458.64013099734467,36.02298690026553,59.129999999999995,463.8370212116301
-10.445,5.5537,84.1728,21.3,84.99999999999999,8.0,151.99999999999997,458.66901117528414,36.04646821288897,59.09646821288897,463.86312877655274
-10.0322,6.2688,84.1728,22.2,84.99999999999999,8.0,147.99999999999997,458.7730979428408,36.023531787111025,59.10402619946894,463.9652316192194
-9.5704,6.9533,84.1728,22.1,84.99999999999999,8.0,143.99999999999997,458.65623626656907,35.9505448868455,59.13701309973447,463.8482198545491
-9.0621,7.604,84.1728,20.6,84.99999999999999,8.0,139.99999999999997,458.6677699781304,36.02651868737655,59.17353178711102,463.87017594323015
-8.5096,8.2176,84.1728,21.1,84.99999999999999,8.0,136.0,458.6353279647103,35.985115973159935,59.18402619946894,463.8362228050744
-7.9156,8.7912,84.1728,20.5,84.99999999999999,8.0,131.99999999999997,458.61976805368,35.94244201342003,59.173481312623444,463.8161830705724
-7.2831,9.3219,84.1728,21.8,84.99999999999999,8.0,128.0,458.5680523989378,35.94701309973447,59.160000000000004,463.76368123403915
-6.6151,9.8073,84.1728,21.6,84.99999999999999,8.0,124.0,458.6219476010621,36.03,59.15298690026553,463.82251732814177
-5.9149,10.2448,84.1728,22.2,84.99999999999999,8.0,119.99999999999997,458.61966710470494,36.069455113154504,59.164571086314446,463.8248064940229
-5.1858,10.6325,84.1728,22.2,84.99999999999999,8.0,115.99999999999997,458.6134813126234,35.977013099734464,59.19298690026553,463.815136030981
-4.4315,10.9683,84.1728,21.3,84.99999999999999,8.0,112.0,458.48739646951697,35.98189712657454,59.19701309973447,463.6913585588517
-3.6556,11.2507,84.1728,21.3,84.99999999999999,8.0,107.99999999999997,458.63019203678095,35.89054488684549,59.217820452618,463.82813036633274
-2.8619,11.4783,84.1728,22.7,84.99999999999999,8.0,104.0,458.61815334791294,35.82244201342004,59.18407667395652,463.80665461353976
-2.0542,11.65,84.1728,21.8,84.99999999999999,8.0,100.0,458.60026246603803,35.94592332604348,59.21646821288896,463.802652262025
-1.2365,11.7649,84.1728,21.9,84.99999999999999,8.0,96.0,458.5889607007965,35.90407667395652,59.24244201342003,463.7915528922012
-0.4129,11.8225,84.1728,21.5,84.99999999999999,8.0,91.99999999999999,458.5529364257779,35.896468212888976,59.256468212888976,463.7571357509527
0.4129,11.8225,84.1728,21.4,84.99999999999999,8.0,87.99999999999999,458.5318971265745,35.89592332604348,59.245973800531054,463.7349495191169
1.2365,11.7649,84.1728,21.8,84.99999999999999,8.0,83.99999999999999,458.538647760271,35.92755798657996,59.249455113154504,463.7445189367769
2.0542,11.65,84.1728,20.8,84.99999999999999,8.0,79.99999999999999,458.46407667395647,35.82755798657996,59.2794551131545,463.6668818346828
2.8619,11.4783,84.1728,21.3,84.99999999999999,8.0,75.99999999999999,458.50542891368553,35.832986900265524,59.2705448868455,463.7070506092191
3.6556,11.2507,84.1728,22.2,84.99999999999999,8.0,71.99999999999999,458.4935822615985,35.857013099734466,59.26348131262345,463.69629131663254
4.4315,10.9683,84.1728,20.8,84.99999999999999,8.0,68.0,458.50457108631434,35.902986900265525,59.24054488684549,463.7077833440971
5.1858,10.6325,84.1728,21.2,84.99999999999999,8.0,64.0,458.51701309973447,35.89592332604348,59.22244201342002,463.71722660621975
5.9149,10.2448,84.1728,21.3,84.99999999999999,8.0,59.999999999999986,458.51402619946884,35.99999999999999,59.21701309973446,463.7216480412591
6.6151,9.8073,84.1728,21.4,84.99999999999999,8.0,56.0,458.55542891368555,35.92,59.232986900265516,463.7584225901899
7.2831,9.3219,84.1728,21.3,84.99999999999999,8.0,52.0,458.5826035304829,35.79,59.267557986579966,463.77965866399177
7.9156,8.7912,84.1728,20.8,84.99999999999999,8.0,48.0,458.5121795473819,35.88651868737656,59.28298690026553,463.7194556546092
8.5096,8.2176,84.1728,20.9,84.99999999999999,8.0,43.99999999999999,458.5134813126234,35.8694551131545,59.2994551131545,463.72152821737
9.0621,7.604,84.1728,22.0,84.99999999999999,8.0,39.99999999999999,458.53699314496504,35.90597380053106,59.312442013420025,463.7492628722826
9.5704,6.9533,84.1728,20.8,84.99999999999999,8.0,35.99999999999999,458.5010392992033,35.98701309973447,59.25298690026553,463.7123942778466
10.0322,6.2688,84.1728,23.0,84.99999999999999,8.0,32.0,458.5070130997345,36.05701309973447,59.23701309973447,463.72169776310085
10.445,5.5537,84.1728,20.9,84.99999999999999,8.0,28.0,458.53353178711086,36.06298690026553,59.26353178711103,463.75177088310085
10.807,4.8116,84.1728,21.9,84.99999999999999,8.0,24.0,458.49755798657986,36.007013099734465,59.29189712657453,463.7154782157804
11.1163,4.046,84.1728,20.5,84.99999999999999,8.0,19.999999999999996,458.54462156080194,35.91298690026552,59.316468212888964,463.7578635362298
11.3715,3.2607,84.1728,20.9,84.99999999999999,8.0,16.0,458.52940463866685,35.82999999999999,59.309999999999995,463.73557111600815
11.5712,2.4595,84.1728,21.2,84.99999999999999,8.0,12.0,458.45511597315993,35.85999999999999,59.297557986579946,463.66284447336875
11.7146,1.6464,84.1728,19.6,84.99999999999999,8.0,8.0,458.47423819101937,35.9794551131545,59.289455113154496,463.6899694436896
11.8009,0.8252,84.1728,21.3,84.99999999999999,8.0,4.0,458.39506549867224,35.85298690026553,59.31701309973447,463.6054149665173
11.8297,0.0,84.1728,21.9,84.99999999999999,8.0,0.0,458.4473260402602,35.773531787111025,59.313531787111025,463.6505056430422
17.6725,0.0,83.1425,21.4,84.99999999999999,12.0,0.0,458.5458728515559,35.88049441235791,59.37353178711101,463.7638878409417
17.6294,1.2328,83.1425,21.8,84.99999999999999,12.0,4.0,458.47919264711646,35.94701309973447,59.3394551131545,463.6987478679129
17.5005,2.4595,83.1425,21.4,84.99999999999999,12.0,8.0,458.48516644764754,35.8805448868455,59.355923326043474,463.70161417423503
17.2863,3.6743,83.1425,21.1,84.99999999999999,12.0,12.0,458.4249039816094,35.89,59.39054488684549,463.6471950874978
16.9879,4.8712,83.1425,21.6,84.99999999999999,12.0,16.0,458.47511597316,35.95,59.36592332604347,463.6983365496971
16.6067,6.0443,83.1425,21.7,84.99999999999999,12.0,19.999999999999996,458.4715337115613,35.86244201342003,59.35402619946893,463.6864914973095
16.1446,7.1881,83.1425,20.7,84.99999999999999,12.0,24.0,458.4194551131544,35.867013099734464,59.38348131262345,463.6391240045911
15.6039,8.2967,83.1425,23.4,84.99999999999999,12.0,28.0,458.5151159731598,35.92,59.35999999999998,463.7348030673137
14.9871,9.365,83.1425,21.4,84.99999999999999,12.0,32.0,458.4559233260435,35.946468212888966,59.31815334791304,463.6729726071187
14.2973,10.3876,83.1425,20.9,84.99999999999999,12.0,35.99999999999999,458.48049441235787,35.89999999999999,59.323531787111015,463.6943553465974
13.5379,11.3597,83.1425,21.7,84.99999999999999,12.0,39.99999999999999,458.4783653394635,35.89592332604348,59.36407667395652,463.69712355709856
12.7125,12.2763,83.1425,21.3,84.99999999999999,12.0,43.99999999999999,458.46782045261807,35.81999999999999,59.379999999999995,463.6828648878175
11.8252,13.1332,83.1425,22.2,84.99999999999999,12.0,48.0,458.4079214015931,35.85,59.345973800531056,463.62160164304515
10.8803,13.9261,83.1425,21.7,84.99999999999999,12.0,52.0,458.4344701373393,35.89005047448758,59.309999999999995,463.64634715822393
9.8823,14.6512,83.1425,21.5,84.99999999999999,12.0,56.0,458.4723915389324,35.957013099734475,59.28189712657453,463.68543639131946
8.8362,15.3048,83.1425,22.4,84.99999999999999,12.0,59.999999999999986,458.4108073528835,35.91701309973447,59.312442013420025,463.6253508011876
7.7471,15.8839,83.1425,22.6,84.99999999999999,12.0,64.0,458.45755798657984,35.932986900265526,59.309999999999995,463.67250093421853
6.6202,16.3857,83.1425,21.5,84.99999999999999,12.0,68.0,458.41778993289984,35.9894551131545,59.279999999999994,463.6337233272684
5.4611,16.8075,83.1425,21.3,84.99999999999999,12.0,71.99999999999999,458.38846628843874,36.063531787111025,59.230544886845486,463.6041649929601
4.2754,17.1475,83.1425,22.6,84.99999999999999,12.0,75.99999999999999,458.41402619946894,35.97,59.25298690026552,463.62503898410233
3.0688,17.404,83.1425,21.6,84.99999999999999,12.0,79.99999999999999,458.46805239893786,35.95646821288897,59.26353178711103,463.6787561196886
1.8473,17.5757,83.1425,21.8,84.99999999999999,12.0,83.99999999999999,458.48737651474767,35.94353178711102,59.22651868737655,463.6921310703182
0.6168,17.6617,83.1425,21.5,84.99999999999999,12.0,87.99999999999999,458.4591926471164,36.07353178711102,59.19353178711102,463.6701470050376
-0.6168,17.6617,83.1425,22.4,84.99999999999999,12.0,91.99999999999999,458.52005047448745,36.08701309973447,59.209455113154505,463.73340269640227
-1.8473,17.5757,83.1425,21.6,84.99999999999999,12.0,96.0,458.6028859512904,36.09293642577795,59.193481312623454,463.81372909024094
-3.0688,17.404,83.1425,21.3,84.99999999999999,12.0,100.0,458.5539757249813,35.99999999999999,59.18597380053106,463.7571866266914
-4.2754,17.1475,83.1425,20.6,84.99999999999999,12.0,104.0,458.55402619946886,36.04701309973447,59.19701309973447,463.7622973648092
-5.4611,16.8075,83.1425,20.6,84.99999999999999,12.0,107.99999999999997,458.5500504744876,36.14298690026553,59.20244201342003,463.7665290128
-6.6202,16.3857,83.1425,21.3,84.99999999999999,12.0,112.0,458.62537843919796,36.13999999999999,59.19293642577795,463.83956393477666
-7.7471,15.8839,83.1425,21.8,84.99999999999999,12.0,115.99999999999997,458.66168513502396,36.016468212888974,59.17950558764209,463.86414096697285
-8.8362,15.3048,83.1425,20.9,84.99999999999999,12.0,119.99999999999997,458.72402619946894,36.093531787111026,59.19,463.93311085706983
-9.8823,14.6512,83.1425,20.7,84.99999999999999,12.0,124.0,458.74904122365365,36.11646821288897,59.15646821288897,463.95535327358454
-10.8803,13.9261,83.1425,21.3,84.99999999999999,12.0,128.0,458.72044393787024,36.07,59.141352239729024,463.9215344552357
-11.8252,13.1332,83.1425,21.3,84.99999999999999,12.0,131.99999999999997,458.7210392992034,36.065973800531054,59.14,463.921637738446
-12.7125,12.2763,83.1425,21.5,84.99999999999999,12.0,136.0,458.78379425314904,35.94701309973447,59.14457108631443,463.9750401789868
-13.5379,11.3597,83.1425,23.1,84.99999999999999,12.0,139.99999999999997,458.83864776027093,35.980544886845486,59.16244201342003,464.03415696888044
-14.2973,10.3876,83.1425,21.7,84.99999999999999,12.0,143.99999999999997,458.8694551131545,36.06646821288898,59.129455113154506,464.06708505039785
-14.9871,9.365,83.1425,21.7,84.99999999999999,12.0,147.99999999999997,458.8540766739565,36.16646821288897,59.11054488684549,464.0572525239993
-15.6039,8.2967,83.1425,20.9,84.99999999999999,12.0,151.99999999999997,458.8520785984068,36.18054488684549,59.14,464.0601269904446
-16.1446,7.1881,83.1425,21.4,84.99999999999999,12.0,155.99999999999997,458.9015337115614,36.08353178711102,59.17353178711102,464.10574848111395
-16.6067,6.0443,83.1425,21.1,84.99999999999999,12.0,159.99999999999997,458.94745703760486,35.999455113154504,59.14597380053106,464.14111572510063
-16.9879,4.8712,83.1425,21.9,84.99999999999999,12.0,163.99999999999997,458.87542891368554,36.04701309973447,59.16348131262344,464.07581701179004
-17.2863,3.6743,83.1425,20.6,84.99999999999999,12.0,167.99999999999997,458.86452061182683,35.87701309973447,59.19701309973447,464.05613314038885
-17.5005,2.4595,83.1425,22.1,84.99999999999999,12.0,171.99999999999997,458.85488402684,35.84298690026553,59.148910226309,464.03784100671936
-17.6294,1.2328,83.1425,20.5,84.99999999999999,12.0,175.99999999999997,458.84506549867234,35.93298690026552,59.144026199468925,464.03447017989845
-17.6725,0.0,83.1425,22.7,84.99999999999999,12.0,180.0,458.88610479787576,35.85244201342003,59.19592332604348,464.0754379552052
-17.6294,-1.2328,83.1425,20.9,84.99999999999999,12.0,183.99999999999997,458.8757418542112,35.86646821288897,59.15298690026553,464.06079974884955
-17.5005,-2.4595,83.1425,21.1,84.99999999999999,12.0,188.0,458.827063574222,35.74407667395652,59.11244201342002,463.9980539681247
-17.2863,-3.6743,83.1425,21.1,84.99999999999999,12.0,192.0,458.79108977369094,35.76701309973447,59.18244201342002,463.9731724189227
-16.9879,-4.8712,83.1425,20.9,84.99999999999999,12.0,196.0,458.71760846106747,35.68,59.169999999999995,463.8922241342715
-16.6067,-6.0443,83.1425,21.9,84.99999999999999,12.0,200.0,458.77711404870956,35.54999999999999,59.13651868737655,463.9368175919272
-16.1446,-7.1881,83.1425,21.2,84.99999999999999,12.0,204.0,458.73874870924607,35.65646821288897,59.145428913685556,463.9081860175841
-15.6039,-8.2967,83.1425,21.2,84.99999999999999,12.0,208.0,458.6648535071218,35.58945511315451,59.19,463.83565328460975
-14.9871,-9.365,83.1425,22.0,84.99999999999999,12.0,212.0,458.6840766739565,35.507013099734465,59.16244201342003,463.8448282761122
-14.2973,-10.3876,83.1425,23.1,84.99999999999999,12.0,215.99999999999994,458.61572142809314,35.67054488684549,59.11298690026552,463.7834763483987
-13.5379,-11.3597,83.1425,20.9,84.99999999999999,12.0,220.0,458.53506549867234,35.67298690026553,59.17298690026552,463.71155977068037
-12.7125,-12.2763,83.1425,21.9,84.99999999999999,12.0,224.0,458.55864776027096,35.48244201342003,59.169999999999995,463.7198788352338
-11.8252,-13.1332,83.1425,21.7,84.99999999999999,12.0,228.0,458.507063574222,35.54646821288897,59.15,463.6712210714242
-10.8803,-13.9261,83.1425,21.7,84.99999999999999,12.0,231.99999999999994,458.4807768331653,35.68,59.11054488684549,463.65045200275875
-9.8823,-14.6512,83.1425,20.9,84.99999999999999,12.0,236.0,458.43298690026546,35.70407667395652,59.097013099734475,463.6033234638735
-8.8362,-15.3048,83.1425,21.7,84.99999999999999,12.0,239.99999999999994,458.46054488684547,35.65755798657996,59.13755798657996,463.632163923218
-7.7471,-15.8839,83.1425,21.7,84.99999999999999,12.0,243.99999999999994,458.3943896144821,35.51597380053106,59.17244201342004,463.5603291038451
-6.6202,-16.3857,83.1425,22.9,84.99999999999999,12.0,248.0,458.3589607007966,35.59,59.16298690026554,463.529766006106
-5.4611,-16.8075,83.1425,21.4,84.99999999999999,12.0,252.0,458.38059536133306,35.55701309973447,59.17994952551241,463.55079312867866
-4.2754,-17.1475,83.1425,20.2,84.99999999999999,12.0,256.0,458.4129164710085,35.55891022630901,59.15163466053648,463.5792855240106
-3.0688,-17.404,83.1425,22.6,84.99999999999999,12.0,259.99999999999994,458.38254296239523,35.47244201342003,59.14,463.54114103827675
-1.8473,-17.5757,83.1425,20.6,84.99999999999999,12.0,263.99999999999994,458.3210897736909,35.56999999999999,59.146518687376556,463.4886804488108
-0.6168,-17.6617,83.1425,20.9,84.99999999999999,12.0,267.99999999999994,458.20701309973435,35.61,59.15189712657453,463.37963473533557
0.6168,-17.6617,83.1425,20.8,84.99999999999999,12.0,272.0,458.2056608600053,35.630050474487575,59.14,463.3783203182565
1.8473,-17.5757,83.1425,20.8,84.99999999999999,12.0,276.0,458.2431688434463,35.549455113154494,59.169455113154505,463.41297993141393
3.0688,-17.404,83.1425,22.2,84.99999999999999,12.0,279.99999999999994,458.2067001592088,35.61,59.19651868737655,463.3850234907209
4.2754,-17.1475,83.1425,21.4,84.99999999999999,12.0,283.99999999999994,458.28,35.64108977369099,59.209999999999994,463.46161629659935
5.4611,-16.8075,83.1425,21.1,84.99999999999999,12.0,287.99999999999994,458.230262466038,35.750544886845496,59.21402619946893,463.4213803852298
6.6202,-16.3857,83.1425,21.7,84.99999999999999,12.0,291.99999999999994,458.23239153893246,35.709455113154505,59.24755798657996,463.4246033254396
7.7471,-15.8839,83.1425,22.3,84.99999999999999,12.0,295.99999999999994,458.23646821288884,35.8,59.26592332604348,463.4379683063423
8.8362,-15.3048,83.1425,22.6,84.99999999999999,12.0,300.0,458.2151159731599,35.90054488684549,59.23298690026553,463.4204229062373
9.8823,-14.6512,83.1425,21.6,84.99999999999999,12.0,303.99999999999994,458.211685135024,35.89244201342003,59.21108977369099,463.41360461271876
10.8803,-13.9261,83.1425,21.5,84.99999999999999,12.0,308.0,458.21782045261807,35.90646821288897,59.23701309973447,463.42407054537966
11.8252,-13.1332,83.1425,21.9,84.99999999999999,12.0,311.99999999999994,458.24532796471044,35.85999999999999,59.26945511315449,463.4518189746322
12.7125,-12.2763,83.1425,21.8,84.99999999999999,12.0,315.99999999999994,458.19891022630895,35.87701309973447,59.30298690026552,463.4115294819808
13.5379,-11.3597,83.1425,22.5,84.99999999999999,12.0,319.99999999999994,458.26402619946896,35.932986900265526,59.279999999999994,463.47730867446165
14.2973,-10.3876,83.1425,20.3,84.99999999999999,12.0,323.99999999999994,458.30077683316534,36.065378439197985,59.26592332604348,463.5221280969592
14.9871,-9.365,83.1425,20.5,84.99999999999999,12.0,327.99999999999994,458.3301814718323,35.95755798657997,59.30457108631443,463.54776817076004
15.6039,-8.2967,83.1425,22.2,84.99999999999999,12.0,331.99999999999994,458.3794551131545,35.99,59.366468212888975,463.6069267363295
16.1446,-7.1881,83.1425,19.7,84.99999999999999,12.0,335.99999999999994,458.38994952551235,35.87298690026552,59.339455113154514,463.60477558829615
16.6067,-6.0443,83.1425,21.2,84.99999999999999,12.0,339.99999999999994,458.366801108184,35.8505448868455,59.32706357422205,463.5785655087744
16.9879,-4.8712,83.1425,21.4,84.99999999999999,12.0,343.99999999999994,458.44641773840135,35.82999999999999,59.34646821288897,463.65818242161566
17.2863,-3.6743,83.1425,21.4,84.99999999999999,12.0,347.99999999999994,458.3689607007966,35.874026199468936,59.357013099734466,463.58635106505307
17.5005,-2.4595,83.1425,21.1,84.99999999999999,12.0,351.99999999999994,458.38891022630895,36.00353178711102,59.31701309973447,463.6109957309929
17.6294,-1.2328,83.1425,22.6,84.99999999999999,12.0,356.0,458.4076084610676,36.00293642577795,59.33646821288897,463.63192662526296
23.3721,-1.6343,81.7072,21.3,84.99999999999999,16.0,356.0,458.47080735288347,36.025923326043475,59.44163466053648,463.7096680870644
23.2012,-3.2607,81.7072,21.0,84.99999999999999,16.0,351.99999999999994,458.50631678942625,36.069455113154504,59.459999999999994,463.7505145312138
22.9172,-4.8712,81.7072,21.0,84.99999999999999,16.0,347.99999999999994,458.5743391399945,35.99646821288897,59.46402619946893,463.812613728147
22.5216,-6.458,81.7072,22.0,84.99999999999999,16.0,343.99999999999994,458.39402619946895,35.98,59.43701309973447,463.62959588617446
22.0162,-8.0132,81.7072,21.6,84.99999999999999,16.0,339.99999999999994,458.4763672639137,35.98407667395651,59.44353178711102,463.71215919459945
21.4036,-9.5295,81.7072,21.5,84.99999999999999,16.0,335.99999999999994,458.40831486497586,35.92999999999999,59.41646821288898,463.63721241099717
20.6867,-10.9993,81.7072,20.4,84.99999999999999,16.0,331.99999999999994,458.36054488684545,36.248365339463504,59.41054488684549,463.61400533471914
19.8691,-12.4156,81.7072,21.0,84.99999999999999,16.0,327.99999999999994,458.3529364257779,36.063531787111025,59.448415813951094,463.59692276575953
18.9546,-13.7713,81.7072,22.9,84.99999999999999,16.0,323.99999999999994,458.2045206118268,36.093531787111026,59.37810287342546,463.4435077189326
17.9478,-15.06,81.7072,21.6,84.99999999999999,16.0,319.99999999999994,458.18740656311724,36.13646821288897,59.34,463.4250526977759
16.8535,-16.2753,81.7072,21.0,84.99999999999999,16.0,315.99999999999994,458.1141271484441,36.00054488684549,59.36999999999998,463.34586393441623
15.6772,-17.4113,81.7072,21.3,84.99999999999999,16.0,311.99999999999994,458.1170130997345,35.98,59.33298690026552,463.34238034732954
14.4244,-18.4624,81.7072,21.3,84.99999999999999,16.0,308.0,458.0651159731599,36.04646821288897,59.29701309973446,463.29162965099783
13.1014,-19.4237,81.7072,21.1,84.99999999999999,16.0,303.99999999999994,458.1058728515558,35.9505448868455,59.34,463.32997746611096
11.7146,-20.2903,81.7072,21.3,84.99999999999999,16.0,300.0,458.18130176524136,35.83054488684549,59.3505448868455,463.39661243101995
10.2707,-21.058,81.7072,21.3,84.99999999999999,16.0,295.99999999999994,458.0091421726288,35.88293642577794,59.29646821288897,463.22352118903234
8.7767,-21.7232,81.7072,22.0,84.99999999999999,16.0,291.99999999999994,458.0758728515558,35.88646821288897,59.24999999999999,463.2838291906047
7.24,-22.2825,81.7072,21.3,84.99999999999999,16.0,287.99999999999994,458.07331979556045,35.72999999999999,59.2594551131545,463.2704201962756
5.668,-22.7332,81.7072,22.3,84.99999999999999,16.0,283.99999999999994,457.95298690026544,35.82999999999999,59.21597380053105,463.15360158809074
4.0684,-23.0732,81.7072,21.3,84.99999999999999,16.0,279.99999999999994,457.96792140159306,35.83891022630901,59.22353178711103,463.17002411257585
2.449,-23.3008,81.7072,21.2,84.99999999999999,16.0,276.0,458.0059233260434,35.65407667395652,59.221089773690984,463.1930228956363
0.8177,-23.4149,81.7072,20.8,84.99999999999999,16.0,272.0,457.9886477602709,35.79,59.18407667395652,463.1816927610916
-0.8177,-23.4149,81.7072,21.9,84.99999999999999,16.0,267.99999999999994,458.051947601062,35.72298690026552,59.23,463.2449798909888
-2.449,-23.3008,81.7072,20.8,84.99999999999999,16.0,263.99999999999994,458.113531787111,35.467013099734466,59.20810287342545,463.2834083695932
-4.0684,-23.0732,81.7072,21.3,84.99999999999999,16.0,259.99999999999994,458.1826234852523,35.58597380053106,59.177063574222046,463.356884969273
-5.668,-22.7332,81.7072,20.5,84.99999999999999,16.0,256.0,458.20732604026,35.54646821288897,59.1905448868455,463.3800013416383
-7.24,-22.2825,81.7072,21.4,84.99999999999999,16.0,252.0,458.33805239893786,35.341039299203416,59.18896070079658,463.49335745449446
-8.7767,-21.7232,81.7072,22.4,84.99999999999999,16.0,248.0,458.31223002186954,35.41706357422204,59.187013099734465,463.47337690476644
-10.2707,-21.058,81.7072,21.6,84.99999999999999,16.0,243.99999999999994,458.32994952551235,35.369455113154494,59.20651868737655,463.48975484053454
-11.7146,-20.2903,81.7072,20.9,84.99999999999999,16.0,239.99999999999994,458.33896070079646,35.481634660536486,59.22945511315449,463.51016995042426
-13.1014,-19.4237,81.7072,22.6,84.99999999999999,16.0,236.0,458.40005047448756,35.444076673956516,59.19999999999999,463.5639425648656
-14.4244,-18.4624,81.7072,21.6,84.99999999999999,16.0,231.99999999999994,458.4168316279022,35.451089773691,59.15701309973447,463.575585514152
-15.6772,-17.4113,81.7072,21.1,84.99999999999999,16.0,228.0,458.5558428031863,35.39701309973447,59.19701309973447,463.7140237961899
-16.8535,-16.2753,81.7072,20.3,84.99999999999999,16.0,224.0,458.58044393787037,35.35407667395652,59.24298690026552,463.7409468621326
-17.9478,-15.06,81.7072,22.2,84.99999999999999,16.0,220.0,458.6604439378703,35.37298690026552,59.17402619946895,463.8126953978147
-18.9546,-13.7713,81.7072,21.0,84.99999999999999,16.0,215.99999999999994,458.69397572498127,35.485923326043476,59.15,463.85141653410045
-19.8691,-12.4156,81.7072,21.6,84.99999999999999,16.0,212.0,458.6175075120924,35.54407667395652,59.209999999999994,463.78790808214075
-20.6867,-10.9993,81.7072,22.2,84.99999999999999,16.0,208.0,458.7362057468509,35.49651868737655,59.203531787111025,463.90081642308826
-21.4036,-9.5295,81.7072,21.1,84.99999999999999,16.0,204.0,458.80026246603796,35.42542891368556,59.18841581395109,463.9567980094581
-22.0162,-8.0132,81.7072,21.2,84.99999999999999,16.0,200.0,458.7500504744875,35.57597380053106,59.21755798657996,463.922383482512
-22.5216,-6.458,81.7072,21.4,84.99999999999999,16.0,196.0,458.85308784924064,35.63298690026553,59.182986900265526,464.02423635264404
-22.9172,-4.8712,81.7072,22.6,84.99999999999999,16.0,192.0,458.8849345013276,35.69,59.227013099734464,464.0657262640755
-23.2012,-3.2607,81.7072,22.1,84.99999999999999,16.0,188.0,458.9030373747531,35.75646821288897,59.21755798657996,464.0875368987271
-23.3721,-1.6343,81.7072,22.1,84.99999999999999,16.0,183.99999999999997,458.91592332604347,35.703531787111025,59.24244201342003,464.0993792281796
-23.4292,0.0,81.7072,22.6,84.99999999999999,16.0,180.0,458.94457108631445,35.82999999999999,59.2594551131545,464.13962473582137
-23.3721,1.6343,81.7072,21.3,84.99999999999999,16.0,175.99999999999997,458.9621290728944,35.89701309973447,59.21646821288896,464.1566778364982
-23.2012,3.2607,81.7072,22.9,84.99999999999999,16.0,171.99999999999997,458.9551159731599,35.83353178711102,59.225428913685555,464.1459812475861
-22.9172,4.8712,81.7072,22.3,84.99999999999999,16.0,167.99999999999997,459.02194760106204,35.88,59.19755798657997,464.21209985420097
-22.5216,6.458,81.7072,21.5,84.99999999999999,16.0,163.99999999999997,458.9450654986723,35.95298690026553,59.19999999999999,464.1420368945602
-22.0162,8.0132,81.7072,22.5,84.99999999999999,16.0,159.99999999999997,458.99239153893234,35.86054488684549,59.23,464.18550932812417
-21.4036,9.5295,81.7072,20.1,84.99999999999999,16.0,155.99999999999997,459.025640905236,35.9605448868455,59.19999999999999,464.22229566988864
-20.6867,10.9993,81.7072,21.1,84.99999999999999,16.0,151.99999999999997,458.96179617759935,36.04646821288897,59.243531787111024,464.17138459819074
-19.8691,12.4156,81.7072,21.6,84.99999999999999,16.0,147.99999999999997,458.99392525049376,36.129455113154506,59.21353178711101,464.2057768816891
-18.9546,13.7713,81.7072,21.9,84.99999999999999,16.0,143.99999999999997,458.9823910675838,36.1494551131545,59.187013099734465,464.1925472632694
-17.9478,15.06,81.7072,21.4,84.99999999999999,16.0,139.99999999999997,458.855711334493,36.13999999999999,59.21054488684549,464.0695551855138
-16.8535,16.2753,81.7072,22.2,84.99999999999999,16.0,136.0,458.8529364257779,36.21701309973447,59.22353178711103,464.07447249527127
-15.6772,17.4113,81.7072,20.9,84.99999999999999,16.0,131.99999999999997,458.778910226309,36.22755798657996,59.20298690026552,463.99948069370043
-14.4244,18.4624,81.7072,20.5,84.99999999999999,16.0,128.0,458.7518466520869,36.18407667395652,59.17999999999999,463.96639599376874
-13.1014,19.4237,81.7072,21.5,84.99999999999999,16.0,124.0,458.7567811534145,36.222986900265525,59.21293642577794,463.97851337576174
-11.7146,20.2903,81.7072,21.3,84.99999999999999,16.0,119.99999999999997,458.67212907289434,36.15,59.218910226309,463.8898832876758
-10.2707,21.058,81.7072,22.6,84.99999999999999,16.0,115.99999999999997,458.64493450132755,36.3094551131545,59.16054488684549,463.8680012090182
-8.7767,21.7232,81.7072,21.4,84.99999999999999,16.0,112.0,458.5997175791925,36.33945511315451,59.179455113154496,463.8280552846345
-7.24,22.2825,81.7072,20.2,84.99999999999999,16.0,107.99999999999997,458.6370130997344,36.16,59.21999999999999,463.85608089691567
-5.668,22.7332,81.7072,22.0,84.99999999999999,16.0,104.0,458.5518971265745,36.239455113154506,59.209999999999994,463.7768478107536
-4.0684,23.0732,81.7072,21.5,84.99999999999999,16.0,100.0,458.5140766739565,36.139455113154504,59.24163466053649,463.73568980756596
-2.449,23.3008,81.7072,23.5,84.99999999999999,16.0,96.0,458.5140261994689,36.023481312623446,59.278910226308994,463.731379815025
-0.8177,23.4149,81.7072,21.2,84.99999999999999,16.0,91.99999999999999,458.3818666068563,36.057013099734476,59.27108977369099,463.6023143930811
0.8177,23.4149,81.7072,22.2,84.99999999999999,16.0,87.99999999999999,458.46566086000536,36.04701309973447,59.29950558764208,463.6880208762705
2.449,23.3008,81.7072,22.2,84.99999999999999,16.0,83.99999999999999,458.421089773691,35.90244201342003,59.33,463.63663551516873
4.0684,23.0732,81.7072,21.8,84.99999999999999,16.0,79.99999999999999,458.45433913999454,35.989455113154506,59.34836533946351,463.67860682168345
5.668,22.7332,81.7072,21.0,84.99999999999999,16.0,75.99999999999999,458.4650654986723,36.01597380053106,59.31407667395653,463.68688394560655
7.24,22.2825,81.7072,21.8,84.99999999999999,16.0,71.99999999999999,458.3770130997345,35.836468212888974,59.35189712657453,463.59075301900816
8.7767,21.7232,81.7072,21.3,84.99999999999999,16.0,68.0,458.40706357422204,35.99646821288897,59.3305448868455,463.6301275964628
10.2707,21.058,81.7072,21.6,84.99999999999999,16.0,64.0,458.3640261994689,36.007013099734465,59.372986900265516,463.59382769792245
11.7146,20.2903,81.7072,20.7,84.99999999999999,16.0,59.999999999999986,458.4211707678967,35.8805448868455,59.41701309973447,463.6461633134475
13.1014,19.4237,81.7072,21.3,84.99999999999999,16.0,56.0,458.4159738005311,35.93646821288897,59.419999999999995,463.6457388816435
14.4244,18.4624,81.7072,22.3,84.99999999999999,16.0,52.0,458.4383653394635,35.90701309973446,59.4194551131545,463.6655260538658
15.6772,17.4113,81.7072,20.6,84.99999999999999,16.0,48.0,458.451685135024,35.87597380053106,59.46597380053106,463.6822566578594
16.8535,16.2753,81.7072,21.3,84.99999999999999,16.0,43.99999999999999,458.48049441235787,35.89244201342002,59.49999999999999,463.71638007545823
17.9478,15.06,81.7072,21.7,84.99999999999999,16.0,39.99999999999999,458.4030373747531,35.85244201342003,59.4705448868455,463.632923746646
18.9546,13.7713,81.7072,21.1,84.99999999999999,16.0,35.99999999999999,458.4370130997345,35.95298690026553,59.459999999999994,463.6729492291488
19.8691,12.4156,81.7072,21.8,84.99999999999999,16.0,32.0,458.42272443422746,35.9694551131545,59.49457108631443,463.6645338685949
20.6867,10.9993,81.7072,21.3,84.99999999999999,16.0,28.0,458.5172755657725,35.893531787111016,59.503531787111015,463.7532834509645
21.4036,9.5295,81.7072,20.9,84.99999999999999,16.0,24.0,458.4929869002655,35.91,59.49108977369098,463.728947661442
22.0162,8.0132,81.7072,22.4,84.99999999999999,16.0,19.999999999999996,458.49343083813585,36.012986900265524,59.563481312623445,463.7466653823857
22.5216,6.458,81.7072,21.3,84.99999999999999,16.0,16.0,458.4385972857834,36.23646821288897,59.495973800531054,463.7011969020286
22.9172,4.8712,81.7072,21.8,84.99999999999999,16.0,12.0,458.42462156080194,36.107013099734466,59.50244201342002,463.67811103578015
23.2012,3.2607,81.7072,20.9,84.99999999999999,16.0,8.0,458.4519476010621,35.955973800531055,59.50651868737655,463.69391421221235
23.3721,1.6343,81.7072,21.2,84.99999999999999,16.0,4.0,458.47999999999996,36.09,59.48999999999999,463.7299414529969
23.4292,0.0,81.7072,21.4,84.99999999999999,16.0,0.0,458.4724924879075,35.80298690026552,59.52,463.7041197132661
29.0717,0.0,79.8739,22.1,84.99999999999999,19.999999999999996,0.0,458.563198891816,35.91701309973447,59.463531787111016,463.7953760231967
29.0009,2.0279,79.8739,21.9,84.99999999999999,19.999999999999996,4.0,458.5176084610674,36.08701309973447,59.44353178711102,463.76093329930495
28.7888,4.046,79.8739,20.3,84.99999999999999,19.999999999999996,8.0,458.52678115341456,35.95244201342003,59.48706357422204,463.7651322106085
28.4364,6.0443,79.8739,21.6,84.99999999999999,19.999999999999996,12.0,458.61298690026547,35.89298690026553,59.47353178711102,463.8440246951967
27.9455,8.0132,79.8739,21.2,84.99999999999999,19.999999999999996,16.0,458.6439757249814,35.762986900265524,59.509505587642074,463.8692369150292
27.3185,9.9431,79.8739,23.6,84.99999999999999,19.999999999999996,19.999999999999996,458.5675579865799,35.843531787111026,59.46651868737654,463.79438424106115
26.5583,11.8245,79.8739,22.1,84.99999999999999,19.999999999999996,24.0,458.57114024817855,35.80054488684549,59.51298690026553,463.8005662916992
25.6688,13.6483,79.8739,20.1,84.99999999999999,19.999999999999996,28.0,458.5256103855178,35.83244201342003,59.43706357422205,463.74827633791034
24.6542,15.4057,79.8739,21.7,84.99999999999999,19.999999999999996,32.0,458.6298485765373,35.815923326043475,59.493531787111024,463.8573042364845
23.5195,17.0879,79.8739,21.3,84.99999999999999,19.999999999999996,35.99999999999999,458.5278204526179,35.8,59.480544886845486,463.7535308211294
22.2702,18.6869,79.8739,21.0,84.99999999999999,19.999999999999996,39.99999999999999,458.52298690026544,35.72999999999999,59.44945511315451,463.7393665942023
20.9124,20.1949,79.8739,21.3,84.99999999999999,19.999999999999996,43.99999999999999,458.48343083813586,35.83054488684549,59.47054488684549,463.71071802270677
19.4528,21.6045,79.8739,21.8,84.99999999999999,19.999999999999996,48.0,458.4149345013276,35.93353178711102,59.41298690026552,463.6435849798452
17.8983,22.9088,79.8739,20.9,84.99999999999999,19.999999999999996,52.0,458.440595361333,35.836468212888974,59.419999999999995,463.66234301399425
16.2567,24.1015,79.8739,22.4,84.99999999999999,19.999999999999996,56.0,458.4151664476475,35.781089773690994,59.42457108631444,463.6335092111114
14.5359,25.1768,79.8739,21.3,84.99999999999999,19.999999999999996,59.999999999999986,458.3926739597398,35.947557986579966,59.37597380053106,463.61792106207474
12.7442,26.1295,79.8739,21.9,84.99999999999999,19.999999999999996,64.0,458.3916346605364,35.96597380053105,59.349455113154505,463.6149262269362
10.8905,26.9548,79.8739,21.1,84.99999999999999,19.999999999999996,68.0,458.3834813126234,35.90353178711102,59.36592332604347,463.604133272582
8.9837,27.6488,79.8739,21.5,84.99999999999999,19.999999999999996,71.99999999999999,458.30298690026547,35.95244201342003,59.34,463.5250171117339
7.0331,28.2082,79.8739,22.6,84.99999999999999,19.999999999999996,75.99999999999999,458.3551159731599,35.85,59.311634660536484,463.5649952756073
5.0482,28.63,79.8739,21.4,84.99999999999999,19.999999999999996,79.99999999999999,458.3707369236265,35.9794551131545,59.266468212888974,463.5846933544908
3.0388,28.9125,79.8739,22.3,84.99999999999999,19.999999999999996,83.99999999999999,458.30049441235786,36.10597380053105,59.276468212888965,463.5263576178705
1.0146,29.054,79.8739,21.3,84.99999999999999,19.999999999999996,87.99999999999999,458.31407667395644,36.30298690026552,59.21298690026552,463.547060774883
-1.0146,29.054,79.8739,21.4,84.99999999999999,19.999999999999996,91.99999999999999,458.2716851350241,36.3094551131545,59.227013099734464,463.5074465505651
-3.0388,28.9125,79.8739,20.7,84.99999999999999,19.999999999999996,96.0,458.32163466053635,36.25836533946351,59.227820452618005,463.5529361039187
-5.0482,28.63,79.8739,21.5,84.99999999999999,19.999999999999996,100.0,458.3150654986722,36.25,59.214571086314436,463.5440941183356
-7.0331,28.2082,79.8739,21.3,84.99999999999999,19.999999999999996,104.0,458.3576084610675,36.269999999999996,59.19298690026553,463.5849650628504
-8.9837,27.6488,79.8739,22.6,84.99999999999999,19.999999999999996,107.99999999999997,458.40968705947427,36.389455113154504,59.1994551131545,463.6466425189465
-10.8905,26.9548,79.8739,21.8,84.99999999999999,19.999999999999996,112.0,458.4955298626608,36.357013099734466,59.185923326043465,463.727243997517
-12.7442,26.1295,79.8739,22.0,84.99999999999999,19.999999999999996,115.99999999999997,458.60792140159316,36.366518687376555,59.15298690026553,463.83491148570533
-14.5359,25.1768,79.8739,21.6,84.99999999999999,19.999999999999996,119.99999999999997,458.565711334493,36.400544886845495,59.14810287342546,463.7952235128065
-16.2567,24.1015,79.8739,20.1,84.99999999999999,19.999999999999996,124.0,458.70244201342,36.38701309973447,59.17244201342004,463.9324551324543
-17.8983,22.9088,79.8739,21.8,84.99999999999999,19.999999999999996,128.0,458.8101110425752,36.40353178711102,59.15950558764207,464.038556827824
-19.4528,21.6045,79.8739,21.4,84.99999999999999,19.999999999999996,131.99999999999997,458.78280542843316,36.50402619946894,59.14755798657996,464.01793079721705
-20.9124,20.1949,79.8739,20.9,84.99999999999999,19.999999999999996,136.0,458.8035822615987,36.39407667395652,59.187557986579954,464.0349371905527
-22.2702,18.6869,79.8739,21.6,84.99999999999999,19.999999999999996,139.99999999999997,458.9069626252469,36.32701309973447,59.163531787111026,464.12883526042907
-23.5195,17.0879,79.8739,21.9,84.99999999999999,19.999999999999996,143.99999999999997,458.971947601062,36.489455113154506,59.171897126574535,464.2068961451616
-24.6542,15.4057,79.8739,22.0,84.99999999999999,19.999999999999996,147.99999999999997,459.0654793881731,36.43940463866693,59.17701309973447,464.2960945945161
-25.6688,13.6483,79.8739,20.6,84.99999999999999,19.999999999999996,151.99999999999997,459.13085782737113,36.393531787111016,59.149455113154495,464.35362796625185
-26.5583,11.8245,79.8739,20.8,84.99999999999999,19.999999999999996,155.99999999999997,459.1202824208074,36.326468212888976,59.19005047448757,464.34309308759657
-27.3185,9.9431,79.8739,20.9,84.99999999999999,19.999999999999996,159.99999999999997,459.22132124866215,36.11244201342003,59.15407667395651,464.42172122402707
-27.9455,8.0132,79.8739,20.6,84.99999999999999,19.999999999999996,163.99999999999997,459.167820452618,36.13,59.22646821288896,464.37941252404806
-28.4364,6.0443,79.8739,21.8,84.99999999999999,19.999999999999996,167.99999999999997,459.1499999999999,36.10298690026553,59.19293642577795,464.3554154802406
-28.7888,4.046,79.8739,21.4,84.99999999999999,19.999999999999996,171.99999999999997,459.3018466520869,35.896468212888976,59.19999999999999,464.4904549806983
-29.0009,2.0279,79.8739,21.6,84.99999999999999,19.999999999999996,175.99999999999997,459.23597380053104,35.897013099734465,59.1594551131545,464.42019369455704
-29.0717,0.0,79.8739,21.3,84.99999999999999,19.999999999999996,180.0,459.23592332604346,35.919455113154505,59.21189712657453,464.42856209548273
-29.0009,-2.0279,79.8739,21.3,84.99999999999999,19.999999999999996,183.99999999999997,459.1564177384013,35.80701309973446,59.16701309973446,464.33553985951795
-28.7888,-4.046,79.8739,20.9,84.99999999999999,19.999999999999996,188.0,459.2535822615986,35.723531787111014,59.223531787111014,464.4323957916745
-28.4364,-6.0443,79.8739,21.6,84.99999999999999,19.999999999999996,192.0,459.14189712657446,35.790544886845495,59.19054488684549,464.32291070362754
-27.9455,-8.0132,79.8739,21.8,84.99999999999999,19.999999999999996,196.0,459.10620574685095,35.59,59.23407667395652,464.2777531765721
-27.3185,-9.9431,79.8739,20.5,84.99999999999999,19.999999999999996,200.0,459.0782843452577,35.470544886845495,59.20298690026552,464.23703468149546
-26.5583,-11.8245,79.8739,21.2,84.99999999999999,19.999999999999996,204.0,458.99582237706824,35.43402619946894,59.221089773690984,464.1550092870801
-25.6688,-13.6483,79.8739,21.3,84.99999999999999,19.999999999999996,208.0,458.8970130997344,35.45353178711102,59.187557986579954,464.05451034167555
-24.6542,-15.4057,79.8739,20.8,84.99999999999999,19.999999999999996,212.0,458.84810287342543,35.39244201342003,59.188910226309,464.00165253584277
-23.5195,-17.0879,79.8739,22.2,84.99999999999999,19.999999999999996,215.99999999999994,458.80028242080743,35.289455113154496,59.18597380053106,463.94614373471535
-22.2702,-18.6869,79.8739,20.5,84.99999999999999,19.999999999999996,220.0,458.70409662872584,35.262986900265524,59.14298690026552,463.84352901446056
-20.9124,-20.1949,79.8739,21.2,84.99999999999999,19.999999999999996,224.0,458.64462156080197,35.169999999999995,59.21646821288896,463.78702859637997
-19.4528,-21.6045,79.8739,21.3,84.99999999999999,19.999999999999996,228.0,458.5663372155442,35.21298690026553,59.16244201342003,463.70597863162146
-17.8983,-22.9088,79.8739,22.6,84.99999999999999,19.999999999999996,231.99999999999994,458.478415813951,35.1594551131545,59.1394551131545,463.6120362999702
-16.2567,-24.1015,79.8739,22.2,84.99999999999999,19.999999999999996,236.0,458.38901117528405,35.162442013420026,59.19,463.5302999746638
-14.5359,-25.1768,79.8739,22.1,84.99999999999999,19.999999999999996,239.99999999999994,458.26400624469943,35.28646821288897,59.15646821288897,463.41182763261844
-12.7442,-26.1295,79.8739,21.7,84.99999999999999,19.999999999999996,243.99999999999994,458.25293642577793,35.22,59.129999999999995,463.3924460355909
-10.8905,-26.9548,79.8739,21.7,84.99999999999999,19.999999999999996,248.0,458.23532796471034,35.36054488684549,59.136468212888964,463.38656195698456
-8.9837,-27.6488,79.8739,21.5,84.99999999999999,19.999999999999996,252.0,458.10566086000546,35.45542891368556,59.169999999999995,463.269870433461
-7.0331,-28.2082,79.8739,21.3,84.99999999999999,19.999999999999996,256.0,458.029505587642,35.39651868737655,59.187013099734465,463.1922322791194
-5.0482,-28.63,79.8739,21.7,84.99999999999999,19.999999999999996,259.99999999999994,458.0377699781303,35.532442013420024,59.164076673956515,463.2078811188962
-3.0388,-28.9125,79.8739,22.2,84.99999999999999,19.999999999999996,263.99999999999994,457.8711402481785,35.3105448868455,59.177063574222046,463.0277966878885
-1.0146,-29.054,79.8739,21.0,84.99999999999999,19.999999999999996,267.99999999999994,457.8695356360117,35.512442013420035,59.17810287342546,463.04178327769864
1.0146,-29.054,79.8739,22.1,84.99999999999999,19.999999999999996,272.0,457.842179547382,35.53999999999999,59.193481312623454,463.0188130115288
3.0388,-28.9125,79.8739,21.9,84.99999999999999,19.999999999999996,276.0,457.8789607007965,35.51005047448758,59.217013099734466,463.0558940102116
5.0482,-28.63,79.8739,22.0,84.99999999999999,19.999999999999996,279.99999999999994,457.7700504744875,35.69646821288897,59.23,462.9641993224623
7.0331,-28.2082,79.8739,22.0,84.99999999999999,19.999999999999996,283.99999999999994,457.78348131262334,35.701089773690995,59.287013099734466,462.985133126348
8.9837,-27.6488,79.8739,21.6,84.99999999999999,19.999999999999996,287.99999999999994,457.86085782737104,35.923531787111024,59.22402619946894,463.0707835155993
10.8905,-26.9548,79.8739,21.6,84.99999999999999,19.999999999999996,291.99999999999994,457.8780523989379,35.92,59.2394551131545,463.08948412887537
12.7442,-26.1295,79.8739,21.0,84.99999999999999,19.999999999999996,295.99999999999994,457.8346215608021,36.01054488684549,59.227013099734464,463.05198317628066
14.5359,-25.1768,79.8739,21.7,84.99999999999999,19.999999999999996,300.0,457.94678115341463,36.03592332604347,59.276468212888965,463.17117982720765
16.2567,-24.1015,79.8739,22.4,84.99999999999999,19.999999999999996,303.99999999999994,457.9878709271056,35.97348131262344,59.34701309973446,463.21598551642495
17.8983,-22.9088,79.8739,21.9,84.99999999999999,19.999999999999996,308.0,457.97701309973445,36.077013099734465,59.279999999999994,463.20472126474783
19.4528,-21.6045,79.8739,21.5,84.99999999999999,19.999999999999996,311.99999999999994,458.0183653394634,36.15,59.32,463.2564169962831
20.9124,-20.1949,79.8739,22.1,84.99999999999999,19.999999999999996,315.99999999999994,458.0646215608018,36.082986900265524,59.38592332604347,463.30537160556645
22.2702,-18.6869,79.8739,21.5,84.99999999999999,19.999999999999996,319.99999999999994,458.14973753396185,36.17701309973447,59.35755798657996,463.3932217559799
23.5195,-17.0879,79.8739,20.7,84.99999999999999,19.999999999999996,323.99999999999994,458.21924312160394,36.2094551131545,59.41298690026552,463.47157671095454
24.6542,-15.4057,79.8739,21.3,84.99999999999999,19.999999999999996,327.99999999999994,458.2594551131545,36.24244201342003,59.41,463.5135282855306
25.6688,-13.6483,79.8739,22.7,84.99999999999999,19.999999999999996,331.99999999999994,458.3171645231972,36.18054488684549,59.40298690026552,463.56484980805607
26.5583,-11.8245,79.8739,20.9,84.99999999999999,19.999999999999996,335.99999999999994,458.43098882471577,36.22592332604348,59.453481312623445,463.6874006006865
27.3185,-9.9431,79.8739,20.2,84.99999999999999,19.999999999999996,339.99999999999994,458.3935118323415,36.251897126574534,59.41054488684549,463.6468748724773
27.9455,-8.0132,79.8739,21.5,84.99999999999999,19.999999999999996,343.99999999999994,458.4158728515558,36.22701309973447,59.48646821288897,463.67677196601636
28.4364,-6.0443,79.8739,20.9,84.99999999999999,19.999999999999996,347.99999999999994,458.4296065366172,36.10542891368556,59.43597380053105,463.6743912790271
28.7888,-4.046,79.8739,21.3,84.99999999999999,19.999999999999996,351.99999999999994,458.4996065366172,36.14537843919798,59.50348131262344,463.7553685565994
29.0009,-2.0279,79.8739,21.7,84.99999999999999,19.999999999999996,356.0,458.50353178711094,36.103531787111024,59.43407667395651,463.74708962843414
34.4884,-2.4117,77.6514,20.9,84.99999999999999,24.0,356.0,458.609172692347,36.24,59.475923326043464,463.8675417972725
34.2362,-4.8116,77.6514,20.4,84.99999999999999,24.0,351.99999999999994,458.59732604026004,36.226518687376554,59.49054488684549,463.85665138964777
33.8171,-7.1881,77.6514,22.5,84.99999999999999,24.0,347.99999999999994,458.45782045261797,36.41542891368556,59.43,463.72576108852587
33.2333,-9.5295,77.6514,21.3,84.99999999999999,24.0,343.99999999999994,458.41353178711097,36.22592332604348,59.43054488684549,463.66720103098123
32.4876,-11.8245,77.6514,21.7,84.99999999999999,24.0,339.99999999999994,458.36376373343086,36.29298690026552,59.453531787111025,463.6261891265206
31.5837,-14.0619,77.6514,21.4,84.99999999999999,24.0,335.99999999999994,458.3918266973175,36.24,59.42272443422747,463.6458395824228
30.5258,-16.2309,77.6514,21.7,84.99999999999999,24.0,331.99999999999994,458.23646821288895,36.245923326043474,59.4705448868455,463.49883869015
29.3192,-18.3207,77.6514,21.3,84.99999999999999,24.0,327.99999999999994,458.201019344434,36.41701309973447,59.36298690026551,463.4634151528098
27.9698,-20.3213,77.6514,21.1,84.99999999999999,24.0,323.99999999999994,458.131352239729,36.32592332604348,59.43407667395651,463.39650201590644
26.4842,-22.2228,77.6514,21.9,84.99999999999999,24.0,319.99999999999994,457.973531787111,36.38103929920341,59.349999999999994,463.2340211362397
24.8695,-24.0162,77.6514,21.8,84.99999999999999,24.0,315.99999999999994,457.88444008896965,36.3805448868455,59.38706357422204,463.15065350469035
23.1336,-25.6925,77.6514,21.7,84.99999999999999,24.0,311.99999999999994,457.8596870594743,36.2594551131545,59.32597380053106,463.1088557636141
21.285,-27.2436,77.6514,21.0,84.99999999999999,24.0,308.0,457.80358226159854,36.22701309973447,59.30896070079658,463.0486683158577
19.3328,-28.662,77.6514,21.2,84.99999999999999,24.0,303.99999999999994,457.77217954738194,36.218910226309006,59.30054488684549,463.01590949925117
17.2863,-29.9408,77.6514,21.2,84.99999999999999,24.0,300.0,457.7787487092461,36.05348131262344,59.23755798657997,463.0014304089958
15.1556,-31.0737,77.6514,21.4,84.99999999999999,24.0,295.99999999999994,457.6449345013276,36.15,59.254026199468946,462.8787618756901
12.9511,-32.0552,77.6514,21.2,84.99999999999999,24.0,291.99999999999994,457.6105953613331,36.09,59.266518687376546,462.8417281579902
10.6835,-32.8805,77.6514,21.7,84.99999999999999,24.0,287.99999999999994,457.5627749087151,35.849455113154505,59.22646821288896,462.77062455502283
8.3639,-33.5457,77.6514,20.6,84.99999999999999,24.0,283.99999999999994,457.6564682128889,35.82298690026552,59.19,462.8565494702992
6.0035,-34.0474,77.6514,20.9,84.99999999999999,24.0,279.99999999999994,457.58701309973435,35.81298690026553,59.14701309973447,462.78160480606317
3.6138,-34.3832,77.6514,22.0,84.99999999999999,24.0,276.0,457.61891022630897,35.7694551131545,59.158910226309,462.81129802001493
1.2066,-34.5516,77.6514,21.9,84.99999999999999,24.0,272.0,457.6118666068564,35.565923326043475,59.13353178711102,462.78540377054094
-1.2066,-34.5516,77.6514,22.5,84.99999999999999,24.0,267.99999999999994,457.696468212889,35.51592332604347,59.11298690026552,462.8625962902214
-3.6138,-34.3832,77.6514,21.8,84.99999999999999,24.0,263.99999999999994,457.752774908715,35.40108977369099,59.120544886845494,462.910443737783
-6.0035,-34.0474,77.6514,21.3,84.99999999999999,24.0,259.99999999999994,457.8517961775992,35.43244201342003,59.09651868737655,463.00769295018813
-8.3639,-33.5457,77.6514,20.9,84.99999999999999,24.0,256.0,457.89701309973435,35.24353178711103,59.14646821288897,463.0443670325185
-10.6835,-32.8805,77.6514,21.2,84.99999999999999,24.0,252.0,457.918647760271,35.26701309973448,59.12,463.06416896535194
-12.9511,-32.0552,77.6514,20.9,84.99999999999999,24.0,248.0,458.0569825800164,35.12864776027096,59.17864776027096,463.19794206635765
-15.1556,-31.0737,77.6514,21.0,84.99999999999999,24.0,243.99999999999994,458.1471746167973,35.107013099734466,59.10701309973446,463.27634838799105
-17.2863,-29.9408,77.6514,20.9,84.99999999999999,24.0,239.99999999999994,458.177820452618,35.093531787111026,59.12646821288897,463.30811602143797
-19.3328,-28.662,77.6514,21.0,84.99999999999999,24.0,236.0,458.37776997813035,35.02298690026553,59.169999999999995,463.5060717202526
-21.285,-27.2436,77.6514,22.7,84.99999999999999,24.0,231.99999999999994,458.3996365849868,35.1694551131545,59.14298690026552,463.53533877546937
-23.1336,-25.6925,77.6514,20.9,84.99999999999999,24.0,228.0,458.47516644764744,35.02,59.14054488684549,463.5984067042412
-24.8695,-24.0162,77.6514,21.3,84.99999999999999,24.0,224.0,458.65402619946894,35.09701309973447,59.18597380053106,463.7869075041071
-26.4842,-22.2228,77.6514,21.8,84.99999999999999,24.0,220.0,458.7270130997345,35.08701309973447,59.15402619946894,463.8542549673037
-27.9698,-20.3213,77.6514,21.8,84.99999999999999,24.0,215.99999999999994,458.84194760106215,35.07402619946894,59.19706357422204,463.97242647380176
-29.3192,-18.3207,77.6514,21.2,84.99999999999999,24.0,212.0,458.95673067892693,35.107013099734466,59.16353178711101,464.0841588524634
-30.5258,-16.2309,77.6514,21.8,84.99999999999999,24.0,208.0,458.92999999999995,35.37651868737655,59.22054488684548,464.08546186142604
-31.5837,-14.0619,77.6514,23.0,84.99999999999999,24.0,204.0,458.9610392992035,35.35646821288897,59.17701309973447,464.1090758846461
-32.4876,-11.8245,77.6514,22.1,84.99999999999999,24.0,200.0,459.12112029340915,35.28298690026553,59.24244201342003,464.27013601974534
-33.2333,-9.5295,77.6514,20.7,84.99999999999999,24.0,196.0,459.17566086000534,35.42244201342003,59.20244201342003,464.329587755044
-33.8171,-7.1881,77.6514,22.0,84.99999999999999,24.0,192.0,459.1753784391979,35.549455113154494,59.207557986579964,464.3396675348306
-34.2362,-4.8116,77.6514,21.3,84.99999999999999,24.0,188.0,459.2614531887042,35.71293642577795,59.23298690026553,464.44056987980605
-34.4884,-2.4117,77.6514,21.6,84.99999999999999,24.0,183.99999999999997,459.3234813126234,35.75407667395652,59.18353178711103,464.49876740283287
-34.5726,0.0,77.6514,20.6,84.99999999999999,24.0,180.0,459.2740766739566,35.91,59.22760846106754,464.46756098648365
-34.4884,2.4117,77.6514,21.3,84.99999999999999,24.0,175.99999999999997,459.2197880084495,35.970544886845495,59.18646821288896,464.4133200259196
-34.2362,4.8116,77.6514,21.8,84.99999999999999,24.0,171.99999999999997,459.22467203528953,36.105923326043474,59.208910226309,464.4315150324453
-33.8171,7.1881,77.6514,22.2,84.99999999999999,24.0,167.99999999999997,459.2643896144821,36.016468212888974,59.22244201342002,464.46556727977776
-33.2333,9.5295,77.6514,21.4,84.99999999999999,24.0,163.99999999999997,459.2249345013276,36.23701309973447,59.182986900265526,464.43868004783576
-32.4876,11.8245,77.6514,21.4,84.99999999999999,24.0,159.99999999999997,459.23701309973444,36.192986900265524,59.24,464.4544585871993
-31.5837,14.0619,77.6514,22.2,84.99999999999999,24.0,155.99999999999997,459.1392935960915,36.483531787111026,59.189455113154494,464.37412784539487
-30.5258,16.2309,77.6514,21.7,84.99999999999999,24.0,151.99999999999997,459.0807064039084,36.5205448868455,59.18244201342002,464.31821699543025
-29.3192,18.3207,77.6514,21.7,84.99999999999999,24.0,147.99999999999997,459.0329869002655,36.53646821288898,59.15592332604347,464.2689089704451
-27.9698,20.3213,77.6514,21.2,84.99999999999999,24.0,143.99999999999997,458.9675579865799,36.456518687376544,59.19402619946894,464.20278949686525
-26.4842,22.2228,77.6514,22.5,84.99999999999999,24.0,139.99999999999997,458.8856103855178,36.67646821288897,59.14,464.13220782387026
-24.8695,24.0162,77.6514,22.0,84.99999999999999,24.0,136.0,458.76254296239506,36.64293642577795,59.17646821288896,464.0125321641411
-23.1336,25.6925,77.6514,23.5,84.99999999999999,24.0,131.99999999999997,458.6205448868455,36.63999999999999,59.14755798657996,463.8682220287168
-21.285,27.2436,77.6514,23.1,84.99999999999999,24.0,128.0,458.5981028734255,36.66701309973447,59.19298690026553,463.85396355635044
-19.3328,28.662,77.6514,22.2,84.99999999999999,24.0,124.0,458.5408777821405,36.64646821288897,59.168910226309,463.7926909375171
-17.2863,29.9408,77.6514,21.4,84.99999999999999,24.0,119.99999999999997,458.4983653394634,36.65945511315449,59.13108977369099,463.7468624648341
-15.1556,31.0737,77.6514,22.7,84.99999999999999,24.0,115.99999999999997,458.36968705947436,36.56646821288897,59.1394551131545,463.6133645222552
-12.9511,32.0552,77.6514,22.0,84.99999999999999,24.0,112.0,458.38244201342,36.493531787111024,59.21049441235791,463.6292955120924
-10.6835,32.8805,77.6514,22.1,84.99999999999999,24.0,107.99999999999997,458.22542891368556,36.5605448868455,59.12298690026552,463.4681701320632
-8.3639,33.5457,77.6514,21.2,84.99999999999999,24.0,104.0,458.19158418604883,36.554076673956516,59.15298690026553,463.43802627711676
-6.0035,34.0474,77.6514,21.9,84.99999999999999,24.0,100.0,458.15765893555516,36.56701309973447,59.13353178711102,463.40302272423935
-3.6138,34.3832,77.6514,21.9,84.99999999999999,24.0,96.0,458.2170635742219,36.30646821288897,59.16755798657995,463.44561374855124
-1.2066,34.5516,77.6514,22.1,84.99999999999999,24.0,91.99999999999999,458.19701309973436,36.30760846106754,59.170544886845484,463.426260183739
1.2066,34.5516,77.6514,21.2,84.99999999999999,24.0,87.99999999999999,458.186730678927,36.17293642577795,59.21646821288896,463.41142800703034
3.6138,34.3832,77.6514,20.3,84.99999999999999,24.0,83.99999999999999,458.16075687839594,36.21,59.2594551131545,463.39413706227725
6.0035,34.0474,77.6514,21.2,84.99999999999999,24.0,79.99999999999999,458.12999999999994,36.13402619946894,59.25402619946893,463.3571024277401
8.3639,33.5457,77.6514,21.3,84.99999999999999,24.0,75.99999999999999,458.16207859840677,36.11,59.287013099734466,463.39116552638416
10.6835,32.8805,77.6514,23.3,84.99999999999999,24.0,71.99999999999999,458.1653983939673,35.94298690026553,59.3194551131545,463.385615171357
12.9511,32.0552,77.6514,21.2,84.99999999999999,24.0,68.0,458.21841581395097,35.92999999999999,59.35353178711101,463.44139136103337
15.1556,31.0737,77.6514,22.5,84.99999999999999,24.0,64.0,458.2535822615985,35.7805448868455,59.39,463.4692709856687
17.2863,29.9408,77.6514,21.1,84.99999999999999,24.0,59.999999999999986,458.17981852816763,35.84755798657997,59.37054488684549,463.39902365053246
19.3328,28.662,77.6514,22.6,84.99999999999999,24.0,56.0,458.24207859840675,35.902986900265525,59.42348131262344,463.4716573835565
21.285,27.2436,77.6514,20.9,84.99999999999999,24.0,52.0,458.26532796471037,35.762986900265524,59.4394551131545,463.4858691166116
23.1336,25.6925,77.6514,20.9,84.99999999999999,24.0,48.0,458.3615841860489,35.901897126574525,59.43,463.59056609774916
24.8695,24.0162,77.6514,21.3,84.99999999999999,24.0,43.99999999999999,458.4283653394635,35.739999999999995,59.49760846106754,463.6527570934946
26.4842,22.2228,77.6514,22.5,84.99999999999999,24.0,39.99999999999999,458.44592332604344,35.853531787111024,59.47407667395652,463.6758632407962
27.9698,20.3213,77.6514,22.4,84.99999999999999,24.0,35.99999999999999,458.4911402481785,35.779455113154505,59.499455113154504,463.7181042972459
29.3192,18.3207,77.6514,22.2,84.99999999999999,24.0,32.0,458.546730678927,35.92163466053649,59.49054488684549,463.7829157956891
30.5258,16.2309,77.6514,22.2,84.99999999999999,24.0,28.0,458.5265186873765,35.86407667395652,59.54054488684549,463.7648939070991
31.5837,14.0619,77.6514,21.8,84.99999999999999,24.0,24.0,458.57103929920333,35.90353178711102,59.54054488684549,463.81196423137044
32.4876,11.8245,77.6514,21.2,84.99999999999999,24.0,19.999999999999996,458.59675063369644,35.87651868737655,59.56348131262343,463.8382396816693
33.2333,9.5295,77.6514,21.8,84.99999999999999,24.0,16.0,458.597063574222,35.88298690026553,59.53054488684549,463.8348210756803
33.8171,7.1881,77.6514,21.3,84.99999999999999,24.0,12.0,458.62026246603796,35.95244201342003,59.55542891368554,463.8663302549981
34.2362,4.8116,77.6514,21.6,84.99999999999999,24.0,8.0,458.64597380053107,35.95,59.50815334791305,463.8854945978761
34.4884,2.4117,77.6514,22.2,84.99999999999999,24.0,4.0,458.6194046386669,36.05054488684549,59.51,463.8672657105303
34.5726,0.0,77.6514,22.3,84.99999999999999,24.0,0.0,458.6342886655069,35.99701309973447,59.54293642577794,463.8820507090377
39.9051,0.0,75.0505,22.1,84.99999999999999,28.0,0.0,458.6678404073874,35.999455113154504,59.566468212888964,463.91843327009303
39.8079,2.7836,75.0505,20.6,84.99999999999999,28.0,4.0,458.6889607007966,36.00054488684549,59.53353178711102,463.93517144960424
39.5167,5.5537,75.0505,22.7,84.99999999999999,28.0,8.0,458.7279214015931,35.99999999999999,59.529455113154505,463.9731262686399
39.0331,8.2967,75.0505,21.8,84.99999999999999,28.0,12.0,458.7224619681894,36.03244201342003,59.548960700796584,463.97274996722865
38.3592,10.9993,75.0505,21.3,84.99999999999999,28.0,16.0,458.7423915389324,35.832986900265524,59.54163466053648,463.97606727405946
37.4985,13.6483,75.0505,21.3,84.99999999999999,28.0,19.999999999999996,458.6872755657725,35.90701309973446,59.51597380053106,463.9240040061744
36.4551,16.2309,75.0505,22.4,84.99999999999999,28.0,24.0,458.60153371156133,35.759455113154495,59.540544886845495,463.8309841289265
35.2341,18.7343,75.0505,21.4,84.99999999999999,28.0,28.0,458.63891022630895,35.64353178711102,59.53353178711102,463.85811703459717
33.8414,21.1465,75.0505,21.2,84.99999999999999,28.0,32.0,458.5347830778648,35.69298690026553,59.47999999999999,463.752096497824
32.2839,23.4556,75.0505,22.3,84.99999999999999,28.0,35.99999999999999,458.557820452618,35.72054488684549,59.51054488684548,463.78091484880855
30.5691,25.6505,75.0505,21.6,84.99999999999999,28.0,39.99999999999999,458.4265691618641,35.67651868737655,59.45244201342003,463.6402982491138
28.7053,27.7204,75.0505,21.8,84.99999999999999,28.0,43.99999999999999,458.32607474950623,35.62293642577795,59.48651868737655,463.5411851178152
26.7017,29.6553,75.0505,21.5,84.99999999999999,28.0,48.0,458.32163466053646,35.688910226309005,59.440000000000005,463.53590228918387
24.568,31.4456,75.0505,20.7,84.99999999999999,28.0,52.0,458.31049441235785,35.6794551131545,59.44945511315451,463.52537203363795
22.3146,33.0828,75.0505,20.9,84.99999999999999,28.0,56.0,458.16994952551244,35.727013099734464,59.37597380053106,463.38065170872267
19.9525,34.5588,75.0505,21.2,84.99999999999999,28.0,59.999999999999986,458.17137219449836,35.690544886845494,59.37244201342002,463.3787955480337
17.4932,35.8665,75.0505,22.3,84.99999999999999,28.0,64.0,458.11989905102484,35.73293642577795,59.35945511315449,463.3295043092556
14.9487,36.9993,75.0505,20.6,84.99999999999999,28.0,68.0,458.0301009489751,35.98244201342003,59.29999999999999,463.2524144659987
12.3313,37.952,75.0505,20.6,84.99999999999999,28.0,71.99999999999999,458.0418971265745,35.970544886845495,59.26348131262344,463.2584805916236
9.6539,38.7197,75.0505,21.8,84.99999999999999,28.0,75.99999999999999,458.03701309973434,36.02298690026553,59.24755798657996,463.2556897458639
6.9294,39.2988,75.0505,20.8,84.99999999999999,28.0,79.99999999999999,457.9996870594743,36.019999999999996,59.23462156080201,463.21689750917744
4.1712,39.6865,75.0505,22.3,84.99999999999999,28.0,83.99999999999999,457.925973800531,36.24701309973447,59.21999999999999,463.1598556004362
1.3927,39.8808,75.0505,21.4,84.99999999999999,28.0,87.99999999999999,457.9929869002655,36.20298690026552,59.187013099734465,463.21845260092533
-1.3927,39.8808,75.0505,21.9,84.99999999999999,28.0,91.99999999999999,457.98597380053104,36.42,59.14054488684549,463.22259513924155
-4.1712,39.6865,75.0505,21.4,84.99999999999999,28.0,96.0,458.0517961775993,36.442986900265524,59.15298690026553,463.29106956098434
-6.9294,39.2988,75.0505,21.4,84.99999999999999,28.0,100.0,458.06836533946336,36.52,59.11701309973446,463.3089238970066
-9.6539,38.7197,75.0505,21.1,84.99999999999999,28.0,104.0,458.1518971265745,36.56999999999999,59.10054488684549,463.3933535848365
-12.3313,37.952,75.0505,21.3,84.99999999999999,28.0,107.99999999999997,458.1565691618641,36.684621560802015,59.055115973159936,463.40124087860687
-14.9487,36.9993,75.0505,20.7,84.99999999999999,28.0,112.0,458.2396365849867,36.88353178711103,59.06,463.4997767579091
-17.4932,35.8665,75.0505,21.3,84.99999999999999,28.0,115.99999999999997,458.3261552723633,36.75244201342003,59.10054488684549,463.58006968227
-19.9525,34.5588,75.0505,20.9,84.99999999999999,28.0,119.99999999999997,458.3748840268401,36.87651868737655,59.05755798657997,463.6326208243525
-22.3146,33.0828,75.0505,22.6,84.99999999999999,28.0,124.0,458.50135223972904,36.87298690026553,59.06402619946894,463.75819815880214
-24.568,31.4456,75.0505,22.1,84.99999999999999,28.0,128.0,458.5797375339619,36.82755798657996,59.11348131262343,463.8383860536665
-26.7017,29.6553,75.0505,21.6,84.99999999999999,28.0,131.99999999999997,458.5736327360862,36.99646821288898,59.06,463.8389794971938
-28.7053,27.7204,75.0505,22.7,84.99999999999999,28.0,136.0,458.7424924879075,36.89,59.14701309973447,464.00852974125166
-30.5691,25.6505,75.0505,21.2,84.99999999999999,28.0,139.99999999999997,458.8943896144822,36.86,59.09402619946894,464.1495710997821
-32.2839,23.4556,75.0505,21.2,84.99999999999999,28.0,143.99999999999997,459.00506549867237,36.768102873425455,59.14298690026552,464.2579417111099
-33.8414,21.1465,75.0505,21.3,84.99999999999999,28.0,147.99999999999997,459.0729364257778,36.781089773690994,59.13353178711102,464.32486914351665
-35.2341,18.7343,75.0505,21.4,84.99999999999999,28.0,151.99999999999997,459.19103929920334,36.57054488684549,59.14,464.425833611787
-36.4551,16.2309,75.0505,20.8,84.99999999999999,28.0,155.99999999999997,459.25628674105656,36.6494551131545,59.177063574222046,464.50128560052684
-37.4985,13.6483,75.0505,21.9,84.99999999999999,28.0,159.99999999999997,459.4064682128889,36.453531787111025,59.11353178711102,464.62627202509736
-38.3592,10.9993,75.0505,21.3,84.99999999999999,28.0,163.99999999999997,459.41838529423285,36.4294551131545,59.19,464.6459017856517
-39.0331,8.2967,75.0505,21.7,84.99999999999999,28.0,167.99999999999997,459.4808073528835,36.29597380053105,59.175115973159926,464.6952812222472
-39.5167,5.5537,75.0505,21.5,84.99999999999999,28.0,171.99999999999997,459.51324936630346,36.17293642577795,59.16646821288897,464.7166648976866
-39.8079,2.7836,75.0505,22.1,84.99999999999999,28.0,175.99999999999997,459.57423819101933,35.93244201342002,59.19,464.76131174819574
-39.9051,0.0,75.0505,21.6,84.99999999999999,28.0,180.0,459.52026246603793,35.870544886845494,59.23891022630901,464.70938885731186
-39.8079,-2.7836,75.0505,21.3,84.99999999999999,28.0,183.99999999999997,459.5627549539457,35.709455113154505,59.19298690026552,464.7331499081099
-39.5167,-5.5537,75.0505,20.9,84.99999999999999,28.0,188.0,459.45831486497593,35.549455113154494,59.20054488684549,464.6185654623639
-39.0331,-8.2967,75.0505,21.8,84.99999999999999,28.0,192.0,459.4069325768773,35.44,59.209999999999994,464.56059604716313
-38.3592,-10.9993,75.0505,21.8,84.99999999999999,28.0,196.0,459.3423915389325,35.47999999999999,59.2,464.4985501212097
-37.4985,-13.6483,75.0505,22.5,84.99999999999999,28.0,200.0,459.2510897736909,35.339999999999996,59.19542891368556,464.3970045797
-36.4551,-16.2309,75.0505,21.0,84.99999999999999,28.0,204.0,459.2199495255124,35.22646821288897,59.240544886845505,464.3633364763611
-35.2341,-18.7343,75.0505,21.4,84.99999999999999,28.0,208.0,459.11711404870954,35.15701309973447,59.16646821288897,464.24692884638176
-33.8414,-21.1465,75.0505,21.9,84.99999999999999,28.0,212.0,458.92457108631453,34.9494551131545,59.20054488684549,464.0451819320653
-32.2839,-23.4556,75.0505,22.4,84.99999999999999,28.0,215.99999999999994,458.86836533946354,35.00592332604348,59.15950558764207,463.9886189106307
-30.5691,-25.6505,75.0505,22.3,84.99999999999999,28.0,220.0,458.70298690026544,34.839999999999996,59.144026199468925,463.8105988723291
-28.7053,-27.7204,75.0505,22.3,84.99999999999999,28.0,224.0,458.5799999999999,34.867013099734464,59.19701309973447,463.69775863424996
-26.7017,-29.6553,75.0505,21.5,84.99999999999999,28.0,228.0,458.4571440970792,34.85597380053105,59.117013099734464,463.5652199217145
-24.568,-31.4456,75.0505,21.8,84.99999999999999,28.0,231.99999999999994,458.3167811534146,34.96646821288897,59.16353178711101,463.44066424908635
-22.3146,-33.0828,75.0505,22.0,84.99999999999999,28.0,236.0,458.20673067892693,34.99999999999999,59.117063574222044,463.32843129373066
-19.9525,-34.5588,75.0505,22.0,84.99999999999999,28.0,239.99999999999994,458.05324936630353,34.9605448868455,59.09348131262344,463.17065805970435
-17.4932,-35.8665,75.0505,22.0,84.99999999999999,28.0,243.99999999999994,458.03108977369084,34.97108977369099,59.109999999999985,463.15164732432333
-14.9487,-36.9993,75.0505,22.6,84.99999999999999,28.0,248.0,457.8783653394635,35.009455113154495,59.09,463.0009584150547
-12.3313,-37.952,75.0505,21.2,84.99999999999999,28.0,252.0,457.6397880084494,35.14348131262344,59.05353178711102,462.77052570763465
-9.6539,-38.7197,75.0505,21.4,84.99999999999999,28.0,256.0,457.6865186873766,35.18999999999999,59.060544886845506,462.821167893714
-6.9294,-39.2988,75.0505,21.7,84.99999999999999,28.0,259.99999999999994,457.53547938817314,35.322986900265526,59.039455113154496,462.6792469547126
-4.1712,-39.6865,75.0505,23.5,84.99999999999999,28.0,263.99999999999994,457.50381420791837,35.430544886845496,59.12,462.6664434836098
-1.3927,-39.8808,75.0505,21.6,84.99999999999999,28.0,267.99999999999994,457.43108977369087,35.42646821288898,59.10537843919798,462.5923500254042
1.3927,-39.8808,75.0505,22.4,84.99999999999999,28.0,272.0,457.36488402684006,35.61,59.10597380053105,462.5410526426751
4.1712,-39.6865,75.0505,20.6,84.99999999999999,28.0,276.0,457.3345710863144,35.70298690026552,59.12701309973446,462.5209366746546
6.9294,-39.2988,75.0505,22.1,84.99999999999999,28.0,279.99999999999994,457.36896070079655,35.79,59.10298690026552,462.5585945294496
9.6539,-38.7197,75.0505,22.5,84.99999999999999,28.0,283.99999999999994,457.2989607007965,35.98,59.09,462.50246265077186
12.3313,-37.952,75.0505,21.3,84.99999999999999,28.0,287.99999999999994,457.3611402481786,36.07999999999999,59.120544886845494,462.57563472023855
14.9487,-36.9993,75.0505,21.8,84.99999999999999,28.0,291.99999999999994,457.4473765147477,36.048052398937884,59.18433913999456,462.6665649919171
17.4932,-35.8665,75.0505,21.1,84.99999999999999,28.0,295.99999999999994,457.5197175791925,36.11706357422205,59.19646821288897,462.7450227758782
19.9525,-34.5588,75.0505,22.2,84.99999999999999,28.0,300.0,457.5127244342274,36.359455113154496,59.19,462.75626316167217
22.3146,-33.0828,75.0505,21.7,84.99999999999999,28.0,303.99999999999994,457.57223002186953,36.4294551131545,59.209999999999994,462.82315735821606
24.568,-31.4456,75.0505,22.4,84.99999999999999,28.0,308.0,457.67701309973444,36.46054488684549,59.25054488684549,462.9343870601192
26.7017,-29.6553,75.0505,22.4,84.99999999999999,28.0,311.99999999999994,457.7672755657725,36.58755798657997,59.267557986579966,463.0358208692108
28.7053,-27.7204,75.0505,22.6,84.99999999999999,28.0,315.99999999999994,457.7491926471164,36.56701309973447,59.31651868737656,463.0225903833558
30.5691,-25.6505,75.0505,21.9,84.99999999999999,28.0,319.99999999999994,457.8454793881731,36.6394551131545,59.29646821288895,463.1209386431335
32.2839,-23.4556,75.0505,21.7,84.99999999999999,28.0,323.99999999999994,457.97249248790763,36.539455113154496,59.34646821288897,463.2450096276227
33.8414,-21.1465,75.0505,21.8,84.99999999999999,28.0,327.99999999999994,458.0756608600053,36.44244201342003,59.366468212888975,463.34192579595475
35.2341,-18.7343,75.0505,21.7,84.99999999999999,28.0,331.99999999999994,458.2246720352895,36.59755798657997,59.35999999999998,463.50063744554836
36.4551,-16.2309,75.0505,21.5,84.99999999999999,28.0,335.99999999999994,458.34896070079657,36.459999999999994,59.43597380053105,463.62240709128565
37.4985,-13.6483,75.0505,22.7,84.99999999999999,28.0,339.99999999999994,458.39597380053107,36.45298690026553,59.402986900265525,463.6641067660524
38.3592,-10.9993,75.0505,21.1,84.99999999999999,28.0,343.99999999999994,458.51298690026545,36.44701309973447,59.46592332604347,463.78738658690804
39.0331,-8.2967,75.0505,21.8,84.99999999999999,28.0,347.99999999999994,458.5829869002655,36.28353178711102,59.49293642577794,463.8472378249945
39.5167,-5.5537,75.0505,21.5,84.99999999999999,28.0,351.99999999999994,458.54566086000546,36.32353178711102,59.459455113154505,463.80917289051285
39.8079,-2.7836,75.0505,21.9,84.99999999999999,28.0,356.0,458.61514649287807,36.273481312623446,59.451089773690995,463.872881417421
44.9334,-3.1421,72.0841,21.8,84.99999999999999,32.0,356.0,458.6389607007966,36.33,59.48597380053105,463.9053203528758
44.6048,-6.2688,72.0841,24.0,84.99999999999999,32.0,351.99999999999994,458.5673765147476,36.44244201342003,59.463531787111016,463.840491975546
44.0588,-9.365,72.0841,22.3,84.99999999999999,32.0,347.99999999999994,458.56673067892694,36.40108977369099,59.49298690026552,463.84038344304065
43.2982,-12.4156,72.0841,20.9,84.99999999999999,32.0,343.99999999999994,458.51597380053107,36.41701309973447,59.519455113154514,463.7948497022389
42.3267,-15.4057,72.0841,22.0,84.99999999999999,32.0,339.99999999999994,458.4072755657726,36.738910226309,59.451089773690995,463.70401107983787
41.149,-18.3207,72.0841,23.0,84.99999999999999,32.0,335.99999999999994,458.28293642577785,36.76945511315451,59.39651868737654,463.57651912120366
39.7707,-21.1465,72.0841,21.1,84.99999999999999,32.0,331.99999999999994,458.1881028734254,36.669455113154505,59.432936425777946,463.4795146338561
38.1987,-23.8692,72.0841,22.2,84.99999999999999,32.0,327.99999999999994,458.09054488684546,36.6494551131545,59.404026199468944,463.37778130109484
36.4407,-26.4757,72.0841,22.1,84.99999999999999,32.0,323.99999999999994,457.958678279989,36.743531787111024,59.32402619946894,463.2446202867986
34.505,-28.9532,72.0841,22.1,84.99999999999999,32.0,319.99999999999994,457.7853784391979,36.79402619946894,59.348910226309,463.0804964816995
32.4013,-31.2896,72.0841,21.6,84.99999999999999,32.0,315.99999999999994,457.6907568783959,36.70135223972904,59.297557986579946,462.97302142923553
30.1397,-33.4736,72.0841,21.3,84.99999999999999,32.0,311.99999999999994,457.4860242750187,36.69646821288898,59.260544886845494,462.76549716519315
27.7313,-35.4945,72.0841,21.4,84.99999999999999,32.0,308.0,457.46212907289436,36.57054488684549,59.29542891368555,462.7363743853342
25.1878,-37.3425,72.0841,22.2,84.99999999999999,32.0,303.99999999999994,457.3784662884387,36.49,59.24244201342003,462.64051752962354
22.5216,-39.0085,72.0841,21.5,84.99999999999999,32.0,300.0,457.31896070079654,36.46298690026552,59.182986900265526,462.5719480995174
19.7456,-40.4845,72.0841,21.2,84.99999999999999,32.0,295.99999999999994,457.2489607007966,36.32701309973447,59.21298690026552,462.4958829658465
16.8735,-41.7633,72.0841,22.2,84.99999999999999,32.0,291.99999999999994,457.21859728578335,36.1594551131545,59.14054488684549,462.44346243359587
13.9191,-42.8386,72.0841,22.5,84.99999999999999,32.0,287.99999999999994,457.1895055876421,36.03646821288897,59.11592332604347,462.40195009474365
10.8969,-43.7052,72.0841,20.8,84.99999999999999,32.0,283.99999999999994,457.17909169814124,35.925973800531054,59.12,462.38357656760894
7.8217,-44.3588,72.0841,21.5,84.99999999999999,32.0,279.99999999999994,457.11021199155044,35.69,59.10407667395652,462.2951588395028
4.7083,-44.7964,72.0841,21.7,84.99999999999999,32.0,276.0,457.0938447276366,35.53646821288898,59.08701309973447,462.2649657696186
1.572,-45.0157,72.0841,20.6,84.99999999999999,32.0,272.0,457.08516644764745,35.502986900265526,59.05592332604347,462.24983888067015
-1.572,-45.0157,72.0841,22.0,84.99999999999999,32.0,267.99999999999994,457.1827549539457,35.29054488684549,59.02407667395653,462.32600577179636
-4.7083,-44.7964,72.0841,22.3,84.99999999999999,32.0,263.99999999999994,457.2786982347585,35.17298690026553,59.0705448868455,462.41785880304235
-7.8217,-44.3588,72.0841,20.8,84.99999999999999,32.0,259.99999999999994,457.3683653394635,35.13999999999999,59.072986900265526,462.50433402792225
-10.8969,-43.7052,72.0841,21.0,84.99999999999999,32.0,256.0,457.47231101607525,34.937013099734465,59.029999999999994,462.58626344793214
-13.9191,-42.8386,72.0841,20.7,84.99999999999999,32.0,252.0,457.60945511315447,34.7805448868455,59.039999999999985,462.71138014056237
-16.8735,-41.7633,72.0841,21.6,84.99999999999999,32.0,248.0,457.70574185421117,34.79999999999999,59.0705448868455,462.81196548873135
-19.7456,-40.4845,72.0841,22.1,84.99999999999999,32.0,243.99999999999994,457.7875075120923,34.64999999999999,59.15646821288897,462.89254937356304
-22.5216,-39.0085,72.0841,21.4,84.99999999999999,32.0,239.99999999999994,458.0597175791924,34.72244201342003,59.12592332604348,463.16328401251974
-25.1878,-37.3425,72.0841,21.3,84.99999999999999,32.0,236.0,458.17249248790756,34.75108977369099,59.148910226309,463.27989886676585
-27.7313,-35.4945,72.0841,21.6,84.99999999999999,32.0,231.99999999999994,458.27973753396185,34.71353178711103,59.20244201342003,463.38998291254
-30.1397,-33.4736,72.0841,22.1,84.99999999999999,32.0,228.0,458.43356230682923,34.644571086314436,59.19641773840139,463.53618329979753
-32.4013,-31.2896,72.0841,21.7,84.99999999999999,32.0,224.0,458.62103929920335,34.72999999999999,59.22348131262343,463.73144310761165
-34.505,-28.9532,72.0841,21.8,84.99999999999999,32.0,220.0,458.7789607007966,34.72,59.21298690026552,463.88553652744343
-36.4407,-26.4757,72.0841,22.9,84.99999999999999,32.0,215.99999999999994,458.88298690026545,34.85298690026553,59.182986900265526,463.99456063710085
-38.1987,-23.8692,72.0841,22.2,84.99999999999999,32.0,212.0,459.0586477602709,34.902986900265525,59.24755798657996,464.180281469842
-39.7707,-21.1465,72.0841,22.1,84.99999999999999,32.0,208.0,459.1611402481785,34.88353178711103,59.26701309973446,464.2826642743771
-41.149,-18.3207,72.0841,21.4,84.99999999999999,32.0,204.0,459.2079413563625,35.042986900265525,59.23701309973447,464.33712758793985
-42.3267,-15.4057,72.0841,21.9,84.99999999999999,32.0,200.0,459.333037374753,35.22353178711102,59.21407667395651,464.47157425597436
-43.2982,-12.4156,72.0841,21.6,84.99999999999999,32.0,196.0,459.4219476010622,35.47999999999999,59.27298690026553,464.586529414739
-44.0588,-9.365,72.0841,19.9,84.99999999999999,32.0,192.0,459.4743391399946,35.5594551131545,59.25244201342003,464.6417922019423
-44.6048,-6.2688,72.0841,22.6,84.99999999999999,32.0,188.0,459.5849345013276,35.58891022630901,59.214621560802,464.7485922068779
-44.9334,-3.1421,72.0841,22.1,84.99999999999999,32.0,183.99999999999997,459.5925225362771,35.7705448868455,59.258910226309006,464.7756847060418
-45.0431,0.0,72.0841,21.5,84.99999999999999,32.0,180.0,459.5769626252468,35.98,59.287013099734466,464.7800500216587
-44.9334,3.1421,72.0841,22.6,84.99999999999999,32.0,175.99999999999997,459.6179214015932,36.059999999999995,59.25298690026553,464.82241095941595
-44.6048,6.2688,72.0841,21.3,84.99999999999999,32.0,171.99999999999997,459.5551664476475,36.226468212888975,59.223531787111014,464.76955012698863
-44.0588,9.365,72.0841,22.0,84.99999999999999,32.0,167.99999999999997,459.49571133449297,36.45293642577794,59.20945511315449,464.726677611314
-43.2982,12.4156,72.0841,21.0,84.99999999999999,32.0,163.99999999999997,459.50483355235247,36.52,59.22353178711103,464.742755914833
-42.3267,15.4057,72.0841,22.3,84.99999999999999,32.0,159.99999999999997,459.43319889181595,36.70407667395652,59.1994551131545,464.683364210673
-41.149,18.3207,72.0841,20.9,84.99999999999999,32.0,155.99999999999997,459.31145318870415,36.75999999999999,59.18244201342002,464.56524845600643
-39.7707,21.1465,72.0841,21.2,84.99999999999999,32.0,151.99999999999997,459.1346215608019,36.839999999999996,59.182986900265526,464.39682627491953
-38.1987,23.8692,72.0841,23.3,84.99999999999999,32.0,147.99999999999997,459.0709888247158,36.955923326043475,59.185378439197976,464.34343116961804
-36.4407,26.4757,72.0841,20.5,84.99999999999999,32.0,143.99999999999997,458.95145318870414,36.887013099734475,59.14189712657453,464.2142308408625
-34.505,28.9532,72.0841,21.9,84.99999999999999,32.0,139.99999999999997,458.79402619946893,37.13402619946894,59.12,464.0754990064675
-32.4013,31.2896,72.0841,20.8,84.99999999999999,32.0,136.0,458.65597380053094,37.12597380053106,59.160000000000004,463.94347267048715
-30.1397,33.4736,72.0841,21.9,84.99999999999999,32.0,131.99999999999997,458.44571133449296,37.1494551131545,59.09,463.7285632308986
-27.7313,35.4945,72.0841,22.2,84.99999999999999,32.0,128.0,458.41559043074847,37.11755798657997,59.137820452618016,463.7023274351175
-25.1878,37.3425,72.0841,22.0,84.99999999999999,32.0,124.0,458.24625622133846,37.06298690026553,59.071089773690986,463.5220490827737
-22.5216,39.0085,72.0841,22.2,84.99999999999999,32.0,119.99999999999997,458.154026199469,36.90701309973446,59.06999999999999,463.418282158492
-19.7456,40.4845,72.0841,21.8,84.99999999999999,32.0,115.99999999999997,458.1304944123579,36.96999999999999,59.068910226309,463.39989961785193
-16.8735,41.7633,72.0841,21.2,84.99999999999999,32.0,112.0,457.9754289136855,36.82,59.03298690026553,463.23007181209766
-13.9191,42.8386,72.0841,22.7,84.99999999999999,32.0,107.99999999999997,457.84108977369095,36.7894551131545,59.048910226309,463.09685951385853
-10.8969,43.7052,72.0841,21.6,84.99999999999999,32.0,104.0,457.8203129405256,36.62244201342002,59.068910226309,463.0656307212951
-7.8217,44.3588,72.0841,22.5,84.99999999999999,32.0,100.0,457.7335317871111,36.57353178711102,59.09706357422204,462.9795592386133
-4.7083,44.7964,72.0841,21.7,84.99999999999999,32.0,96.0,457.70776997813044,36.47407667395652,59.10701309973446,462.94751318604466
-1.572,45.0157,72.0841,21.4,84.99999999999999,32.0,91.99999999999999,457.6822605415877,36.34597380053106,59.10407667395652,462.91184182892493
1.572,45.0157,72.0841,22.5,84.99999999999999,32.0,87.99999999999999,457.6049039816095,36.278910226309,59.120544886845494,462.83220102208116
4.7083,44.7964,72.0841,21.6,84.99999999999999,32.0,83.99999999999999,457.56760846106744,36.152986900265525,59.16896070079658,462.79166012905193
7.8217,44.3588,72.0841,21.4,84.99999999999999,32.0,79.99999999999999,457.64950558764207,35.99,59.247063574222054,462.8699219076361
10.8969,43.7052,72.0841,21.3,84.99999999999999,32.0,75.99999999999999,457.6245710863144,35.99054488684549,59.285923326043466,462.8502869047472
13.9191,42.8386,72.0841,22.6,84.99999999999999,32.0,71.99999999999999,457.74924312160397,35.822986900265526,59.31701309973447,462.9645386116867
16.8735,41.7633,72.0841,21.5,84.99999999999999,32.0,68.0,457.86532796471033,35.62592332604348,59.32994952551242,463.06577057235046
19.7456,40.4845,72.0841,22.1,84.99999999999999,32.0,64.0,457.834127148444,35.66353178711102,59.372986900265516,463.0433317247609
22.5216,39.0085,72.0841,21.3,84.99999999999999,32.0,59.999999999999986,457.8729364257779,35.62402619946894,59.402986900265525,463.08251101342404
25.1878,37.3425,72.0841,22.0,84.99999999999999,32.0,56.0,457.96836533946345,35.682986900265526,59.36298690026551,463.17627683155996
27.7313,35.4945,72.0841,22.3,84.99999999999999,32.0,52.0,458.07412714844406,35.57239153893244,59.47999999999999,463.287352949126
30.1397,33.4736,72.0841,21.8,84.99999999999999,32.0,48.0,458.13999999999993,35.669999999999995,59.45945511315449,463.3573516222152
32.4013,31.2896,72.0841,21.9,84.99999999999999,32.0,43.99999999999999,458.3097175791924,35.52542891368556,59.53402619946894,463.5236278794636
34.505,28.9532,72.0841,21.6,84.99999999999999,32.0,39.99999999999999,458.33633721554423,35.6494551131545,59.50651868737655,463.555937755431
36.4407,26.4757,72.0841,22.3,84.99999999999999,32.0,35.99999999999999,458.41542891368556,35.53,59.52701309973447,463.62760018650124
38.1987,23.8692,72.0841,23.0,84.99999999999999,32.0,32.0,458.54244201342004,35.5794551131545,59.55054488684549,463.7599984367991
39.7707,21.1465,72.0841,20.6,84.99999999999999,32.0,28.0,458.5529869002655,35.62,59.53298690026552,463.77128277246993
41.149,18.3207,72.0841,23.0,84.99999999999999,32.0,24.0,458.61945511315446,35.6794551131545,59.52646821288897,463.8407361836155
42.3267,15.4057,72.0841,22.8,84.99999999999999,32.0,19.999999999999996,458.6216346605365,35.631634660536484,59.545428913685555,463.84164891889486
43.2982,12.4156,72.0841,23.4,84.99999999999999,32.0,16.0,458.7445710863144,35.86054488684549,59.559999999999995,463.98270849326707
44.0588,9.365,72.0841,22.6,84.99999999999999,32.0,12.0,458.660595361333,35.9994551131545,59.52,463.9053059684233
44.6048,6.2688,72.0841,22.2,84.99999999999999,32.0,8.0,458.6840261994689,36.144571086314436,59.51,463.93847222403184
44.9334,3.1421,72.0841,22.7,84.99999999999999,32.0,4.0,458.64896070079647,36.16298690026552,59.53298690026552,463.9081884411362
45.0431,0.0,72.0841,21.8,84.99999999999999,32.0,0.0,458.6640261994688,36.059999999999995,59.52402619946894,463.9139168256349
49.9617,0.0,68.7664,22.5,84.99999999999999,35.99999999999999,0.0,458.8019476010622,36.18999999999999,59.43597380053105,464.0491118450128
49.84,3.4852,68.7664,22.7,84.99999999999999,35.99999999999999,4.0,458.814127148444,36.14353178711103,59.45701309973447,464.0602273065172
49.4755,6.9533,68.7664,21.4,84.99999999999999,35.99999999999999,8.0,458.84683162790213,35.937013099734465,59.48999999999999,464.0807514921243
48.87,10.3876,68.7664,22.6,84.99999999999999,35.99999999999999,12.0,458.83249248790753,35.86646821288897,59.46810287342546,464.05830987505897
48.0263,13.7713,68.7664,22.2,84.99999999999999,35.99999999999999,16.0,458.8347830778649,35.82054488684549,59.48701309973447,464.0594512835935
46.9487,17.0879,68.7664,22.0,84.99999999999999,35.99999999999999,19.999999999999996,458.83298690026544,35.597013099734475,59.51,464.04342179309236
45.6423,20.3213,68.7664,21.9,84.99999999999999,35.99999999999999,24.0,458.69760846106755,35.52353178711103,59.48353178711102,463.9005366157717
44.1136,23.4556,68.7664,22.6,84.99999999999999,35.99999999999999,28.0,458.7069121507593,35.50755798657996,59.50597380053106,463.91139115891974
42.37,26.4757,68.7664,23.8,84.99999999999999,35.99999999999999,32.0,458.53217954738193,35.43353178711102,59.43651868737655,463.72405006539776
40.4199,29.3668,68.7664,21.0,84.99999999999999,35.99999999999999,35.99999999999999,458.4694046386669,35.432986900265526,59.42407667395652,463.66034167153043
38.2729,32.1148,68.7664,21.3,84.99999999999999,35.99999999999999,39.99999999999999,458.397820452618,35.400544886845495,59.458365339463505,463.591477038607
35.9395,34.7063,68.7664,21.3,84.99999999999999,35.99999999999999,43.99999999999999,458.26922316683465,35.36597380053105,59.40945511315449,463.45540924843664
33.4309,37.1288,68.7664,22.9,84.99999999999999,35.99999999999999,48.0,458.17353178711096,35.33353178711102,59.35999999999998,463.351975606909
30.7595,39.3704,68.7664,21.7,84.99999999999999,35.99999999999999,52.0,458.04446004373915,35.41,59.34298690026552,463.2280060305137
27.9383,41.4202,68.7664,22.2,84.99999999999999,35.99999999999999,56.0,457.98085782737104,35.55298690026552,59.286518687376535,463.16883780312094
24.9809,43.2681,68.7664,21.9,84.99999999999999,35.99999999999999,59.999999999999986,457.8999999999999,35.559999999999995,59.290544886845474,463.0899397665414
21.9018,44.9053,68.7664,22.2,84.99999999999999,35.99999999999999,64.0,457.795479388173,35.494026199468934,59.22755798657995,462.9734662690179
18.716,46.3237,68.7664,22.6,84.99999999999999,35.99999999999999,68.0,457.7226234852523,35.66353178711102,59.180544886845496,462.90844066927133
15.439,47.5164,68.7664,22.4,84.99999999999999,35.99999999999999,71.99999999999999,457.6626540049705,35.769999999999996,59.17462156080202,462.8566015600701
12.0868,48.4777,68.7664,22.6,84.99999999999999,35.99999999999999,75.99999999999999,457.5967811534145,35.93353178711102,59.1394551131545,462.79964129171714
8.6758,49.2027,68.7664,22.2,84.99999999999999,35.99999999999999,79.99999999999999,457.51407667395654,36.01244201342003,59.06646821288897,462.7146788267443
5.2224,49.6881,68.7664,22.5,84.99999999999999,35.99999999999999,83.99999999999999,457.5359233260435,36.13054488684549,59.003531787111015,462.7374570650058
1.7436,49.9313,68.7664,21.8,84.99999999999999,35.99999999999999,87.99999999999999,457.57787092710555,36.299455113154494,58.96353178711102,462.78705306491065
-1.7436,49.9313,68.7664,21.2,84.99999999999999,35.99999999999999,91.99999999999999,457.5293440705792,36.374076673956516,58.96457108631443,462.7450645689593
-5.2224,49.6881,68.7664,20.9,84.99999999999999,35.99999999999999,96.0,457.57597380053096,36.54353178711102,58.91651868737655,462.79839853787286
-8.6758,49.2027,68.7664,20.9,84.99999999999999,35.99999999999999,100.0,457.6883653394636,36.680544886845496,58.91701309973446,462.920421425649
-12.0868,48.4777,68.7664,21.0,84.99999999999999,35.99999999999999,104.0,457.76417762293164,36.750544886845496,58.9594551131545,463.00633063870634
-15.439,47.5164,68.7664,20.8,84.99999999999999,35.99999999999999,107.99999999999997,457.808415813951,36.843531787111026,58.94054488684549,463.0550499197537
-18.716,46.3237,68.7664,21.6,84.99999999999999,35.99999999999999,112.0,457.91254296239515,37.039455113154496,58.895973800531046,463.16795438294264
-21.9018,44.9053,68.7664,22.6,84.99999999999999,35.99999999999999,115.99999999999997,457.96896070079646,37.04701309973447,58.954026199468935,463.23172101023823
-24.9809,43.2681,68.7664,21.8,84.99999999999999,35.99999999999999,119.99999999999997,458.22922316683463,37.18999999999999,58.95108977369099,463.50010577084714
-27.9383,41.4202,68.7664,22.3,84.99999999999999,35.99999999999999,124.0,458.2075075120923,37.35999999999999,58.96,463.49344239206243
-30.7595,39.3704,68.7664,22.1,84.99999999999999,35.99999999999999,128.0,458.3740261994689,37.2815841860489,59.014026199468944,463.6586240996758
-33.4309,37.1288,68.7664,21.6,84.99999999999999,35.99999999999999,131.99999999999997,458.6050654986723,37.37701309973447,58.99298690026553,463.89203454329123
-35.9395,34.7063,68.7664,22.0,84.99999999999999,35.99999999999999,136.0,458.7023915389325,37.319455113154504,59.02701309973446,463.9879459737668
-38.2729,32.1148,68.7664,21.0,84.99999999999999,35.99999999999999,139.99999999999997,458.9076084610674,37.3905448868455,59.04054488684549,464.19826786721984
-40.4199,29.3668,68.7664,22.9,84.99999999999999,35.99999999999999,143.99999999999997,459.0624924879076,37.290544886845495,59.04244201342003,464.3435869117567
-42.37,26.4757,68.7664,22.6,84.99999999999999,35.99999999999999,147.99999999999997,459.2292231668346,37.22646821288897,59.08,464.508057783737
-44.1136,23.4556,68.7664,22.4,84.99999999999999,35.99999999999999,151.99999999999997,459.3704944123579,37.04571133449301,59.14483355235247,464.64152548052374
-45.6423,20.3213,68.7664,22.1,84.99999999999999,35.99999999999999,155.99999999999997,459.46244201342,36.91701309973447,59.15402619946894,464.7233588843461
-46.9487,17.0879,68.7664,21.9,84.99999999999999,35.99999999999999,159.99999999999997,459.5650654986722,36.91597380053105,59.155842803186346,464.8249695166941
-48.0263,13.7713,68.7664,22.2,84.99999999999999,35.99999999999999,163.99999999999997,459.63412714844407,36.76706357422205,59.17402619946895,464.88376308496555
-48.87,10.3876,68.7664,21.3,84.99999999999999,35.99999999999999,167.99999999999997,459.75153371156125,36.50348131262344,59.17651868737656,464.979394448863
-49.4755,6.9533,68.7664,22.1,84.99999999999999,35.99999999999999,171.99999999999997,459.825378439198,36.23651868737655,59.19999999999999,465.03451908791914
-49.84,3.4852,68.7664,21.8,84.99999999999999,35.99999999999999,175.99999999999997,459.80480303263437,36.126518687376546,59.23353178711102,465.00988541355093
-49.9617,0.0,68.7664,21.1,84.99999999999999,35.99999999999999,180.0,459.798486243208,35.99646821288897,59.25244201342003,464.99596295011077
-49.84,-3.4852,68.7664,21.6,84.99999999999999,35.99999999999999,183.99999999999997,459.8840261994689,35.792986900265525,59.23353178711102,465.06243317714996
-49.4755,-6.9533,68.7664,22.2,84.99999999999999,35.99999999999999,188.0,459.8694551131545,35.708647760270956,59.207557986579964,465.03823304505937
-48.87,-10.3876,68.7664,21.7,84.99999999999999,35.99999999999999,192.0,459.6970130997344,35.57805239893788,59.234026199468936,464.86106690614383
-48.0263,-13.7713,68.7664,22.0,84.99999999999999,35.99999999999999,196.0,459.6229869002655,35.26402619946895,59.247013099734474,464.7655862821155
-46.9487,-17.0879,68.7664,22.4,84.99999999999999,35.99999999999999,200.0,459.564621560802,35.05054488684549,59.276518687376544,464.6954785177954
-45.6423,-20.3213,68.7664,21.8,84.99999999999999,35.99999999999999,204.0,459.4556608600053,34.89244201342003,59.282391538932444,464.57656931074274
-44.1136,-23.4556,68.7664,21.8,84.99999999999999,35.99999999999999,208.0,459.2978204526179,34.94701309973447,59.26945511315451,464.42292138365485
-42.37,-26.4757,68.7664,21.8,84.99999999999999,35.99999999999999,212.0,459.1084158139511,34.620544886845494,59.224571086314434,464.2054172667698
-40.4199,-29.3668,68.7664,21.7,84.99999999999999,35.99999999999999,215.99999999999994,458.9211402481786,34.629455113154506,59.25537843919798,464.02479675346547
-38.2729,-32.1148,68.7664,21.3,84.99999999999999,35.99999999999999,220.0,458.8383653394635,34.6,59.255973800531066,463.94081081366426
-35.9395,-34.7063,68.7664,21.3,84.99999999999999,35.99999999999999,224.0,458.6054289136855,34.55646821288897,59.19651868737655,463.6995975296493
-33.4309,-37.1288,68.7664,21.0,84.99999999999999,35.99999999999999,228.0,458.3919980755497,34.48,59.20646821288897,463.4840883762231
-30.7595,-39.3704,68.7664,22.0,84.99999999999999,35.99999999999999,231.99999999999994,458.24891022630896,34.54,59.152179547381984,463.34010798635325
-27.9383,-41.4202,68.7664,21.8,84.99999999999999,35.99999999999999,236.0,458.02493450132755,34.35298690026553,59.17298690026553,463.1073425380062
-24.9809,-43.2681,68.7664,22.8,84.99999999999999,35.99999999999999,239.99999999999994,457.8769626252469,34.571897126574534,59.12994952551241,462.97179169442046
-21.9018,-44.9053,68.7664,21.2,84.99999999999999,35.99999999999999,243.99999999999994,457.6881028734254,34.588960700796584,59.12298690026552,462.7853965870633
-18.716,-46.3237,68.7664,21.8,84.99999999999999,35.99999999999999,248.0,457.55493450132764,34.52597380053106,59.02701309973446,462.6367357104983
-15.439,-47.5164,68.7664,20.4,84.99999999999999,35.99999999999999,252.0,457.3799495255124,34.81646821288897,59.047013099734464,462.4880046474499
-12.0868,-48.4777,68.7664,21.6,84.99999999999999,35.99999999999999,256.0,457.20267395973985,34.96646821288897,59.0715841860489,462.32714719500154
-8.6758,-49.2027,68.7664,22.6,84.99999999999999,35.99999999999999,259.99999999999994,457.04511597315997,35.08,59.05,462.1771813221843
-5.2224,-49.6881,68.7664,21.1,84.99999999999999,35.99999999999999,263.99999999999994,457.0499495255123,35.24,59.00701309973447,462.1886428247946
-1.7436,-49.9313,68.7664,22.5,84.99999999999999,35.99999999999999,267.99999999999994,456.9194551131545,35.36054488684549,58.97945511315449,462.06529053916313
1.7436,-49.9313,68.7664,21.1,84.99999999999999,35.99999999999999,272.0,456.9088292321032,35.55005047448757,58.99646821288898,462.0714961784424
5.2224,-49.6881,68.7664,22.3,84.99999999999999,35.99999999999999,276.0,456.8348030326343,35.650544886845495,59.01353178711102,462.00822021538005
8.6758,-49.2027,68.7664,21.8,84.99999999999999,35.99999999999999,279.99999999999994,456.73493450132764,36.02646821288898,59.0494551131545,461.94322698247976
12.0868,-48.4777,68.7664,21.3,84.99999999999999,35.99999999999999,283.99999999999994,456.8240766739565,36.07348131262344,59.14298690026552,462.04699542634194
15.439,-47.5164,68.7664,22.2,84.99999999999999,35.99999999999999,287.99999999999994,456.78727556577246,36.187013099734465,59.132442013420025,462.018138966807
18.716,-46.3237,68.7664,22.2,84.99999999999999,35.99999999999999,291.99999999999994,456.90400624469953,36.2794551131545,59.0894551131545,462.1352978201658
21.9018,-44.9053,68.7664,22.2,84.99999999999999,35.99999999999999,295.99999999999994,456.9554289136855,36.47646821288897,59.15348131262344,462.2098344890328
24.9809,-43.2681,68.7664,24.3,84.99999999999999,35.99999999999999,300.0,457.0116346605364,36.72244201342003,59.15353178711103,462.2848821726851
27.9383,-41.4202,68.7664,22.1,84.99999999999999,35.99999999999999,303.99999999999994,457.14010094897515,36.77646821288897,59.22945511315449,462.42589553662975
30.7595,-39.3704,68.7664,20.9,84.99999999999999,35.99999999999999,308.0,457.2910392992033,36.80298690026552,59.26701309973446,462.5820287364077
33.4309,-37.1288,68.7664,21.9,84.99999999999999,35.99999999999999,311.99999999999994,457.442936425778,36.90348131262344,59.262986900265524,462.7396769622965
35.9395,-34.7063,68.7664,20.5,84.99999999999999,35.99999999999999,315.99999999999994,457.593198891816,36.95298690026553,59.29701309973446,462.8965269641222
38.2729,-32.1148,68.7664,21.2,84.99999999999999,35.99999999999999,319.99999999999994,457.6959233260435,36.86353178711102,59.34348131262345,462.99689737556616
40.4199,-29.3668,68.7664,22.2,84.99999999999999,35.99999999999999,323.99999999999994,457.788910226309,36.91353178711102,59.357013099734466,463.09453695688495
42.37,-26.4757,68.7664,21.5,84.99999999999999,35.99999999999999,327.99999999999994,457.98511597315996,36.94701309973447,59.33457108631444,463.28828989727083
44.1136,-23.4556,68.7664,22.6,84.99999999999999,35.99999999999999,331.99999999999994,458.186730678927,36.95891022630901,59.381089773690995,463.4945037841022
45.6423,-20.3213,68.7664,21.6,84.99999999999999,35.99999999999999,335.99999999999994,458.33651868737655,36.77244201342003,59.43646821288897,463.63484619656873
46.9487,-17.0879,68.7664,21.8,84.99999999999999,35.99999999999999,339.99999999999994,458.37077683316534,36.75651868737655,59.44701309973448,463.6688021499128
48.0263,-13.7713,68.7664,22.4,84.99999999999999,35.99999999999999,343.99999999999994,458.5523410644448,36.750544886845496,59.4505448868455,463.8482718869456
48.87,-10.3876,68.7664,22.7,84.99999999999999,35.99999999999999,347.99999999999994,458.66438961448205,36.750544886845496,59.46646821288898,463.96108208730175
49.4755,-6.9533,68.7664,22.1,84.99999999999999,35.99999999999999,351.99999999999994,458.7016346605364,36.51,59.480544886845486,463.98071615131187
49.84,-3.4852,68.7664,22.4,84.99999999999999,35.99999999999999,356.0,458.80189712657443,36.415923326043476,59.47646821288897,464.07192389726714
54.5039,-3.8113,65.1138,23.1,84.99999999999999,39.99999999999999,356.0,458.8926234852524,36.529455113154505,59.471089773690984,464.169851992686
54.1052,-7.604,65.1138,22.7,84.99999999999999,39.99999999999999,351.99999999999994,458.76651868737656,36.71298690026553,59.44701309973448,464.05658000092416
53.443,-11.3597,65.1138,21.8,84.99999999999999,39.99999999999999,347.99999999999994,458.6410392992034,37.007013099734465,59.415973800531056,463.9519154941412
52.5204,-15.06,65.1138,21.3,84.99999999999999,39.99999999999999,343.99999999999994,458.49537843919796,36.94646821288897,59.40701309973446,463.8019477847645
51.3419,-18.6869,65.1138,21.5,84.99999999999999,39.99999999999999,339.99999999999994,458.39813339314367,37.08701309973447,59.348647760270964,463.7095612880447
49.9133,-22.2228,65.1138,21.5,84.99999999999999,39.99999999999999,335.99999999999994,458.2615841860489,37.152986900265525,59.30457108631443,463.5742185756777
48.2416,-25.6505,65.1138,21.7,84.99999999999999,39.99999999999999,331.99999999999994,458.09869823475844,37.33353178711102,59.31651868737654,463.4292387293549
46.3348,-28.9532,65.1138,22.6,84.99999999999999,39.99999999999999,327.99999999999994,457.96945511315454,37.315973800531054,59.32,463.30051383235224
44.2022,-32.1148,65.1138,22.0,84.99999999999999,39.99999999999999,323.99999999999994,457.8178709271055,37.26353178711102,59.30402619946893,463.14440649212656
41.8543,-35.12,65.1138,22.3,84.99999999999999,39.99999999999999,319.99999999999994,457.6099999999999,37.25999999999999,59.21054488684549,462.9266770513415
39.3025,-37.954,65.1138,21.2,84.99999999999999,39.99999999999999,315.99999999999994,457.4703328952949,37.32651868737655,59.20348131262344,462.7930711194639
36.5593,-40.6032,65.1138,21.0,84.99999999999999,39.99999999999999,311.99999999999994,457.37755798657986,37.087608461067546,59.219455113154496,462.68419587773644
33.6379,-43.0545,65.1138,22.6,84.99999999999999,39.99999999999999,308.0,457.0772955205419,36.99298690026553,59.11054488684549,462.36586344257273
30.5526,-45.2961,65.1138,21.3,84.99999999999999,39.99999999999999,303.99999999999994,456.97412714844404,36.940544886845494,59.129455113154506,462.26210011377515
27.3185,-47.317,65.1138,22.1,84.99999999999999,39.99999999999999,300.0,456.8332998407911,36.79999999999999,59.12646821288897,462.1112886380897
23.9513,-49.1074,65.1138,21.1,84.99999999999999,39.99999999999999,295.99999999999994,456.68924312160397,36.62516644764751,59.08646821288897,461.9498655981774
20.4674,-50.6585,65.1138,21.0,84.99999999999999,39.99999999999999,291.99999999999994,456.6640261994689,36.487013099734476,59.037013099734466,461.90767894178555
16.8837,-51.9628,65.1138,22.2,84.99999999999999,39.99999999999999,287.99999999999994,456.54782045261794,36.38353178711102,59.07755798657997,461.78981322999897
13.2179,-53.014,65.1138,22.2,84.99999999999999,39.99999999999999,283.99999999999994,456.5421290728943,36.040544886845495,59.027013099734475,461.7508254130448
9.4876,-53.8069,65.1138,21.0,84.99999999999999,39.99999999999999,279.99999999999994,456.43249248790755,35.91,58.960544886845504,461.62375821883074
5.7111,-54.3376,65.1138,23.5,84.99999999999999,39.99999999999999,276.0,456.59483355235244,35.695923326043484,58.95108977369099,461.76646906667554
1.9068,-54.6037,65.1138,21.7,84.99999999999999,39.99999999999999,272.0,456.58,35.527013099734475,58.92999999999999,461.73608258375117
-1.9068,-54.6037,65.1138,21.6,84.99999999999999,39.99999999999999,267.99999999999994,456.6926234852523,35.317013099734474,58.92646821288897,461.83089157848013
-5.7111,-54.3376,65.1138,21.3,84.99999999999999,39.99999999999999,263.99999999999994,456.7859233260435,35.110544886845496,58.92999999999999,461.90786420137647
-9.4876,-53.8069,65.1138,20.8,84.99999999999999,39.99999999999999,259.99999999999994,456.8624924879076,34.86646821288897,58.94353178711102,461.9668252022455
-13.2179,-53.014,65.1138,22.2,84.99999999999999,39.99999999999999,256.0,457.0351159731599,34.64651868737655,58.985973800531056,462.1264151668366
-16.8837,-51.9628,65.1138,21.8,84.99999999999999,39.99999999999999,252.0,457.21597380053095,34.647013099734465,59.02701309973446,462.31055632613146
-20.4674,-50.6585,65.1138,21.5,84.99999999999999,39.99999999999999,248.0,457.39153371156135,34.39353178711102,59.00298690026553,462.4621958635736
-23.9513,-49.1074,65.1138,21.6,84.99999999999999,39.99999999999999,243.99999999999994,457.5588597518214,34.34054488684549,59.0805448868455,462.6336498187729
-27.3185,-47.317,65.1138,22.2,84.99999999999999,39.99999999999999,239.99999999999994,457.7871140487095,34.28244201342003,59.1,462.8575781160439
-30.5526,-45.2961,65.1138,22.1,84.99999999999999,39.99999999999999,236.0,458.07613531759387,34.2794551131545,59.11701309973446,463.14538541174255
-33.6379,-43.0545,65.1138,21.3,84.99999999999999,39.99999999999999,231.99999999999994,458.2958728515558,34.15651868737655,59.132442013420025,463.35560916005
-36.5593,-40.6032,65.1138,22.4,84.99999999999999,39.99999999999999,228.0,458.4394046386669,34.29999999999999,59.20298690026552,463.51717485263515
-39.3025,-37.954,65.1138,22.2,84.99999999999999,39.99999999999999,224.0,458.66587285155583,34.37891022630901,59.154076673956524,463.7407650554095
-41.8543,-35.12,65.1138,23.4,84.99999999999999,39.99999999999999,220.0,458.83389520212427,34.46597380053105,59.182986900265526,463.91709676925024
-44.2022,-32.1148,65.1138,22.0,84.99999999999999,39.99999999999999,215.99999999999994,459.0213721944984,34.50353178711102,59.247013099734474,464.11348008686895
-46.3348,-28.9532,65.1138,20.1,84.99999999999999,39.99999999999999,212.0,459.2748840268401,34.58,59.25999999999999,464.3715571585618
-48.2416,-25.6505,65.1138,21.6,84.99999999999999,39.99999999999999,208.0,459.4061353175939,34.669999999999995,59.25765893555511,464.50777841707884
-49.9133,-22.2228,65.1138,22.3,84.99999999999999,39.99999999999999,204.0,459.5770130997344,34.843531787111026,59.25407667395651,464.6893029536574
-51.3419,-18.6869,65.1138,22.5,84.99999999999999,39.99999999999999,200.0,459.7491421726288,35.03353178711102,59.28646821288897,464.87794891896567
-52.5204,-15.06,65.1138,21.8,84.99999999999999,39.99999999999999,196.0,459.87537843919796,35.256468212888976,59.287013099734466,465.01971159051965
-53.443,-11.3597,65.1138,21.6,84.99999999999999,39.99999999999999,192.0,459.8948840268401,35.44353178711103,59.29457108631443,465.0541844343674
-54.1052,-7.604,65.1138,21.9,84.99999999999999,39.99999999999999,188.0,460.01452061182675,35.599455113154505,59.25407667395651,465.17924070251183
-54.5039,-3.8113,65.1138,21.4,84.99999999999999,39.99999999999999,183.99999999999997,460.00506549867237,35.89239153893245,59.269949525512416,465.19442276491094
-54.6369,0.0,65.1138,21.9,84.99999999999999,39.99999999999999,180.0,459.9506458358205,36.07244201342003,59.283531787111016,465.1562692458883
-54.5039,3.8113,65.1138,22.0,84.99999999999999,39.99999999999999,175.99999999999997,459.971089773691,36.30298690026552,59.25999999999999,465.1914206920392
-54.1052,7.604,65.1138,21.3,84.99999999999999,39.99999999999999,171.99999999999997,459.9800504744876,36.393531787111016,59.262986900265524,465.2077359704938
-53.443,11.3597,65.1138,23.4,84.99999999999999,39.99999999999999,167.99999999999997,459.8928859512903,36.60298690026553,59.266518687376546,465.13843685073874
-52.5204,15.06,65.1138,22.5,84.99999999999999,39.99999999999999,163.99999999999997,459.8020785984068,36.815973800531054,59.24999999999999,465.06336117812685
-51.3419,18.6869,65.1138,22.6,84.99999999999999,39.99999999999999,159.99999999999997,459.66576180898056,37.09457108631444,59.20402619946894,464.94487469132883
-49.9133,22.2228,65.1138,22.2,84.99999999999999,39.99999999999999,155.99999999999997,459.567820452618,37.25108977369099,59.17298690026553,464.85660978800365
-48.2416,25.6505,65.1138,22.2,84.99999999999999,39.99999999999999,151.99999999999997,459.38184665208695,37.34646821288898,59.14,464.67620911927247
-46.3348,28.9532,65.1138,22.2,84.99999999999999,39.99999999999999,147.99999999999997,459.2292231668346,37.60999999999999,59.121634660536486,464.54424890999167
-44.2022,32.1148,65.1138,22.4,84.99999999999999,39.99999999999999,143.99999999999997,459.0351159731599,37.578910226309,59.143531787111016,464.35263490427445
-41.8543,35.12,65.1138,22.1,84.99999999999999,39.99999999999999,139.99999999999997,458.90158418604886,37.59108977369098,59.09298690026554,464.21518189265845
-39.3025,37.954,65.1138,22.0,84.99999999999999,39.99999999999999,136.0,458.7662362665691,37.64646821288897,59.05,464.0804010159205
-36.5593,40.6032,65.1138,20.9,84.99999999999999,39.99999999999999,131.99999999999997,458.5776084610676,37.72249248790761,59.04054488684549,463.8989064030094
-33.6379,43.0545,65.1138,22.0,84.99999999999999,39.99999999999999,128.0,458.35579232869884,37.60810287342546,59.05433913999456,463.67210044844074
-30.5526,45.2961,65.1138,23.2,84.99999999999999,39.99999999999999,124.0,458.1910897736909,37.67,58.96108977369099,463.50244201654834
-27.3185,47.317,65.1138,21.8,84.99999999999999,39.99999999999999,119.99999999999997,458.04569137972345,37.49,58.99651868737655,463.3486211361364
-23.9513,49.1074,65.1138,21.3,84.99999999999999,39.99999999999999,115.99999999999997,457.87945511315456,37.44755798657997,58.98651868737653,463.17958115695666
-20.4674,50.6585,65.1138,22.0,84.99999999999999,39.99999999999999,112.0,457.7880523989378,37.35,58.98,463.08051548214877
-16.8837,51.9628,65.1138,20.8,84.99999999999999,39.99999999999999,107.99999999999997,457.7401309973447,37.23298690026552,58.98701309973446,463.02461117462195
-13.2179,53.014,65.1138,22.4,84.99999999999999,39.99999999999999,104.0,457.5601009489751,37.11755798657996,58.97646821288896,462.8360216039686
-9.4876,53.8069,65.1138,21.8,84.99999999999999,39.99999999999999,100.0,457.5294551131544,36.93054488684549,58.94054488684549,462.78618742712877
-5.7111,54.3376,65.1138,21.1,84.99999999999999,39.99999999999999,96.0,457.3429869002655,36.817013099734474,58.949999999999996,462.59399328184367
-1.9068,54.6037,65.1138,22.5,84.99999999999999,39.99999999999999,91.99999999999999,457.3795055876421,36.65945511315449,58.98537843919797,462.6220948575681
1.9068,54.6037,65.1138,21.9,84.99999999999999,39.99999999999999,87.99999999999999,457.34651868737654,36.442986900265524,59.01810287342546,462.5765514122544
5.7111,54.3376,65.1138,22.9,84.99999999999999,39.99999999999999,83.99999999999999,457.34457108631443,36.30293642577794,59.05407667395651,462.56820455698477
9.4876,53.8069,65.1138,21.6,84.99999999999999,39.99999999999999,79.99999999999999,457.3364682128889,36.040544886845495,59.09701309973447,462.54515778515037
13.2179,53.014,65.1138,22.8,84.99999999999999,39.99999999999999,75.99999999999999,457.34077683316536,35.970544886845495,59.14054488684549,462.5495328106307
16.8837,51.9628,65.1138,22.2,84.99999999999999,39.99999999999999,71.99999999999999,457.488910226309,35.771089773690996,59.230544886845486,462.69204800952207
20.4674,50.6585,65.1138,21.2,84.99999999999999,39.99999999999999,68.0,457.46625622133854,35.652986900265525,59.260544886845494,462.6643742891425
23.9513,49.1074,65.1138,22.3,84.99999999999999,39.99999999999999,64.0,457.60428866550694,35.5205448868455,59.309455113154506,462.79693773829393
27.3185,47.317,65.1138,22.7,84.99999999999999,39.99999999999999,59.999999999999986,457.73321884658543,35.49999999999999,59.363531787111015,462.92977711732414
30.5526,45.2961,65.1138,22.9,84.99999999999999,39.99999999999999,56.0,457.8176084610675,35.34646821288898,59.365973800531044,463.0017864732505
33.6379,43.0545,65.1138,22.5,84.99999999999999,39.99999999999999,52.0,458.0175075120923,35.539455113154496,59.402442013420035,463.2188901313149
36.5593,40.6032,65.1138,21.8,84.99999999999999,39.99999999999999,48.0,458.1049345013276,35.27,59.43701309973447,463.28917798787796
39.3025,37.954,65.1138,22.2,84.99999999999999,39.99999999999999,43.99999999999999,458.25298690026546,35.309999999999995,59.43999999999999,463.4390032172679
41.8543,35.12,65.1138,22.0,84.99999999999999,39.99999999999999,39.99999999999999,458.36433913999457,35.35298690026552,59.46945511315451,463.5561639860588
44.2022,32.1148,65.1138,22.2,84.99999999999999,39.99999999999999,35.99999999999999,458.48108977369094,35.30592332604348,59.48059536133307,463.66945028383566
46.3348,28.9532,65.1138,22.1,84.99999999999999,39.99999999999999,32.0,458.6375075120923,35.407820452618004,59.44163466053648,463.82689117517333
48.2416,25.6505,65.1138,21.0,84.99999999999999,39.99999999999999,28.0,458.7361047978758,35.49701309973447,59.45701309973446,463.93317211735615
49.9133,22.2228,65.1138,21.8,84.99999999999999,39.99999999999999,24.0,458.77462156080196,35.64348131262345,59.4883653394635,463.9865049320959
51.3419,18.6869,65.1138,21.9,84.99999999999999,39.99999999999999,19.999999999999996,458.84976805368,35.68353178711102,59.48651868737654,464.0636486402068
52.5204,15.06,65.1138,22.0,84.99999999999999,39.99999999999999,16.0,458.9459233260434,35.88,59.52348131262345,464.1786076125964
53.443,11.3597,65.1138,22.0,84.99999999999999,39.99999999999999,12.0,458.984621560802,35.88402619946894,59.49462156080202,464.21348123493766
54.1052,7.604,65.1138,22.5,84.99999999999999,39.99999999999999,8.0,459.0084158139511,35.88,59.51701309973447,464.23956642701944
54.5039,3.8113,65.1138,22.2,84.99999999999999,39.99999999999999,4.0,459.02914217262884,36.23701309973447,59.49348131262344,464.2847712350959
54.6369,0.0,65.1138,21.8,84.99999999999999,39.99999999999999,0.0,458.9613017652414,36.239455113154506,59.47701309973446,464.2157792581046
59.046,0.0,61.1439,22.2,84.99999999999999,43.99999999999999,0.0,459.1011402481786,36.291089773690985,59.51,464.3622941994105
58.9021,4.1188,61.1439,23.0,84.99999999999999,43.99999999999999,4.0,459.1848835554914,36.11402619946894,59.52244201342003,464.43288134826014
58.4713,8.2176,61.1439,20.4,84.99999999999999,43.99999999999999,8.0,459.1913017652414,36.03646821288897,59.53999999999999,464.4354532743119
57.7557,12.2763,61.1439,22.2,84.99999999999999,43.99999999999999,12.0,459.1169626252468,36.03,59.529455113154505,464.3600998108056
56.7586,16.2753,61.1439,21.7,84.99999999999999,43.99999999999999,16.0,459.00787092710556,35.77701309973447,59.52402619946894,464.23197857791746
55.4851,20.1949,61.1439,22.2,84.99999999999999,43.99999999999999,19.999999999999996,459.07130176524134,35.59755798657997,59.55592332604348,464.28499248011315
53.9412,24.0162,61.1439,22.5,84.99999999999999,43.99999999999999,24.0,458.931352239729,35.379999999999995,59.538910226309,464.1277973786128
52.1345,27.7204,61.1439,22.2,84.99999999999999,43.99999999999999,28.0,458.8367506336964,35.34646821288898,59.54348131262343,464.03228628409084
50.0738,31.2896,61.1439,22.4,84.99999999999999,43.99999999999999,32.0,458.72836533946344,35.26163466053649,59.4894551131545,463.9117279349698
47.7692,34.7063,61.1439,22.2,84.99999999999999,43.99999999999999,35.99999999999999,458.5734308381359,35.23298690026552,59.49298690026552,463.75680084165674
45.2318,37.954,61.1439,22.6,84.99999999999999,43.99999999999999,39.99999999999999,458.50971757919245,35.13488402684006,59.434621560802015,463.6788710198105
42.4741,41.0168,61.1439,22.3,84.99999999999999,43.99999999999999,43.99999999999999,458.30745703760476,35.2105448868455,59.422391538932445,463.4830398878806
39.5095,43.8797,61.1439,21.5,84.99999999999999,43.99999999999999,48.0,458.18130176524136,35.112936425777946,59.462391538932444,463.3560181968733
36.3523,46.5289,61.1439,21.7,84.99999999999999,43.99999999999999,52.0,457.933531787111,35.15,59.331897126574525,463.0970913876003
33.0181,48.9513,61.1439,22.0,84.99999999999999,43.99999999999999,56.0,457.79374377866145,35.2,59.32293642577795,462.96151311859563
29.523,51.1353,61.1439,21.4,84.99999999999999,43.99999999999999,59.999999999999986,457.70049441235784,35.271089773690996,59.30353178711102,462.8722299312905
25.884,53.0702,61.1439,22.4,84.99999999999999,43.99999999999999,64.0,457.5560848431063,35.43566086000543,59.23511597315993,462.73324475543245
22.119,54.7465,61.1439,21.6,84.99999999999999,43.99999999999999,68.0,457.36945511315446,35.62348131262345,59.20054488684549,462.5587048215978
18.2462,56.156,61.1439,22.2,84.99999999999999,43.99999999999999,71.99999999999999,457.24005047448753,35.707013099734475,59.160000000000004,462.43200596673296
14.2845,57.292,61.1439,21.8,84.99999999999999,43.99999999999999,75.99999999999999,457.23597380053104,35.91054488684549,59.09,462.4347857497207
10.2532,58.1489,61.1439,22.2,84.99999999999999,43.99999999999999,79.99999999999999,457.1389607007966,36.05,59.054026199468936,462.3451199060849
6.172,58.7225,61.1439,22.6,84.99999999999999,43.99999999999999,83.99999999999999,457.0615841860489,36.42891022630901,59.00108977369098,462.29155933611884
2.0607,59.01,61.1439,23.0,84.99999999999999,43.99999999999999,87.99999999999999,457.01114024817855,36.580544886845495,58.98353178711101,462.25142033014885
-2.0607,59.01,61.1439,21.1,84.99999999999999,43.99999999999999,91.99999999999999,457.13298690026545,36.75,58.93999999999998,462.37977227854407
-6.172,58.7225,61.1439,21.6,84.99999999999999,43.99999999999999,96.0,457.0996365849867,37.016468212888974,58.899999999999984,462.36295989739784
-10.2532,58.1489,61.1439,21.8,84.99999999999999,43.99999999999999,100.0,457.19329984079116,37.016468212888974,58.896468212888976,462.4551073414794
-14.2845,57.292,61.1439,21.3,84.99999999999999,43.99999999999999,104.0,457.2980523989378,37.15298690026552,58.88706357422205,462.56841593419176
-18.2462,56.156,61.1439,21.3,84.99999999999999,43.99999999999999,107.99999999999997,457.4616851350241,37.322986900265526,58.92353178711101,462.74850763238555
-22.119,54.7465,61.1439,21.9,84.99999999999999,43.99999999999999,112.0,457.6551664476475,37.62891022630901,58.91592332604348,462.9635755460723
-25.884,53.0702,61.1439,22.2,84.99999999999999,43.99999999999999,115.99999999999997,457.8807064039084,37.65646821288897,58.95646821288897,463.1939291909468
-29.523,51.1353,61.1439,22.0,84.99999999999999,43.99999999999999,119.99999999999997,457.9538447276365,37.70054488684549,58.98,463.272808813111
-33.0181,48.9513,61.1439,21.8,84.99999999999999,43.99999999999999,124.0,458.08739646951693,37.96836533946351,58.99326932107297,463.4283821648821
-36.3523,46.5289,61.1439,21.9,84.99999999999999,43.99999999999999,128.0,458.3111402481785,38.086468212888974,59.02978800844953,463.66388279532777
-39.5095,43.8797,61.1439,21.7,84.99999999999999,43.99999999999999,131.99999999999997,458.52298690026544,37.9294551131545,59.06810287342545,463.8652971048679
-42.4741,41.0168,61.1439,21.5,84.99999999999999,43.99999999999999,136.0,458.65402619946894,38.16108977369099,59.049455113154494,464.01144670240546
-45.2318,37.954,61.1439,22.0,84.99999999999999,43.99999999999999,139.99999999999997,458.91675063369644,38.04348131262344,59.08592332604348,464.26612714892883
-47.7692,34.7063,61.1439,21.8,84.99999999999999,43.99999999999999,143.99999999999997,459.1289301810784,37.88,59.11168513502406,464.4657794162275
-50.0738,31.2896,61.1439,22.6,84.99999999999999,43.99999999999999,147.99999999999997,459.4224420134201,37.57407667395652,59.169999999999995,464.7385075109171
-52.1345,27.7204,61.1439,22.1,84.99999999999999,43.99999999999999,151.99999999999997,459.5758223770684,37.5605448868455,59.21999999999999,464.8954069957623
-53.9412,24.0162,61.1439,20.6,84.99999999999999,43.99999999999999,155.99999999999997,459.76976805368,37.453531787111025,59.243531787111024,465.0815011565965
-55.4851,20.1949,61.1439,22.4,84.99999999999999,43.99999999999999,159.99999999999997,459.8532188465854,37.16353178711102,59.25298690026552,465.1419433195207
-56.7586,16.2753,61.1439,21.9,84.99999999999999,43.99999999999999,163.99999999999997,459.99194760106207,37.05298690026553,59.28298690026551,465.27410010859893
-57.7557,12.2763,61.1439,22.2,84.99999999999999,43.99999999999999,167.99999999999997,460.1132693210729,36.86646821288897,59.30244201342002,465.3817107628674
-58.4713,8.2176,61.1439,22.0,84.99999999999999,43.99999999999999,171.99999999999997,460.20537843919794,36.610544886845496,59.29945511315449,465.45219702778735
-58.9021,4.1188,61.1439,22.8,84.99999999999999,43.99999999999999,175.99999999999997,460.1989607007966,36.44,59.33244201342003,465.43667206760705
-59.046,0.0,61.1439,21.7,84.99999999999999,43.99999999999999,180.0,460.27836533946345,36.09646821288897,59.347013099734475,465.49027549549595
-58.9021,-4.1188,61.1439,22.3,84.99999999999999,43.99999999999999,183.99999999999997,460.25244201342,35.82651868737655,59.35298690026552,465.44454758279915
-58.4713,-8.2176,61.1439,21.8,84.99999999999999,43.99999999999999,188.0,460.2245206118269,35.69592332604348,59.33353178711102,465.4044223133433
-57.7557,-12.2763,61.1439,22.5,84.99999999999999,43.99999999999999,192.0,460.0830373747531,35.35108977369099,59.35945511315449,465.241491850734
-56.7586,-16.2753,61.1439,22.1,84.99999999999999,43.99999999999999,196.0,460.0946720352895,35.11646821288897,59.37244201342003,465.2368863768697
-55.4851,-20.1949,61.1439,22.5,84.99999999999999,43.99999999999999,200.0,459.9670130997344,34.773531787111025,59.35755798657996,465.0829725360526
-53.9412,-24.0162,61.1439,22.3,84.99999999999999,43.99999999999999,204.0,459.75656916186404,34.67701309973447,59.34646821288897,464.86621883543063
-52.1345,-27.7204,61.1439,21.1,84.99999999999999,43.99999999999999,208.0,459.61163466053637,34.4794551131545,59.3394551131545,464.7072825697446
-50.0738,-31.2896,61.1439,22.5,84.99999999999999,43.99999999999999,212.0,459.3821290728943,34.322986900265526,59.315923326043475,464.46570024203317
-47.7692,-34.7063,61.1439,22.7,84.99999999999999,43.99999999999999,215.99999999999994,459.1346215608019,34.2594551131545,59.25864776027097,464.2088951267596
-45.2318,-37.954,61.1439,22.0,84.99999999999999,43.99999999999999,220.0,458.895973800531,34.23,59.25701309973447,463.9704745690611
-42.4741,-41.0168,61.1439,22.3,84.99999999999999,43.99999999999999,224.0,458.65651868737655,34.076518687376556,59.25755798657996,463.7224055820549
-39.5095,-43.8797,61.1439,21.6,84.99999999999999,43.99999999999999,228.0,458.4054793881731,34.04353178711102,59.23,463.46816340460845
-36.3523,-46.5289,61.1439,21.5,84.99999999999999,43.99999999999999,231.99999999999994,458.1491222178594,34.02298690026552,59.168102873425454,463.2051880368472
-33.0181,-48.9513,61.1439,22.8,84.99999999999999,43.99999999999999,236.0,457.8656608600055,34.099999999999994,59.175923326043474,462.9314887715669
-29.523,-51.1353,61.1439,22.8,84.99999999999999,43.99999999999999,239.99999999999994,457.57298690026545,34.072986900265526,59.109999999999985,462.6316016844679
-25.884,-53.0702,61.1439,22.8,84.99999999999999,43.99999999999999,243.99999999999994,457.390262466038,34.029999999999994,59.09244201342003,462.4454668410758
-22.119,-54.7465,61.1439,22.1,84.99999999999999,43.99999999999999,248.0,457.23387477600613,34.2105448868455,58.975428913685555,462.28917231500077
-18.2462,-56.156,61.1439,22.2,84.99999999999999,43.99999999999999,252.0,456.9305448868455,34.3394551131545,58.99353178711103,462.0010366014072
-14.2845,-57.292,61.1439,21.4,84.99999999999999,43.99999999999999,256.0,456.7998990510247,34.5394551131545,58.906569161864134,461.8756386982988
-10.2532,-58.1489,61.1439,22.6,84.99999999999999,43.99999999999999,259.99999999999994,456.6129869002655,34.832986900265524,58.86597380053105,461.70765604856604
-6.172,-58.7225,61.1439,23.1,84.99999999999999,43.99999999999999,263.99999999999994,456.48462156080194,34.96298690026553,58.86999999999999,461.5910496039722
-2.0607,-59.01,61.1439,22.8,84.99999999999999,43.99999999999999,267.99999999999994,456.461352239729,35.26701309973448,58.885923326043475,461.5931978132471
2.0607,-59.01,61.1439,22.0,84.99999999999999,43.99999999999999,272.0,456.3753784391979,35.53,58.88353178711103,461.528046018056
6.172,-58.7225,61.1439,23.0,84.99999999999999,43.99999999999999,276.0,456.35891022630904,35.703481312623445,58.887557986579964,461.52566343206536
10.2532,-58.1489,61.1439,23.3,84.99999999999999,43.99999999999999,279.99999999999994,456.2884662884386,35.97407667395652,58.89244201342002,461.47764668150865
14.2845,-57.292,61.1439,20.6,84.99999999999999,43.99999999999999,283.99999999999994,456.2724924879075,36.156468212888974,58.95244201342003,461.4837678771626
18.2462,-56.156,61.1439,23.5,84.99999999999999,43.99999999999999,287.99999999999994,456.3581028734254,36.26701309973446,59.00402619946894,461.58367541016423
22.119,-54.7465,61.1439,22.2,84.99999999999999,43.99999999999999,291.99999999999994,456.45701309973435,36.53298690026553,58.949999999999996,461.6955343511415
25.884,-53.0702,61.1439,23.7,84.99999999999999,43.99999999999999,295.99999999999994,456.5629364257778,36.68402619946894,59.0094551131545,461.8198225376251
29.523,-51.1353,61.1439,22.3,84.99999999999999,43.99999999999999,300.0,456.6478404073873,36.88407667395652,59.03646821288898,461.9231427844598
33.0181,-48.9513,61.1439,22.2,84.99999999999999,43.99999999999999,303.99999999999994,456.79950558764205,37.11592332604347,59.080544886845495,462.09727423301854
36.3523,-46.5289,61.1439,23.1,84.99999999999999,43.99999999999999,308.0,456.98670015920874,37.20810287342547,59.08,462.2896640006588
39.5095,-43.8797,61.1439,22.7,84.99999999999999,43.99999999999999,311.99999999999994,457.2049345013276,37.387013099734475,59.17999999999999,462.53260780282613
42.4741,-41.0168,61.1439,22.1,84.99999999999999,43.99999999999999,315.99999999999994,457.32511597315994,37.4905448868455,59.129999999999995,462.6533902996678
45.2318,-37.954,61.1439,23.0,84.99999999999999,43.99999999999999,319.99999999999994,457.56158418604883,37.487013099734476,59.15,462.8894057698732
47.7692,-34.7063,61.1439,22.2,84.99999999999999,43.99999999999999,323.99999999999994,457.7553784391979,37.448910226309,59.20755798657996,463.0852430059564
50.0738,-31.2896,61.1439,22.2,84.99999999999999,43.99999999999999,327.99999999999994,458.01945511315444,37.493481312623445,59.23864776027095,463.35386023163375
52.1345,-27.7204,61.1439,22.5,84.99999999999999,43.99999999999999,331.99999999999994,458.15389520212415,37.367013099734464,59.29298690026552,463.48348800408166
53.9412,-24.0162,61.1439,21.9,84.99999999999999,43.99999999999999,335.99999999999994,458.40348131262346,37.189455113154494,59.3305448868455,463.7207357965741
55.4851,-20.1949,61.1439,22.1,84.99999999999999,43.99999999999999,339.99999999999994,458.49239153893245,37.15402619946893,59.36999999999998,463.8108360764338
56.7586,-16.2753,61.1439,21.7,84.99999999999999,43.99999999999999,343.99999999999994,458.72836533946344,37.01706357422205,59.39646821288897,464.0365466198099
57.7557,-12.2763,61.1439,22.4,84.99999999999999,43.99999999999999,347.99999999999994,458.80950558764204,36.88353178711103,59.40407667395652,464.10710149722195
58.4713,-8.2176,61.1439,23.0,84.99999999999999,43.99999999999999,351.99999999999994,458.91833481974527,36.57353178711102,59.44994952551242,464.1960337612727
58.9021,-4.1188,61.1439,22.6,84.99999999999999,43.99999999999999,356.0,459.1007369236266,36.488365339463506,59.429999999999986,464.36710946078335
63.0134,-4.4063,56.8761,21.1,84.99999999999999,48.0,356.0,459.04576180898056,36.5905448868455,59.43054488684549,464.3208686624487
62.5526,-8.7912,56.8761,23.0,84.99999999999999,48.0,351.99999999999994,459.05592332604346,36.74701309973447,59.406518687376554,464.3401965962369
61.787,-13.1332,56.8761,22.5,84.99999999999999,48.0,347.99999999999994,458.83579232869874,36.949999999999996,59.36945511315449,464.1339451304307
60.7203,-17.4113,56.8761,22.6,84.99999999999999,48.0,343.99999999999994,458.72348131262345,37.343531787111026,59.32,464.0480945698493
59.3579,-21.6045,56.8761,23.7,84.99999999999999,48.0,339.99999999999994,458.554026199469,37.39298690026553,59.27701309973447,463.8790733532747
57.7062,-25.6925,56.8761,23.4,84.99999999999999,48.0,335.99999999999994,458.3939757249813,37.39488402684006,59.2240766739565,463.7142499322382
55.7734,-29.6553,56.8761,21.4,84.99999999999999,48.0,331.99999999999994,458.14511597315993,37.65651868737655,59.217013099734466,463.4885277222803
53.5689,-33.4736,56.8761,21.0,84.99999999999999,48.0,327.99999999999994,457.9478204526179,37.69,59.20103929920341,463.2941888383762
51.1034,-37.1288,56.8761,22.9,84.99999999999999,48.0,323.99999999999994,457.6899495255124,37.65,59.14701309973446,463.02913683189126
48.389,-40.6032,56.8761,22.2,84.99999999999999,48.0,319.99999999999994,457.42194760106213,37.709999999999994,59.179455113154496,462.77325998229276
45.4388,-43.8797,56.8761,23.0,84.99999999999999,48.0,315.99999999999994,457.2234308381358,37.55054488684549,59.12293642577794,462.55684055075994
42.2672,-46.9425,56.8761,22.5,84.99999999999999,48.0,311.99999999999994,456.9356608600054,37.493531787111024,59.03407667395651,462.2564064458031
38.8897,-49.7765,56.8761,21.8,84.99999999999999,48.0,308.0,456.739172692347,37.27651868737655,59.027557986579964,462.04378939554954
35.3227,-52.3681,56.8761,23.3,84.99999999999999,48.0,303.99999999999994,456.54896070079656,37.34701309973447,59.06298690026552,461.8659863272356
31.5837,-54.7045,56.8761,21.6,84.99999999999999,48.0,300.0,456.3734813126234,37.10298690026553,58.96054488684549,461.65975776071105
27.6907,-56.7744,56.8761,22.5,84.99999999999999,48.0,295.99999999999994,456.1616346605365,36.94,58.989999999999995,461.4410261736301
23.6629,-58.5677,56.8761,22.2,84.99999999999999,48.0,291.99999999999994,456.0395560621296,36.66353178711102,58.9494551131545,461.2931058606735
19.5198,-60.0757,56.8761,23.0,84.99999999999999,48.0,287.99999999999994,456.0678204526179,36.48054488684549,58.960544886845504,461.3079588095096
15.2816,-61.291,56.8761,22.8,84.99999999999999,48.0,283.99999999999994,455.968910226309,36.171897126574535,58.909455113154486,461.17933294590733
10.9689,-62.2077,56.8761,22.4,84.99999999999999,48.0,279.99999999999994,455.90098882471585,35.94353178711102,58.85651868737655,461.08756096936975
6.6028,-62.8213,56.8761,23.4,84.99999999999999,48.0,276.0,455.93407667395644,35.8,58.85135223972903,461.1084513788246
2.2045,-63.1288,56.8761,22.2,84.99999999999999,48.0,272.0,455.9470130997344,35.543531787111014,58.826468212888976,461.0982268116771
-2.2045,-63.1288,56.8761,24.1,84.99999999999999,48.0,267.99999999999994,456.03285590292074,35.28,58.82597380053105,461.1628120919496
-6.6028,-62.8213,56.8761,22.3,84.99999999999999,48.0,263.99999999999994,456.2360043202491,34.940544886845494,58.82402619946894,461.3376197248733
-10.9689,-62.2077,56.8761,22.5,84.99999999999999,48.0,259.99999999999994,456.36358226159854,34.572986900265526,58.85108977369099,461.4395533603462
-15.2816,-61.291,56.8761,22.6,84.99999999999999,48.0,256.0,456.6019476010621,34.38651868737655,58.91298690026552,461.6692660834498
-19.5198,-60.0757,56.8761,22.6,84.99999999999999,48.0,252.0,456.7738447276366,34.237557986579965,58.98353178711101,461.83721442325606
-23.6629,-58.5677,56.8761,22.0,84.99999999999999,48.0,248.0,457.01509601839047,34.16298690026553,58.962179547381986,462.0675776113534
-27.6907,-56.7744,56.8761,21.5,84.99999999999999,48.0,243.99999999999994,457.2354289136856,33.955973800531055,59.06348131262344,462.28318208149324
-31.5837,-54.7045,56.8761,21.5,84.99999999999999,48.0,239.99999999999994,457.54592332604346,33.75597380053105,59.065428913685565,462.5758992989815
-35.3227,-52.3681,56.8761,22.6,84.99999999999999,48.0,236.0,457.781089773691,33.75108977369099,59.139999999999986,462.8176766452421
-38.8897,-49.7765,56.8761,22.6,84.99999999999999,48.0,231.99999999999994,458.1194856328726,33.68701309973447,59.118910226309005,463.1450350748196
-42.2672,-46.9425,56.8761,22.0,84.99999999999999,48.0,228.0,458.33150366319177,33.78244201342003,59.15646821288897,463.3664946562008
-45.4388,-43.8797,56.8761,23.4,84.99999999999999,48.0,224.0,458.65179617759935,33.88646821288897,59.27542891368555,463.70609154698695
-48.389,-40.6032,56.8761,22.9,84.99999999999999,48.0,220.0,458.8749345013276,33.900494412357915,59.26462156080202,463.9264428804905
-51.1034,-37.1288,56.8761,22.7,84.99999999999999,48.0,215.99999999999994,459.1918971265744,34.08945511315451,59.289455113154496,464.25696421726303
-53.5689,-33.4736,56.8761,21.9,84.99999999999999,48.0,212.0,459.421352239729,34.35646821288898,59.30945511315449,464.5061434121875
-55.7734,-29.6553,56.8761,22.2,84.99999999999999,48.0,208.0,459.7607369236265,34.419455113154505,59.309999999999995,464.84654479391645
-57.7062,-25.6925,56.8761,21.3,84.99999999999999,48.0,204.0,459.88251244267695,34.432129072894405,59.33244201342003,464.9707898764795
-59.3579,-21.6045,56.8761,23.3,84.99999999999999,48.0,200.0,460.05303737475305,34.635973800531055,59.345973800531056,465.15630973381445
-60.7203,-17.4113,56.8761,22.5,84.99999999999999,48.0,196.0,460.16776997813037,34.99701309973447,59.36108977369098,465.2987281646799
-61.787,-13.1332,56.8761,22.4,84.99999999999999,48.0,192.0,460.2703634150132,35.332986900265524,59.372986900265516,465.4270930821945
-62.5526,-8.7912,56.8761,22.9,84.99999999999999,48.0,188.0,460.2654289136855,35.49999999999999,59.35945511315449,465.4331960275604
-63.0134,-4.4063,56.8761,22.2,84.99999999999999,48.0,183.99999999999997,460.3859738005311,35.80348131262345,59.35701309973446,465.57533133800024
-63.1673,0.0,56.8761,22.0,84.99999999999999,48.0,180.0,460.40597380053094,36.173531787111024,59.33701309973447,465.6211617149358
-63.0134,4.4063,56.8761,22.7,84.99999999999999,48.0,175.99999999999997,460.4034813126234,36.55054488684549,59.30701309973446,465.6443167688408
-62.5526,8.7912,56.8761,22.6,84.99999999999999,48.0,171.99999999999997,460.36430862027635,36.65,59.32592332604347,465.61581194146817
-61.787,13.1332,56.8761,22.4,84.99999999999999,48.0,167.99999999999997,460.24509601839054,36.93841581395109,59.288415813951076,465.51596237030355
-60.7203,17.4113,56.8761,21.7,84.99999999999999,48.0,163.99999999999997,460.14462156080197,37.06999999999999,59.260544886845494,465.4235381151446
-59.3579,21.6045,56.8761,22.9,84.99999999999999,48.0,159.99999999999997,459.9718466520869,37.34646821288897,59.21999999999999,465.26967105164647
-57.7062,25.6925,56.8761,22.2,84.99999999999999,48.0,155.99999999999997,459.7810392992034,37.58,59.17999999999999,465.09475690342464
-55.7734,29.6553,56.8761,22.4,84.99999999999999,48.0,151.99999999999997,459.568910226309,37.72945511315449,59.17727556577252,464.89681110233505
-53.5689,33.4736,56.8761,21.4,84.99999999999999,48.0,147.99999999999997,459.3854289136856,37.95433913999457,59.16537843919798,464.7322306055586
-51.1034,37.1288,56.8761,22.4,84.99999999999999,48.0,143.99999999999997,459.18041388950076,38.0705448868455,59.13701309973447,464.5354724949137
-48.389,40.6032,56.8761,21.7,84.99999999999999,48.0,139.99999999999997,458.92999999999995,38.037013099734466,59.109999999999985,464.28175859659757
-45.4388,43.8797,56.8761,23.3,84.99999999999999,48.0,136.0,458.6656103855179,38.158910226309,59.08348131262345,464.0270491512303
-42.2672,46.9425,56.8761,22.5,84.99999999999999,48.0,131.99999999999997,458.4350654986724,38.16298690026552,59.03298690026551,463.79307497017334
-38.8897,49.7765,56.8761,21.9,84.99999999999999,48.0,128.0,458.1879214015931,38.13999999999999,59.028365339463505,463.54630710745784
-35.3227,52.3681,56.8761,22.4,84.99999999999999,48.0,124.0,457.9834308381358,38.0694551131545,58.98298690026552,463.3326009235255
-31.5837,54.7045,56.8761,22.2,84.99999999999999,48.0,119.99999999999997,457.7688092773338,37.853531787111024,58.96244201342003,463.10014271659617
-27.6907,56.7744,56.8761,22.5,84.99999999999999,48.0,115.99999999999997,457.57539839396725,37.869455113154494,58.92810287342545,462.9058890900245
-23.6629,58.5677,56.8761,23.6,84.99999999999999,48.0,112.0,457.425973800531,37.79999999999999,58.88810287342545,462.7474150845094
-19.5198,60.0757,56.8761,22.0,84.99999999999999,48.0,107.99999999999997,457.16760846106746,37.455923326043475,58.91651868737654,462.4676470764829
-15.2816,61.291,56.8761,21.5,84.99999999999999,48.0,104.0,457.048910226309,37.2805448868455,58.878910226309,462.331343773656
-10.9689,62.2077,56.8761,21.3,84.99999999999999,48.0,100.0,456.876468212889,37.18,58.849999999999994,462.14909077773046
-6.6028,62.8213,56.8761,23.6,84.99999999999999,48.0,96.0,456.86298690026547,36.89597380053105,58.879999999999995,462.1168208171194
-2.2045,63.1288,56.8761,21.3,84.99999999999999,48.0,91.99999999999999,456.8142381910194,36.71353178711102,58.93701309973448,462.0613629632355
2.2045,63.1288,56.8761,21.3,84.99999999999999,48.0,87.99999999999999,456.80447013733925,36.431089773690985,58.96701309973447,462.033177243213
6.6028,62.8213,56.8761,23.0,84.99999999999999,48.0,83.99999999999999,456.8689102263089,36.222986900265525,58.99701309973447,462.08435752148347
10.9689,62.2077,56.8761,23.3,84.99999999999999,48.0,79.99999999999999,456.9421290728944,36.13,59.00701309973447,462.15074793472087
15.2816,61.291,56.8761,22.5,84.99999999999999,48.0,75.99999999999999,456.9643896144821,35.851089773690994,59.095923326043476,462.16239804581147
19.5198,60.0757,56.8761,23.1,84.99999999999999,48.0,71.99999999999999,457.05293642577783,35.56298690026553,59.19108977369099,462.23987045828454
23.6629,58.5677,56.8761,22.5,84.99999999999999,48.0,68.0,457.24324936630353,35.504076673956526,59.21054488684549,462.42601265210305
27.6907,56.7744,56.8761,21.9,84.99999999999999,48.0,64.0,457.27597380053095,35.339999999999996,59.24999999999999,462.45085610821815
31.5837,54.7045,56.8761,22.9,84.99999999999999,48.0,59.999999999999986,457.4408578273711,35.17701309973447,59.289999999999985,462.60659826731825
35.3227,52.3681,56.8761,23.1,84.99999999999999,48.0,56.0,457.61994952551237,35.24293642577795,59.34103929920341,462.79524815705867
38.8897,49.7765,56.8761,21.9,84.99999999999999,48.0,52.0,457.67168513502406,35.30701309973447,59.3494551131545,462.85236779191894
42.2672,46.9425,56.8761,23.0,84.99999999999999,48.0,48.0,457.9715841860488,34.98646821288897,59.38407667395652,463.1290246165846
45.4388,43.8797,56.8761,22.6,84.99999999999999,48.0,43.99999999999999,458.0940261994689,34.98298690026552,59.429455113154496,463.25565981124316
48.389,40.6032,56.8761,22.2,84.99999999999999,48.0,39.99999999999999,458.3191421726289,35.0805448868455,59.444026199468944,463.48751111784617
51.1034,37.1288,56.8761,22.7,84.99999999999999,48.0,35.99999999999999,458.49610479787566,35.13244201342003,59.47999999999999,463.67104394888725
53.5689,33.4736,56.8761,22.2,84.99999999999999,48.0,32.0,458.66701309973445,35.13701309973447,59.444026199468944,463.83578004096023
55.7734,29.6553,56.8761,22.5,84.99999999999999,48.0,28.0,458.74488402683994,35.30244201342002,59.489243121604034,463.93113829542744
57.7062,25.6925,56.8761,22.3,84.99999999999999,48.0,24.0,458.8790916981412,35.46999999999999,59.467013099734466,464.07377360147717
59.3579,21.6045,56.8761,23.6,84.99999999999999,48.0,19.999999999999996,458.94384472763664,35.63298690026553,59.48646821288897,464.15277901706304
60.7203,17.4113,56.8761,23.1,84.99999999999999,48.0,16.0,459.07130176524134,35.736468212888965,59.456518687376544,464.2829233120538
61.787,13.1332,56.8761,22.0,84.99999999999999,48.0,12.0,459.1573260402601,35.839999999999996,59.49348131262344,464.3806950930854
62.5526,8.7912,56.8761,21.8,84.99999999999999,48.0,8.0,459.1475075120923,36.10755798657996,59.49592332604347,464.3920265150335
63.0134,4.4063,56.8761,22.2,84.99999999999999,48.0,4.0,459.1297680536801,36.249455113154504,59.51,464.38734587521515
63.1673,0.0,56.8761,21.8,84.99999999999999,48.0,0.0,459.1562867410566,36.4594551131545,59.502986900265526,464.4291043539764
66.9809,0.0,52.3312,22.9,84.99999999999999,52.0,0.0,459.3215337115613,36.46054488684549,59.459999999999994,464.5870577885125
66.8178,4.6724,52.3312,22.4,84.99999999999999,52.0,4.0,459.3784158139511,36.31646821288897,59.45701309973447,464.6316295582288
66.3291,9.3219,52.3312,22.5,84.99999999999999,52.0,8.0,459.4572755657725,35.95298690026553,59.46402619946893,464.682230937685
65.5172,13.9261,52.3312,21.8,84.99999999999999,52.0,12.0,459.4383653394635,35.73353178711102,59.45298690026552,464.6451920456532
64.3862,18.4624,52.3312,22.1,84.99999999999999,52.0,16.0,459.32488402684004,35.68005047448758,59.453531787111025,464.5289415419593
62.9415,22.9088,52.3312,22.4,84.99999999999999,52.0,19.999999999999996,459.24587285155593,35.3094551131545,59.51701309973447,464.4306236671838
61.1901,27.2436,52.3312,22.7,84.99999999999999,52.0,24.0,459.1483653394635,35.2194551131545,59.509455113154495,464.3264009942074
59.1406,31.4456,52.3312,22.1,84.99999999999999,52.0,28.0,458.971947601062,35.19701309973447,59.482986900265516,464.1468562281038
56.803,35.4945,52.3312,22.5,84.99999999999999,52.0,32.0,458.86483355235237,34.94402619946894,59.47353178711102,464.02060452235276
54.1887,39.3704,52.3312,22.0,84.99999999999999,52.0,35.99999999999999,458.60394520526313,34.847557986579965,59.432442013420015,463.75009004758
51.3104,43.0545,52.3312,23.0,84.99999999999999,52.0,39.99999999999999,458.43701309973443,34.83755798657996,59.402986900265525,463.5804841437434
48.182,46.5289,52.3312,22.1,84.99999999999999,52.0,43.99999999999999,458.1811402481785,34.757013099734465,59.34298690026552,463.3137137329104
44.819,49.7765,52.3312,22.6,84.99999999999999,52.0,48.0,457.98103929920336,34.85,59.29701309973446,463.1169297489874
41.2376,52.7817,52.3312,22.3,84.99999999999999,52.0,52.0,457.7379214015932,34.86,59.23597380053106,462.869446908249
37.4553,55.5297,52.3312,23.1,84.99999999999999,52.0,56.0,457.55153371156126,34.91,59.241089773690994,462.68955123211555
33.4905,58.0072,52.3312,22.7,84.99999999999999,52.0,59.999999999999986,457.34670015920886,35.14646821288897,59.189455113154494,462.49829185733114
29.3625,60.202,52.3312,23.0,84.99999999999999,52.0,64.0,457.13810287342534,35.21592332604347,59.209455113154505,462.2998658113766
25.0915,62.1036,52.3312,23.1,84.99999999999999,52.0,68.0,456.9948335523525,35.43,59.109999999999985,462.1618276032134
20.6982,63.7026,52.3312,22.1,84.99999999999999,52.0,71.99999999999999,456.8851664476475,35.60511597315993,59.09054488684551,462.0643592600289
16.2041,64.9913,52.3312,23.0,84.99999999999999,52.0,75.99999999999999,456.7250654986723,35.81999999999999,59.03402619946893,461.9154404261521
11.6311,65.9633,52.3312,22.9,84.99999999999999,52.0,79.99999999999999,456.69298690026557,36.01701309973447,58.97244201342002,461.89117596414286
7.0014,66.614,52.3312,22.5,84.99999999999999,52.0,83.99999999999999,456.66940463866683,36.25298690026552,58.94592332604348,461.8829354598252
2.3376,66.9401,52.3312,22.6,84.99999999999999,52.0,87.99999999999999,456.59675063369633,36.5494551131545,58.86353178711102,461.82396076077583
-2.3376,66.9401,52.3312,21.6,84.99999999999999,52.0,91.99999999999999,456.5680523989378,36.78701309973447,58.83701309973448,461.8110705847767
-7.0014,66.614,52.3312,22.0,84.99999999999999,52.0,96.0,456.6389607007965,37.03,58.797063574222044,461.89550334989696
-11.6311,65.9633,52.3312,22.1,84.99999999999999,52.0,100.0,456.7333503152787,37.245115973159926,58.8,462.0064847532697
-16.2041,64.9913,52.3312,21.8,84.99999999999999,52.0,104.0,456.82402619946896,37.46999999999999,58.826518687376556,462.1176810228855
-20.6982,63.7026,52.3312,22.6,84.99999999999999,52.0,107.99999999999997,456.96805239893786,37.69,58.840544886845485,462.2797278011002
-25.0915,62.1036,52.3312,22.3,84.99999999999999,52.0,112.0,457.14810287342533,37.902986900265525,58.80810287342546,462.47099080948306
-29.3625,60.202,52.3312,22.8,84.99999999999999,52.0,115.99999999999997,457.42428866550694,38.00457108631443,58.90054488684549,462.76408835665615
-33.4905,58.0072,52.3312,22.6,84.99999999999999,52.0,119.99999999999997,457.6489607007965,38.39701309973447,58.879999999999995,463.01593519607985
-37.4553,55.5297,52.3312,22.5,84.99999999999999,52.0,124.0,457.8910392992034,38.31402619946894,58.96805239893788,463.25953814016833
-41.2376,52.7817,52.3312,22.8,84.99999999999999,52.0,128.0,458.2013017652415,38.444076673956516,58.94706357422205,463.5743050199162
-44.819,49.7765,52.3312,22.6,84.99999999999999,52.0,131.99999999999997,458.40324936630344,38.52298690026553,58.97407667395652,463.783895008062
-48.182,46.5289,52.3312,22.9,84.99999999999999,52.0,136.0,458.66711404870955,38.38402619946894,59.017557986579966,464.0387129623484
-51.3104,43.0545,52.3312,21.6,84.99999999999999,52.0,139.99999999999997,458.9541271484441,38.20298690026553,59.09945511315451,464.3178917825199
-54.1887,39.3704,52.3312,22.3,84.99999999999999,52.0,143.99999999999997,459.16228049635714,38.419455113154505,59.169455113154505,464.55040499411325
-56.803,35.4945,52.3312,21.9,84.99999999999999,52.0,147.99999999999997,459.46189712657446,38.133481312623445,59.19646821288897,464.82643982141406
-59.1406,31.4456,52.3312,22.2,84.99999999999999,52.0,151.99999999999997,459.72080735288347,38.04,59.21298690026552,465.0768110009765
-61.1901,27.2436,52.3312,22.6,84.99999999999999,52.0,155.99999999999997,459.9238447276366,37.78,59.25701309973447,465.26193155098485
-62.9415,22.9088,52.3312,21.8,84.99999999999999,52.0,159.99999999999997,460.12158418604884,37.397013099734465,59.269999999999996,465.4281273436973
-64.3862,18.4624,52.3312,22.3,84.99999999999999,52.0,163.99999999999997,460.2915337115613,37.34298690026553,59.269999999999996,465.59180359750195
-65.5172,13.9261,52.3312,23.1,84.99999999999999,52.0,167.99999999999997,460.3380523989378,37.29402619946894,59.30896070079658,465.6388296695439
-66.3291,9.3219,52.3312,23.4,84.99999999999999,52.0,171.99999999999997,460.448153347913,36.72999999999999,59.33592332604348,465.7062879309848
-66.8178,4.6724,52.3312,21.7,84.99999999999999,52.0,175.99999999999997,460.4829869002656,36.4594551131545,59.347557986579965,465.7209526430057
-66.9809,0.0,52.3312,22.2,84.99999999999999,52.0,180.0,460.54701309973444,36.124076673956516,59.40298690026552,465.7651930354027
-66.8178,-4.6724,52.3312,23.4,84.99999999999999,52.0,183.99999999999997,460.59103929920343,35.756518687376555,59.41646821288898,465.78208510660255
-66.3291,-9.3219,52.3312,23.2,84.99999999999999,52.0,188.0,460.53542891368545,35.504076673956526,59.39353178711102,465.7048554216812
-65.5172,-13.9261,52.3312,23.0,84.99999999999999,52.0,192.0,460.52044393787037,35.27651868737655,59.402442013420035,465.67387963315247
-64.3862,-18.4624,52.3312,21.4,84.99999999999999,52.0,196.0,460.3348840268401,34.99646821288898,59.364026199468945,465.46433359172784
-62.9415,-22.9088,52.3312,22.2,84.99999999999999,52.0,200.0,460.1758728515558,34.61,59.36298690026551,465.2780354459174
-61.1901,-27.2436,52.3312,23.2,84.99999999999999,52.0,204.0,459.96914217262884,34.41298690026552,59.38646821288897,465.0619507390627
-59.1406,-31.4456,52.3312,22.1,84.99999999999999,52.0,208.0,459.7272755657725,34.28891022630901,59.35163466053648,464.80911544473116
-56.803,-35.4945,52.3312,22.2,84.99999999999999,52.0,212.0,459.46597380053095,34.012986900265524,59.34810287342547,464.52993625063874
-54.1887,-39.3704,52.3312,22.8,84.99999999999999,52.0,215.99999999999994,459.18311789761026,34.02646821288897,59.32,464.24756186889493
-51.3104,-43.0545,52.3312,22.7,84.99999999999999,52.0,220.0,458.90836533946356,33.61353178711103,59.279999999999994,463.94059500947066
-48.182,-46.5289,52.3312,22.3,84.99999999999999,52.0,224.0,458.63026246603795,33.56244201342003,59.23891022630901,463.6565578619284
-44.819,-49.7765,52.3312,22.9,84.99999999999999,52.0,228.0,458.28049441235794,33.63999999999999,59.209999999999994,463.31251360052346
-41.2376,-52.7817,52.3312,22.9,84.99999999999999,52.0,231.99999999999994,458.00509601839053,33.53,59.19108977369099,463.02971177605036
-37.4553,-55.5297,52.3312,23.0,84.99999999999999,52.0,236.0,457.6827244342274,33.55701309973447,59.14701309973447,462.7071628279952
-33.4905,-58.0072,52.3312,21.6,84.99999999999999,52.0,239.99999999999994,457.35994952551243,33.63000000000001,59.071089773690986,462.38349232756
-29.3625,-60.202,52.3312,21.3,84.99999999999999,52.0,243.99999999999994,457.05815334791305,33.869455113154494,59.046518687376555,462.099325795402
-25.0915,-62.1036,52.3312,21.8,84.99999999999999,52.0,248.0,456.74968705947435,33.998415813951084,58.942986900265524,461.79047696061355
-20.6982,-63.7026,52.3312,22.1,84.99999999999999,52.0,252.0,456.5085972857833,34.15353178711102,58.93348131262344,461.56225836715896
-16.2041,-64.9913,52.3312,21.8,84.99999999999999,52.0,256.0,456.3159233260434,34.36701309973447,58.91592332604348,461.38530480679276
-11.6311,-65.9633,52.3312,22.0,84.99999999999999,52.0,259.99999999999994,456.03449056345727,34.57542891368556,58.826518687376556,461.1111321242566
-7.0014,-66.614,52.3312,21.2,84.99999999999999,52.0,263.99999999999994,455.8360242750186,34.834026199468944,58.80239153893245,460.93124396033136
-2.3376,-66.9401,52.3312,22.2,84.99999999999999,52.0,267.99999999999994,455.7875075120923,35.23701309973447,58.783481312623444,460.9114847468091
2.3376,-66.9401,52.3312,21.8,84.99999999999999,52.0,272.0,455.7950960183905,35.45,58.78999999999999,460.9361519282403
7.0014,-66.614,52.3312,22.6,84.99999999999999,52.0,276.0,455.63945511315444,35.68701309973447,58.79810287342546,460.8015764527144
11.6311,-65.9633,52.3312,22.8,84.99999999999999,52.0,279.99999999999994,455.5786782799891,36.01,58.826518687376556,460.7702372161402
16.2041,-64.9913,52.3312,22.2,84.99999999999999,52.0,283.99999999999994,455.6842886655069,36.334076673956524,58.8894551131545,460.90812966128317
20.6982,-63.7026,52.3312,23.5,84.99999999999999,52.0,287.99999999999994,455.7064682128889,36.55597380053105,58.94244201342003,460.9543750330126
25.0915,-62.1036,52.3312,23.9,84.99999999999999,52.0,291.99999999999994,455.81864776027084,36.86999999999999,58.88298690026553,461.082685309586
29.3625,-60.202,52.3312,23.4,84.99999999999999,52.0,295.99999999999994,455.9410897736909,37.1305448868455,58.959455113154505,461.23440033767537
33.4905,-58.0072,52.3312,21.8,84.99999999999999,52.0,300.0,456.12940463866687,37.30054488684549,58.916468212888965,461.4287752747553
37.4553,-55.5297,52.3312,22.2,84.99999999999999,52.0,303.99999999999994,456.33706357422204,37.56651868737656,58.94706357422205,461.65952304902794
41.2376,-52.7817,52.3312,23.2,84.99999999999999,52.0,308.0,456.65321884658533,37.54353178711102,59.03755798657997,461.9817229231217
44.819,-49.7765,52.3312,22.6,84.99999999999999,52.0,311.99999999999994,456.878910226309,37.82054488684549,59.00054488684549,462.22266984870214
48.182,-46.5289,52.3312,22.3,84.99999999999999,52.0,315.99999999999994,457.1378204526179,37.87701309973447,59.06646821288897,462.4916244394828
51.3104,-43.0545,52.3312,22.5,84.99999999999999,52.0,319.99999999999994,457.40488402684,37.9094551131545,59.12646821288897,462.7659170270786
54.1887,-39.3704,52.3312,21.9,84.99999999999999,52.0,323.99999999999994,457.64625622133843,37.95542891368556,59.15353178711103,463.0117177138366
56.803,-35.4945,52.3312,23.0,84.99999999999999,52.0,327.99999999999994,457.8999999999999,37.95402619946894,59.21701309973446,463.27051788906664
59.1406,-31.4456,52.3312,22.4,84.99999999999999,52.0,331.99999999999994,458.1973260402601,37.85,59.20597380053105,463.55448377090863
61.1901,-27.2436,52.3312,22.9,84.99999999999999,52.0,335.99999999999994,458.38298690026545,37.67054488684549,59.2394551131545,463.72766326129846
62.9415,-22.9088,52.3312,23.4,84.99999999999999,52.0,339.99999999999994,458.55950558764204,37.54,59.27293642577794,463.89584257386593
64.3862,-18.4624,52.3312,20.4,84.99999999999999,52.0,343.99999999999994,458.77651868737655,37.343481312623446,59.30701309973446,464.09885961750336
65.5172,-13.9261,52.3312,22.7,84.99999999999999,52.0,347.99999999999994,459.0080523989379,37.12298690026552,59.309999999999995,464.31043970975213
66.3291,-9.3219,52.3312,22.6,84.99999999999999,52.0,351.99999999999994,459.1361857920815,36.89999999999999,59.39836533946351,464.4306330429779
66.8178,-4.6724,52.3312,22.0,84.99999999999999,52.0,356.0,459.25732604026007,36.628910226309,59.433531787111015,464.5334361342639
70.2965,-4.9156,47.5314,22.8,84.99999999999999,56.0,356.0,459.32846628843873,36.76353178711102,59.3305448868455,464.60123844962067
69.7824,-9.8073,47.5314,24.4,84.99999999999999,56.0,351.99999999999994,459.2248335523525,37.082986900265524,59.25298690026552,464.5142754805649
68.9283,-14.6512,47.5314,22.1,84.99999999999999,56.0,347.99999999999994,459.0208073528834,37.42701309973447,59.245428913685565,464.33921193414966
67.7384,-19.4237,47.5314,23.0,84.99999999999999,56.0,343.99999999999994,458.86428866550693,37.609455113154496,59.24108977369099,464.1986786323121
66.2184,-24.1015,47.5314,22.4,84.99999999999999,56.0,339.99999999999994,458.710262466038,37.678102873425466,59.22755798657995,464.05026446803754
64.3759,-28.662,47.5314,22.1,84.99999999999999,56.0,335.99999999999994,458.3916346605364,37.86407667395652,59.18755798657997,463.7453461217101
62.2197,-33.0828,47.5314,22.2,84.99999999999999,56.0,331.99999999999994,458.19433913999455,37.82810287342546,59.160000000000004,463.54387428477446
59.7604,-37.3425,47.5314,22.6,84.99999999999999,56.0,327.99999999999994,457.9004638926398,38.139455113154504,59.07841581395108,463.2685097052347
57.01,-41.4202,47.5314,22.4,84.99999999999999,56.0,323.99999999999994,457.5814027142166,38.13999999999999,59.06244201342003,462.9511548387137
53.9818,-45.2961,47.5314,22.8,84.99999999999999,56.0,319.99999999999994,457.24945511315457,38.0905448868455,59.00108977369098,462.6111568104867
50.6906,-48.9513,47.5314,20.9,84.99999999999999,56.0,315.99999999999994,457.04483355235243,38.0705448868455,58.99646821288896,462.40667115264813
47.1524,-52.3681,47.5314,22.1,84.99999999999999,56.0,311.99999999999994,456.70732604026006,37.94701309973447,58.99189712657452,462.0623349599361
43.3846,-55.5297,47.5314,21.4,84.99999999999999,56.0,308.0,456.437063574222,37.8805448868455,58.930544886845496,461.7819158497258
39.4053,-58.4208,47.5314,21.4,84.99999999999999,56.0,303.99999999999994,456.213531787111,37.69353178711102,58.899455113154495,461.54169338953744
35.2341,-61.0272,47.5314,22.9,84.99999999999999,56.0,300.0,455.9256608600054,37.46108977369099,58.91298690026552,461.23993918911236
30.8912,-63.3364,47.5314,22.9,84.99999999999999,56.0,295.99999999999994,455.78163466053644,37.278910226309,58.84163466053649,461.07369650741947
26.3978,-65.337,47.5314,22.9,84.99999999999999,56.0,291.99999999999994,455.5843086202763,36.894621560802015,58.82298690026552,460.84533104828
21.7759,-67.0192,47.5314,20.7,84.99999999999999,56.0,287.99999999999994,455.483531787111,36.74701309973447,58.77945511315449,460.7283527681052
17.0478,-68.375,47.5314,21.5,84.99999999999999,56.0,283.99999999999994,455.42054488684545,36.35407667395652,58.81646821288897,460.6396297854592
12.2367,-69.3976,47.5314,22.6,84.99999999999999,56.0,279.99999999999994,455.366468212889,35.99244201342003,58.757557986579954,460.5502435948935
7.3659,-70.0822,47.5314,23.4,84.99999999999999,56.0,276.0,455.3545710863144,35.65999999999999,58.75646821288897,460.51247927287875
2.4593,-70.4253,47.5314,23.1,84.99999999999999,56.0,272.0,455.38810287342545,35.34353178711103,58.72651868737654,460.5174192959294
-2.4593,-70.4253,47.5314,23.0,84.99999999999999,56.0,267.99999999999994,455.57618579208145,35.069455113154504,58.718365339463496,460.6814237311218
-7.3659,-70.0822,47.5314,21.0,84.99999999999999,56.0,263.99999999999994,455.6725230076257,34.787063574222046,58.73189712657453,460.7570116192902
-12.2367,-69.3976,47.5314,23.0,84.99999999999999,56.0,259.99999999999994,455.81542891368554,34.39353178711102,58.78298690026553,460.8753191628674
-17.0478,-68.375,47.5314,22.7,84.99999999999999,56.0,256.0,456.0554793881731,34.28592332604347,58.82999999999999,461.11071741859973
-21.7759,-67.0192,47.5314,23.0,84.99999999999999,56.0,252.0,456.33805239893786,34.01701309973447,58.82999999999999,461.37028962372864
-26.3978,-65.337,47.5314,23.2,84.99999999999999,56.0,248.0,456.61750751209235,33.807013099734476,58.87402619946894,461.6368846422663
-30.8912,-63.3364,47.5314,22.2,84.99999999999999,56.0,243.99999999999994,456.87103929920335,33.61706357422205,58.94597380053106,461.8829736426538
-35.2341,-61.0272,47.5314,23.4,84.99999999999999,56.0,239.99999999999994,457.2449039816094,33.4694551131545,59.03407667395652,462.25331675550933
-39.4053,-58.4208,47.5314,21.7,84.99999999999999,56.0,236.0,457.53815334791295,33.44298690026553,59.03651868737655,462.5417880370968
-43.3846,-55.5297,47.5314,22.2,84.99999999999999,56.0,231.99999999999994,457.87734599502943,33.489455113154506,59.129999999999995,462.89260577290264
-47.1524,-52.3681,47.5314,23.0,84.99999999999999,56.0,228.0,458.2576084610675,33.402986900265525,59.21298690026552,463.2731085050884
-50.6906,-48.9513,47.5314,22.8,84.99999999999999,56.0,224.0,458.614026199469,33.52646821288898,59.23597380053105,463.63751971752055
-53.9818,-45.2961,47.5314,22.6,84.99999999999999,56.0,220.0,458.90869823475845,33.567557986579956,59.2305448868455,463.93127908376215
-57.01,-41.4202,47.5314,20.7,84.99999999999999,56.0,215.99999999999994,459.25010094897516,33.64646821288897,59.25353178711102,464.2776336138658
-59.7604,-37.3425,47.5314,22.6,84.99999999999999,56.0,212.0,459.4992736413222,33.93407667395652,59.319404638666924,464.553436972866
-62.2197,-33.0828,47.5314,23.0,84.99999999999999,56.0,208.0,459.722179547382,34.04407667395652,59.361089773690985,464.7872852214201
-64.3759,-28.662,47.5314,21.7,84.99999999999999,56.0,204.0,460.0538447276366,34.30646821288897,59.38457108631443,465.137615220515
-66.2184,-24.1015,47.5314,22.4,84.99999999999999,56.0,200.0,460.259505587642,34.58,59.42353178711103,465.36624825381836
-67.7384,-19.4237,47.5314,22.0,84.99999999999999,56.0,196.0,460.37675063369636,34.9,59.36999999999998,465.4992582422024
-68.9283,-14.6512,47.5314,21.2,84.99999999999999,56.0,192.0,460.61501502418474,35.2,59.36054488684548,465.7562735540909
-69.7824,-9.8073,47.5314,21.8,84.99999999999999,56.0,188.0,460.6521290728943,35.52,59.35353178711101,465.81637600560384
-70.2965,-4.9156,47.5314,22.6,84.99999999999999,56.0,183.99999999999997,460.712179547382,35.80108977369099,59.39163466053648,465.90213208348126
-70.4682,0.0,47.5314,22.8,84.99999999999999,56.0,180.0,460.68701309973443,36.24,59.36999999999998,465.9084229102913
-70.2965,4.9156,47.5314,22.0,84.99999999999999,56.0,175.99999999999997,460.68805239893777,36.53402619946895,59.33701309973447,465.9282110122416
-69.7824,9.8073,47.5314,22.2,84.99999999999999,56.0,171.99999999999997,460.56760846106744,36.87402619946894,59.29999999999999,465.8311987959869
-68.9283,14.6512,47.5314,23.4,84.99999999999999,56.0,167.99999999999997,460.5029869002655,37.114621560802014,59.29244201342003,465.78545464364004
-67.7384,19.4237,47.5314,22.5,84.99999999999999,56.0,163.99999999999997,460.36293642577795,37.45891022630901,59.295923326043464,465.67500438932257
-66.2184,24.1015,47.5314,22.9,84.99999999999999,56.0,159.99999999999997,460.0877394584122,37.783531787111016,59.276468212888965,465.4267106194627
-64.3759,28.662,47.5314,23.7,84.99999999999999,56.0,155.99999999999997,459.8905448868454,38.06701309973447,59.19999999999999,465.24515125109576
-62.2197,33.0828,47.5314,23.5,84.99999999999999,56.0,151.99999999999997,459.6694551131544,38.239455113154506,59.178365339463504,465.0380014747464
-59.7604,37.3425,47.5314,24.0,84.99999999999999,56.0,147.99999999999997,459.4340261994689,38.43999999999999,59.12,464.81440643535814
-57.01,41.4202,47.5314,21.8,84.99999999999999,56.0,143.99999999999997,459.1794551131544,38.54353178711102,59.05,464.56245903068555
-53.9818,45.2961,47.5314,21.9,84.99999999999999,56.0,139.99999999999997,458.8967001592089,38.574571086314435,59.023531787111025,464.2821946361158
-50.6906,48.9513,47.5314,22.8,84.99999999999999,56.0,136.0,458.525711334493,38.65244201342003,58.989999999999995,463.9177290516106
-47.1524,52.3681,47.5314,23.6,84.99999999999999,56.0,131.99999999999997,458.33158418604893,38.5794551131545,58.98646821288898,463.7193319795405
-43.3846,55.5297,47.5314,23.0,84.99999999999999,56.0,128.0,457.93194760106206,38.74298690026553,58.95701309973447,463.33423903408897
-39.4053,58.4208,47.5314,22.5,84.99999999999999,56.0,124.0,457.7891926471164,38.55353178711102,58.879455113154506,463.16747505862327
-35.2341,61.0272,47.5314,24.3,84.99999999999999,56.0,119.99999999999997,457.49976805368004,38.49646821288898,58.8351664476475,462.8710324107131
-30.8912,63.3364,47.5314,23.9,84.99999999999999,56.0,115.99999999999997,457.2499495255124,38.27701309973447,58.85189712657453,462.60803264569216
-26.3978,65.337,47.5314,23.4,84.99999999999999,56.0,112.0,457.0372755657725,38.2194551131545,58.7494551131545,462.3800346920516
-21.7759,67.0192,47.5314,22.4,84.99999999999999,56.0,107.99999999999997,456.83358226159856,37.84108977369099,58.77298690026552,462.15055333343923
-17.0478,68.375,47.5314,22.6,84.99999999999999,56.0,104.0,456.6749345013276,37.74701309973447,58.757921401593165,461.98411891230546
-12.2367,69.3976,47.5314,22.6,84.99999999999999,56.0,100.0,456.53080735288347,37.478910226309,58.733531787111026,461.8167109689892
-7.3659,70.0822,47.5314,23.0,84.99999999999999,56.0,96.0,456.44130176524146,37.22592332604348,58.7494551131545,461.7097895872658
-2.4593,70.4253,47.5314,22.7,84.99999999999999,56.0,91.99999999999999,456.38999999999993,36.94701309973447,58.78298690026553,461.64093560461976
2.4593,70.4253,47.5314,22.6,84.99999999999999,56.0,87.99999999999999,456.36054488684556,36.62189712657453,58.819999999999986,461.5906223901954
7.3659,70.0822,47.5314,22.2,84.99999999999999,56.0,83.99999999999999,456.3619980755497,36.35755798657997,58.84108977369099,461.57385016485836
12.2367,69.3976,47.5314,23.4,84.99999999999999,56.0,79.99999999999999,456.4223915389324,36.086468212888974,58.909455113154486,461.62100969077125
17.0478,68.375,47.5314,23.1,84.99999999999999,56.0,75.99999999999999,456.46815334791296,35.79353178711102,58.97353178711102,461.65163206696684
21.7759,67.0192,47.5314,23.0,84.99999999999999,56.0,71.99999999999999,456.6986477602709,35.41646821288897,59.04488402684006,461.85958842106714
26.3978,65.337,47.5314,22.4,84.99999999999999,56.0,68.0,456.8162362665691,35.260544886845494,59.06592332604347,461.9666254620881
30.8912,63.3364,47.5314,21.8,84.99999999999999,56.0,64.0,457.04782045261794,35.11,59.15,462.1949207644849
35.2341,61.0272,47.5314,21.2,84.99999999999999,56.0,59.999999999999986,457.23945511315446,34.868910226309,59.19891022630901,462.372437743133
39.4053,58.4208,47.5314,22.2,84.99999999999999,56.0,56.0,457.4691926471164,34.99999999999999,59.22402619946894,462.61274031362336
43.3846,55.5297,47.5314,22.7,84.99999999999999,56.0,52.0,457.6674070344657,34.811634660536484,59.28864776027095,462.80281883609075
47.1524,52.3681,47.5314,22.4,84.99999999999999,56.0,48.0,457.87412714844413,34.76054488684549,59.28706357422204,463.0032048485559
50.6906,48.9513,47.5314,22.9,84.99999999999999,56.0,43.99999999999999,458.1121290728944,34.57348131262344,59.33891022630901,463.23121082308404
53.9818,45.2961,47.5314,22.4,84.99999999999999,56.0,39.99999999999999,458.2779718760807,34.686468212888975,59.35353178711101,463.4055376444494
57.01,41.4202,47.5314,22.2,84.99999999999999,56.0,35.99999999999999,458.5870130997345,34.71,59.36999999999998,463.71503057776346
59.7604,37.3425,47.5314,21.7,84.99999999999999,56.0,32.0,458.7823915389324,34.807557986579965,59.39108977369099,463.9182583426503
62.2197,33.0828,47.5314,23.7,84.99999999999999,56.0,28.0,458.86571133449297,35.07,59.41353178711101,464.0232900382569
64.3759,28.662,47.5314,23.0,84.99999999999999,56.0,24.0,459.06000000000006,35.17891022630901,59.429455113154496,464.22569883598345
66.2184,24.1015,47.5314,21.9,84.99999999999999,56.0,19.999999999999996,459.1399999999999,35.27,59.454026199468935,464.314864861472
67.7384,19.4237,47.5314,22.4,84.99999999999999,56.0,16.0,459.3114832370736,35.509455113154495,59.477063574222036,464.5056308886748
68.9283,14.6512,47.5314,22.5,84.99999999999999,56.0,12.0,459.3323915389325,35.91701309973447,59.43,464.5516146208962
69.7824,9.8073,47.5314,23.1,84.99999999999999,56.0,8.0,459.3445710863144,36.019999999999996,59.39999999999999,464.5677941769857
70.2965,4.9156,47.5314,22.3,84.99999999999999,56.0,4.0,459.3899495255124,36.20701309973447,59.40348131262344,464.6276435111415
70.4682,0.0,47.5314,21.8,84.99999999999999,56.0,0.0,459.3140766739565,36.453531787111025,59.39054488684549,464.5702506968774
73.6122,0.0,42.5,23.2,84.99999999999999,59.999999999999986,0.0,459.46412714844405,36.601897126574535,59.36760846106755,464.727335051353
73.4328,5.1349,42.5,23.1,84.99999999999999,59.999999999999986,4.0,459.5453279647103,36.40810287342546,59.36896070079658,464.79256868384607
72.8958,10.2448,42.5,24.5,84.99999999999999,59.999999999999986,8.0,459.4938952021243,35.99701309973447,59.363531787111015,464.70899882223347
72.0036,15.3048,42.5,22.6,84.99999999999999,59.999999999999986,12.0,459.4419170813439,35.730544886845486,59.43701309973447,464.64643067122483
70.7605,20.2903,42.5,22.2,84.99999999999999,59.999999999999986,16.0,459.45402619946896,35.58701309973447,59.41298690026552,464.6443163374261
69.1728,25.1768,42.5,21.6,84.99999999999999,59.999999999999986,19.999999999999996,459.36054488684545,35.38755798657997,59.372986900265516,464.5315285666326
67.2481,29.9408,42.5,22.2,84.99999999999999,59.999999999999986,24.0,459.2040261994689,35.14597380053106,59.38402619946894,464.3598170813764
64.9957,34.5588,42.5,22.8,84.99999999999999,59.999999999999986,28.0,459.1115841860489,34.90701309973446,59.36945511315449,464.24850941904094
62.4267,39.0085,42.5,22.5,84.99999999999999,59.999999999999986,32.0,458.86896070079655,34.80592332604348,59.35298690026553,463.99887117016857
59.5535,43.2681,42.5,23.4,84.99999999999999,59.999999999999986,35.99999999999999,458.60792140159316,34.54,59.322986900265526,463.7169976904652
56.3902,47.317,42.5,21.8,84.99999999999999,59.999999999999986,39.99999999999999,458.3486477602709,34.5494551131545,59.309455113154506,463.45955510497794
52.9522,51.1353,42.5,22.4,84.99999999999999,59.999999999999986,43.99999999999999,458.11914217262876,34.53646821288898,59.27701309973447,463.2274606968279
49.2561,54.7045,42.5,22.7,84.99999999999999,59.999999999999986,48.0,457.8169626252468,34.63,59.225973800531044,462.9290703121028
45.3202,58.0072,42.5,21.7,84.99999999999999,59.999999999999986,52.0,457.61940463866694,34.59651868737655,59.18651868737655,462.72614212022336
41.1634,61.0272,42.5,22.1,84.99999999999999,59.999999999999986,56.0,457.386730678927,34.71402619946894,59.15592332604347,462.500927870087
36.8061,63.75,42.5,22.8,84.99999999999999,59.999999999999986,59.999999999999986,457.0562562213386,34.9205448868455,59.129999999999995,462.186350627385
32.2694,66.1622,42.5,23.0,84.99999999999999,59.999999999999986,64.0,456.87407667395655,35.117013099734464,59.060544886845506,462.01220168742117
27.5756,68.252,42.5,23.4,84.99999999999999,59.999999999999986,68.0,456.6076084610675,35.16,59.04353178711102,461.7497940989591
22.7474,70.0093,42.5,23.4,84.99999999999999,59.999999999999986,71.99999999999999,456.4966802044394,35.537013099734466,58.96054488684549,461.658363068491
17.8084,71.4256,42.5,22.4,84.99999999999999,59.999999999999986,75.99999999999999,456.28999999999996,35.69597380053105,58.95298690026553,461.465298056128
12.7826,72.4938,42.5,21.9,84.99999999999999,59.999999999999986,79.99999999999999,456.150595361333,35.99353178711102,58.879999999999995,461.34125588224634
7.6946,73.2089,42.5,23.0,84.99999999999999,59.999999999999986,83.99999999999999,456.1287487092461,36.273531787111025,58.78407667395651,461.3293532583665
2.569,73.5673,42.5,23.2,84.99999999999999,59.999999999999986,87.99999999999999,456.1140261994689,36.63194760106211,58.74805239893789,461.338528785105
-2.569,73.5673,42.5,21.9,84.99999999999999,59.999999999999986,91.99999999999999,456.1534813126234,36.95054488684549,58.67353178711102,461.3934596561093
-7.6946,73.2089,42.5,21.5,84.99999999999999,59.999999999999986,96.0,456.20326932107287,37.241089773690994,58.67945511315449,461.46679204374414
-12.7826,72.4938,42.5,22.2,84.99999999999999,59.999999999999986,100.0,456.26163466053646,37.48348131262344,58.694076673956516,461.54597308505134
-17.8084,71.4256,42.5,22.0,84.99999999999999,59.999999999999986,104.0,456.4329869002655,37.65999999999999,58.71298690026553,461.73213226008943
-22.7474,70.0093,42.5,21.8,84.99999999999999,59.999999999999986,107.99999999999997,456.5516346605364,38.15701309973446,58.67407667395652,461.88526717513145
-27.5756,68.252,42.5,22.4,84.99999999999999,59.999999999999986,112.0,456.75163466053647,38.314076673956514,58.798910226309005,462.1118220520349
-32.2694,66.1622,42.5,22.3,84.99999999999999,59.999999999999986,115.99999999999997,456.96846628843855,38.512986900265524,58.77054488684549,462.33905987736375
-36.8061,63.75,42.5,22.5,84.99999999999999,59.999999999999986,119.99999999999997,457.2757113344929,38.64298690026553,58.83701309973446,462.6620264550991
-41.1634,61.0272,42.5,22.0,84.99999999999999,59.999999999999986,124.0,457.6228354768027,38.95,58.81701309973446,463.0282961977628
-45.3202,58.0072,42.5,23.0,84.99999999999999,59.999999999999986,128.0,457.8670635742221,38.967013099734466,58.87701309973446,463.278726780695
-49.2561,54.7045,42.5,21.7,84.99999999999999,59.999999999999986,131.99999999999997,458.13537843919795,38.929455113154496,58.91701309973446,463.54583579795917
-52.9522,51.1353,42.5,23.5,84.99999999999999,59.999999999999986,136.0,458.42999999999995,38.94,59.010000000000005,463.8497263123047
-56.3902,47.317,42.5,22.5,84.99999999999999,59.999999999999986,139.99999999999997,458.8553784391979,38.869455113154494,59.02945511315449,464.26670075973465
-59.5535,43.2681,42.5,22.6,84.99999999999999,59.999999999999986,143.99999999999997,459.1033503152787,38.68999999999999,59.09244201342003,464.5048106035318
-62.4267,39.0085,42.5,22.6,84.99999999999999,59.999999999999986,147.99999999999997,459.4050654986723,38.58701309973447,59.15,464.8017795639324
-64.9957,34.5588,42.5,23.2,84.99999999999999,59.999999999999986,151.99999999999997,459.7647830778649,38.42,59.15701309973447,465.1443908696721
-67.2481,29.9408,42.5,21.2,84.99999999999999,59.999999999999986,155.99999999999997,459.99706357422195,38.13298690026553,59.18646821288896,465.35412451847674
-69.1728,25.1768,42.5,22.7,84.99999999999999,59.999999999999986,159.99999999999997,460.3073260402601,37.88646821288898,59.21651868737654,465.64451566128525
-70.7605,20.2903,42.5,22.1,84.99999999999999,59.999999999999986,163.99999999999997,460.38239153893244,37.59298690026553,59.26353178711103,465.70091829743296
-72.0036,15.3048,42.5,22.6,84.99999999999999,59.999999999999986,167.99999999999997,460.5314027142166,37.22646821288897,59.29298690026552,465.822542517088
-72.8958,10.2448,42.5,22.9,84.99999999999999,59.999999999999986,171.99999999999997,460.68080735288356,36.97298690026552,59.28651868737655,465.9492454352732
-73.4328,5.1349,42.5,22.6,84.99999999999999,59.999999999999986,175.99999999999997,460.81722509128485,36.52402619946895,59.32,466.05298178495906
-73.6122,0.0,42.5,23.1,84.99999999999999,59.999999999999986,180.0,460.82239153893244,36.24701309973447,59.39054488684549,466.04544770254955
-73.4328,-5.1349,42.5,21.9,84.99999999999999,59.999999999999986,183.99999999999997,460.78896070079657,35.84298690026553,59.41,465.9836200057389
-72.8958,-10.2448,42.5,22.3,84.99999999999999,59.999999999999986,188.0,460.80849633680816,35.47646821288897,59.38054488684549,465.97113559115326
-72.0036,-15.3048,42.5,22.6,84.99999999999999,59.999999999999986,192.0,460.6884662884387,35.076468212888976,59.39298690026552,465.823731132731
-70.7605,-20.2903,42.5,21.5,84.99999999999999,59.999999999999986,196.0,460.5665186873765,34.773531787111025,59.39651868737654,465.68085968927113
-69.1728,-25.1768,42.5,23.1,84.99999999999999,59.999999999999986,200.0,460.4064177384014,34.332986900265524,59.415923326043476,465.49229362996704
-67.2481,-29.9408,42.5,22.2,84.99999999999999,59.999999999999986,204.0,460.152704479458,34.2794551131545,59.36592332604347,465.23102361618993
-64.9957,-34.5588,42.5,22.5,84.99999999999999,59.999999999999986,208.0,459.8540261994689,33.99,59.34701309973446,464.9119416359639
-62.4267,-39.0085,42.5,22.2,84.99999999999999,59.999999999999986,212.0,459.5854488684549,33.828910226309006,59.33,464.63235883730573
-59.5535,-43.2681,42.5,21.3,84.99999999999999,59.999999999999986,215.99999999999994,459.3821091181251,33.57646821288896,59.29646821288897,464.4086266834309
-56.3902,-47.317,42.5,22.9,84.99999999999999,59.999999999999986,220.0,459.0034308381358,33.42542891368556,59.24651868737656,464.0167656408729
-52.9522,-51.1353,42.5,23.3,84.99999999999999,59.999999999999986,224.0,458.6092431216041,33.279455113154505,59.24999999999999,463.61678411075565
-49.2561,-54.7045,42.5,23.0,84.99999999999999,59.999999999999986,228.0,458.2851664476474,33.03646821288897,59.16646821288897,463.26814371238163
-45.3202,-58.0072,42.5,23.0,84.99999999999999,59.999999999999986,231.99999999999994,457.8745206118268,33.16,59.108910226309,462.86339830845566
-41.1634,-61.0272,42.5,22.2,84.99999999999999,59.999999999999986,236.0,457.45787092710555,33.2194551131545,59.08,462.451816161614
-36.8061,-63.75,42.5,24.2,84.99999999999999,59.999999999999986,239.99999999999994,457.1200504744876,33.3505448868455,59.03407667395651,462.1212195937275
-32.2694,-66.1622,42.5,22.8,84.99999999999999,59.999999999999986,243.99999999999994,456.7080523989379,33.48592332604347,58.94049441235792,461.71152689596335
-27.5756,-68.252,42.5,23.8,84.99999999999999,59.999999999999986,248.0,456.3498079632189,33.69108977369098,58.91999999999999,461.3694865920433
-22.7474,-70.0093,42.5,23.9,84.99999999999999,59.999999999999986,252.0,456.0389607007965,33.82701309973447,58.779999999999994,461.05410625252244
-17.8084,-71.4256,42.5,22.1,84.99999999999999,59.999999999999986,256.0,455.8486278055016,34.0494551131545,58.765923326043485,460.8804298405649
-12.7826,-72.4938,42.5,21.5,84.99999999999999,59.999999999999986,259.99999999999994,455.60054488684546,34.35293642577795,58.75244201342003,460.6558695868363
-7.6946,-73.2089,42.5,22.6,84.99999999999999,59.999999999999986,263.99999999999994,455.375973800531,34.66353178711102,58.71,460.4516283506205
-2.569,-73.5673,42.5,23.1,84.99999999999999,59.999999999999986,267.99999999999994,455.21,35.02298690026553,58.64298690026552,460.3061520596926
2.569,-73.5673,42.5,22.2,84.99999999999999,59.999999999999986,272.0,455.1327244342275,35.378910226308996,58.666468212888965,460.25994680430057
7.6946,-73.2089,42.5,22.2,84.99999999999999,59.999999999999986,276.0,455.1303833697826,35.74054488684549,58.699999999999996,460.2898460917141
12.7826,-72.4938,42.5,22.2,84.99999999999999,59.999999999999986,279.99999999999994,455.158577331014,36.072986900265526,58.705923326043475,460.3444105617691
17.8084,-71.4256,42.5,22.8,84.99999999999999,59.999999999999986,283.99999999999994,455.20483355235245,36.41054488684549,58.692442013420035,460.4149986890963
22.7474,-70.0093,42.5,22.1,84.99999999999999,59.999999999999986,287.99999999999994,455.2010392992034,36.70651868737655,58.71542891368556,460.437679046513
27.5756,-68.252,42.5,21.8,84.99999999999999,59.999999999999986,291.99999999999994,455.3634813126234,37.15516644764751,58.81353178711102,460.64676057493097
32.2694,-66.1622,42.5,22.6,84.99999999999999,59.999999999999986,295.99999999999994,455.5013217200108,37.4905448868455,58.74457108631442,460.8013885359987
36.8061,-63.75,42.5,23.8,84.99999999999999,59.999999999999986,300.0,455.72488402684,37.74646821288897,58.84701309973447,461.05632707358404
41.1634,-61.0272,42.5,23.3,84.99999999999999,59.999999999999986,303.99999999999994,456.00140271421657,37.940544886845494,58.835428913685554,461.34409275409735
45.3202,-58.0072,42.5,21.8,84.99999999999999,59.999999999999986,308.0,456.29701309973444,38.05298690026552,58.81,461.6422966711034
49.2561,-54.7045,42.5,22.8,84.99999999999999,59.999999999999986,311.99999999999994,456.6353784391979,38.110544886845496,58.86407667395651,461.9883786379904
52.9522,-51.1353,42.5,21.8,84.99999999999999,59.999999999999986,315.99999999999994,456.7651664476474,38.338910226309004,58.899999999999984,462.1401295248964
56.3902,-47.317,42.5,22.4,84.99999999999999,59.999999999999986,319.99999999999994,457.09685158267155,38.31293642577794,58.94244201342003,462.47121455811924
59.5535,-43.2681,42.5,22.6,84.99999999999999,59.999999999999986,323.99999999999994,457.3964682128888,38.36402619946894,58.98701309973446,462.77726322096464
62.4267,-39.0085,42.5,23.7,84.99999999999999,59.999999999999986,327.99999999999994,457.82374377866137,38.292986900265525,59.02646821288897,463.1987231879428
64.9957,-34.5588,42.5,22.5,84.99999999999999,59.999999999999986,331.99999999999994,458.1239252504937,38.237557986579965,59.05646821288897,463.49466897201415
67.2481,-29.9408,42.5,23.4,84.99999999999999,59.999999999999986,335.99999999999994,458.33547938817316,38.09,59.11646821288896,463.69927386179074
69.1728,-25.1768,42.5,22.3,84.99999999999999,59.999999999999986,339.99999999999994,458.64760846106753,37.88646821288898,59.13353178711102,463.99330577317625
70.7605,-20.2903,42.5,23.5,84.99999999999999,59.999999999999986,343.99999999999994,458.8734813126234,37.58891022630901,59.182986900265526,464.19869017739063
72.0036,-15.3048,42.5,23.0,84.99999999999999,59.999999999999986,347.99999999999994,459.0740261994688,37.469455113154496,59.21755798657996,464.3916889559515
72.8958,-10.2448,42.5,21.5,84.99999999999999,59.999999999999986,351.99999999999994,459.17989905102473,37.23701309973447,59.24646821288897,464.48134390177603
73.4328,-5.1349,42.5,22.6,84.99999999999999,59.999999999999986,356.0,459.3299999999999,36.84298690026553,59.269999999999996,464.6013210094576
76.2114,-5.3292,37.2615,22.2,84.99999999999999,64.0,356.0,459.45488402684003,37.00163466053649,59.20457108631443,464.72905295578767
75.654,-10.6325,37.2615,21.0,84.99999999999999,64.0,351.99999999999994,459.3517961775994,37.194026199468944,59.165923326043476,464.6375735124494
74.728,-15.8839,37.2615,22.6,84.99999999999999,64.0,347.99999999999994,459.15620574685084,37.58353178711103,59.16755798657998,464.47577230199266
73.438,-21.058,37.2615,22.5,84.99999999999999,64.0,343.99999999999994,458.9202824208074,37.76994952551242,59.10298690026552,464.2494563969745
71.7902,-26.1295,37.2615,22.2,84.99999999999999,64.0,339.99999999999994,458.71392525049384,38.12298690026552,59.06244201342003,464.06917523737997
69.7926,-31.0737,37.2615,23.0,84.99999999999999,64.0,335.99999999999994,458.45909169814126,38.187013099734465,58.99701309973447,463.8142238923406
67.455,-35.8665,37.2615,22.5,84.99999999999999,64.0,331.99999999999994,458.1992231668346,38.37597380053105,59.03054488684548,463.5772305727144
64.7887,-40.4845,37.2615,22.9,84.99999999999999,64.0,327.99999999999994,457.81831486497583,38.50402619946894,58.99542891368556,463.20689771643646
61.8069,-44.9053,37.2615,22.1,84.99999999999999,64.0,323.99999999999994,457.54303737475306,38.51054488684549,58.92457108631443,462.92634208403234
58.5239,-49.1074,37.2615,22.5,84.99999999999999,64.0,319.99999999999994,457.1932493663036,38.53353178711102,58.87298690026552,462.5759709762994
54.9558,-53.0702,37.2615,20.8,84.99999999999999,64.0,315.99999999999994,456.80968705947436,38.389949525512414,58.849999999999994,462.1819997749223
51.1199,-56.7744,37.2615,22.1,84.99999999999999,64.0,311.99999999999994,456.3702824208075,38.35999999999999,58.80353178711102,461.7392983356359
47.035,-60.202,37.2615,22.3,84.99999999999999,64.0,308.0,456.0575579865799,38.38103929920341,58.79189712657453,461.43047964142056
42.7209,-63.3364,37.2615,22.7,84.99999999999999,64.0,303.99999999999994,455.78467203528953,38.09592332604348,58.734076673956515,461.12976308098183
38.1987,-66.1622,37.2615,22.4,84.99999999999999,64.0,300.0,455.4724619681894,37.94,58.6794551131545,460.8013516296805
33.4905,-68.6656,37.2615,23.0,84.99999999999999,64.0,295.99999999999994,455.320857827371,37.46,58.68244201342003,460.61259662900164
28.619,-70.8345,37.2615,22.8,84.99999999999999,64.0,291.99999999999994,455.04701309973444,37.24298690026553,58.60597380053106,460.3145493783048
23.6081,-72.6583,37.2615,23.3,84.99999999999999,64.0,287.99999999999994,455.01760846106754,36.81298690026553,58.66348131262344,460.2582145425163
18.4822,-74.1282,37.2615,22.2,84.99999999999999,64.0,283.99999999999994,454.9066297299518,36.49488402684007,58.569999999999986,460.11125093002886
13.2663,-75.2368,37.2615,23.0,84.99999999999999,64.0,279.99999999999994,454.92719504291534,36.109455113154496,58.57999999999999,460.1024472203812
7.9857,-75.979,37.2615,22.2,84.99999999999999,64.0,276.0,454.9729364257779,35.77646821288898,58.61755798657996,460.126446384027
2.6662,-76.351,37.2615,21.9,84.99999999999999,64.0,272.0,455.0139252504938,35.32646821288897,58.62244201342003,460.1328310780214
-2.6662,-76.351,37.2615,21.3,84.99999999999999,64.0,267.99999999999994,455.08435909476395,34.94891022630901,58.59,460.1695212839488
-7.9857,-75.979,37.2615,23.1,84.99999999999999,64.0,263.99999999999994,455.19542891368553,34.61646821288897,58.64597380053105,460.26136989591106
-13.2663,-75.2368,37.2615,23.0,84.99999999999999,64.0,259.99999999999994,455.41158418604886,34.20054488684549,58.62755798657996,460.4417214337484
-18.4822,-74.1282,37.2615,23.0,84.99999999999999,64.0,256.0,455.637820452618,33.993481312623445,58.65945511315449,460.6542215943929
-23.6081,-72.6583,37.2615,22.3,84.99999999999999,64.0,252.0,455.974621560802,33.6894551131545,58.799455113154494,460.982874752351
-28.619,-70.8345,37.2615,22.4,84.99999999999999,64.0,248.0,456.26755798657985,33.52244201342004,58.8005448868455,461.2606016869098
-33.4905,-68.6656,37.2615,22.2,84.99999999999999,64.0,243.99999999999994,456.6499999999999,33.33701309973447,58.93999999999998,461.6432632914855
-38.1987,-66.1622,37.2615,22.9,84.99999999999999,64.0,239.99999999999994,456.96158418604887,33.20298690026552,58.93891022630899,461.9416877697742
-42.7209,-63.3364,37.2615,22.2,84.99999999999999,64.0,236.0,457.3279413563626,33.12353178711102,59.01566086000542,462.308189988068
-47.035,-60.202,37.2615,22.1,84.99999999999999,64.0,231.99999999999994,457.75706357422195,33.1,59.10646821288897,462.7425999804811
-51.1199,-56.7744,37.2615,21.7,84.99999999999999,64.0,228.0,458.2337437786614,32.92999999999999,59.175973800531054,463.2109073765956
-54.9558,-53.0702,37.2615,22.6,84.99999999999999,64.0,224.0,458.49701309973443,33.05701309973447,59.175973800531054,463.48039118359173
-58.5239,-49.1074,37.2615,22.1,84.99999999999999,64.0,220.0,458.96999999999997,33.22999999999999,59.23945511315451,463.96875632105167
-61.8069,-44.9053,37.2615,21.9,84.99999999999999,64.0,215.99999999999994,459.3178509723361,33.37646821288897,59.321039299203406,464.33378356065026
-64.7887,-40.4845,37.2615,22.8,84.99999999999999,64.0,212.0,459.5915841860489,33.68592332604347,59.37348131262345,464.63359324111576
-67.455,-35.8665,37.2615,22.6,84.99999999999999,64.0,208.0,459.98542891368555,33.902986900265525,59.38592332604348,465.0405307314122
-69.7926,-31.0737,37.2615,22.4,84.99999999999999,64.0,204.0,460.1551664476475,34.12298690026553,59.35999999999998,465.2212001225416
-71.7902,-26.1295,37.2615,22.4,84.99999999999999,64.0,200.0,460.42529744499217,34.437013099734465,59.350494412357925,465.51030448909734
-73.438,-21.058,37.2615,21.7,84.99999999999999,64.0,196.0,460.6277699781303,34.76353178711102,59.39542891368555,465.74055287593274
-74.728,-15.8839,37.2615,22.7,84.99999999999999,64.0,192.0,460.8445710863144,35.1194551131545,59.41701309973447,465.98441634122054
-75.654,-10.6325,37.2615,23.0,84.99999999999999,64.0,188.0,460.88288595129023,35.51457108631444,59.35646821288897,466.04453611317297
-76.2114,-5.3292,37.2615,21.8,84.99999999999999,64.0,183.99999999999997,460.968910226309,35.80701309973447,59.347013099734475,466.15077640846584
-76.3975,0.0,37.2615,22.0,84.99999999999999,64.0,180.0,461.04031294052555,36.2805448868455,59.38646821288897,466.26301665517565
-76.2114,5.3292,37.2615,21.9,84.99999999999999,64.0,175.99999999999997,460.9649345013276,36.55298690026552,59.290544886845474,466.1975551245666
-75.654,10.6325,37.2615,21.7,84.99999999999999,64.0,171.99999999999997,460.8289607007966,36.93,59.30701309973446,466.0949235117117
-74.728,15.8839,37.2615,23.0,84.99999999999999,64.0,167.99999999999997,460.6985468112957,37.272442013420026,59.283531787111016,465.99026074461773
-73.438,21.058,37.2615,22.6,84.99999999999999,64.0,163.99999999999997,460.5384963368082,37.739455113154506,59.2394551131545,465.8640210646338
-71.7902,26.1295,37.2615,22.0,84.99999999999999,64.0,159.99999999999997,460.36108977369105,38.13999999999999,59.17701309973446,465.7133361382585
-69.7926,31.0737,37.2615,21.8,84.99999999999999,64.0,155.99999999999997,460.02462156080196,38.415923326043476,59.19298690026552,465.40546333850284
-67.455,35.8665,37.2615,22.5,84.99999999999999,64.0,151.99999999999997,459.82098882471576,38.650544886845495,59.16054488684549,465.21949277206545
-64.7887,40.4845,37.2615,22.6,84.99999999999999,64.0,147.99999999999997,459.48696262524686,38.82999999999999,59.1,464.89659895784894
-61.8069,44.9053,37.2615,22.6,84.99999999999999,64.0,143.99999999999997,459.19924312160407,38.94189712657453,59.03597380053106,464.6134548609712
-58.5239,49.1074,37.2615,23.4,84.99999999999999,64.0,139.99999999999997,458.8610392992034,39.09,58.95701309973447,464.28160730357104
-54.9558,53.0702,37.2615,22.7,84.99999999999999,64.0,136.0,458.4823915389324,39.07646821288897,58.89891022630899,463.8988632720484
-51.1199,56.7744,37.2615,23.1,84.99999999999999,64.0,131.99999999999997,458.107063574222,39.04999999999999,58.86945511315449,463.5219487164723
-47.035,60.202,37.2615,22.6,84.99999999999999,64.0,128.0,457.79542891368556,39.228910226309,58.8294551131545,463.2239921687129
-42.7209,63.3364,37.2615,23.0,84.99999999999999,64.0,124.0,457.4470130997345,39.04,58.788960700796586,462.8585456639517
-38.1987,66.1622,37.2615,23.0,84.99999999999999,64.0,119.99999999999997,457.22587285155583,38.900544886845495,58.72646821288897,462.6203078833873
-33.4905,68.6656,37.2615,23.6,84.99999999999999,64.0,115.99999999999997,456.91488402684007,38.730544886845486,58.69,462.29404328034843
-28.619,70.8345,37.2615,23.8,84.99999999999999,64.0,112.0,456.66412714844404,38.4794551131545,58.67353178711102,462.02313450998173
-23.6081,72.6583,37.2615,23.6,84.99999999999999,64.0,107.99999999999997,456.52234106444484,38.227013099734464,58.61353178711102,461.85441269955106
-18.4822,74.1282,37.2615,23.5,84.99999999999999,64.0,104.0,456.31805239893777,37.975378439197975,58.58592332604347,461.62821049490145
-13.2663,75.2368,37.2615,22.4,84.99999999999999,64.0,100.0,456.13945511315444,37.58108977369099,58.61163466053649,461.42265282177453
-7.9857,75.979,37.2615,23.2,84.99999999999999,64.0,96.0,456.02,37.26353178711102,58.61706357422204,461.2794937381385
-2.6662,76.351,37.2615,22.8,84.99999999999999,64.0,91.99999999999999,455.93945511315445,36.972936425777945,58.61701309973447,461.176472710349
2.6662,76.351,37.2615,23.3,84.99999999999999,64.0,87.99999999999999,455.9181028734255,36.57755798657997,58.698910226309,461.13424979903766
7.9857,75.979,37.2615,22.6,84.99999999999999,64.0,83.99999999999999,455.8946720352895,36.21353178711102,58.74298690026552,461.0879638253693
13.2663,75.2368,37.2615,23.0,84.99999999999999,64.0,79.99999999999999,456.0727549539456,35.929455113154496,58.77945511315449,461.24647196418664
18.4822,74.1282,37.2615,22.6,84.99999999999999,64.0,75.99999999999999,456.2137637334309,35.63701309973447,58.82049441235791,461.3684487320384
23.6081,72.6583,37.2615,23.7,84.99999999999999,64.0,71.99999999999999,456.35602427501857,35.279455113154505,58.89950558764208,461.4917253902296
28.619,70.8345,37.2615,23.5,84.99999999999999,64.0,68.0,456.56293642577793,35.099999999999994,58.98298690026552,461.6933155909947
33.4905,68.6656,37.2615,22.3,84.99999999999999,64.0,64.0,456.7497175791925,34.92755798657996,58.99646821288896,461.86667132103446
38.1987,66.1622,37.2615,21.5,84.99999999999999,64.0,59.999999999999986,456.991089773691,34.87108977369099,59.0383653394635,462.10645701667755
42.7209,63.3364,37.2615,21.8,84.99999999999999,64.0,56.0,457.20760846106754,34.610544886845496,59.10298690026552,462.3092580866039
47.035,60.202,37.2615,22.2,84.99999999999999,64.0,52.0,457.55701309973443,34.67896070079659,59.138960700796574,462.664529896996
51.1199,56.7744,37.2615,22.2,84.99999999999999,64.0,48.0,457.825973800531,34.509455113154495,59.16542891368555,462.9212381789711
54.9558,53.0702,37.2615,23.2,84.99999999999999,64.0,43.99999999999999,458.035448868455,34.42108977369099,59.18891022630899,463.1248329933449
58.5239,49.1074,37.2615,23.0,84.99999999999999,64.0,39.99999999999999,458.40846628843866,34.27646821288897,59.23592332604348,463.4890428590051
61.8069,44.9053,37.2615,22.4,84.99999999999999,64.0,35.99999999999999,458.60696262524687,34.64108977369099,59.22651868737655,463.7112590663393
64.7887,40.4845,37.2615,23.0,84.99999999999999,64.0,32.0,458.79929359609156,34.681039299203405,59.26353178711103,463.90918560751464
67.455,35.8665,37.2615,23.1,84.99999999999999,64.0,28.0,459.06298690026546,34.69353178711102,59.3105448868455,464.1769143596341
69.7926,31.0737,37.2615,22.6,84.99999999999999,64.0,24.0,459.27374377866147,34.972986900265525,59.283531787111016,464.4028624786319
71.7902,26.1295,37.2615,21.8,84.99999999999999,64.0,19.999999999999996,459.4888597518214,35.38054488684549,59.30298690026552,464.64894215720767
73.438,21.058,37.2615,22.2,84.99999999999999,64.0,16.0,459.57329984079104,35.42651868737655,59.29353178711102,464.7347405398587
74.728,15.8839,37.2615,23.0,84.99999999999999,64.0,12.0,459.6318971265745,35.5305448868455,59.3205448868455,464.8040743386425
75.654,10.6325,37.2615,23.6,84.99999999999999,64.0,8.0,459.7510392992033,35.887013099734475,59.279999999999994,464.9440979794432
76.2114,5.3292,37.2615,22.1,84.99999999999999,64.0,4.0,459.7040766739564,36.29597380053105,59.228910226309004,464.9228964370112
76.3975,0.0,37.2615,22.4,84.99999999999999,64.0,0.0,459.7050654986723,36.65646821288897,59.267557986579966,464.9570811770413
78.8106,0.0,31.8416,24.6,84.99999999999999,68.0,0.0,459.8065186873765,36.72945511315449,59.272442013420026,465.063769694596
78.6186,5.4976,31.8416,22.6,84.99999999999999,68.0,4.0,459.8005953613331,36.40353178711102,59.25298690026553,465.02980665524507
78.0436,10.9683,31.8416,23.0,84.99999999999999,68.0,8.0,459.83521692213503,35.94244201342003,59.29244201342003,465.03320262066217
77.0884,16.3857,31.8416,22.2,84.99999999999999,68.0,12.0,459.69189712657453,35.66108977369098,59.315923326043475,464.8728131088088
75.7576,21.7232,31.8416,23.4,84.99999999999999,68.0,16.0,459.5913217200109,35.389455113154504,59.26701309973446,464.74635595700653
74.0578,26.9548,31.8416,23.1,84.99999999999999,68.0,19.999999999999996,459.46706357422204,35.27651868737655,59.27353178711102,464.61571954760274
71.9971,32.0552,31.8416,22.6,84.99999999999999,68.0,24.0,459.33168513502403,34.92298690026553,59.29999999999999,464.45850404855
69.5857,36.9993,31.8416,23.0,84.99999999999999,68.0,28.0,459.0865691618641,34.62,59.24755798657996,464.1867032910186
66.8352,41.7633,31.8416,22.9,84.99999999999999,68.0,32.0,458.8549039816095,34.632986900265536,59.240544886845505,463.95765846475297
63.7591,46.3237,31.8416,21.9,84.99999999999999,68.0,35.99999999999999,458.6310897736909,34.38054488684549,59.24542891368556,463.7181463139935
60.3724,50.6585,31.8416,22.6,84.99999999999999,68.0,39.99999999999999,458.367063574222,34.2694551131545,59.181089773690985,463.44056998735994
56.6916,54.7465,31.8416,23.6,84.99999999999999,68.0,43.99999999999999,458.0765992102337,34.35,59.15402619946894,463.15579674621426
52.7346,58.5677,31.8416,22.3,84.99999999999999,68.0,48.0,457.81407667395644,34.36298690026552,59.12,462.8927716756172
48.5207,62.1036,31.8416,22.2,84.99999999999999,68.0,52.0,457.4928559029208,34.432986900265526,59.06646821288897,462.5734443915136
44.0703,65.337,31.8416,22.6,84.99999999999999,68.0,56.0,457.1978709271056,34.47054488684549,59.01896070079658,462.27843272996904
39.4053,68.252,31.8416,22.0,84.99999999999999,68.0,59.999999999999986,456.98288595129037,34.54999999999999,59.03298690026553,462.0735375400078
34.5483,70.8345,31.8416,22.4,84.99999999999999,68.0,64.0,456.64592332604343,34.906518687376554,58.96,461.75777842627286
29.523,73.0719,31.8416,23.1,84.99999999999999,68.0,68.0,456.42945511315446,35.02244201342003,58.886468212888964,461.54310208046877
24.3538,74.9534,31.8416,22.5,84.99999999999999,68.0,71.99999999999999,456.22696262524687,35.243481312623445,58.89651868737655,461.3609696482616
19.066,76.4696,31.8416,22.3,84.99999999999999,68.0,75.99999999999999,455.9783653394635,35.5694551131545,58.82293642577794,461.1307771602835
13.6853,77.6133,31.8416,22.9,84.99999999999999,68.0,79.99999999999999,455.9193541641792,35.95407667395652,58.688910226309005,461.08517793842685
8.238,78.3789,31.8416,22.1,84.99999999999999,68.0,83.99999999999999,455.8816651802547,36.14646821288897,58.6894551131545,461.06302384084785
2.7505,78.7626,31.8416,23.0,84.99999999999999,68.0,87.99999999999999,455.8149345013275,36.55,58.63945511315449,461.0224969677913
-2.7505,78.7626,31.8416,22.7,84.99999999999999,68.0,91.99999999999999,455.86324936630353,36.98348131262344,58.57999999999999,461.0972743497903
-8.238,78.3789,31.8416,22.1,84.99999999999999,68.0,96.0,455.8989607007965,37.29999999999999,58.57054488684549,461.1568725460008
-13.6853,77.6133,31.8416,22.2,84.99999999999999,68.0,100.0,455.9367506336963,37.79244201342002,58.544076673956525,461.23095967785724
-19.066,76.4696,31.8416,22.6,84.99999999999999,68.0,104.0,456.13488402684,38.07646821288897,58.569999999999986,461.453458929225
-24.3538,74.9534,31.8416,22.5,84.99999999999999,68.0,107.99999999999997,456.29945511315447,38.38,58.61244201342003,461.64665654084206
-29.523,73.0719,31.8416,22.8,84.99999999999999,68.0,112.0,456.570857827371,38.622986900265516,58.64298690026553,461.93904711217505
-34.5483,70.8345,31.8416,23.2,84.99999999999999,68.0,115.99999999999997,456.80272443422746,38.929455113154496,58.69163466053649,462.2001076428539
-39.4053,68.252,31.8416,22.1,84.99999999999999,68.0,119.99999999999997,457.0950150241847,39.137557986579964,58.7405448868455,462.5127596280086
-44.0703,65.337,31.8416,22.2,84.99999999999999,68.0,124.0,457.3422300218695,39.279455113154505,58.75651868737655,462.7711307370231
-48.5207,62.1036,31.8416,22.2,84.99999999999999,68.0,128.0,457.81945511315445,39.32298690026552,58.82537843919797,463.25519525136355
-52.7346,58.5677,31.8416,23.0,84.99999999999999,68.0,131.99999999999997,458.1558728515559,39.442986900265524,58.891897126574534,463.60630775600174
-56.6916,54.7465,31.8416,22.3,84.99999999999999,68.0,136.0,458.43407667395644,39.26054488684549,58.94646821288898,463.87269714382643
-60.3724,50.6585,31.8416,23.6,84.99999999999999,68.0,139.99999999999997,458.8800504744876,39.19402619946894,59.01701309973448,464.3167886781687
-63.7591,46.3237,31.8416,23.1,84.99999999999999,68.0,143.99999999999997,459.22571133449304,39.21,59.03597380053106,464.66216141757025
-66.8352,41.7633,31.8416,22.6,84.99999999999999,68.0,147.99999999999997,459.5372450460543,38.86999999999999,59.10239153893245,464.9499426498928
-69.5857,36.9993,31.8416,22.7,84.99999999999999,68.0,151.99999999999997,459.89597380053095,38.72,59.169999999999995,465.3005845880044
-71.9971,32.0552,31.8416,21.2,84.99999999999999,68.0,155.99999999999997,460.15452061182685,38.45,59.23353178711102,465.5418312326776
-74.0578,26.9548,31.8416,21.1,84.99999999999999,68.0,159.99999999999997,460.4304944123579,38.2,59.28891022630899,465.8010895872096
-75.7576,21.7232,31.8416,22.2,84.99999999999999,68.0,163.99999999999997,460.5926739597399,37.8594551131545,59.314076673956514,465.93680831045344
-77.0884,16.3857,31.8416,22.3,84.99999999999999,68.0,167.99999999999997,460.7403634150131,37.541089773690985,59.36999999999998,466.0641724067563
-78.0436,10.9683,31.8416,22.3,84.99999999999999,68.0,171.99999999999997,460.80194760106207,37.02592332604348,59.39701309973447,466.0872869712797
-78.6186,5.4976,31.8416,23.1,84.99999999999999,68.0,175.99999999999997,460.93407667395644,36.739999999999995,59.39,466.1944044486943
-78.8106,0.0,31.8416,22.9,84.99999999999999,68.0,180.0,461.019505587642,36.269999999999996,59.47999999999999,466.25354457877734
-78.6186,-5.4976,31.8416,21.6,84.99999999999999,68.0,183.99999999999997,461.0405448868455,35.88,59.44054488684549,466.23914122047336
-78.0436,-10.9683,31.8416,23.6,84.99999999999999,68.0,188.0,460.999243121604,35.45244201342003,59.4894551131545,466.17182784148025
-77.0884,-16.3857,31.8416,21.6,84.99999999999999,68.0,192.0,460.88787092710555,35.06054488684549,59.51054488684548,466.03473725486606
-75.7576,-21.7232,31.8416,22.7,84.99999999999999,68.0,196.0,460.72701309973445,34.582986900265524,59.48999999999999,465.83733607638925
-74.0578,-26.9548,31.8416,21.8,84.99999999999999,68.0,200.0,460.493269321073,34.24054488684549,59.47457108631443,465.5788768941944
-71.9971,-32.0552,31.8416,22.3,84.99999999999999,68.0,204.0,460.2664682128889,33.900544886845495,59.48244201342003,465.3306669591756
-69.5857,-36.9993,31.8416,23.4,84.99999999999999,68.0,208.0,460.0494046386669,33.60298690026553,59.49945511315449,465.0965497569011
-66.8352,-41.7633,31.8416,23.6,84.99999999999999,68.0,212.0,459.64013099734467,33.40701309973446,59.42805239893787,464.66845380274407
-63.7591,-46.3237,31.8416,23.2,84.99999999999999,68.0,215.99999999999994,459.30633721554415,33.323531787111015,59.35945511315449,464.3235015465579
-60.3724,-50.6585,31.8416,24.4,84.99999999999999,68.0,220.0,458.9675075120924,32.94592332604348,59.32,463.9563225301151
-56.6916,-54.7465,31.8416,22.3,84.99999999999999,68.0,224.0,458.5069626252468,32.88457108631444,59.260544886845494,463.48877221745744
-52.7346,-58.5677,31.8416,23.5,84.99999999999999,68.0,228.0,458.13605432338807,32.79353178711102,59.22194760106212,463.1104609871576
-48.5207,-62.1036,31.8416,22.6,84.99999999999999,68.0,231.99999999999994,457.7120785984068,32.709999999999994,59.13755798657996,462.6743366121469
-44.0703,-65.337,31.8416,21.5,84.99999999999999,68.0,236.0,457.267063574222,32.85891022630901,59.11244201342002,462.241447959659
-39.4053,-68.252,31.8416,23.8,84.99999999999999,68.0,239.99999999999994,456.91994952551244,33.002986900265526,59.02701309973446,461.8974190166169
-34.5483,-70.8345,31.8416,22.2,84.99999999999999,68.0,243.99999999999994,456.46820382240054,33.16755798657997,58.92348131262344,461.4491138290774
-29.523,-73.0719,31.8416,23.5,84.99999999999999,68.0,248.0,456.12945511315445,33.190544886845494,58.86755798657996,461.108535461026
-24.3538,-74.9534,31.8416,22.2,84.99999999999999,68.0,252.0,455.769243121604,33.60054488684549,58.76999999999999,460.769478690085
-19.066,-76.4696,31.8416,22.6,84.99999999999999,68.0,256.0,455.52293642577786,33.839999999999996,58.7605448868455,460.54217271099316
-13.6853,-77.6133,31.8416,23.3,84.99999999999999,68.0,259.99999999999994,455.1381028734254,34.16108977369099,58.64244201342002,460.17019541365806
-8.238,-78.3789,31.8416,22.7,84.99999999999999,68.0,263.99999999999994,454.96425814578873,34.548910226309005,58.59,460.02053376775854
-2.7505,-78.7626,31.8416,23.0,84.99999999999999,68.0,267.99999999999994,454.8727244342274,34.87597380053106,58.58755798657997,459.9543791873089
2.7505,-78.7626,31.8416,23.6,84.99999999999999,68.0,272.0,454.7025530559953,35.250544886845496,58.58701309973446,459.81458303799826
8.238,-78.3789,31.8416,22.9,84.99999999999999,68.0,276.0,454.5762057468509,35.6994551131545,58.593531787111026,459.72511340350627
13.6853,-77.6133,31.8416,23.5,84.99999999999999,68.0,279.99999999999994,454.66106981892153,36.135973800531055,58.6005448868455,459.84401798048225
19.066,-76.4696,31.8416,23.0,84.99999999999999,68.0,283.99999999999994,454.6797175791925,36.523531787111025,58.70298690026553,459.9061367530457
24.3538,-74.9534,31.8416,23.0,84.99999999999999,68.0,287.99999999999994,454.7894551131546,36.91,58.67646821288897,460.04208992662643
29.523,-73.0719,31.8416,22.7,84.99999999999999,68.0,291.99999999999994,454.95722509128484,37.24706357422205,58.719999999999985,460.2406531453563
34.5483,-70.8345,31.8416,23.2,84.99999999999999,68.0,295.99999999999994,455.10506549867233,37.63701309973447,58.717013099734466,460.41812847125686
39.4053,-68.252,31.8416,22.9,84.99999999999999,68.0,300.0,455.38696262524684,37.89244201342002,58.79353178711103,460.72747071429376
44.0703,-65.337,31.8416,22.9,84.99999999999999,68.0,303.99999999999994,455.66532796471034,38.153531787111014,58.76999999999999,461.02114484806134
48.5207,-62.1036,31.8416,23.9,84.99999999999999,68.0,308.0,455.9364682128889,38.39646821288897,58.752986900265526,461.30712685516664
52.7346,-58.5677,31.8416,22.6,84.99999999999999,68.0,311.99999999999994,456.193531787111,38.57646821288897,58.800544886845486,461.582263982454
56.6916,-54.7465,31.8416,22.0,84.99999999999999,68.0,315.99999999999994,456.6210392992033,38.6,58.846468212888965,462.0125976115967
60.3724,-50.6585,31.8416,22.9,84.99999999999999,68.0,319.99999999999994,456.97217954738204,38.619455113154494,58.871089773691,462.36440218150847
63.7591,-46.3237,31.8416,23.1,84.99999999999999,68.0,323.99999999999994,457.4229869002654,38.62298690026552,58.92,462.81647600518556
66.8352,-41.7633,31.8416,23.0,84.99999999999999,68.0,327.99999999999994,457.72438961448205,38.69457108631444,58.95353178711103,463.12461129773476
69.5857,-36.9993,31.8416,23.5,84.99999999999999,68.0,331.99999999999994,458.1029364257779,38.48298690026553,59.0194551131545,463.48952169875423
71.9971,-32.0552,31.8416,22.9,84.99999999999999,68.0,335.99999999999994,458.46254296239516,38.30701309973447,59.11054488684549,463.84198502182727
74.0578,-26.9548,31.8416,22.0,84.99999999999999,68.0,339.99999999999994,458.79407667395657,38.09701309973447,59.07597380053106,464.1479913548164
75.7576,-21.7232,31.8416,23.2,84.99999999999999,68.0,343.99999999999994,458.94646821288893,37.862986900265525,59.11542891368555,464.2845037234637
77.0884,-16.3857,31.8416,22.6,84.99999999999999,68.0,347.99999999999994,459.2527244342274,37.55701309973447,59.240544886845505,464.57834246951757
78.0436,-10.9683,31.8416,22.6,84.99999999999999,68.0,351.99999999999994,459.3745710863144,37.27646821288897,59.24,464.6761337137532
78.6186,-5.4976,31.8416,23.0,84.99999999999999,68.0,356.0,459.5851464928781,37.05298690026553,59.25537843919798,464.8684013665416
80.6429,-5.6391,26.2664,23.0,84.99999999999999,71.99999999999999,356.0,459.6870130997345,37.117013099734464,59.20592332604348,464.9679172060054
80.0531,-11.2507,26.2664,20.9,84.99999999999999,71.99999999999999,351.99999999999994,459.54805239893784,37.42,59.19108977369099,464.85293800540194
79.0733,-16.8075,26.2664,22.2,84.99999999999999,71.99999999999999,347.99999999999994,459.31005047448747,37.469455113154496,59.187013099734465,464.621119895578
77.7082,-22.2825,26.2664,22.8,84.99999999999999,71.99999999999999,343.99999999999994,459.0851664476475,38.077013099734465,59.0805448868455,464.4346668402222
75.9646,-27.6488,26.2664,22.5,84.99999999999999,71.99999999999999,339.99999999999994,458.8323915389324,38.289455113154496,59.069455113154504,464.20086861784677
73.8508,-32.8805,26.2664,21.8,84.99999999999999,71.99999999999999,335.99999999999994,458.4675075120924,38.470544886845495,59.0205448868455,463.848965706491
71.3773,-37.952,26.2664,22.6,84.99999999999999,71.99999999999999,331.99999999999994,458.0601009489751,38.727013099734464,58.959455113154505,463.4598741770989
68.556,-42.8386,26.2664,21.3,84.99999999999999,71.99999999999999,327.99999999999994,457.7923410644448,38.85701309973447,58.93244201342002,463.202685361347
65.4008,-47.5164,26.2664,22.8,84.99999999999999,71.99999999999999,323.99999999999994,457.40457108631443,38.80511597315993,58.884026199468934,462.8089316530153
61.9269,-51.9628,26.2664,22.2,84.99999999999999,71.99999999999999,319.99999999999994,457.04511597315997,38.764026199468944,58.87651868737655,462.44927528849837
58.1513,-56.156,26.2664,22.3,84.99999999999999,71.99999999999999,315.99999999999994,456.5883653394635,38.83701309973447,58.83945511315451,461.9992753542859
54.0924,-60.0757,26.2664,22.6,84.99999999999999,71.99999999999999,311.99999999999994,456.2110897736909,38.750544886845496,58.79592332604347,461.613608726268
49.77,-63.7026,26.2664,22.6,84.99999999999999,71.99999999999999,308.0,455.79417762293167,38.66298690026552,58.738910226309,461.1869669511369
45.205,-67.0192,26.2664,22.4,84.99999999999999,71.99999999999999,303.99999999999994,455.53212907289446,38.400544886845495,58.70049441235791,460.90115047539865
40.4199,-70.0093,26.2664,22.9,84.99999999999999,71.99999999999999,300.0,455.2056608600054,38.03298690026552,58.692986900265524,460.54703178158127
35.4378,-72.6583,26.2664,22.4,84.99999999999999,71.99999999999999,295.99999999999994,454.93909169814117,37.85651868737655,58.720544886845474,460.2725231360931
30.2831,-74.9534,26.2664,22.2,84.99999999999999,71.99999999999999,291.99999999999994,454.721089773691,37.39,58.64298690026552,460.0090015397067
24.9809,-76.8832,26.2664,22.5,84.99999999999999,71.99999999999999,287.99999999999994,454.5670130997344,37.00402619946894,58.66298690026553,459.82802588081324
19.5569,-78.4385,26.2664,22.0,84.99999999999999,71.99999999999999,283.99999999999994,454.4923915389324,36.599455113154505,58.59646821288897,459.71338915500615
14.0377,-79.6117,26.2664,21.5,84.99999999999999,71.99999999999999,279.99999999999994,454.50293642577793,36.2794551131545,58.593531787111026,459.69807488203526
8.4501,-80.397,26.2664,22.9,84.99999999999999,71.99999999999999,276.0,454.4064376931708,35.730544886845486,58.629455113154506,459.5642451951346
2.8213,-80.7906,26.2664,22.2,84.99999999999999,71.99999999999999,272.0,454.52950558764206,35.1894551131545,58.60353178711102,459.6408849730733
-2.8213,-80.7906,26.2664,21.9,84.99999999999999,71.99999999999999,267.99999999999994,454.5751664476474,34.796468212888975,58.597013099734475,459.6552905114956
-8.4501,-80.397,26.2664,22.0,84.99999999999999,71.99999999999999,263.99999999999994,454.7270635742221,34.487013099734476,58.678910226309,459.7926390501735
-14.0377,-79.6117,26.2664,23.8,84.99999999999999,71.99999999999999,259.99999999999994,454.97010094897513,34.10810287342546,58.64353178711102,460.0002383256021
-19.5569,-78.4385,26.2664,22.8,84.99999999999999,71.99999999999999,256.0,455.35303737475306,33.78353178711102,58.634076673956514,460.3538536971657
-24.9809,-76.8832,26.2664,23.3,84.99999999999999,71.99999999999999,252.0,455.7047525581467,33.42158418604891,58.81,460.69777500394645
-30.2831,-74.9534,26.2664,22.1,84.99999999999999,71.99999999999999,248.0,455.99153371156126,33.26701309973447,58.82945511315449,460.9727516525358
-35.4378,-72.6583,26.2664,22.5,84.99999999999999,71.99999999999999,243.99999999999994,456.3559738005311,32.99999999999999,58.95592332604347,461.33022415473425
-40.4199,-70.0093,26.2664,23.8,84.99999999999999,71.99999999999999,239.99999999999994,456.75968705947435,32.86999999999999,58.957013099734475,461.7204544053807
-45.205,-67.0192,26.2664,22.7,84.99999999999999,71.99999999999999,236.0,457.1680523989378,32.797013099734464,59.08402619946894,462.13547186343703
-49.77,-63.7026,26.2664,22.6,84.99999999999999,71.99999999999999,231.99999999999994,457.6640766739565,32.68298690026552,59.16755798657995,462.6287762652074
-54.0924,-60.0757,26.2664,22.8,84.99999999999999,71.99999999999999,228.0,458.0143590947639,32.8394551131545,59.258910226309006,462.99805765286527
-58.1513,-56.156,26.2664,22.4,84.99999999999999,71.99999999999999,224.0,458.5828859512903,32.79,59.35646821288897,463.5694529475835
-61.9269,-51.9628,26.2664,22.1,84.99999999999999,71.99999999999999,220.0,458.95737651474764,32.84293642577795,59.413481312623446,463.95096043876555
-65.4008,-47.5164,26.2664,23.3,84.99999999999999,71.99999999999999,215.99999999999994,459.3870130997344,33.10054488684549,59.429455113154496,464.3963113672934
-68.556,-42.8386,26.2664,22.6,84.99999999999999,71.99999999999999,212.0,459.667063574222,33.402986900265525,59.44293642577795,464.69670921981606
-71.3773,-37.952,26.2664,23.2,84.99999999999999,71.99999999999999,208.0,459.9054793881731,33.633531787111025,59.503531787111015,464.9569170653122
-73.8508,-32.8805,26.2664,23.0,84.99999999999999,71.99999999999999,204.0,460.221947601062,33.92244201342003,59.55701309973447,465.29776588248353
-75.9646,-27.6488,26.2664,22.6,84.99999999999999,71.99999999999999,200.0,460.4873765147476,34.376468212888966,59.57298690026552,465.5956467412962
-77.7082,-22.2825,26.2664,22.5,84.99999999999999,71.99999999999999,196.0,460.6940766739565,34.65945511315449,59.527063574222055,465.8151794531599
-79.0733,-16.8075,26.2664,24.0,84.99999999999999,71.99999999999999,192.0,460.9519476010621,34.96999999999999,59.597013099734475,466.10235235152186
-80.0531,-11.2507,26.2664,23.0,84.99999999999999,71.99999999999999,188.0,460.9295560621297,35.51945511315451,59.55701309973446,466.11664329063524
-80.6429,-5.6391,26.2664,22.6,84.99999999999999,71.99999999999999,183.99999999999997,461.1099495255124,35.8105448868455,59.547507512092395,466.31607985079825
-80.8398,0.0,26.2664,21.8,84.99999999999999,71.99999999999999,180.0,461.0478709271056,36.31646821288897,59.546518687376555,466.29369826072156
-80.6429,5.6391,26.2664,23.1,84.99999999999999,71.99999999999999,175.99999999999997,461.03353178711103,36.752986900265526,59.4705448868455,466.30402656134817
-80.0531,11.2507,26.2664,23.8,84.99999999999999,71.99999999999999,171.99999999999997,460.97587285155583,37.12646821288897,59.480544886845486,466.27788411338196
-79.0733,16.8075,26.2664,23.4,84.99999999999999,71.99999999999999,167.99999999999997,460.80782045261793,37.53163466053649,59.448910226309,466.14015480076364
-77.7082,22.2825,26.2664,22.4,84.99999999999999,71.99999999999999,163.99999999999997,460.5962057468509,37.94353178711103,59.38348131262344,465.9559788281309
-75.9646,27.6488,26.2664,22.5,84.99999999999999,71.99999999999999,159.99999999999997,460.4088597518214,38.18646821288897,59.38646821288897,465.7910229913698
-73.8508,32.8805,26.2664,23.2,84.99999999999999,71.99999999999999,155.99999999999997,460.12184665208696,38.572986900265526,59.32,465.5307202375958
-71.3773,37.952,26.2664,23.0,84.99999999999999,71.99999999999999,151.99999999999997,459.82329984079104,38.9605448868455,59.204076673956514,465.25317175616294
-68.556,42.8386,26.2664,23.1,84.99999999999999,71.99999999999999,147.99999999999997,459.4543086202764,39.12402619946894,59.185923326043465,464.89990821224
-65.4008,47.5164,26.2664,22.0,84.99999999999999,71.99999999999999,143.99999999999997,459.194288665507,39.21298690026553,59.18239153893244,464.6499849918526
-61.9269,51.9628,26.2664,22.8,84.99999999999999,71.99999999999999,139.99999999999997,458.8159233260434,39.30298690026553,59.08,464.2706351653227
-58.1513,56.156,26.2664,23.1,84.99999999999999,71.99999999999999,136.0,458.4294551131544,39.4605448868455,59.018910226309,463.89431089679414
-54.0924,60.0757,26.2664,22.7,84.99999999999999,71.99999999999999,131.99999999999997,458.0714027142167,39.5705448868455,58.94244201342003,463.54012714943815
-49.77,63.7026,26.2664,22.3,84.99999999999999,71.99999999999999,128.0,457.6650654986723,39.49,58.908365339463494,463.1273774944337
-45.205,67.0192,26.2664,22.6,84.99999999999999,71.99999999999999,124.0,457.31994952551236,39.419455113154505,58.815115973159934,462.7684599693149
-40.4199,70.0093,26.2664,22.3,84.99999999999999,71.99999999999999,119.99999999999997,457.04688210238965,39.257013099734465,58.737013099734476,462.4748665872631
-35.4378,72.6583,26.2664,21.8,84.99999999999999,71.99999999999999,115.99999999999997,456.7205448868454,39.03,58.68407667395651,462.12640898006657
-30.2831,74.9534,26.2664,22.2,84.99999999999999,71.99999999999999,112.0,456.3929364257778,38.73701309973446,58.639505587642084,461.7723034340585
-24.9809,76.8832,26.2664,22.6,84.99999999999999,71.99999999999999,107.99999999999997,456.1203129405256,38.52701309973447,58.57999999999999,461.4777210390011
-19.5569,78.4385,26.2664,22.7,84.99999999999999,71.99999999999999,104.0,455.995973800531,38.182986900265526,58.56701309973447,461.3245751467668
-14.0377,79.6117,26.2664,22.9,84.99999999999999,71.99999999999999,100.0,455.75511597315995,37.749455113154504,58.59348131262344,461.05416509275926
-8.4501,80.397,26.2664,24.4,84.99999999999999,71.99999999999999,96.0,455.6009888247158,37.39,58.599455113154505,460.8732681091597
-2.8213,80.7906,26.2664,23.1,84.99999999999999,71.99999999999999,91.99999999999999,455.4919476010621,37.107013099734466,58.58597380053105,460.7408827928656
2.8213,80.7906,26.2664,22.4,84.99999999999999,71.99999999999999,87.99999999999999,455.56646821288894,36.72646821288897,58.64999999999999,460.79221231196766
8.4501,80.397,26.2664,24.6,84.99999999999999,71.99999999999999,83.99999999999999,455.58516644764745,36.29054488684549,58.72701309973447,460.78596940763197
14.0377,79.6117,26.2664,22.6,84.99999999999999,71.99999999999999,79.99999999999999,455.63792140159313,35.95,58.76999999999999,460.81691681096555
19.5569,78.4385,26.2664,23.2,84.99999999999999,71.99999999999999,75.99999999999999,455.8737132589433,35.620544886845494,58.82353178711102,461.0313151516308
24.9809,76.8832,26.2664,22.8,84.99999999999999,71.99999999999999,71.99999999999999,456.0245710863144,35.439455113154494,58.86049441235791,461.1712504218379
30.2831,74.9534,26.2664,22.6,84.99999999999999,71.99999999999999,68.0,456.28080735288347,35.039455113154496,58.95457108631444,461.40609014749384
35.4378,72.6583,26.2664,23.1,84.99999999999999,71.99999999999999,64.0,456.48493450132764,34.82,58.99298690026553,461.5962525087225
40.4199,70.0093,26.2664,22.7,84.99999999999999,71.99999999999999,59.999999999999986,456.74581228346824,34.601089773690994,59.01353178711102,461.84041549652255
45.205,67.0192,26.2664,22.5,84.99999999999999,71.99999999999999,56.0,457.0447225097771,34.48,59.098365339463506,462.13782095802964
49.77,63.7026,26.2664,21.2,84.99999999999999,71.99999999999999,52.0,457.40891022630905,34.3905448868455,59.14298690026552,462.4970417543433
54.0924,60.0757,26.2664,22.4,84.99999999999999,71.99999999999999,48.0,457.7514027142165,34.29646821288897,59.169999999999995,462.8322410104016
58.1513,56.156,26.2664,22.2,84.99999999999999,71.99999999999999,43.99999999999999,458.070857827371,34.222986900265525,59.2183653394635,463.1489376178655
61.9269,51.9628,26.2664,23.4,84.99999999999999,71.99999999999999,39.99999999999999,458.47103929920337,34.12701309973447,59.25163466053648,463.54191084425884
65.4008,47.5164,26.2664,22.8,84.99999999999999,71.99999999999999,35.99999999999999,458.6683653394635,34.339999999999996,59.26244201342002,463.7541827267648
68.556,42.8386,26.2664,22.2,84.99999999999999,71.99999999999999,32.0,458.95597380053096,34.489999999999995,59.28298690026553,464.05238769239264
71.3773,37.952,26.2664,22.8,84.99999999999999,71.99999999999999,28.0,459.15,34.66836533946351,59.271634660536485,464.25611975572554
73.8508,32.8805,26.2664,21.5,84.99999999999999,71.99999999999999,24.0,459.3875075120923,34.82402619946894,59.27755798657997,464.5034162842792
75.9646,27.6488,26.2664,23.4,84.99999999999999,71.99999999999999,19.999999999999996,459.607820452618,35.109455113154496,59.34701309973446,464.7516438092593
77.7082,22.2825,26.2664,23.8,84.99999999999999,71.99999999999999,16.0,459.6229869002655,35.56701309973447,59.29999999999999,464.7954308165672
79.0733,16.8075,26.2664,22.6,84.99999999999999,71.99999999999999,12.0,459.773037374753,35.70542891368556,59.28651868737655,464.95270173296655
80.0531,11.2507,26.2664,21.8,84.99999999999999,71.99999999999999,8.0,459.8062362665691,36.059999999999995,59.27701309973447,465.0116802744358
80.6429,5.6391,26.2664,23.4,84.99999999999999,71.99999999999999,4.0,459.75784040738733,36.51706357422204,59.22462156080201,464.9928209630431
80.8398,0.0,26.2664,23.3,84.99999999999999,71.99999999999999,0.0,459.7641271484441,36.823531787111015,59.26592332604348,465.0284666270824
82.4751,0.0,20.5634,22.6,84.99999999999999,75.99999999999999,0.0,459.843531787111,36.74646821288897,59.187557986579954,465.0908982908388
82.2742,5.7532,20.5634,23.0,84.99999999999999,75.99999999999999,4.0,459.8668316279022,36.50353178711102,59.168910226309,465.0924323204872
81.6725,11.4783,20.5634,23.5,84.99999999999999,75.99999999999999,8.0,459.89787092710554,35.98,59.23353178711102,465.09055394757195
80.6729,17.1475,20.5634,22.8,84.99999999999999,75.99999999999999,12.0,459.788647760271,35.66701309973447,59.22293642577794,464.9570868710003
79.2802,22.7332,20.5634,24.5,84.99999999999999,75.99999999999999,16.0,459.6956608600054,35.442986900265524,59.21706357422206,464.8472507741472
77.5013,28.2082,20.5634,23.4,84.99999999999999,75.99999999999999,19.999999999999996,459.6077699781304,35.10402619946895,59.26244201342002,464.74039195348297
75.3448,33.5457,20.5634,22.4,84.99999999999999,75.99999999999999,24.0,459.34566086000535,34.959455113154505,59.21945511315449,464.4647925479633
72.8212,38.7197,20.5634,22.0,84.99999999999999,75.99999999999999,28.0,459.1589607007966,34.72402619946894,59.17353178711102,464.2566273641092
69.9429,43.7052,20.5634,23.0,84.99999999999999,75.99999999999999,32.0,458.83630669582607,34.4594551131545,59.17646821288896,463.9181660369776
66.7238,48.4777,20.5634,23.0,84.99999999999999,75.99999999999999,35.99999999999999,458.57033289529494,34.22244201342003,59.14810287342546,463.6339329930337
63.1796,53.014,20.5634,22.1,84.99999999999999,75.99999999999999,39.99999999999999,458.3323915389324,34.25,59.12646821288897,463.39786671620215
59.3276,57.292,20.5634,22.4,84.99999999999999,75.99999999999999,43.99999999999999,457.8840766739565,34.25,59.07597380053106,462.9480109602402
55.1866,61.291,20.5634,22.6,84.99999999999999,75.99999999999999,48.0,457.5759738005311,34.20701309973447,59.039999999999985,462.635507872785
50.7768,64.9913,20.5634,22.6,84.99999999999999,75.99999999999999,52.0,457.26732604026,34.33755798657997,58.97602427501864,462.33174971202095
46.1195,68.375,20.5634,22.4,84.99999999999999,75.99999999999999,56.0,456.92112029340916,34.44103929920341,58.96353178711102,461.99544742237777
41.2376,71.4256,20.5634,22.6,84.99999999999999,75.99999999999999,59.999999999999986,456.60999999999996,34.48298690026552,58.97298690026552,461.6920853442289
36.1547,74.1282,20.5634,22.6,84.99999999999999,75.99999999999999,64.0,456.3346215608019,34.71,58.88701309973447,461.4257808649714
30.8957,76.4696,20.5634,22.2,84.99999999999999,75.99999999999999,68.0,456.1305448868454,34.99999999999999,58.85537843919798,461.24183412824965
25.4862,78.4385,20.5634,22.6,84.99999999999999,75.99999999999999,71.99999999999999,455.898910226309,35.46353178711102,58.76239153893245,461.036329470603
19.9525,80.0253,20.5634,23.3,84.99999999999999,75.99999999999999,75.99999999999999,455.725711334493,35.673531787111024,58.734076673956515,460.8776590422211
14.3217,81.2222,20.5634,21.7,84.99999999999999,75.99999999999999,79.99999999999999,455.47833481974527,36.119455113154494,58.631089773690995,460.6546789254287
8.621,82.0233,20.5634,23.0,84.99999999999999,75.99999999999999,83.99999999999999,455.46917269234706,36.48755798657997,58.56353178711102,460.66603566602896
2.8783,82.4249,20.5634,23.0,84.99999999999999,75.99999999999999,87.99999999999999,455.43462156080204,36.85646821288898,58.52701309973447,460.6566020668055
-2.8783,82.4249,20.5634,22.2,84.99999999999999,75.99999999999999,91.99999999999999,455.40402619946883,37.18597380053105,58.48597380053105,460.6476233061196
-8.621,82.0233,20.5634,23.7,84.99999999999999,75.99999999999999,96.0,455.41516644764744,37.6394551131545,58.46163466053649,460.69237582028165
-14.3217,81.2222,20.5634,21.9,84.99999999999999,75.99999999999999,100.0,455.541947601062,38.029455113154505,58.46348131262344,460.8499583677573
-19.9525,80.0253,20.5634,23.4,84.99999999999999,75.99999999999999,104.0,455.73966710470495,38.339999999999996,58.50298690026551,461.0761317276789
-25.4862,78.4385,20.5634,22.9,84.99999999999999,75.99999999999999,107.99999999999997,456.0118266973175,38.719455113154496,58.53054488684549,461.3803279040351
-30.8957,76.4696,20.5634,22.5,84.99999999999999,75.99999999999999,112.0,456.22651868737654,38.96651868737655,58.58108977369099,461.61972446082723
-36.1547,74.1282,20.5634,23.3,84.99999999999999,75.99999999999999,115.99999999999997,456.5245710863143,39.3394551131545,58.631089773690995,461.9522501538376
-41.2376,71.4256,20.5634,23.8,84.99999999999999,75.99999999999999,119.99999999999997,456.84506549867234,39.414884026840056,58.730000000000004,462.28796204674796
-46.1195,68.375,20.5634,22.8,84.99999999999999,75.99999999999999,124.0,457.26369330417384,39.65701309973447,58.77945511315449,462.7286334835628
-50.7768,64.9913,20.5634,22.4,84.99999999999999,75.99999999999999,128.0,457.63999999999993,39.69353178711102,58.82651868737654,463.10960405352273
-55.1866,61.291,20.5634,23.4,84.99999999999999,75.99999999999999,131.99999999999997,457.9059233260434,39.73,58.901089773690984,463.3849866942225
-59.3276,57.292,20.5634,24.2,84.99999999999999,75.99999999999999,136.0,458.34163466053644,39.70782045261801,58.97054488684548,463.8224770670795
-63.1796,53.014,20.5634,21.5,84.99999999999999,75.99999999999999,139.99999999999997,458.7568011081839,39.6394551131545,59.054026199468936,464.2375113829656
-66.7238,48.4777,20.5634,21.8,84.99999999999999,75.99999999999999,143.99999999999997,459.1097175791924,39.358910226309,59.11755798657996,464.5704922314213
-69.9429,43.7052,20.5634,22.1,84.99999999999999,75.99999999999999,147.99999999999997,459.5054793881732,39.24407667395652,59.21108977369099,464.9638010576031
-72.8212,38.7197,20.5634,22.5,84.99999999999999,75.99999999999999,151.99999999999997,459.8398185281676,39.09651868737655,59.256518687376555,465.2875793360896
-75.3448,33.5457,20.5634,22.2,84.99999999999999,75.99999999999999,155.99999999999997,460.15462156080196,38.76353178711103,59.30244201342002,465.576703421821
-77.5013,28.2082,20.5634,22.2,84.99999999999999,75.99999999999999,159.99999999999997,460.4110392992033,38.40755798657997,59.3894551131545,465.81173557318454
-79.2802,22.7332,20.5634,22.2,84.99999999999999,75.99999999999999,163.99999999999997,460.6165186873765,38.0994551131545,59.431897126574526,465.9949529379704
-80.6729,17.1475,20.5634,23.8,84.99999999999999,75.99999999999999,167.99999999999997,460.86511597315996,37.7,59.48646821288897,466.2151703037957
-81.6725,11.4783,20.5634,22.4,84.99999999999999,75.99999999999999,171.99999999999997,461.1210897736909,37.152986900265525,59.53,466.42987122362524
-82.2742,5.7532,20.5634,22.0,84.99999999999999,75.99999999999999,175.99999999999997,461.1529869002655,36.76701309973447,59.53,466.4308217509993
-82.4751,0.0,20.5634,21.9,84.99999999999999,75.99999999999999,180.0,461.1535822615986,36.357013099734466,59.58701309973447,466.40655115937983
-82.2742,-5.7532,20.5634,21.8,84.99999999999999,75.99999999999999,183.99999999999997,461.1883653394634,35.89,59.55701309973446,466.40094150188884
-81.6725,-11.4783,20.5634,23.8,84.99999999999999,75.99999999999999,188.0,461.0499999999999,35.56701309973447,59.599999999999994,466.2448658385812
-80.6729,-17.1475,20.5634,22.9,84.99999999999999,75.99999999999999,192.0,460.9331683720977,35.01298690026553,59.61592332604348,466.08942625984923
-79.2802,-22.7332,20.5634,22.5,84.99999999999999,75.99999999999999,196.0,460.831089773691,34.595973800531056,59.582442013420035,465.95304709970213
-77.5013,-28.2082,20.5634,22.6,84.99999999999999,75.99999999999999,200.0,460.66179617759934,34.24298690026553,59.62592332604347,465.76509459373085
-75.3448,-33.5457,20.5634,22.0,84.99999999999999,75.99999999999999,204.0,460.36924312160403,33.8505448868455,59.55646821288897,465.43815089385157
-72.8212,-38.7197,20.5634,22.1,84.99999999999999,75.99999999999999,208.0,460.1070130997344,33.60646821288897,59.516518687376546,465.15596761298025
-69.9429,-43.7052,20.5634,22.8,84.99999999999999,75.99999999999999,212.0,459.7922300218695,33.2794551131545,59.51108977369098,464.8203811443346
-66.7238,-48.4777,20.5634,23.4,84.99999999999999,75.99999999999999,215.99999999999994,459.4224420134201,33.01348131262345,59.46407667395652,464.42959271415884
-63.1796,-53.014,20.5634,22.7,84.99999999999999,75.99999999999999,220.0,459.13234106444486,32.739455113154506,59.38054488684549,464.1125161461202
-59.3276,-57.292,20.5634,22.9,84.99999999999999,75.99999999999999,224.0,458.58407667395653,32.58945511315451,59.32755798657997,463.5527878247833
-55.1866,-61.291,20.5634,22.7,84.99999999999999,75.99999999999999,228.0,458.0940766739565,32.66,59.26348131262345,463.06481069182576
-50.7768,-64.9913,20.5634,23.0,84.99999999999999,75.99999999999999,231.99999999999994,457.6100504744876,32.633531787111025,59.17298690026553,462.57253276741636
-46.1195,-68.375,20.5634,23.0,84.99999999999999,75.99999999999999,236.0,457.2275075120923,32.72,59.12646821288897,462.1942570706068
-41.2376,-71.4256,20.5634,22.3,84.99999999999999,75.99999999999999,239.99999999999994,456.72999999999996,32.82755798657996,59.03054488684548,461.6974622986357
-36.1547,-74.1282,20.5634,23.8,84.99999999999999,75.99999999999999,243.99999999999994,456.29298690026553,32.91298690026553,58.899455113154495,461.2544855214846
-30.8957,-76.4696,20.5634,22.6,84.99999999999999,75.99999999999999,248.0,455.85462156080195,33.08701309973447,58.866468212888954,460.82908709635836
-25.4862,-78.4385,20.5634,22.5,84.99999999999999,75.99999999999999,252.0,455.5256913797235,33.283481312623444,58.75244201342003,460.5033062615329
-19.9525,-80.0253,20.5634,23.7,84.99999999999999,75.99999999999999,256.0,455.21805239893786,33.73244201342003,58.69945511315451,460.224922081206
-14.3217,-81.2222,20.5634,22.2,84.99999999999999,75.99999999999999,259.99999999999994,454.8600504744876,34.14244201342003,58.58402619946893,459.8863555162658
-8.621,-82.0233,20.5634,22.5,84.99999999999999,75.99999999999999,263.99999999999994,454.66488402684007,34.450544886845506,58.54999999999999,459.711974294928
-2.8783,-82.4249,20.5634,22.3,84.99999999999999,75.99999999999999,267.99999999999994,454.46483355235245,34.796468212888975,58.49407667395651,459.5330631649878
2.8783,-82.4249,20.5634,24.0,84.99999999999999,75.99999999999999,272.0,454.31272443422745,35.26592332604348,58.509455113154495,459.42038839011803
8.621,-82.0233,20.5634,22.0,84.99999999999999,75.99999999999999,276.0,454.26909169814127,35.88646821288897,58.49945511315449,459.42402257781964
14.3217,-81.2222,20.5634,23.0,84.99999999999999,75.99999999999999,279.99999999999994,454.28244201342,36.29054488684549,58.53646821288898,459.4736759387843
19.9525,-80.0253,20.5634,23.0,84.99999999999999,75.99999999999999,283.99999999999994,454.34940463866695,36.74896070079659,58.61054488684549,459.5857521508176
25.4862,-78.4385,20.5634,23.0,84.99999999999999,75.99999999999999,287.99999999999994,454.4534813126234,37.08651868737655,58.5694551131545,459.7105150176183
30.8957,-76.4696,20.5634,22.7,84.99999999999999,75.99999999999999,291.99999999999994,454.56249248790755,37.54701309973447,58.64999999999999,459.86591553357226
36.1547,-74.1282,20.5634,23.3,84.99999999999999,75.99999999999999,295.99999999999994,454.7845710863144,37.855923326043474,58.65293642577793,460.11112133961353
41.2376,-71.4256,20.5634,22.3,84.99999999999999,75.99999999999999,300.0,455.05919264711645,38.289455113154496,58.66298690026553,460.4196968175541
46.1195,-68.375,20.5634,22.4,84.99999999999999,75.99999999999999,303.99999999999994,455.4584662884387,38.42542891368556,58.690544886845494,460.82915289739685
50.7768,-64.9913,20.5634,21.5,84.99999999999999,75.99999999999999,308.0,455.83249248790764,38.666518687376545,58.736518687376545,461.2248253321282
55.1866,-61.291,20.5634,23.9,84.99999999999999,75.99999999999999,311.99999999999994,456.13348131262336,38.897013099734465,58.70701309973447,461.5379115409119
59.3276,-57.292,20.5634,23.4,84.99999999999999,75.99999999999999,315.99999999999994,456.5704944123579,38.92,58.76701309973447,461.97937680875896
63.1796,-53.014,20.5634,23.0,84.99999999999999,75.99999999999999,319.99999999999994,456.95430862027627,39.03542891368556,58.81402619946894,462.37440949397484
66.7238,-48.4777,20.5634,22.6,84.99999999999999,75.99999999999999,323.99999999999994,457.3946215608019,38.92298690026553,58.85483355235249,462.80528321796686
69.9429,-43.7052,20.5634,23.8,84.99999999999999,75.99999999999999,327.99999999999994,457.8818466520869,38.96402619946894,58.86646821288897,463.29174599927546
72.8212,-38.7197,20.5634,22.8,84.99999999999999,75.99999999999999,331.99999999999994,458.1676084610675,38.80298690026552,58.8805448868455,463.5624529677615
75.3448,-33.5457,20.5634,22.6,84.99999999999999,75.99999999999999,335.99999999999994,458.561089773691,38.65,58.93945511315449,463.94606898159043
77.5013,-28.2082,20.5634,23.4,84.99999999999999,75.99999999999999,339.99999999999994,458.85,38.31,59.02407667395653,464.21419649469266
79.2802,-22.7332,20.5634,22.9,84.99999999999999,75.99999999999999,343.99999999999994,459.178910226309,38.0494551131545,59.03298690026551,464.5190267076211
80.6729,-17.1475,20.5634,23.0,84.99999999999999,75.99999999999999,347.99999999999994,459.4788597518214,37.82646821288897,59.08701309973447,464.8041946597974
81.6725,-11.4783,20.5634,23.0,84.99999999999999,75.99999999999999,351.99999999999994,459.575973800531,37.40402619946894,59.12597380053106,464.8709688166148
82.2742,-5.7532,20.5634,22.7,84.99999999999999,75.99999999999999,356.0,459.7334813126235,37.204026199468935,59.12353178711101,465.0103282898743
83.5047,-5.8392,14.7601,22.6,84.99999999999999,79.99999999999999,356.0,459.78836533946344,37.32,59.00701309973447,465.0590832318923
82.894,-11.65,14.7601,23.2,84.99999999999999,79.99999999999999,351.99999999999994,459.6394551131544,37.544571086314434,59.01651868737655,464.9311486583258
81.8794,-17.404,14.7601,22.2,84.99999999999999,79.99999999999999,347.99999999999994,459.4665186873765,37.87592332604348,58.95755798657997,464.77958325020967
80.4659,-23.0732,14.7601,22.2,84.99999999999999,79.99999999999999,343.99999999999994,459.1922300218695,38.32407667395651,58.90706357422205,464.53878320793217
78.6604,-28.63,14.7601,24.3,84.99999999999999,79.99999999999999,339.99999999999994,458.9199495255124,38.41353178711102,58.91189712657453,464.2776444326286
76.4717,-34.0474,14.7601,22.1,84.99999999999999,79.99999999999999,335.99999999999994,458.57826439048836,38.706468212888964,58.793531787111014,463.9492371293546
73.9104,-39.2988,14.7601,21.9,84.99999999999999,79.99999999999999,331.99999999999994,458.19683162790216,38.957013099734475,58.76760846106754,463.58992351833353
70.989,-44.3588,14.7601,23.0,84.99999999999999,79.99999999999999,327.99999999999994,457.77407667395653,39.15646821288897,58.75353178711103,463.1871239305552
67.7217,-49.2027,14.7601,22.4,84.99999999999999,79.99999999999999,323.99999999999994,457.374026199469,39.15701309973447,58.74999999999999,462.79135041269444
64.1246,-53.8069,14.7601,22.4,84.99999999999999,79.99999999999999,319.99999999999994,456.9243896144821,39.04999999999999,58.67054488684549,462.32784164690577
60.215,-58.1489,14.7601,23.6,84.99999999999999,79.99999999999999,315.99999999999994,456.4562057468509,39.13298690026552,58.609455113154496,461.86440289029497
56.012,-62.2077,14.7601,22.6,84.99999999999999,79.99999999999999,311.99999999999994,456.1105448868455,39.00108977369099,58.57999999999999,461.5078878638052
51.5362,-65.9633,14.7601,22.6,84.99999999999999,79.99999999999999,308.0,455.72722509128494,38.83755798657997,58.556518687376546,461.112269930598
46.8093,-69.3976,14.7601,23.0,84.99999999999999,79.99999999999999,303.99999999999994,455.37005047448747,38.4505448868455,58.55054488684549,460.72605046576115
41.8543,-72.4938,14.7601,23.0,84.99999999999999,79.99999999999999,300.0,455.1458728515559,38.19646821288897,58.54353178711102,460.48244360871286
36.6955,-75.2368,14.7601,22.4,84.99999999999999,79.99999999999999,295.99999999999994,454.86600432024915,37.90353178711102,58.50646821288896,460.17688602422356
31.3578,-77.6133,14.7601,22.3,84.99999999999999,79.99999999999999,291.99999999999994,454.5248840268401,37.57592332604347,58.463531787111016,459.8073561421562
25.8674,-79.6117,14.7601,21.3,84.99999999999999,79.99999999999999,287.99999999999994,454.3950654986723,37.13,58.49298690026552,459.6465402524611
20.251,-81.2222,14.7601,22.5,84.99999999999999,79.99999999999999,283.99999999999994,454.3052774902228,36.64353178711102,58.45706357422205,459.5141584967998
14.5359,-82.4369,14.7601,23.4,84.99999999999999,79.99999999999999,279.99999999999994,454.14087778214054,36.257063574222045,58.39457108631444,459.3130059818826
8.7499,-83.2501,14.7601,22.0,84.99999999999999,79.99999999999999,276.0,454.1961047978757,35.81457108631444,58.40706357422205,459.33448617649293
2.9214,-83.6577,14.7601,22.2,84.99999999999999,79.99999999999999,272.0,454.27810287342544,35.4094551131545,58.42353178711102,459.38625722606093
-2.9214,-83.6577,14.7601,22.3,84.99999999999999,79.99999999999999,267.99999999999994,454.39202859526785,34.93353178711102,58.44457108631443,459.46516209992143
-8.7499,-83.2501,14.7601,22.9,84.99999999999999,79.99999999999999,263.99999999999994,454.59724504605435,34.4394551131545,58.46646821288898,459.6336140636824
-14.5359,-82.4369,14.7601,22.6,84.99999999999999,79.99999999999999,259.99999999999994,454.85999999999996,33.92,58.442442013420035,459.8518294282321
-20.251,-81.2222,14.7601,22.7,84.99999999999999,79.99999999999999,256.0,455.13348131262336,33.67298690026553,58.59,460.122966128114
-25.8674,-79.6117,14.7601,22.3,84.99999999999999,79.99999999999999,252.0,455.5653784391979,33.43402619946894,58.68293642577795,460.54460714235734
-31.3578,-77.6133,14.7601,21.8,84.99999999999999,79.99999999999999,248.0,455.9383653394635,33.03,58.731089773691,460.8905670486514
-36.6955,-75.2368,14.7601,21.7,84.99999999999999,79.99999999999999,243.99999999999994,456.3576589355551,32.84298690026553,58.82755798657996,461.3042989571373
-41.8543,-72.4938,14.7601,22.5,84.99999999999999,79.99999999999999,239.99999999999994,456.8670130997345,32.81646821288897,58.96054488684549,461.8232714989515
-46.8093,-69.3976,14.7601,24.0,84.99999999999999,79.99999999999999,236.0,457.25864776027095,32.59407667395652,59.034571086314436,462.2044194608317
-51.5362,-65.9633,14.7601,22.3,84.99999999999999,79.99999999999999,231.99999999999994,457.71212907289436,32.6494551131545,59.097013099734475,462.6649294867053
-56.012,-62.2077,14.7601,23.4,84.99999999999999,79.99999999999999,228.0,458.16493450132754,32.572986900265526,59.17298690026552,463.11720877215265
-60.215,-58.1489,14.7601,22.9,84.99999999999999,79.99999999999999,224.0,458.7134613578541,32.63,59.279999999999994,463.6775549138685
-64.1246,-53.8069,14.7601,23.1,84.99999999999999,79.99999999999999,220.0,459.0589102263089,32.7294551131545,59.33348131262345,464.0331478405888
-67.7217,-49.2027,14.7601,22.0,84.99999999999999,79.99999999999999,215.99999999999994,459.5272755657724,32.8794551131545,59.41646821288898,464.51769853508546
-70.989,-44.3588,14.7601,22.5,84.99999999999999,79.99999999999999,212.0,459.84849633680824,33.25244201342003,59.50945511315451,464.8738965901871
-73.9104,-39.2988,14.7601,22.4,84.99999999999999,79.99999999999999,208.0,460.2747225097771,33.522492487907606,59.502986900265526,465.31406934897996
-76.4717,-34.0474,14.7601,23.5,84.99999999999999,79.99999999999999,204.0,460.5702824208074,34.029455113154505,59.5294551131545,465.6465879726272
-78.6604,-28.63,14.7601,22.4,84.99999999999999,79.99999999999999,200.0,460.85210911812493,34.28298690026553,59.565923326043475,465.9485903950263
-80.4659,-23.0732,14.7601,23.0,84.99999999999999,79.99999999999999,196.0,461.0669121507592,34.62701309973447,59.58701309973448,466.1891672342816
-81.8794,-17.404,14.7601,22.4,84.99999999999999,79.99999999999999,192.0,461.14049441235784,35.045378439197975,59.57298690026552,466.2914055663472
-82.894,-11.65,14.7601,22.1,84.99999999999999,79.99999999999999,188.0,461.25217954738196,35.4905448868455,59.57054488684548,466.4352063595662
-83.5047,-5.8392,14.7601,23.3,84.99999999999999,79.99999999999999,183.99999999999997,461.35088787574057,35.96,59.52298690026553,466.5626960155123
-83.7087,0.0,14.7601,22.2,84.99999999999999,79.99999999999999,180.0,461.3564177384013,36.53994952551242,59.58646821288897,466.6213232309716
-83.5047,5.8392,14.7601,21.8,84.99999999999999,79.99999999999999,175.99999999999997,461.19597380053096,36.908910226309,59.50407667395651,466.4812204630899
-82.894,11.65,14.7601,22.6,84.99999999999999,79.99999999999999,171.99999999999997,461.07706357422194,37.28402619946894,59.514076673956524,466.39477107513045
-81.8794,17.404,14.7601,22.2,84.99999999999999,79.99999999999999,167.99999999999997,460.8986982347585,37.67701309973447,59.45488402684006,466.242480459747
-80.4659,23.0732,14.7601,23.3,84.99999999999999,79.99999999999999,163.99999999999997,460.75534791947973,38.169999999999995,59.44945511315451,466.1401905539274
-78.6604,28.63,14.7601,23.1,84.99999999999999,79.99999999999999,159.99999999999997,460.46114024817854,38.61999999999999,59.37896070079659,465.8774807313179
-76.4717,34.0474,14.7601,22.8,84.99999999999999,79.99999999999999,155.99999999999997,460.2203328952951,38.939455113154494,59.29651868737654,465.655573469499
-73.9104,39.2988,14.7601,22.8,84.99999999999999,79.99999999999999,151.99999999999997,459.96864776027087,39.173531787111024,59.29298690026552,465.4260207709094
-70.989,44.3588,14.7601,23.6,84.99999999999999,79.99999999999999,147.99999999999997,459.4479214015932,39.405428913685554,59.20054488684549,464.91922397661244
-67.7217,49.2027,14.7601,22.8,84.99999999999999,79.99999999999999,143.99999999999997,459.10597380053105,39.539455113154496,59.094884026840056,464.5792386753036
-64.1246,53.8069,14.7601,22.9,84.99999999999999,79.99999999999999,139.99999999999997,458.7089607007965,39.799455113154494,59.010544886845494,464.19839687611085
-60.215,58.1489,14.7601,22.6,84.99999999999999,79.99999999999999,136.0,458.35379425314903,39.9205448868455,58.95244201342003,463.8504511474214
-56.012,62.2077,14.7601,22.6,84.99999999999999,79.99999999999999,131.99999999999997,457.86407667395645,39.89298690026552,58.86701309973446,463.3533083335045
-51.5362,65.9633,14.7601,22.9,84.99999999999999,79.99999999999999,128.0,457.541089773691,39.841089773690996,58.78999999999999,463.0198973755362
-46.8093,69.3976,14.7601,22.0,84.99999999999999,79.99999999999999,124.0,457.1183348197453,39.68999999999999,58.70244201342004,462.5780418769526
-41.8543,72.4938,14.7601,24.7,84.99999999999999,79.99999999999999,119.99999999999997,456.728153347913,39.57353178711102,58.68244201342003,462.1799427488807
-36.6955,75.2368,14.7601,22.2,84.99999999999999,79.99999999999999,115.99999999999997,456.46597380053106,39.15054488684549,58.647013099734465,461.8803119295349
-31.3578,77.6133,14.7601,22.1,84.99999999999999,79.99999999999999,112.0,456.0940261994689,39.027013099734475,58.52891022630901,461.4872715672752
-25.8674,79.6117,14.7601,23.2,84.99999999999999,79.99999999999999,107.99999999999997,455.85353178711097,38.66701309973447,58.51,461.2168692110444
-20.251,81.2222,14.7601,22.1,84.99999999999999,79.99999999999999,104.0,455.64452061182686,38.46298690026552,58.469455113154496,460.98807761817517
-14.5359,82.4369,14.7601,22.9,84.99999999999999,79.99999999999999,100.0,455.40544886845487,38.109455113154496,58.40945511315449,460.71479016276004
-8.7499,83.2501,14.7601,22.8,84.99999999999999,79.99999999999999,96.0,455.4178709271056,37.54,58.451089773690995,460.6855963186931
-2.9214,83.6577,14.7601,23.7,84.99999999999999,79.99999999999999,91.99999999999999,455.2929364257779,37.18999999999999,58.486468212888965,460.53818628125146
2.9214,83.6577,14.7601,22.9,84.99999999999999,79.99999999999999,87.99999999999999,455.3,36.749455113154504,58.521089773690996,460.514202169069
8.7499,83.2501,14.7601,22.6,84.99999999999999,79.99999999999999,83.99999999999999,455.40199807554967,36.40646821288897,58.559999999999995,460.5927532853063
14.5359,82.4369,14.7601,23.5,84.99999999999999,79.99999999999999,79.99999999999999,455.5894551131545,36.05646821288897,58.615923326043465,460.75768792029146
20.251,81.2222,14.7601,22.7,84.99999999999999,79.99999999999999,75.99999999999999,455.6214027142166,35.673531787111024,58.64592332604347,460.7632882556948
25.8674,79.6117,14.7601,22.8,84.99999999999999,79.99999999999999,71.99999999999999,455.8650150241848,35.19402619946894,58.77407667395652,460.9836477490338
31.3578,77.6133,14.7601,22.5,84.99999999999999,79.99999999999999,68.0,456.0440766739564,35.06244201342003,58.76701309973447,461.14979837142965
36.6955,75.2368,14.7601,22.4,84.99999999999999,79.99999999999999,64.0,456.3337637334308,34.64999999999999,58.85994952551242,461.41696986702226
41.8543,72.4938,14.7601,22.5,84.99999999999999,79.99999999999999,59.999999999999986,456.62212907289427,34.436518687376555,58.925923326043474,461.69460362689506
46.8093,69.3976,14.7601,22.5,84.99999999999999,79.99999999999999,56.0,456.91891022630904,34.29537843919798,58.95542891368556,461.9813915116953
51.5362,65.9633,14.7601,21.3,84.99999999999999,79.99999999999999,52.0,457.29272443422747,34.387013099734475,58.957013099734475,462.3581208155015
56.012,62.2077,14.7601,22.2,84.99999999999999,79.99999999999999,48.0,457.6459233260434,34.1494551131545,58.99701309973447,462.69495780282966
60.215,58.1489,14.7601,22.8,84.99999999999999,79.99999999999999,43.99999999999999,457.93506549867226,34.192986900265524,58.989999999999995,462.9832660760375
64.1246,53.8069,14.7601,22.5,84.99999999999999,79.99999999999999,39.99999999999999,458.2726035304829,34.29651868737655,59.033481312623444,463.330316574006
67.7217,49.2027,14.7601,23.1,84.99999999999999,79.99999999999999,35.99999999999999,458.5851664476475,34.29999999999999,59.10945511315449,463.649406954857
70.989,44.3588,14.7601,22.5,84.99999999999999,79.99999999999999,32.0,458.9078709271056,34.38402619946894,59.12706357422205,463.97705213021567
73.9104,39.2988,14.7601,21.5,84.99999999999999,79.99999999999999,28.0,459.1283653394635,34.54163466053649,59.12945511315449,464.2071443292191
76.4717,34.0474,14.7601,22.7,84.99999999999999,79.99999999999999,24.0,459.366205746851,34.894571086314436,59.13701309973447,464.469728176029
78.6604,28.63,14.7601,22.2,84.99999999999999,79.99999999999999,19.999999999999996,459.5528859512903,35.20646821288897,59.1594551131545,464.6807414983648
80.4659,23.0732,14.7601,22.3,84.99999999999999,79.99999999999999,16.0,459.7134308381358,35.509455113154495,59.15,464.8613582514712
81.8794,17.404,14.7601,21.8,84.99999999999999,79.99999999999999,12.0,459.840756878396,35.62646821288898,59.11810287342545,464.9921687632739
82.894,11.65,14.7601,22.6,84.99999999999999,79.99999999999999,8.0,459.88163466053646,36.06298690026553,59.15755798657996,465.07125646415886
83.5047,5.8392,14.7601,23.0,84.99999999999999,79.99999999999999,4.0,459.876730678927,36.61,59.1094551131545,465.1030285901312
83.7087,0.0,14.7601,23.0,84.99999999999999,79.99999999999999,0.0,459.87397572498134,36.86,59.08402619946895,465.11681898318864
84.5344,0.0,8.8849,22.6,84.99999999999999,83.99999999999999,0.0,459.90098882471585,36.92646821288897,59.037063574222046,465.14283661268576
84.3284,5.8968,8.8849,22.8,84.99999999999999,83.99999999999999,4.0,459.8675075120924,36.54597380053106,59.060544886845506,465.08265999577384
83.7117,11.7649,8.8849,23.6,84.99999999999999,83.99999999999999,8.0,459.98103929920336,36.09,59.11701309973446,465.16649261593363
82.6871,17.5757,8.8849,22.7,84.99999999999999,83.99999999999999,12.0,459.84651868737654,35.74298690026553,59.09,465.00323650642724
81.2596,23.3008,8.8849,23.6,84.99999999999999,83.99999999999999,16.0,459.80750751209234,35.38054488684549,59.12597380053106,464.9415099760765
79.4363,28.9125,8.8849,23.0,84.99999999999999,83.99999999999999,19.999999999999996,459.60506549867233,35.187013099734465,59.10402619946894,464.7238190967914
77.226,34.3832,8.8849,23.0,84.99999999999999,83.99999999999999,24.0,459.4032693210729,34.77,59.10945511315449,464.4935354196701
74.6394,39.6865,8.8849,22.3,84.99999999999999,83.99999999999999,28.0,459.18217954738196,34.65999999999999,59.06945511315449,464.2615535894062
71.6892,44.7964,8.8849,21.9,84.99999999999999,83.99999999999999,32.0,458.9347830778649,34.32,59.09353178711103,463.99465839360823
68.3897,49.6881,8.8849,24.0,84.99999999999999,83.99999999999999,35.99999999999999,458.6,34.24402619946894,59.019999999999996,463.64854548499335
64.7571,54.3376,8.8849,22.3,84.99999999999999,83.99999999999999,39.99999999999999,458.28117076789664,34.258910226309006,59.02298690026552,463.33467104558156
60.8089,58.7225,8.8849,21.6,84.99999999999999,83.99999999999999,43.99999999999999,457.96869823475845,34.14592332604347,59.002936425777946,463.01470727126116
56.5645,62.8213,8.8849,22.2,84.99999999999999,83.99999999999999,48.0,457.5818466520868,34.12,58.954621560802025,462.62400304017007
52.0445,66.614,8.8849,21.7,84.99999999999999,83.99999999999999,52.0,457.262936425778,34.16701309973447,58.907013099734456,462.30597444248417
47.271,70.0822,8.8849,21.7,84.99999999999999,83.99999999999999,56.0,456.8641271484441,34.29646821288897,58.86945511315449,461.9163248385005
42.2672,73.2089,8.8849,23.9,84.99999999999999,83.99999999999999,59.999999999999986,456.5165186873765,34.46054488684548,58.80755798657997,461.5768515260325
37.0574,75.979,8.8849,22.9,84.99999999999999,83.99999999999999,64.0,456.2250654986724,34.71108977369099,58.81,461.30769150594614
31.6671,78.3789,8.8849,23.0,84.99999999999999,83.99999999999999,68.0,456.03701309973445,35.03999999999999,58.739999999999995,461.1376654719579
26.1226,80.397,8.8849,24.4,84.99999999999999,83.99999999999999,71.99999999999999,455.71326932107286,35.35298690026552,58.70651868737655,460.8371435273662
20.4507,82.0233,8.8849,22.4,84.99999999999999,83.99999999999999,75.99999999999999,455.5329364257779,35.70542891368556,58.62701309973447,460.6758735679551
14.6792,83.2501,8.8849,22.2,84.99999999999999,83.99999999999999,79.99999999999999,455.4153784391979,36.127557986579966,58.6194551131545,460.591584685125
8.8362,84.0713,8.8849,22.2,84.99999999999999,83.99999999999999,83.99999999999999,455.2506963103083,36.40244201342003,58.522986900265536,460.4381329465334
2.9502,84.4829,8.8849,22.4,84.99999999999999,83.99999999999999,87.99999999999999,455.23846628843864,36.8594551131545,58.44407667395651,460.45237616735113
-2.9502,84.4829,8.8849,23.3,84.99999999999999,83.99999999999999,91.99999999999999,455.27696262524694,37.23706357422204,58.429999999999986,460.5190294666455
-8.8362,84.0713,8.8849,22.9,84.99999999999999,83.99999999999999,96.0,455.349505587642,37.556518687376546,58.42353178711102,460.61586316724356
-14.6792,83.2501,8.8849,22.2,84.99999999999999,83.99999999999999,100.0,455.463794253149,38.05348131262345,58.44701309973446,460.7725997232969
-20.4507,82.0233,8.8849,22.6,84.99999999999999,83.99999999999999,104.0,455.49896070079654,38.470544886845495,58.434076673956525,460.8403490799546
-26.1226,80.397,8.8849,21.3,84.99999999999999,83.99999999999999,107.99999999999997,455.7332998407911,38.94298690026553,58.49,461.11872322916
-31.6671,78.3789,8.8849,22.9,84.99999999999999,83.99999999999999,112.0,456.0521290728944,39.117013099734464,58.562391538932445,461.4577324615159
-37.0574,75.979,8.8849,22.7,84.99999999999999,83.99999999999999,115.99999999999997,456.3899495255124,39.485923326043476,58.65244201342002,461.83442176059975
-42.2672,73.2089,8.8849,22.9,84.99999999999999,83.99999999999999,119.99999999999997,456.6853178711102,39.56651868737656,58.655973800531044,462.1336519044724
-47.271,70.0822,8.8849,23.0,84.99999999999999,83.99999999999999,124.0,457.15727556577247,39.76163466053648,58.739999999999995,462.62744167807165
-52.0445,66.614,8.8849,21.9,84.99999999999999,83.99999999999999,128.0,457.49335031527875,39.891089773690986,58.846468212888965,462.9842021572244
-56.5645,62.8213,8.8849,23.6,84.99999999999999,83.99999999999999,131.99999999999997,457.9439757249814,39.90999999999999,58.95457108631444,463.4448558941761
-60.8089,58.7225,8.8849,23.4,84.99999999999999,83.99999999999999,136.0,458.337063574222,39.93592332604347,59.023531787111025,463.84428327011653
-64.7571,54.3376,8.8849,22.7,84.99999999999999,83.99999999999999,139.99999999999997,458.7495055876421,39.96592332604347,59.09810287342546,464.2639008876818
-68.3897,49.6881,8.8849,23.4,84.99999999999999,83.99999999999999,143.99999999999997,459.1645710863145,39.73,59.14054488684549,464.6592087652973
-71.6892,44.7964,8.8849,23.3,84.99999999999999,83.99999999999999,147.99999999999997,459.53163466053644,39.44353178711102,59.21108977369099,465.00652533681034
-74.6394,39.6865,8.8849,20.1,84.99999999999999,83.99999999999999,151.99999999999997,459.9383653394634,39.19945511315451,59.36054488684548,465.40688808994776
-77.226,34.3832,8.8849,23.3,84.99999999999999,83.99999999999999,155.99999999999997,460.19353178711094,39.01298690026553,59.40646821288896,465.649254601684
-79.4363,28.9125,8.8849,22.0,84.99999999999999,83.99999999999999,159.99999999999997,460.48166518025465,38.617013099734464,59.45701309973446,465.9074737269914
-81.2596,23.3008,8.8849,22.2,84.99999999999999,83.99999999999999,163.99999999999997,460.73125129075385,38.2,59.52353178711102,466.12828357905397
-82.6871,17.5757,8.8849,21.2,84.99999999999999,83.99999999999999,167.99999999999997,460.94103929920334,37.727013099734464,59.53,466.2979628173999
-83.7117,11.7649,8.8849,22.2,84.99999999999999,83.99999999999999,171.99999999999997,461.0451159731599,37.24646821288897,59.607013099734466,466.37205573201976
-84.3284,5.8968,8.8849,21.5,84.99999999999999,83.99999999999999,175.99999999999997,461.2084158139511,36.95755798657997,59.573531787111015,466.50623747120017
-84.5344,0.0,8.8849,22.6,84.99999999999999,83.99999999999999,180.0,461.27381420791835,36.41,59.6694551131545,466.54009864900354
-84.3284,-5.8968,8.8849,22.2,84.99999999999999,83.99999999999999,183.99999999999997,461.26945511315444,35.98,59.6205448868455,466.4961736102353
-83.7117,-11.7649,8.8849,21.8,84.99999999999999,83.99999999999999,188.0,461.24940463866693,35.61701309973447,59.658102873425456,466.4532925600671
-82.6871,-17.5757,8.8849,21.8,84.99999999999999,83.99999999999999,192.0,461.18438961448214,34.925973800531054,59.6794551131545,466.3394710214876
-81.2596,-23.3008,8.8849,22.5,84.99999999999999,83.99999999999999,196.0,460.9177094100427,34.68,59.62815334791304,466.0508061568854
-79.4363,-28.9125,8.8849,23.8,84.99999999999999,83.99999999999999,200.0,460.7749345013276,34.22945511315449,59.65646821288896,465.8799094849247
-77.226,-34.3832,8.8849,22.1,84.99999999999999,83.99999999999999,204.0,460.48285590292073,33.862986900265525,59.57298690026552,465.5535449661369
-74.6394,-39.6865,8.8849,23.0,84.99999999999999,83.99999999999999,208.0,460.18321884658536,33.53646821288898,59.57755798657996,465.2341077606442
-71.6892,-44.7964,8.8849,22.8,84.99999999999999,83.99999999999999,212.0,459.77841581395097,33.19597380053105,59.509455113154495,464.8005374059033
-68.3897,-49.6881,8.8849,22.6,84.99999999999999,83.99999999999999,215.99999999999994,459.41092825662815,32.822986900265526,59.44945511315451,464.402828570114
-64.7571,-54.3376,8.8849,22.6,84.99999999999999,83.99999999999999,220.0,458.9840766739565,32.71407667395652,59.379999999999995,463.9639833574088
-60.8089,-58.7225,8.8849,23.4,84.99999999999999,83.99999999999999,224.0,458.61013099734464,32.56298690026553,59.291039299203405,463.57203076808696
-56.5645,-62.8213,8.8849,22.9,84.99999999999999,83.99999999999999,228.0,458.06597380053097,32.52,59.23103929920341,463.02300458000195
-52.0445,-66.614,8.8849,21.1,84.99999999999999,83.99999999999999,231.99999999999994,457.63896070079664,32.46054488684549,59.13701309973447,462.5843616509473
-47.271,-70.0822,8.8849,23.8,84.99999999999999,83.99999999999999,236.0,457.13161470576705,32.44353178711103,59.032442013420024,462.06787935149845
-42.2672,-73.2089,8.8849,24.0,84.99999999999999,83.99999999999999,239.99999999999994,456.622774908715,32.58,58.9594551131545,461.5647650249909
-37.0574,-75.979,8.8849,22.5,84.99999999999999,83.99999999999999,243.99999999999994,456.16924312160404,32.89,58.886468212888964,461.1287744315298
-31.6671,-78.3789,8.8849,21.8,84.99999999999999,83.99999999999999,248.0,455.6786982347586,33.03999999999999,58.733531787111026,460.6347201211734
-26.1226,-80.397,8.8849,21.3,84.99999999999999,83.99999999999999,252.0,455.3789607007965,33.35,58.68402619946893,460.35424976849896
-20.4507,-82.0233,8.8849,22.9,84.99999999999999,83.99999999999999,256.0,454.99298690026546,33.639455113154504,58.54298690026552,459.9755562896139
-14.6792,-83.2501,8.8849,22.5,84.99999999999999,83.99999999999999,259.99999999999994,454.7345206118268,33.97353178711102,58.45298690026553,459.73300596729007
-8.8362,-84.0713,8.8849,22.4,84.99999999999999,83.99999999999999,263.99999999999994,454.4819980755497,34.43896070079658,58.48189712657452,459.5215564915516
-2.9502,-84.4829,8.8849,23.3,84.99999999999999,83.99999999999999,267.99999999999994,454.3303129405256,34.86,58.425923326043474,459.39617039450445
2.9502,-84.4829,8.8849,22.6,84.99999999999999,83.99999999999999,272.0,454.12272443422745,35.40597380053106,58.416468212888965,459.2314401114068
8.8362,-84.0713,8.8849,22.6,84.99999999999999,83.99999999999999,276.0,454.06940463866687,35.85646821288898,58.38462156080201,459.2096194293118
14.6792,-83.2501,8.8849,22.5,84.99999999999999,83.99999999999999,279.99999999999994,454.06194760106206,36.32244201342003,58.43298690026552,459.24501740484294
20.4507,-82.0233,8.8849,24.4,84.99999999999999,83.99999999999999,283.99999999999994,454.0957618089806,36.739999999999995,58.4194551131545,459.3099402675674
26.1226,-80.397,8.8849,22.5,84.99999999999999,83.99999999999999,287.99999999999994,454.2622300218695,37.24701309973447,58.503531787111015,459.52603499786517
31.6671,-78.3789,8.8849,22.7,84.99999999999999,83.99999999999999,291.99999999999994,454.44059536133307,37.578910226309,58.486468212888965,459.72719755326324
37.0574,-75.979,8.8849,22.6,84.99999999999999,83.99999999999999,295.99999999999994,454.68919264711644,38.097557986579965,58.508910226309006,460.01845442383905
42.2672,-73.2089,8.8849,21.6,84.99999999999999,83.99999999999999,300.0,454.88955606212954,38.29999999999999,58.52,460.2347103537512
47.271,-70.0822,8.8849,22.6,84.99999999999999,83.99999999999999,303.99999999999994,455.2963672639138,38.717013099734466,58.48755798657996,460.66754127712886
52.0445,-66.614,8.8849,23.5,84.99999999999999,83.99999999999999,308.0,455.70968705947433,38.9505448868455,58.54592332604347,461.1031218338531
56.5645,-62.8213,8.8849,22.6,84.99999999999999,83.99999999999999,311.99999999999994,456.00272443422745,39.14,58.5905448868455,461.41443003180495
60.8089,-58.7225,8.8849,22.8,84.99999999999999,83.99999999999999,315.99999999999994,456.5278709271055,38.99701309973447,58.60755798657997,461.92348913763533
64.7571,-54.3376,8.8849,23.7,84.99999999999999,83.99999999999999,319.99999999999994,456.95701309973435,39.20103929920341,58.60402619946893,462.364428984277
68.3897,-49.6881,8.8849,22.9,84.99999999999999,83.99999999999999,323.99999999999994,457.35049441235793,39.17701309973447,58.66108977369099,462.7585078073466
71.6892,-44.7964,8.8849,22.6,84.99999999999999,83.99999999999999,327.99999999999994,457.8070130997345,39.03244201342003,58.76298690026553,463.21040726895615
74.6394,-39.6865,8.8849,21.8,84.99999999999999,83.99999999999999,331.99999999999994,458.18755798657986,38.953531787111025,58.799455113154494,463.5845034661953
77.226,-34.3832,8.8849,22.9,84.99999999999999,83.99999999999999,335.99999999999994,458.53194760106203,38.81103929920341,58.80298690026553,463.91339171304395
79.4363,-28.9125,8.8849,22.0,84.99999999999999,83.99999999999999,339.99999999999994,458.861089773691,38.55108977369098,58.899999999999984,464.229357355864
81.2596,-23.3008,8.8849,24.2,84.99999999999999,83.99999999999999,343.99999999999994,459.1443391399946,38.2405448868455,58.909455113154486,464.4848623359797
82.6871,-17.5757,8.8849,22.6,84.99999999999999,83.99999999999999,347.99999999999994,459.4273260402601,37.99999999999999,58.90646821288897,464.744488842869
83.7117,-11.7649,8.8849,21.8,84.99999999999999,83.99999999999999,351.99999999999994,459.70623626656914,37.6994551131545,59.008365339463495,465.00866632595034
84.3284,-5.8968,8.8849,22.6,84.99999999999999,83.99999999999999,356.0,459.8310392992033,37.257013099734465,58.99701309973447,465.0949551250685
84.7413,-5.9257,2.9665,21.9,84.99999999999999,87.99999999999999,356.0,459.86244201342004,37.288910226309,58.91298690026552,465.11790808989787
84.1215,-11.8225,2.9665,21.9,84.99999999999999,87.99999999999999,351.99999999999994,459.7325429623952,37.63999999999999,58.93298690026551,465.0202980555337
83.0919,-17.6617,2.9665,22.9,84.99999999999999,87.99999999999999,347.99999999999994,459.56537843919796,38.01298690026553,58.85298690026551,464.875250255513
81.6575,-23.4149,2.9665,22.7,84.99999999999999,87.99999999999999,343.99999999999994,459.29945511315447,38.36407667395652,58.826468212888976,464.63786458777537
79.8252,-29.054,2.9665,22.3,84.99999999999999,87.99999999999999,339.99999999999994,458.93641773840136,38.60646821288897,58.78755798657996,464.2941652535112
77.6041,-34.5516,2.9665,22.2,84.99999999999999,87.99999999999999,335.99999999999994,458.5860242750186,38.83945511315451,58.692986900265524,463.95529056702156
75.0048,-39.8808,2.9665,22.7,84.99999999999999,87.99999999999999,331.99999999999994,458.237063574222,39.08701309973448,58.70457108631444,463.6326430403845
72.0402,-45.0157,2.9665,22.8,84.99999999999999,87.99999999999999,327.99999999999994,457.7837132589433,39.230544886845486,58.66896070079658,463.1921963148525
68.7246,-49.9313,2.9665,22.6,84.99999999999999,87.99999999999999,323.99999999999994,457.3410897736909,39.399455113154495,58.55945511315449,462.7552260555792
65.0741,-54.6037,2.9665,22.6,84.99999999999999,87.99999999999999,319.99999999999994,456.9777699781304,39.19945511315451,58.551089773691,462.3781024757121
61.1066,-59.01,2.9665,22.6,84.99999999999999,87.99999999999999,315.99999999999994,456.5434308381358,39.22999999999999,58.54646821288896,461.9508481231077
56.8415,-63.1288,2.9665,22.3,84.99999999999999,87.99999999999999,311.99999999999994,456.13387477600617,39.13891022630901,58.486468212888965,461.5307497620214
52.2993,-66.9401,2.9665,21.7,84.99999999999999,87.99999999999999,308.0,455.662179547382,38.98353178711102,58.45407667395653,461.04730418935543
47.5024,-70.4253,2.9665,22.2,84.99999999999999,87.99999999999999,303.99999999999994,455.2850654986724,38.68,58.418102873425454,460.6444485820496
42.4741,-73.5673,2.9665,22.5,84.99999999999999,87.99999999999999,300.0,454.9289607007965,38.33701309973446,58.42597380053106,460.26479364845665
37.2388,-76.351,2.9665,23.2,84.99999999999999,87.99999999999999,295.99999999999994,454.7176084610675,38.160544886845486,58.454026199468935,460.04478456943934
31.8222,-78.7626,2.9665,22.6,84.99999999999999,87.99999999999999,291.99999999999994,454.4397175791926,37.728910226309004,58.40592332604347,459.7283757392933
26.2504,-80.7906,2.9665,23.2,84.99999999999999,87.99999999999999,287.99999999999994,454.28592332604353,37.2694551131545,58.43755798657996,459.5428822210852
20.5508,-82.4249,2.9665,22.2,84.99999999999999,87.99999999999999,283.99999999999994,454.1095560621297,36.69,58.35646821288898,459.3115744124313
14.7511,-83.6577,2.9665,22.6,84.99999999999999,87.99999999999999,279.99999999999994,454.1070635742221,36.49402619946894,58.37755798657997,459.2961772241596
8.8795,-84.4829,2.9665,21.7,84.99999999999999,87.99999999999999,276.0,454.04869823475855,35.901039299203404,58.38646821288897,459.19286216340134
2.9647,-84.8965,2.9665,22.1,84.99999999999999,87.99999999999999,272.0,454.1780523989379,35.3905448868455,58.39597380053105,459.2823572753394
-2.9647,-84.8965,2.9665,22.4,84.99999999999999,87.99999999999999,267.99999999999994,454.266730678927,34.841089773690996,58.37054488684549,459.32481388308037
-8.8795,-84.4829,2.9665,21.8,84.99999999999999,87.99999999999999,263.99999999999994,454.5280523989378,34.467013099734466,58.47103929920342,459.5678272532987
-14.7511,-83.6577,2.9665,23.7,84.99999999999999,87.99999999999999,259.99999999999994,454.7631988918159,34.09701309973447,58.46407667395651,459.77192349030946
-20.5508,-82.4249,2.9665,23.0,84.99999999999999,87.99999999999999,256.0,455.01755798657996,33.49407667395651,58.53457108631444,459.9881816531489
-26.2504,-80.7906,2.9665,22.9,84.99999999999999,87.99999999999999,252.0,455.3694551131546,33.267557986579966,58.66163466053648,460.33602775091157
-31.8222,-78.7626,2.9665,21.9,84.99999999999999,87.99999999999999,248.0,455.81400624469944,33.080544886845495,58.719455113154496,460.7696877482711
-37.2388,-76.351,2.9665,23.0,84.99999999999999,87.99999999999999,243.99999999999994,456.228910226309,32.8805448868455,58.859455113154496,461.1836773071645
-42.4741,-73.5673,2.9665,22.8,84.99999999999999,87.99999999999999,239.99999999999994,456.66841581395107,32.56,58.90646821288897,461.6017413304892
-47.5024,-70.4253,2.9665,22.3,84.99999999999999,87.99999999999999,236.0,457.1622300218695,32.59,59.008102873425464,462.10536554263194
-52.2993,-66.9401,2.9665,22.7,84.99999999999999,87.99999999999999,231.99999999999994,457.67891022630903,32.552442013420034,59.11542891368556,462.62758270841124
-56.8415,-63.1288,2.9665,23.9,84.99999999999999,87.99999999999999,228.0,458.1886782799891,32.57244201342002,59.22755798657995,463.1476357574706
-61.1066,-59.01,2.9665,22.5,84.99999999999999,87.99999999999999,224.0,458.67,32.48298690026552,59.29999999999999,463.6267931623051
-65.0741,-54.6037,2.9665,22.5,84.99999999999999,87.99999999999999,220.0,459.11039346338276,32.64407667395651,59.36755798657995,464.0824237883689
-68.7246,-49.9313,2.9665,22.7,84.99999999999999,87.99999999999999,215.99999999999994,459.500595361333,32.89298690026553,59.429455113154496,464.49392445939156
-72.0402,-45.0157,2.9665,22.3,84.99999999999999,87.99999999999999,212.0,459.9208073528835,33.18999999999999,59.53646821288897,464.94442268231643
-75.0048,-39.8808,2.9665,23.1,84.99999999999999,87.99999999999999,208.0,460.2032188465853,33.56651868737655,59.61646821288897,465.2610418847966
-77.6041,-34.5516,2.9665,22.7,84.99999999999999,87.99999999999999,204.0,460.511685135024,33.95,59.64999999999999,465.59825724104627
-79.8252,-29.054,2.9665,22.4,84.99999999999999,87.99999999999999,200.0,460.7934308381359,34.2005448868455,59.694076673956516,465.90089714883925
-81.6575,-23.4149,2.9665,22.8,84.99999999999999,87.99999999999999,196.0,460.9610392992034,34.63402619946894,59.692986900265524,466.0985391606184
-83.0919,-17.6617,2.9665,22.7,84.99999999999999,87.99999999999999,192.0,461.1194046386669,35.17651868737654,59.71646821288896,466.29877694146154
-84.1215,-11.8225,2.9665,22.8,84.99999999999999,87.99999999999999,188.0,461.2414027142165,35.55755798657996,59.72701309973446,466.4496624519766
-84.7413,-5.9257,2.9665,23.9,84.99999999999999,87.99999999999999,183.99999999999997,461.30646821288894,36.018910226309,59.70701309973447,466.54683250691124
-84.9482,0.0,2.9665,23.6,84.99999999999999,87.99999999999999,180.0,461.2472955205419,36.43353178711102,59.739999999999995,466.52474474940396
-84.7413,5.9257,2.9665,21.3,84.99999999999999,87.99999999999999,175.99999999999997,461.1195055876421,36.97646821288897,59.66239153893245,466.4311938528931
-84.1215,11.8225,2.9665,22.0,84.99999999999999,87.99999999999999,171.99999999999997,461.09732604026004,37.3294551131545,59.651089773690984,466.4359385936206
-83.0919,17.6617,2.9665,22.1,84.99999999999999,87.99999999999999,167.99999999999997,460.93999999999994,37.85,59.56945511315448,466.3119407461898
-81.6575,23.4149,2.9665,23.0,84.99999999999999,87.99999999999999,163.99999999999997,460.7179214015932,38.21646821288898,59.567557986579956,466.12208219280484
-79.8252,29.054,2.9665,22.6,84.99999999999999,87.99999999999999,159.99999999999997,460.52103929920327,38.58,59.467013099734466,465.9445993723098
-77.6041,34.5516,2.9665,22.4,84.99999999999999,87.99999999999999,155.99999999999997,460.23701309973444,38.94706357422204,59.41244201342002,465.68747057873225
-75.0048,39.8808,2.9665,22.6,84.99999999999999,87.99999999999999,151.99999999999997,459.8594046386669,39.14999999999999,59.36999999999998,465.3258980914657
-72.0402,45.0157,2.9665,22.3,84.99999999999999,87.99999999999999,147.99999999999997,459.4696870594744,39.523531787111025,59.230544886845486,464.95457879135967
-68.7246,49.9313,2.9665,22.8,84.99999999999999,87.99999999999999,143.99999999999997,459.0875075120924,39.72646821288897,59.16244201342003,464.58554258104766
-65.0741,54.6037,2.9665,22.8,84.99999999999999,87.99999999999999,139.99999999999997,458.6501009489751,39.90999999999999,59.072986900265526,464.1576682355081
-61.1066,59.01,2.9665,22.3,84.99999999999999,87.99999999999999,136.0,458.28407667395646,39.97945511315449,59.02646821288897,463.79604969612745
-56.8415,63.1288,2.9665,23.4,84.99999999999999,87.99999999999999,131.99999999999997,457.9222605415877,40.012986900265524,58.946518687376546,463.43125475690545
-52.2993,66.9401,2.9665,23.1,84.99999999999999,87.99999999999999,128.0,457.48044393787035,39.957013099734475,58.84298690026553,462.97669119383113
-47.5024,70.4253,2.9665,22.1,84.99999999999999,87.99999999999999,124.0,457.1158728515559,39.95,58.739999999999995,462.6027575715906
-42.4741,73.5673,2.9665,23.1,84.99999999999999,87.99999999999999,119.99999999999997,456.6767506336964,39.654076673956524,58.6694551131545,462.1344018026463
-37.2388,76.351,2.9665,24.3,84.99999999999999,87.99999999999999,115.99999999999997,456.32298690026545,39.45402619946894,58.60999999999999,461.7601332476941
-31.8222,78.7626,2.9665,22.2,84.99999999999999,87.99999999999999,112.0,456.0714027142166,39.10054488684549,58.54999999999999,461.47381234926144
-26.2504,80.7906,2.9665,22.6,84.99999999999999,87.99999999999999,107.99999999999997,455.7084662884386,38.82646821288897,58.482986900265516,461.08346385185416
-20.5508,82.4249,2.9665,23.4,84.99999999999999,87.99999999999999,104.0,455.53787092710564,38.56999999999999,58.42701309973447,460.8862252319513
-14.7511,83.6577,2.9665,22.1,84.99999999999999,87.99999999999999,100.0,455.3672955205419,37.97646821288897,58.39646821288897,460.6644478005179
-8.8795,84.4829,2.9665,22.7,84.99999999999999,87.99999999999999,96.0,455.18597380053103,37.84646821288897,58.39701309973447,460.4745780603936
-2.9647,84.8965,2.9665,23.0,84.99999999999999,87.99999999999999,91.99999999999999,455.2061552723633,37.4094551131545,58.39,460.4579277520478
2.9647,84.8965,2.9665,23.4,84.99999999999999,87.99999999999999,87.99999999999999,455.1854289136855,36.95646821288898,58.442986900265524,460.4075780826492
8.8795,84.4829,2.9665,23.4,84.99999999999999,87.99999999999999,83.99999999999999,455.2872755657725,36.58353178711102,58.49646821288897,460.4852819401547
14.7511,83.6577,2.9665,21.9,84.99999999999999,87.99999999999999,79.99999999999999,455.38656916186414,35.95706357422205,58.59054488684548,460.5460777642465
20.5508,82.4249,2.9665,23.4,84.99999999999999,87.99999999999999,75.99999999999999,455.57732604026006,35.7405448868455,58.62701309973447,460.7224904601451
26.2504,80.7906,2.9665,23.4,84.99999999999999,87.99999999999999,71.99999999999999,455.7559738005311,35.31298690026553,58.687013099734465,460.873822434359
31.8222,78.7626,2.9665,22.6,84.99999999999999,87.99999999999999,68.0,456.0205448868454,35.04244201342003,58.74999999999999,461.12283894983915
37.2388,76.351,2.9665,22.7,84.99999999999999,87.99999999999999,64.0,456.19994952551247,34.7194551131545,58.79646821288896,461.28175683062057
42.4741,73.5673,2.9665,22.5,84.99999999999999,87.99999999999999,59.999999999999986,456.5729869002655,34.56,58.78353178711102,461.6370756085307
47.5024,70.4253,2.9665,22.6,84.99999999999999,87.99999999999999,56.0,456.8809888247157,34.38298690026553,58.84353178711102,461.9361308350047
52.2993,66.9401,2.9665,24.2,84.99999999999999,87.99999999999999,52.0,457.1854289136855,34.39,58.907013099734456,462.2458487680802
56.8415,63.1288,2.9665,22.3,84.99999999999999,87.99999999999999,48.0,457.54701309973444,34.25,58.96402619946894,462.6003546065872
61.1066,59.01,2.9665,22.6,84.99999999999999,87.99999999999999,43.99999999999999,457.86864776027096,34.03353178711102,58.977013099734464,462.90416714681845
65.0741,54.6037,2.9665,22.6,84.99999999999999,87.99999999999999,39.99999999999999,458.27135223972897,34.23,58.96755798657996,463.3157649794904
68.7246,49.9313,2.9665,21.4,84.99999999999999,87.99999999999999,35.99999999999999,458.637063574222,34.279999999999994,58.99597380053105,463.68480610071526
72.0402,45.0157,2.9665,22.6,84.99999999999999,87.99999999999999,32.0,458.8897375339619,34.40701309973446,59.01755798657996,463.94687833321296
75.0048,39.8808,2.9665,22.2,84.99999999999999,87.99999999999999,28.0,459.1705953613331,34.547013099734464,59.07407667395652,464.24226250253736
77.6041,34.5516,2.9665,22.6,84.99999999999999,87.99999999999999,24.0,459.38130176524146,34.93999999999999,59.04646821288897,464.47655421984814
79.8252,29.054,2.9665,23.0,84.99999999999999,87.99999999999999,19.999999999999996,459.64810287342533,35.129999999999995,59.08597380053104,464.75977415767824
81.6575,23.4149,2.9665,23.4,84.99999999999999,87.99999999999999,16.0,459.81,35.53701309973447,59.06999999999999,464.94879320205865
83.0919,17.6617,2.9665,22.7,84.99999999999999,87.99999999999999,12.0,459.9072755657725,35.87189712657453,59.03407667395651,465.0661429630602
84.1215,11.8225,2.9665,23.7,84.99999999999999,87.99999999999999,8.0,459.9226739597399,36.01701309973447,59.08701309973447,465.0993080751162
84.7413,5.9257,2.9665,23.7,84.99999999999999,87.99999999999999,4.0,459.9,36.64597380053105,59.012986900265524,465.11661980484
84.9482,0.0,2.9665,23.1,84.99999999999999,87.99999999999999,0.0,459.8709888247158,36.88,59.03891022630899,465.1097221982487
84.9482,0.0,-2.9665,22.8,84.99999999999999,91.99999999999999,0.0,459.83130176524145,36.90646821288896,59.029999999999994,465.0714508320905
84.7413,5.9257,-2.9665,24.8,84.99999999999999,91.99999999999999,4.0,459.87348131262337,36.586468212888974,59.018910226309,465.0864653321849
84.1215,11.8225,-2.9665,21.9,84.99999999999999,91.99999999999999,8.0,459.89163466053634,36.03108977369099,59.09945511315451,465.07128556350557
83.0919,17.6617,-2.9665,22.9,84.99999999999999,91.99999999999999,12.0,459.76516644764746,35.86353178711102,59.06189712657453,464.9284986780958
81.6575,23.4149,-2.9665,22.3,84.99999999999999,91.99999999999999,16.0,459.7456608600054,35.43348131262344,59.06999999999999,464.87726248713767
79.8252,29.054,-2.9665,22.8,84.99999999999999,91.99999999999999,19.999999999999996,459.5665691618641,35.09054488684551,59.08407667395652,464.67591496447943
77.6041,34.5516,-2.9665,23.1,84.99999999999999,91.99999999999999,24.0,459.38044393787027,35.039455113154496,59.04054488684549,464.4824449080042
75.0048,39.8808,-2.9665,23.0,84.99999999999999,91.99999999999999,28.0,459.1448840268401,34.609455113154496,59.10646821288897,464.22560624749167
72.0402,45.0157,-2.9665,22.6,84.99999999999999,91.99999999999999,32.0,458.87,34.49402619946894,59.03651868737655,463.93622975811513
68.7246,49.9313,-2.9665,23.0,84.99999999999999,91.99999999999999,35.99999999999999,458.5306458358206,34.25402619946894,59.02457108631443,463.581267388375
65.0741,54.6037,-2.9665,23.0,84.99999999999999,91.99999999999999,39.99999999999999,458.2074269892352,34.177013099734474,59.01896070079658,463.25516952832476
61.1066,59.01,-2.9665,22.6,84.99999999999999,91.99999999999999,43.99999999999999,457.8957618089805,34.273481312623446,58.99646821288896,462.95116747396565
56.8415,63.1288,-2.9665,23.0,84.99999999999999,91.99999999999999,48.0,457.57994952551235,34.30701309973447,58.94054488684548,462.6341634457555
52.2993,66.9401,-2.9665,22.4,84.99999999999999,91.99999999999999,52.0,457.2581028734255,34.269999999999996,58.89407667395652,462.307168244969
47.5024,70.4253,-2.9665,22.2,84.99999999999999,91.99999999999999,56.0,456.88859728578336,34.35701309973447,58.85298690026553,461.9429280181578
42.4741,73.5673,-2.9665,22.3,84.99999999999999,91.99999999999999,59.999999999999986,456.46069631030815,34.709455113154505,58.787608461067535,461.5377519325101
37.2388,76.351,-2.9665,22.7,84.99999999999999,91.99999999999999,64.0,456.1989607007966,34.739999999999995,58.76999999999999,461.27895274387595
31.8222,78.7626,-2.9665,22.4,84.99999999999999,91.99999999999999,68.0,455.98795144996274,35.019999999999996,58.71864776027095,461.08490743281584
26.2504,80.7906,-2.9665,22.6,84.99999999999999,91.99999999999999,71.99999999999999,455.7289607007966,35.409949525512424,58.67244201342002,460.85269403427134
20.5508,82.4249,-2.9665,22.1,84.99999999999999,91.99999999999999,75.99999999999999,455.45914217262884,35.77701309973447,58.618910226309,460.6074266564593
14.7511,83.6577,-2.9665,22.2,84.99999999999999,91.99999999999999,79.99999999999999,455.3767506336965,36.0194551131545,58.619455113154494,460.54492363081744
8.8795,84.4829,-2.9665,22.7,84.99999999999999,91.99999999999999,83.99999999999999,455.2359233260435,36.46298690026552,58.53353178711102,460.42965764997916
2.9647,84.8965,-2.9665,23.6,84.99999999999999,91.99999999999999,87.99999999999999,455.1662362665691,36.90054488684549,58.47298690026552,460.38792669558455
-2.9647,84.8965,-2.9665,22.8,84.99999999999999,91.99999999999999,91.99999999999999,455.2331683720978,37.330544886845495,58.4194551131545,460.481964797065
-8.8795,84.4829,-2.9665,20.9,84.99999999999999,91.99999999999999,96.0,455.20542891368564,37.79298690026552,58.43353178711102,460.49404991644735
-14.7511,83.6577,-2.9665,21.7,84.99999999999999,91.99999999999999,100.0,455.36189712657455,38.09298690026553,58.455923326043475,460.67627242739246
-20.5508,82.4249,-2.9665,21.7,84.99999999999999,91.99999999999999,104.0,455.53950558764194,38.46755798657996,58.47,460.8847307825289
-26.2504,80.7906,-2.9665,22.4,84.99999999999999,91.99999999999999,107.99999999999997,455.7491926471164,38.88298690026552,58.54646821288896,461.1365331536718
-31.8222,78.7626,-2.9665,22.4,84.99999999999999,91.99999999999999,112.0,456.026468212889,39.14244201342003,58.61249248790761,461.4408897715286
-37.2388,76.351,-2.9665,23.0,84.99999999999999,91.99999999999999,115.99999999999997,456.35171518339354,39.45402619946894,58.6894551131545,461.79861441504187
-42.4741,73.5673,-2.9665,22.2,84.99999999999999,91.99999999999999,119.99999999999997,456.736205746851,39.85646821288898,58.72755798657996,462.2179418472437
-47.5024,70.4253,-2.9665,22.4,84.99999999999999,91.99999999999999,124.0,457.11189712657455,39.827013099734465,58.82298690026552,462.5987691887769
-52.2993,66.9401,-2.9665,21.6,84.99999999999999,91.99999999999999,128.0,457.49805239893783,40.039455113154496,58.9494551131545,463.0147558909083
-56.8415,63.1288,-2.9665,21.5,84.99999999999999,91.99999999999999,131.99999999999997,457.8576084610675,39.980544886845486,59.00950558764208,463.3725880377855
-61.1066,59.01,-2.9665,22.2,84.99999999999999,91.99999999999999,136.0,458.326730678927,39.952986900265536,59.12353178711101,463.84827824200016
-65.0741,54.6037,-2.9665,23.0,84.99999999999999,91.99999999999999,139.99999999999997,458.7231988918159,39.88701309973447,59.21135223972903,464.2455505975433
-68.7246,49.9313,-2.9665,23.3,84.99999999999999,91.99999999999999,143.99999999999997,459.10153371156133,39.79348131262344,59.26108977369098,464.61770970600276
-72.0402,45.0157,-2.9665,23.8,84.99999999999999,91.99999999999999,147.99999999999997,459.5129869002654,39.487013099734476,59.367013099734464,465.0116682169665
-75.0048,39.8808,-2.9665,23.3,84.99999999999999,91.99999999999999,151.99999999999997,459.83462156080196,39.222986900265525,59.48402619946893,465.3221155933204
-77.6041,34.5516,-2.9665,21.3,84.99999999999999,91.99999999999999,155.99999999999997,460.1652169221351,39.04108977369099,59.547013099734464,465.64157924825935
-79.8252,29.054,-2.9665,22.4,84.99999999999999,91.99999999999999,159.99999999999997,460.52597380053106,38.773531787111025,59.61407667395652,465.98433176434366
-81.6575,23.4149,-2.9665,22.6,84.99999999999999,91.99999999999999,163.99999999999997,460.7420785984068,38.20805239893789,59.67999999999999,466.1596514707171
-83.0919,17.6617,-2.9665,22.2,84.99999999999999,91.99999999999999,167.99999999999997,461.007063574222,37.84054488684549,59.719999999999985,466.3967172940437
-84.1215,11.8225,-2.9665,22.8,84.99999999999999,91.99999999999999,171.99999999999997,461.1440261994689,37.36999999999999,59.82701309973446,466.50787913591796
-84.7413,5.9257,-2.9665,21.8,84.99999999999999,91.99999999999999,175.99999999999997,461.25989905102483,36.953531787111025,59.81348131262344,466.5875164755677
-84.9482,0.0,-2.9665,22.6,84.99999999999999,91.99999999999999,180.0,461.3016346605365,36.48103929920341,59.87646821288897,466.5996740402657
-84.7413,-5.9257,-2.9665,23.2,84.99999999999999,91.99999999999999,183.99999999999997,461.36021199155044,35.942986900265524,59.843531787111026,466.61160702768206
-84.1215,-11.8225,-2.9665,21.6,84.99999999999999,91.99999999999999,188.0,461.25298690026557,35.644571086314436,59.87298690026552,466.4864713287013
-83.0919,-17.6617,-2.9665,22.7,84.99999999999999,91.99999999999999,192.0,461.0858428031863,35.06,59.82597380053105,466.2708495871326
-81.6575,-23.4149,-2.9665,22.7,84.99999999999999,91.99999999999999,196.0,460.97805239893785,34.652986900265525,59.81701309973447,466.13267354992576
-79.8252,-29.054,-2.9665,22.0,84.99999999999999,91.99999999999999,200.0,460.7603634150131,34.26353178711102,59.81005047448757,465.8876948821702
-77.6041,-34.5516,-2.9665,22.0,84.99999999999999,91.99999999999999,204.0,460.4770130997344,33.85054488684549,59.73353178711101,465.56743206774155
-75.0048,-39.8808,-2.9665,23.3,84.99999999999999,91.99999999999999,208.0,460.1149345013276,33.65646821288897,59.73701309973446,465.1956809105218
-72.0402,-45.0157,-2.9665,22.3,84.99999999999999,91.99999999999999,212.0,459.9061552723634,33.17054488684549,59.66646821288898,464.94520551834614
-68.7246,-49.9313,-2.9665,22.7,84.99999999999999,91.99999999999999,215.99999999999994,459.41999999999996,32.959455113154505,59.55701309973447,464.43524832932087
-65.0741,-54.6037,-2.9665,21.8,84.99999999999999,91.99999999999999,220.0,459.0879214015932,32.72701309973447,59.459999999999994,464.0778690729236
-61.1066,-59.01,-2.9665,23.1,84.99999999999999,91.99999999999999,224.0,458.61782045261793,32.633531787111025,59.39999999999999,463.5985468415643
-56.8415,-63.1288,-2.9665,21.9,84.99999999999999,91.99999999999999,228.0,458.0861552723633,32.62,59.33353178711102,463.063125336652
-52.2993,-66.9401,-2.9665,23.2,84.99999999999999,91.99999999999999,231.99999999999994,457.64244201341995,32.58353178711102,59.21244201342002,462.60610087300057
-47.5024,-70.4253,-2.9665,23.0,84.99999999999999,91.99999999999999,236.0,457.1491926471164,32.56999999999999,59.097013099734475,462.1024195946398
-42.4741,-73.5673,-2.9665,23.4,84.99999999999999,91.99999999999999,239.99999999999994,456.5718971265745,32.65,59.00646821288897,461.525387207159
-37.2388,-76.351,-2.9665,22.5,84.99999999999999,91.99999999999999,243.99999999999994,456.14547938817316,32.800544886845486,58.93651868737655,461.1052887856826
-31.8222,-78.7626,-2.9665,22.4,84.99999999999999,91.99999999999999,248.0,455.7084458623207,33.05896070079658,58.81542891368556,460.6759568190739
-26.2504,-80.7906,-2.9665,22.6,84.99999999999999,91.99999999999999,252.0,455.31049441235785,33.343531787111026,58.76298690026552,460.29612866447684
-20.5508,-82.4249,-2.9665,21.1,84.99999999999999,91.99999999999999,256.0,454.97651868737654,33.57646821288897,58.62646821288897,459.9652971145244
-14.7511,-83.6577,-2.9665,23.6,84.99999999999999,91.99999999999999,259.99999999999994,454.64945511315443,34.03108977369099,58.57054488684548,459.6680876830751
-8.8795,-84.4829,-2.9665,23.0,84.99999999999999,91.99999999999999,263.99999999999994,454.4440567191871,34.38,58.554076673956516,459.4888083321848
-2.9647,-84.8965,-2.9665,22.8,84.99999999999999,91.99999999999999,267.99999999999994,454.14239153893243,34.84651868737655,58.46407667395651,459.2141547455489
2.9647,-84.8965,-2.9665,23.7,84.99999999999999,91.99999999999999,272.0,453.97483355235244,35.35054488684549,58.46298690026551,459.0868451175481
8.8795,-84.4829,-2.9665,21.3,84.99999999999999,91.99999999999999,276.0,453.94810287342534,35.73701309973446,58.47158418604891,459.09142920000016
14.7511,-83.6577,-2.9665,23.9,84.99999999999999,91.99999999999999,279.99999999999994,453.9232998407911,36.32542891368556,58.48597380053105,459.1149181365297
20.5508,-82.4249,-2.9665,23.9,84.99999999999999,91.99999999999999,283.99999999999994,453.985973800531,36.82646821288897,58.44651868737654,459.21176892075096
26.2504,-80.7906,-2.9665,25.0,84.99999999999999,91.99999999999999,287.99999999999994,454.11467203528963,37.29054488684549,58.51706357422205,459.3854229566128
31.8222,-78.7626,-2.9665,22.5,84.99999999999999,91.99999999999999,291.99999999999994,454.32532796471037,37.7705448868455,58.502986900265526,459.63106636469155
37.2388,-76.351,-2.9665,19.7,84.99999999999999,91.99999999999999,295.99999999999994,454.5665186873766,38.15054488684549,58.547063574222044,459.9064498785468
42.4741,-73.5673,-2.9665,22.5,84.99999999999999,91.99999999999999,300.0,454.84701309973445,38.42701309973447,58.51701309973447,460.2028699211161
47.5024,-70.4253,-2.9665,23.0,84.99999999999999,91.99999999999999,303.99999999999994,455.164621560802,38.84244201342003,58.52651868737655,460.55284323497324
52.2993,-66.9401,-2.9665,23.1,84.99999999999999,91.99999999999999,308.0,455.52971757919244,38.99999999999999,58.54353178711102,460.92913632345625
56.8415,-63.1288,-2.9665,22.3,84.99999999999999,91.99999999999999,311.99999999999994,455.99457108631435,39.18646821288897,58.577557986579954,461.4086675073006
61.1066,-59.01,-2.9665,23.0,84.99999999999999,91.99999999999999,315.99999999999994,456.3724924879076,39.338960700796584,58.58755798657996,461.7963920165195
65.0741,-54.6037,-2.9665,22.3,84.99999999999999,91.99999999999999,319.99999999999994,456.81532796471043,39.29054488684549,58.59,462.2302228121947
68.7246,-49.9313,-2.9665,22.2,84.99999999999999,91.99999999999999,323.99999999999994,457.205973800531,39.20701309973447,58.65402619946894,462.6173225728827
72.0402,-45.0157,-2.9665,23.3,84.99999999999999,91.99999999999999,327.99999999999994,457.67402619946887,39.24999999999999,58.71054488684549,463.09070908251056
75.0048,-39.8808,-2.9665,21.6,84.99999999999999,91.99999999999999,331.99999999999994,458.0820785984067,39.06755798657996,58.79054488684548,463.4887193753089
77.6041,-34.5516,-2.9665,22.9,84.99999999999999,91.99999999999999,335.99999999999994,458.43087778214044,38.85999999999999,58.76592332604348,463.81289659567057
79.8252,-29.054,-2.9665,22.3,84.99999999999999,91.99999999999999,339.99999999999994,458.8103124691769,38.61,58.842442013420026,464.17676364739157
81.6575,-23.4149,-2.9665,22.6,84.99999999999999,91.99999999999999,343.99999999999994,459.14891022630894,38.30701309973447,58.86353178711102,464.48903581148454
83.0919,-17.6617,-2.9665,22.6,84.99999999999999,91.99999999999999,347.99999999999994,459.4561353175939,37.91348131262344,58.897013099734465,464.76470444547755
84.1215,-11.8225,-2.9665,23.5,84.99999999999999,91.99999999999999,351.99999999999994,459.54267395973983,37.60755798657996,58.98651868737653,464.8367530592197
84.7413,-5.9257,-2.9665,23.4,84.99999999999999,91.99999999999999,356.0,459.7118971265745,37.330544886845495,58.98298690026552,464.9812799295687
84.3284,-5.8968,-8.8849,22.1,84.99999999999999,96.0,356.0,459.71651868737644,37.290544886845495,58.94054488684549,464.9772576412281
83.7117,-11.7649,-8.8849,23.0,84.99999999999999,96.0,351.99999999999994,459.5584662884387,37.608102873425466,58.96402619946894,464.84955601223487
82.6871,-17.5757,-8.8849,22.2,84.99999999999999,96.0,347.99999999999994,459.336801108184,37.98701309973447,58.88353178711103,464.6510307018187
81.2596,-23.3008,-8.8849,22.6,84.99999999999999,96.0,343.99999999999994,459.1640261994689,38.3805448868455,58.846518687376545,464.5078922291218
79.4363,-28.9125,-8.8849,22.7,84.99999999999999,96.0,339.99999999999994,458.8340766739565,38.609455113154496,58.812986900265535,464.1964749645431
77.226,-34.3832,-8.8849,21.8,84.99999999999999,96.0,335.99999999999994,458.5380523989379,38.90999999999999,58.76353178711102,463.9227158330425
74.6394,-39.6865,-8.8849,22.2,84.99999999999999,96.0,331.99999999999994,458.08820382240054,39.081089773690984,58.73054488684551,463.4883072547119
71.6892,-44.7964,-8.8849,22.5,84.99999999999999,96.0,327.99999999999994,457.6807768331654,39.2494551131545,58.698910226309,463.0958596997446
68.3897,-49.6881,-8.8849,21.5,84.99999999999999,96.0,323.99999999999994,457.26353178711094,39.28755798657997,58.60755798657997,462.67515123261313
64.7571,-54.3376,-8.8849,22.1,84.99999999999999,96.0,319.99999999999994,456.8129869002655,39.25597380053105,58.56701309973447,462.22205865059556
60.8089,-58.7225,-8.8849,23.1,84.99999999999999,96.0,315.99999999999994,456.44,39.351089773690994,58.561897126574536,461.8608856153989
56.5645,-62.8213,-8.8849,22.6,84.99999999999999,96.0,311.99999999999994,455.9783653394635,39.309455113154506,58.53755798657996,461.39803707208654
52.0445,-66.614,-8.8849,23.4,84.99999999999999,96.0,308.0,455.563531787111,39.0905448868455,58.51701309973447,460.9668567435311
47.271,-70.0822,-8.8849,23.0,84.99999999999999,96.0,303.99999999999994,455.20457108631433,38.64701309973447,58.49755798657996,460.5722065537604
42.2672,-73.2089,-8.8849,22.5,84.99999999999999,96.0,300.0,454.91021199155034,38.448910226309,58.53999999999999,460.2700851367467
37.0574,-75.979,-8.8849,22.7,84.99999999999999,96.0,295.99999999999994,454.5421290728944,38.17701309973447,58.52646821288897,459.88191844517155
31.6671,-78.3789,-8.8849,23.2,84.99999999999999,96.0,291.99999999999994,454.31298690026546,37.75701309973447,58.449999999999996,459.61101445075735
26.1226,-80.397,-8.8849,22.0,84.99999999999999,96.0,287.99999999999994,454.0891421726289,37.36184665208695,58.48353178711102,459.3617094563086
20.4507,-82.0233,-8.8849,22.7,84.99999999999999,96.0,283.99999999999994,453.927063574222,36.83646821288897,58.449999999999996,459.1547744884234
14.6792,-83.2501,-8.8849,22.5,84.99999999999999,96.0,279.99999999999994,453.9078204526181,36.4594551131545,58.454026199468935,459.1061691091969
8.8362,-84.0713,-8.8849,22.2,84.99999999999999,96.0,276.0,454.0153784391979,35.7805448868455,58.478910226309,459.16227435727376
2.9502,-84.4829,-8.8849,23.0,84.99999999999999,96.0,272.0,454.0678709271056,35.49701309973447,58.47999999999999,459.19231237824243
-2.9502,-84.4829,-8.8849,22.6,84.99999999999999,96.0,267.99999999999994,454.21547938817315,34.995428913685565,58.47755798657996,459.29947370833617
-8.8362,-84.0713,-8.8849,23.4,84.99999999999999,96.0,263.99999999999994,454.42945511315446,34.47646821288897,58.55592332604348,459.48183064343067
-14.6792,-83.2501,-8.8849,21.8,84.99999999999999,96.0,259.99999999999994,454.7081028734254,34.15189712657454,58.56348131262345,459.73415387541934
-20.4507,-82.0233,-8.8849,22.9,84.99999999999999,96.0,256.0,454.97267395973984,33.65701309973446,58.628910226309,459.9676920123804
-26.1226,-80.397,-8.8849,21.8,84.99999999999999,96.0,252.0,455.33293642577786,33.30298690026552,58.75054488684548,460.31380432820174
-31.6671,-78.3789,-8.8849,23.0,84.99999999999999,96.0,248.0,455.64864776027093,33.03,58.78407667395653,460.610723687772
-37.0574,-75.979,-8.8849,23.4,84.99999999999999,96.0,243.99999999999994,456.15,32.85,58.960544886845504,461.1163528366281
-42.2672,-73.2089,-8.8849,22.8,84.99999999999999,96.0,239.99999999999994,456.67392525049377,32.67755798657996,59.03646821288898,461.63210609608956
-47.271,-70.0822,-8.8849,23.2,84.99999999999999,96.0,236.0,457.1444701373393,32.62,59.127557986579966,462.10518184781813
-52.0445,-66.614,-8.8849,23.1,84.99999999999999,96.0,231.99999999999994,457.541089773691,32.7094551131545,59.230544886845486,462.5170426402565
-56.5645,-62.8213,-8.8849,22.7,84.99999999999999,96.0,228.0,458.0716346605363,32.5394551131545,59.33,463.04264114618735
-60.8089,-58.7225,-8.8849,22.6,84.99999999999999,96.0,224.0,458.59750751209236,32.68646821288897,59.41,463.58346303609216
-64.7571,-54.3376,-8.8849,23.6,84.99999999999999,96.0,220.0,459.0596365849868,32.86054488684549,59.512936425777944,464.06611054225795
-68.3897,-49.6881,-8.8849,21.5,84.99999999999999,96.0,215.99999999999994,459.4797680536801,33.059999999999995,59.57298690026552,464.5035646998663
-71.6892,-44.7964,-8.8849,22.5,84.99999999999999,96.0,212.0,459.838910226309,33.22999999999999,59.67217954738198,464.88366853445655
-74.6394,-39.6865,-8.8849,23.8,84.99999999999999,96.0,208.0,460.12597380053097,33.73,59.77,465.2161621933259
-77.226,-34.3832,-8.8849,22.9,84.99999999999999,96.0,204.0,460.40602427501864,34.07,59.799455113154494,465.52169328674603
-79.4363,-28.9125,-8.8849,22.8,84.99999999999999,96.0,200.0,460.80293642577794,34.39,59.86,465.94553106411433
-81.2596,-23.3008,-8.8849,22.6,84.99999999999999,96.0,196.0,460.99153371156126,34.603531787111024,59.87348131262344,466.1495814975834
-82.6871,-17.5757,-8.8849,21.8,84.99999999999999,96.0,192.0,461.1503129405255,35.129999999999995,59.872986900265516,466.345904437365
-83.7117,-11.7649,-8.8849,21.2,84.99999999999999,96.0,188.0,461.22005047448755,35.71646821288897,59.90696262524689,466.4637662587244
-84.3284,-5.8968,-8.8849,23.0,84.99999999999999,96.0,183.99999999999997,461.37940463866687,36.00293642577795,59.86,466.6373174704412
-84.5344,0.0,-8.8849,22.7,84.99999999999999,96.0,180.0,461.27381420791846,36.510544886845494,59.90999999999999,466.578781838454
-84.3284,5.8968,-8.8849,23.3,84.99999999999999,96.0,175.99999999999997,461.26267395973986,36.95891022630901,59.839999999999996,466.59408593938014
-83.7117,11.7649,-8.8849,22.6,84.99999999999999,96.0,171.99999999999997,461.10080735288346,37.47348131262344,59.852391538932444,466.4767144414587
-82.6871,17.5757,-8.8849,23.6,84.99999999999999,96.0,167.99999999999997,460.98526739662265,37.829455113154495,59.76646821288897,466.3802259461009
-81.2596,23.3008,-8.8849,22.7,84.99999999999999,96.0,163.99999999999997,460.70841581395104,38.21353178711102,59.75054488684548,466.1358664892886
-79.4363,28.9125,-8.8849,22.5,84.99999999999999,96.0,159.99999999999997,460.4570130997343,38.62701309973447,59.69592332604348,465.91448820087663
-77.226,34.3832,-8.8849,23.6,84.99999999999999,96.0,155.99999999999997,460.2,39.06999999999999,59.612986900265525,465.6868186959678
-74.6394,39.6865,-8.8849,22.5,84.99999999999999,96.0,151.99999999999997,459.9089607007965,39.21651868737655,59.58483355235249,465.40792844590186
-71.6892,44.7964,-8.8849,22.7,84.99999999999999,96.0,147.99999999999997,459.5276084610675,39.50755798657997,59.44348131262344,465.0376302478922
-68.3897,49.6881,-8.8849,22.0,84.99999999999999,96.0,143.99999999999997,459.1924924879076,39.85646821288897,59.34646821288897,464.7238820041483
-64.7571,54.3376,-8.8849,23.0,84.99999999999999,96.0,139.99999999999997,458.8194046386669,39.95353178711102,59.23755798657997,464.3496732543891
-60.8089,58.7225,-8.8849,23.3,84.99999999999999,96.0,136.0,458.3798990510248,39.932986900265526,59.169455113154505,463.90494685354673
-56.5645,62.8213,-8.8849,23.6,84.99999999999999,96.0,131.99999999999997,457.95696262524683,39.92298690026553,59.076468212888976,463.4743289509021
-52.0445,66.614,-8.8849,23.3,84.99999999999999,96.0,128.0,457.478153347913,39.95646821288897,58.991897126574536,462.9933304803176
-47.271,70.0822,-8.8849,22.1,84.99999999999999,96.0,124.0,457.13,39.93054488684549,58.86108977369099,462.6304283164985
-42.2672,73.2089,-8.8849,23.4,84.99999999999999,96.0,119.99999999999997,456.71693210552866,39.799455113154494,58.76950558764208,462.19931575696427
-37.0574,75.979,-8.8849,23.1,84.99999999999999,96.0,115.99999999999997,456.3426234852523,39.37,58.77537843919798,461.7933867218907
-31.6671,78.3789,-8.8849,23.4,84.99999999999999,96.0,112.0,456.0890616497717,39.179455113154496,58.66,461.511925587555
-26.1226,80.397,-8.8849,23.4,84.99999999999999,96.0,107.99999999999997,455.8096870594743,38.91646821288897,58.61646821288897,461.2080362061933
-20.4507,82.0233,-8.8849,22.6,84.99999999999999,96.0,104.0,455.62945511315445,38.5705448868455,58.53163466053648,460.9900644868745
-14.6792,83.2501,-8.8849,22.2,84.99999999999999,96.0,100.0,455.41158418604886,38.14407667395652,58.500544886845496,460.7352768653744
-8.8362,84.0713,-8.8849,23.2,84.99999999999999,96.0,96.0,455.2266196363517,37.81701309973447,58.529455113154505,460.5291508918495
-2.9502,84.4829,-8.8849,23.9,84.99999999999999,96.0,91.99999999999999,455.1791421726289,37.38,58.499455113154504,460.4427240358417
2.9502,84.4829,-8.8849,23.5,84.99999999999999,96.0,87.99999999999999,455.2089607007966,36.91353178711102,58.5694551131545,460.44346862948254
8.8362,84.0713,-8.8849,21.8,84.99999999999999,96.0,83.99999999999999,455.20864776027094,36.537013099734466,58.588910226309,460.4156021720931
14.6792,83.2501,-8.8849,22.4,84.99999999999999,96.0,79.99999999999999,455.32348131262336,36.10108977369099,58.652986900265525,460.5029144205471
20.4507,82.0233,-8.8849,21.5,84.99999999999999,96.0,75.99999999999999,455.4538447276366,35.78353178711103,58.67103929920341,460.60933194714363
26.1226,80.397,-8.8849,22.2,84.99999999999999,96.0,71.99999999999999,455.68158418604884,35.440544886845494,58.743531787111024,460.8172532740142
31.6671,78.3789,-8.8849,22.7,84.99999999999999,96.0,68.0,455.961352239729,35.126518687376546,58.80701309973447,461.07796720412614
37.0574,75.979,-8.8849,21.8,84.99999999999999,96.0,64.0,456.2018971265745,34.7805448868455,58.86537843919796,461.2970735039423
42.2672,73.2089,-8.8849,23.8,84.99999999999999,96.0,59.999999999999986,456.54615527236325,34.63999999999999,58.85646821288897,461.6258282900466
47.271,70.0822,-8.8849,20.8,84.99999999999999,96.0,56.0,456.90597380053106,34.565973800531054,58.90298690026552,461.9820746578415
52.0445,66.614,-8.8849,22.5,84.99999999999999,96.0,52.0,457.25787092710556,34.30646821288897,58.94457108631444,462.3160788319838
56.5645,62.8213,-8.8849,22.8,84.99999999999999,96.0,48.0,457.61542891368555,34.26,58.99646821288896,462.6728991862942
60.8089,58.7225,-8.8849,22.8,84.99999999999999,96.0,43.99999999999999,458.01049441235784,34.22353178711102,58.99651868737654,463.0609596338973
64.7571,54.3376,-8.8849,22.1,84.99999999999999,96.0,39.99999999999999,458.33277490871507,34.27651868737655,59.032442013420024,463.38821899020775
68.3897,49.6881,-8.8849,23.5,84.99999999999999,96.0,35.99999999999999,458.698314864976,34.39999999999999,59.033531787111016,463.75905590643566
71.6892,44.7964,-8.8849,23.2,84.99999999999999,96.0,32.0,458.9835822615986,34.52054488684551,59.082391538932455,464.0563821292991
74.6394,39.6865,-8.8849,22.4,84.99999999999999,96.0,28.0,459.323531787111,34.595923326043476,59.06701309973446,464.3962713036043
77.226,34.3832,-8.8849,22.7,84.99999999999999,96.0,24.0,459.52765893555505,34.91,59.03054488684548,464.6170279449836
79.4363,28.9125,-8.8849,21.9,84.99999999999999,96.0,19.999999999999996,459.7693036896917,35.15,59.05353178711102,464.87703183942665
81.2596,23.3008,-8.8849,24.2,84.99999999999999,96.0,16.0,459.83452061182686,35.62298690026553,59.09298690026554,464.98254229895565
82.6871,17.5757,-8.8849,22.5,84.99999999999999,96.0,12.0,459.9196365849867,35.839999999999996,59.047013099734464,465.077549955345
83.7117,11.7649,-8.8849,23.7,84.99999999999999,96.0,8.0,460.0164682128889,36.16537843919799,59.07244201342002,465.2017186448682
84.3284,5.8968,-8.8849,21.7,84.99999999999999,96.0,4.0,459.996468212889,36.65,58.9994551131545,465.21060711464924
84.5344,0.0,-8.8849,23.4,84.99999999999999,96.0,0.0,459.9794551131545,36.96244201342003,59.01293642577794,465.2202144268699
83.7087,0.0,-14.7601,22.6,84.99999999999999,100.0,0.0,459.917820452618,37.0094551131545,58.949999999999996,465.15503204593966
83.5047,5.8392,-14.7601,22.6,84.99999999999999,100.0,4.0,459.9484158139511,36.62353178711101,58.942986900265524,465.15384981213435
82.894,11.65,-14.7601,23.0,84.99999999999999,100.0,8.0,459.9781028734254,36.133481312623445,58.95353178711103,465.14621626428305
81.8794,17.404,-14.7601,23.2,84.99999999999999,100.0,12.0,459.985973800531,35.8,58.98701309973447,465.1324583467069
80.4659,23.0732,-14.7601,23.1,84.99999999999999,100.0,16.0,459.7704944123579,35.5694551131545,59.0094551131545,464.90451649987455
78.6604,28.63,-14.7601,22.9,84.99999999999999,100.0,19.999999999999996,459.5943391399945,35.18108977369099,58.997608461067536,464.6992397791481
76.4717,34.0474,-14.7601,22.7,84.99999999999999,100.0,24.0,459.36358226159865,35.12701309973447,58.96542891368555,464.462839810132
73.9104,39.2988,-14.7601,24.1,84.99999999999999,100.0,28.0,459.2309888247158,34.75999999999999,59.00407667395652,464.30899168664865
70.989,44.3588,-14.7601,22.5,84.99999999999999,100.0,32.0,458.8305448868454,34.55298690026552,58.97353178711102,463.8935818443005
67.7217,49.2027,-14.7601,22.9,84.99999999999999,100.0,35.99999999999999,458.64948563287265,34.391897126574534,58.942986900265524,463.6986402438424
64.1246,53.8069,-14.7601,22.7,84.99999999999999,100.0,39.99999999999999,458.288153347913,34.319455113154504,58.93407667395652,463.33474064839544
60.215,58.1489,-14.7601,22.9,84.99999999999999,100.0,43.99999999999999,457.9640261994689,34.39999999999999,58.93701309973445,463.02049717690267
56.012,62.2077,-14.7601,22.2,84.99999999999999,100.0,48.0,457.61511597315985,34.439949525512425,58.905923326043464,462.6744128362213
51.5362,65.9633,-14.7601,22.1,84.99999999999999,100.0,52.0,457.3010392992034,34.45701309973447,58.844571086314424,462.35723184807995
46.8093,69.3976,-14.7601,23.0,84.99999999999999,100.0,56.0,456.93917269234703,34.419455113154505,58.840544886845485,461.99601313608093
41.8543,72.4938,-14.7601,21.7,84.99999999999999,100.0,59.999999999999986,456.5464682128889,34.699999999999996,58.81244201342003,461.6250328711001
36.6955,75.2368,-14.7601,24.0,84.99999999999999,100.0,64.0,456.3015036631918,34.882986900265536,58.779999999999994,461.39242887196787
31.3578,77.6133,-14.7601,22.9,84.99999999999999,100.0,68.0,455.97189712657456,35.18353178711102,58.70353178711103,461.0795555243178
25.8674,79.6117,-14.7601,22.8,84.99999999999999,100.0,71.99999999999999,455.72,35.46999999999999,58.69298690026554,460.85106706101345
20.251,81.2222,-14.7601,22.9,84.99999999999999,100.0,75.99999999999999,455.59755798657994,35.7794551131545,58.635973800531055,460.7466567161024
14.5359,82.4369,-14.7601,21.7,84.99999999999999,100.0,79.99999999999999,455.3937132589433,36.12353178711102,58.59457108631443,460.56668071554225
8.7499,83.2501,-14.7601,22.2,84.99999999999999,100.0,83.99999999999999,455.2843086202763,36.5605448868455,58.57298690026551,460.4902495305245
2.9214,83.6577,-14.7601,22.7,84.99999999999999,100.0,87.99999999999999,455.22493450132754,36.897013099734465,58.54701309973446,460.4550828368826
-2.9214,83.6577,-14.7601,23.1,84.99999999999999,100.0,91.99999999999999,455.2929364257779,37.38298690026553,58.498910226309,460.55539098620767
-8.7499,83.2501,-14.7601,22.8,84.99999999999999,100.0,96.0,455.36587285155593,37.83353178711102,58.47298690026552,460.6609864991655
-14.5359,82.4369,-14.7601,21.8,84.99999999999999,100.0,100.0,455.42986900265527,38.19701309973447,58.45298690026553,460.75170001539834
-20.251,81.2222,-14.7601,23.0,84.99999999999999,100.0,104.0,455.6377699781304,38.565923326043475,58.52,460.99641893688715
-25.8674,79.6117,-14.7601,22.2,84.99999999999999,100.0,107.99999999999997,455.7932493663036,38.9205448868455,58.60353178711102,461.19049092550176
-31.3578,77.6133,-14.7601,21.9,84.99999999999999,100.0,112.0,456.01838529423287,39.32,58.65646821288897,461.4535853036241
-36.6955,75.2368,-14.7601,23.4,84.99999999999999,100.0,115.99999999999997,456.3323410644448,39.42999999999999,58.74999999999999,461.7851155043401
-41.8543,72.4938,-14.7601,22.2,84.99999999999999,100.0,119.99999999999997,456.708153347913,39.757013099734465,58.78298690026553,462.1887027762471
-46.8093,69.3976,-14.7601,22.7,84.99999999999999,100.0,124.0,457.03433913999453,39.91402619946894,58.84755798657996,462.53275745785544
-51.5362,65.9633,-14.7601,21.2,84.99999999999999,100.0,128.0,457.4440766739565,39.98054488684549,58.93407667395651,462.9543742605198
-56.012,62.2077,-14.7601,22.3,84.99999999999999,100.0,131.99999999999997,457.7791222178594,40.13298690026552,59.04054488684549,463.3121704818754
-60.215,58.1489,-14.7601,22.2,84.99999999999999,100.0,136.0,458.2339757249813,40.002986900265526,59.14353178711102,463.76348802155456
-64.1246,53.8069,-14.7601,22.6,84.99999999999999,100.0,139.99999999999997,458.66168513502396,39.917013099734476,59.21999999999999,464.188450681083
-67.7217,49.2027,-14.7601,22.0,84.99999999999999,100.0,143.99999999999997,459.0597981020496,39.82999999999999,59.31755798657996,464.5868054723313
-70.989,44.3588,-14.7601,22.5,84.99999999999999,100.0,147.99999999999997,459.405973800531,39.45701309973447,59.42298690026553,464.9105247448329
-73.9104,39.2988,-14.7601,22.3,84.99999999999999,100.0,151.99999999999997,459.7478709271055,39.197608461067546,59.49999999999999,465.2362919324691
-76.4717,34.0474,-14.7601,22.8,84.99999999999999,100.0,155.99999999999997,460.05324936630353,39.01244201342003,59.573481312623436,465.5319135784895
-78.6604,28.63,-14.7601,23.0,84.99999999999999,100.0,159.99999999999997,460.36701309973444,38.78298690026552,59.637013099734475,465.83095662990786
-80.4659,23.0732,-14.7601,22.5,84.99999999999999,100.0,163.99999999999997,460.6502319463198,38.25999999999999,59.690544886845494,466.07448432743746
-81.8794,17.404,-14.7601,23.4,84.99999999999999,100.0,167.99999999999997,460.87098882471577,37.82293642577795,59.72189712657453,466.2610297425004
-82.894,11.65,-14.7601,22.5,84.99999999999999,100.0,171.99999999999997,461.02013099734467,37.32,59.79999999999998,466.37794071419034
-83.5047,5.8392,-14.7601,22.6,84.99999999999999,100.0,175.99999999999997,461.137063574222,36.92348131262344,59.802986900265516,466.46235873464974
-83.7087,0.0,-14.7601,22.6,84.99999999999999,100.0,180.0,461.1759233260435,36.59,59.849999999999994,466.48052784186905
-83.5047,-5.8392,-14.7601,22.6,84.99999999999999,100.0,183.99999999999997,461.19800192445024,36.04701309973447,59.791089773690985,466.4525255037679
-82.894,-11.65,-14.7601,22.4,84.99999999999999,100.0,188.0,461.11566086000545,35.78298690026553,59.839999999999996,466.35705252720703
-81.8794,-17.404,-14.7601,21.4,84.99999999999999,100.0,192.0,461.0686982347584,35.12353178711102,59.81054488684549,466.25669781436517
-80.4659,-23.0732,-14.7601,23.3,84.99999999999999,100.0,196.0,460.791089773691,34.80891022630901,59.767820452618004,465.95308884867944
-78.6604,-28.63,-14.7601,22.7,84.99999999999999,100.0,200.0,460.6786477602709,34.33348131262345,59.78945511315449,465.8093852468024
-76.4717,-34.0474,-14.7601,22.7,84.99999999999999,100.0,204.0,460.4158728515559,33.9505448868455,59.702442013420026,465.51025451018756
-73.9104,-39.2988,-14.7601,24.0,84.99999999999999,100.0,208.0,460.159011175284,33.68701309973447,59.65701309973446,465.23122168377597
-70.989,-44.3588,-14.7601,23.1,84.99999999999999,100.0,212.0,459.8335822615986,33.35353178711103,59.66353178711102,464.88613496588584
-67.7217,-49.2027,-14.7601,23.4,84.99999999999999,100.0,215.99999999999994,459.39521692213503,33.1594551131545,59.55,464.42407053719427
-64.1246,-53.8069,-14.7601,22.4,84.99999999999999,100.0,220.0,459.02207859840684,32.87646821288897,59.41457108631444,464.01748033918483
-60.215,-58.1489,-14.7601,22.7,84.99999999999999,100.0,224.0,458.6018971265745,32.679455113154496,59.33,463.57706558304403
-56.012,-62.2077,-14.7601,23.0,84.99999999999999,100.0,228.0,458.13963658498676,32.73402619946894,59.23293642577794,463.11120029542747
-51.5362,-65.9633,-14.7601,22.6,84.99999999999999,100.0,231.99999999999994,457.64267395973985,32.68701309973447,59.13537843919797,462.6037730472484
-46.8093,-69.3976,-14.7601,21.8,84.99999999999999,100.0,236.0,457.105216922135,32.64103929920341,59.027557986579964,462.0550501680761
-41.8543,-72.4938,-14.7601,24.2,84.99999999999999,100.0,239.99999999999994,456.66765893555504,32.749455113154504,58.949999999999996,461.6199519387013
-36.6955,-75.2368,-14.7601,23.0,84.99999999999999,100.0,243.99999999999994,456.30324936630353,32.93407667395652,58.82999999999999,461.2572792798104
-31.3578,-77.6133,-14.7601,25.0,84.99999999999999,100.0,248.0,455.8235822615986,33.11189712657453,58.719999999999985,460.7814821334698
-25.8674,-79.6117,-14.7601,24.0,84.99999999999999,100.0,252.0,455.39750751209243,33.49999999999999,58.593531787111026,460.3719602837617
-20.251,-81.2222,-14.7601,22.1,84.99999999999999,100.0,256.0,454.99805239893794,33.629455113154506,58.547013099734464,459.980348146456
-14.5359,-82.4369,-14.7601,24.9,84.99999999999999,100.0,259.99999999999994,454.619243121604,34.112986900265525,58.41054488684549,459.623915658983
-8.7499,-83.2501,-14.7601,23.5,84.99999999999999,100.0,263.99999999999994,454.42727556577245,34.680544886845496,58.367013099734464,459.470997115121
-2.9214,-83.6577,-14.7601,23.9,84.99999999999999,100.0,267.99999999999994,454.24646821288894,35.06298690026553,58.33353178711102,459.31695795497166
2.9214,-83.6577,-14.7601,23.6,84.99999999999999,100.0,272.0,454.10999999999996,35.476518687376554,58.34298690026552,459.21496012066103
8.7499,-83.2501,-14.7601,23.0,84.99999999999999,100.0,276.0,453.9943391399945,35.939455113154494,58.275923326043475,459.1280732480793
14.5359,-82.4369,-14.7601,23.4,84.99999999999999,100.0,279.99999999999994,453.98428866550694,36.40353178711102,58.266518687376546,459.1535023079405
20.251,-81.2222,-14.7601,23.4,84.99999999999999,100.0,283.99999999999994,454.033037374753,36.81298690026553,58.30298690026552,459.2389719021628
25.8674,-79.6117,-14.7601,24.9,84.99999999999999,100.0,287.99999999999994,454.14108977369085,37.312986900265535,58.29293642577793,459.38486571653044
31.3578,-77.6133,-14.7601,24.2,84.99999999999999,100.0,291.99999999999994,454.3801814718322,37.697557986579966,58.29298690026552,459.6526161290516
36.6955,-75.2368,-14.7601,23.4,84.99999999999999,100.0,295.99999999999994,454.62498450446657,38.15433913999456,58.27945511315449,459.93056543263395
41.8543,-72.4938,-14.7601,22.4,84.99999999999999,100.0,300.0,454.98397572498135,38.400544886845495,58.325973800531045,460.3117848088372
46.8093,-69.3976,-14.7601,23.5,84.99999999999999,100.0,303.99999999999994,455.2354793881732,38.61646821288897,58.31701309973447,460.5772978859157
51.5362,-65.9633,-14.7601,24.1,84.99999999999999,100.0,308.0,455.5945710863144,38.88646821288898,58.314076673956514,460.9545554083731
56.012,-62.2077,-14.7601,23.5,84.99999999999999,100.0,311.99999999999994,455.99935416417935,39.222986900265525,58.348910226309,461.38752586532394
60.215,-58.1489,-14.7601,22.9,84.99999999999999,100.0,315.99999999999994,456.33244201342,39.23353178711102,58.35298690026552,461.7181377535478
64.1246,-53.8069,-14.7601,23.8,84.99999999999999,100.0,319.99999999999994,456.8504944123578,39.262986900265524,58.39,462.23732917749754
67.7217,-49.2027,-14.7601,24.2,84.99999999999999,100.0,323.99999999999994,457.3464177384013,39.25999999999999,58.455923326043475,462.7355490882979
70.989,-44.3588,-14.7601,24.9,84.99999999999999,100.0,327.99999999999994,457.74542891368543,39.25646821288897,58.49054488684549,463.13398906696915
73.9104,-39.2988,-14.7601,24.5,84.99999999999999,100.0,331.99999999999994,458.2083148649759,39.09,58.52,463.5811453363919
76.4717,-34.0474,-14.7601,23.0,84.99999999999999,100.0,335.99999999999994,458.54653864214583,38.888910226309,58.53836533946351,463.90086835001654
78.6604,-28.63,-14.7601,25.1,84.99999999999999,100.0,339.99999999999994,458.9076084610674,38.51945511315451,58.58701309973446,464.2331091484311
80.4659,-23.0732,-14.7601,23.4,84.99999999999999,100.0,343.99999999999994,459.1543391399945,38.41298690026552,58.58701309973446,464.4681935478828
81.8794,-17.404,-14.7601,23.4,84.99999999999999,100.0,347.99999999999994,459.45402619946896,38.06999999999999,58.63,464.741652954523
82.894,-11.65,-14.7601,23.8,84.99999999999999,100.0,351.99999999999994,459.68885975182144,37.65999999999999,58.666468212888965,464.9450267209056
83.5047,-5.8392,-14.7601,24.2,84.99999999999999,100.0,356.0,459.7642581457888,37.330544886845495,58.6694551131545,464.9933844832319
82.2742,-5.7532,-20.5634,24.8,84.99999999999999,104.0,356.0,459.77298690026544,37.32706357422205,58.5894551131545,464.99164875158993
81.6725,-11.4783,-20.5634,24.0,84.99999999999999,104.0,351.99999999999994,459.6418971265745,37.74348131262344,58.58407667395651,464.8949752529628
80.6729,-17.1475,-20.5634,23.9,84.99999999999999,104.0,347.99999999999994,459.46244201342,37.98701309973447,58.59,464.73813797145453
79.2802,-22.7332,-20.5634,22.7,84.99999999999999,104.0,343.99999999999994,459.19103929920334,38.21701309973447,58.507013099734465,464.47822472619777
77.5013,-28.2082,-20.5634,23.9,84.99999999999999,104.0,339.99999999999994,458.88490398160945,38.46298690026552,58.51646821288898,464.1970847771569
75.3448,-33.5457,-20.5634,23.5,84.99999999999999,104.0,335.99999999999994,458.5183653394634,38.95,58.44353178711102,463.866187883235
72.8212,-38.7197,-20.5634,25.4,84.99999999999999,104.0,331.99999999999994,458.14760846106753,38.934621560802015,58.40298690026552,463.4933060719983
69.9429,-43.7052,-20.5634,23.0,84.99999999999999,104.0,327.99999999999994,457.765711334493,39.14999999999999,58.39646821288897,463.1331519912101
66.7238,-48.4777,-20.5634,24.4,84.99999999999999,104.0,323.99999999999994,457.40787092710553,39.18999999999999,58.39999999999999,462.78329322272174
63.1796,-53.014,-20.5634,23.3,84.99999999999999,104.0,319.99999999999994,457.1188597518214,38.969455113154496,58.36646821288896,462.47477226792347
59.3276,-57.292,-20.5634,23.3,84.99999999999999,104.0,315.99999999999994,456.6381533479131,39.11244201342003,58.322986900265526,462.00623049285156
55.1866,-61.291,-20.5634,23.4,84.99999999999999,104.0,311.99999999999994,456.2431484173285,39.09,58.30646821288896,461.6118313184976
50.7768,-64.9913,-20.5634,24.8,84.99999999999999,104.0,308.0,455.74602427501867,38.87054488684549,58.29353178711101,461.1003076885778
46.1195,-68.375,-20.5634,24.0,84.99999999999999,104.0,303.99999999999994,455.4221795473819,38.612986900265525,58.29353178711102,460.7585704349543
41.2376,-71.4256,-20.5634,23.0,84.99999999999999,104.0,300.0,455.1650654986723,38.366518687376555,58.25701309973446,460.479213626307
36.1547,-74.1282,-20.5634,23.6,84.99999999999999,104.0,295.99999999999994,454.85212907289434,37.92810287342546,58.21005047448757,460.127602177879
30.8957,-76.4696,-20.5634,22.9,84.99999999999999,104.0,291.99999999999994,454.7061857920815,37.70163466053649,58.29108977369098,459.9749773636214
25.4862,-78.4385,-20.5634,23.7,84.99999999999999,104.0,287.99999999999994,454.54701309973444,37.25592332604347,58.21999999999999,459.7722907491992
19.9525,-80.0253,-20.5634,24.4,84.99999999999999,104.0,283.99999999999994,454.3370130997345,36.88945511315451,58.281089773690994,459.54285849759736
14.3217,-81.2222,-20.5634,23.0,84.99999999999999,104.0,279.99999999999994,454.272179547382,36.24457108631444,58.24407667395653,459.4227405250653
8.621,-82.0233,-20.5634,24.0,84.99999999999999,104.0,276.0,454.3029869002655,35.882986900265536,58.23298690026553,459.4234140950088
2.8783,-82.4249,-20.5634,23.2,84.99999999999999,104.0,272.0,454.35760846106757,35.43706357422206,58.274884026840056,459.44812977045177
-2.8783,-82.4249,-20.5634,23.4,84.99999999999999,104.0,267.99999999999994,454.4667506336964,34.9605448868455,58.28646821288896,459.5210327145729
-8.621,-82.0233,-20.5634,24.0,84.99999999999999,104.0,263.99999999999994,454.6880523989378,34.51597380053106,58.32402619946894,459.7110717329467
-14.3217,-81.2222,-20.5634,24.2,84.99999999999999,104.0,259.99999999999994,454.92059536133297,34.08945511315451,58.41597380053104,459.9209334536598
-19.9525,-80.0253,-20.5634,23.2,84.99999999999999,104.0,256.0,455.1805953613331,33.819455113154504,58.52457108631444,460.1719845432633
-25.4862,-78.4385,-20.5634,22.6,84.99999999999999,104.0,252.0,455.5589607007966,33.43,58.54597380053105,460.520534420608
-30.8957,-76.4696,-20.5634,23.9,84.99999999999999,104.0,248.0,456.06582237706834,33.27298690026553,58.71348131262345,461.03188489038877
-36.1547,-74.1282,-20.5634,24.2,84.99999999999999,104.0,243.99999999999994,456.44293642577793,32.93999999999999,58.779455113154505,461.3894473829956
-41.2376,-71.4256,-20.5634,23.6,84.99999999999999,104.0,239.99999999999994,456.89114024817854,32.95651868737655,58.92298690026552,461.852318979261
-46.1195,-68.375,-20.5634,23.3,84.99999999999999,104.0,236.0,457.40493450132766,32.83706357422205,59.0594551131545,462.3695124990445
-50.7768,-64.9913,-20.5634,23.9,84.99999999999999,104.0,231.99999999999994,457.80986900265526,32.73298690026552,59.14701309973446,462.7739121280082
-55.1866,-61.291,-20.5634,23.2,84.99999999999999,104.0,228.0,458.29597380053104,32.73298690026552,59.21298690026552,463.2632360233661
-59.3276,-57.292,-20.5634,24.0,84.99999999999999,104.0,224.0,458.78049441235794,32.868910226309,59.3305448868455,463.76720546981625
-63.1796,-53.014,-20.5634,23.5,84.99999999999999,104.0,220.0,459.2123915389324,32.95701309973447,59.447820452618025,464.21571344788464
-66.7238,-48.4777,-20.5634,23.8,84.99999999999999,104.0,215.99999999999994,459.62229058995723,33.20646821288897,59.522442013420026,464.6485130091063
-69.9429,-43.7052,-20.5634,24.5,84.99999999999999,104.0,212.0,460.0040261994689,33.430544886845496,59.58298690026553,465.0499304151225
-72.8212,-38.7197,-20.5634,23.4,84.99999999999999,104.0,208.0,460.2789607007965,33.76701309973447,59.63,465.35219966975876
-75.3448,-33.5457,-20.5634,24.0,84.99999999999999,104.0,204.0,460.6615841860488,34.09054488684549,59.70000000000001,465.7631913273978
-77.5013,-28.2082,-20.5634,26.1,84.99999999999999,104.0,200.0,460.9439252504937,34.419455113154505,59.78701309973446,466.077770389242
-79.2802,-22.7332,-20.5634,22.9,84.99999999999999,104.0,196.0,461.1215841860489,34.75999999999999,59.76298690026553,466.27565624369953
-80.6729,-17.1475,-20.5634,24.7,84.99999999999999,104.0,192.0,461.2324924879077,35.17701309973447,59.82646821288897,466.4247427785693
-81.6725,-11.4783,-20.5634,24.7,84.99999999999999,104.0,188.0,461.4471440970792,35.727013099734464,59.83701309973446,466.6801414213776
-82.2742,-5.7532,-20.5634,24.2,84.99999999999999,104.0,183.99999999999997,461.40646821288897,36.0205448868455,59.81244201342003,466.6593369710347
-82.4751,0.0,-20.5634,22.2,84.99999999999999,104.0,180.0,461.28493450132754,36.510544886845494,59.83353178711101,466.57996336313846
-82.2742,5.7532,-20.5634,22.6,84.99999999999999,104.0,175.99999999999997,461.32293642577787,36.91701309973447,59.76054488684549,466.64016142406876
-81.6725,11.4783,-20.5634,23.4,84.99999999999999,104.0,171.99999999999997,461.1483653394635,37.40353178711102,59.78407667395653,466.5093513201705
-80.6729,17.1475,-20.5634,23.6,84.99999999999999,104.0,167.99999999999997,460.95114024817866,37.793531787111014,59.686518687376555,466.3333413493592
-79.2802,22.7332,-20.5634,24.7,84.99999999999999,104.0,163.99999999999997,460.79472250977716,38.22402619946894,59.626468212888966,466.2061434422576
-77.5013,28.2082,-20.5634,23.2,84.99999999999999,104.0,159.99999999999997,460.5840766739565,38.50999999999999,59.60298690026553,466.0184844327897
-75.3448,33.5457,-20.5634,23.5,84.99999999999999,104.0,155.99999999999997,460.28462156080195,38.897013099734465,59.49646821288897,465.7410656182885
-72.8212,38.7197,-20.5634,23.4,84.99999999999999,104.0,151.99999999999997,460.03792140159305,39.211897126574534,59.41054488684549,465.5127010592893
-69.9429,43.7052,-20.5634,25.1,84.99999999999999,104.0,147.99999999999997,459.6318971265744,39.35244201342003,59.35244201342003,465.11590805040186
-66.7238,48.4777,-20.5634,23.8,84.99999999999999,104.0,143.99999999999997,459.25433913999456,39.58701309973447,59.258910226309006,464.7507913562724
-63.1796,53.014,-20.5634,24.4,84.99999999999999,104.0,139.99999999999997,458.8135822615985,39.79054488684549,59.13353178711102,464.31666490847596
-59.3276,57.292,-20.5634,24.2,84.99999999999999,104.0,136.0,458.4699495255124,39.92,59.01353178711102,463.97294959072156
-55.1866,61.291,-20.5634,24.2,84.99999999999999,104.0,131.99999999999997,458.0976389807857,39.944621560802005,58.90999999999999,463.5940117510212
-50.7768,64.9913,-20.5634,23.2,84.99999999999999,104.0,128.0,457.6324924879076,39.93646821288897,58.830544886845495,463.123582519501
-46.1195,68.375,-20.5634,22.8,84.99999999999999,104.0,124.0,457.2445206118269,39.75,58.7494551131545,462.7138560769841
-41.2376,71.4256,-20.5634,26.0,84.99999999999999,104.0,119.99999999999997,456.9516346605364,39.60163466053649,58.68108977369099,462.4030235452088
-36.1547,74.1282,-20.5634,23.7,84.99999999999999,104.0,115.99999999999997,456.6067506336964,39.40999999999999,58.58810287342545,462.03402323050807
-30.8957,76.4696,-20.5634,24.2,84.99999999999999,104.0,112.0,456.2718971265745,39.14054488684549,58.51054488684549,461.67034800220614
-25.4862,78.4385,-20.5634,23.6,84.99999999999999,104.0,107.99999999999997,455.9966196363517,38.90701309973446,58.42402619946893,461.36757539458574
-19.9525,80.0253,-20.5634,23.6,84.99999999999999,104.0,104.0,455.7402319463198,38.60054488684549,58.412442013420026,461.086948917466
-14.3217,81.2222,-20.5634,24.3,84.99999999999999,104.0,100.0,455.5531683720978,38.28244201342003,58.329455113154495,460.865012681767
-8.621,82.0233,-20.5634,25.0,84.99999999999999,104.0,96.0,455.425973800531,37.861089773690985,58.31298690026553,460.70238133988846
-2.8783,82.4249,-20.5634,24.8,84.99999999999999,104.0,91.99999999999999,455.49130176524136,37.45701309973447,58.30651868737655,460.7331157357687
2.8783,82.4249,-20.5634,24.7,84.99999999999999,104.0,87.99999999999999,455.4792736413222,37.077013099734465,58.33108977369099,460.69359627784144
8.621,82.0233,-20.5634,23.8,84.99999999999999,104.0,83.99999999999999,455.476962625247,36.692986900265524,58.36646821288896,460.6650446708865
14.3217,81.2222,-20.5634,24.5,84.99999999999999,104.0,79.99999999999999,455.56483355235247,36.35999999999999,58.390544886845504,460.7285783427867
19.9525,80.0253,-20.5634,24.2,84.99999999999999,104.0,75.99999999999999,455.69978800844956,35.839999999999996,58.49348131262344,460.83434089379244
25.4862,78.4385,-20.5634,24.2,84.99999999999999,104.0,71.99999999999999,455.91776997813037,35.550544886845486,58.48755798657996,461.02673313249045
30.8957,76.4696,-20.5634,24.3,84.99999999999999,104.0,68.0,456.1389607007965,35.23651868737655,58.564026199468934,461.23107970203034
36.1547,74.1282,-20.5634,23.6,84.99999999999999,104.0,64.0,456.42592332604346,35.00054488684549,58.59,461.5002163882563
41.2376,71.4256,-20.5634,24.4,84.99999999999999,104.0,59.999999999999986,456.69194760106217,34.69701309973448,58.65701309973446,461.7489176029294
46.1195,68.375,-20.5634,24.6,84.99999999999999,104.0,56.0,457.0393036896917,34.58810287342546,58.64108977369098,462.0822863813186
50.7768,64.9913,-20.5634,24.1,84.99999999999999,104.0,52.0,457.349243121604,34.5594551131545,58.65651868737655,462.38866044286243
55.1866,61.291,-20.5634,24.2,84.99999999999999,104.0,48.0,457.72194760106214,34.43,58.6694551131545,462.7492962490423
59.3276,57.292,-20.5634,25.5,84.99999999999999,104.0,43.99999999999999,458.06189712657437,34.32353178711102,58.67244201342002,463.0780300180039
63.1796,53.014,-20.5634,24.2,84.99999999999999,104.0,39.99999999999999,458.41324936630355,34.309999999999995,58.690544886845494,463.4268694774696
66.7238,48.4777,-20.5634,24.2,84.99999999999999,104.0,35.99999999999999,458.73896070079655,34.42298690026553,58.7694551131545,463.76742549070855
69.9429,43.7052,-20.5634,24.2,84.99999999999999,104.0,32.0,459.01168513502404,34.62298690026553,58.76999999999999,464.0521427731914
72.8212,38.7197,-20.5634,24.1,84.99999999999999,104.0,28.0,459.2834308381358,34.78407667395652,58.739455113154506,464.3291132585794
75.3448,33.5457,-20.5634,24.4,84.99999999999999,104.0,24.0,459.440332895295,35.00054488684549,58.699999999999996,464.4955840837624
77.5013,28.2082,-20.5634,24.1,84.99999999999999,104.0,19.999999999999996,459.69869823475847,35.24244201342003,58.768910226308996,464.77812737583594
79.2802,22.7332,-20.5634,24.3,84.99999999999999,104.0,16.0,459.9167001592088,35.62353178711103,58.73457108631443,465.01844795988063
80.6729,17.1475,-20.5634,24.6,84.99999999999999,104.0,12.0,460.00326932107293,35.82,58.70353178711103,465.1152382263517
81.6725,11.4783,-20.5634,25.1,84.99999999999999,104.0,8.0,460.05732604026,36.18054488684549,58.72506549867235,465.19932114035436
82.2742,5.7532,-20.5634,22.9,84.99999999999999,104.0,4.0,460.025973800531,36.660544886845486,58.68402619946893,465.20071695291614
82.4751,0.0,-20.5634,24.5,84.99999999999999,104.0,0.0,460.0291421726289,36.92646821288897,58.68054488684549,465.2244426628715
80.8398,0.0,-26.2664,23.8,84.99999999999999,107.99999999999997,0.0,459.9127244342274,36.96701309973447,58.71402619946894,465.11677138819823
80.6429,5.6391,-26.2664,24.7,84.99999999999999,107.99999999999997,4.0,459.90581228346804,36.616468212888975,58.687013099734465,465.07879700441134
80.0531,11.2507,-26.2664,25.5,84.99999999999999,107.99999999999997,8.0,460.02732604026005,36.29836533946351,58.76646821288898,465.18406014854526
79.0733,16.8075,-26.2664,24.7,84.99999999999999,107.99999999999997,12.0,459.84547938817315,35.91,58.76,464.97325795548585
77.7082,22.2825,-26.2664,24.8,84.99999999999999,107.99999999999997,16.0,459.80103929920335,35.591039299203416,58.752986900265526,464.90389468010244
75.9646,27.6488,-26.2664,25.9,84.99999999999999,107.99999999999997,19.999999999999996,459.6986477602709,35.39348131262344,58.8,464.79348669279847
73.8508,32.8805,-26.2664,25.1,84.99999999999999,107.99999999999997,24.0,459.47864776027086,35.093531787111026,58.75353178711103,464.54726478406815
71.3773,37.952,-26.2664,25.2,84.99999999999999,107.99999999999997,28.0,459.2838447276367,34.89,58.733531787111026,464.33672037002145
68.556,42.8386,-26.2664,24.8,84.99999999999999,107.99999999999997,32.0,459.0830878492407,34.595973800531056,58.779999999999994,464.1220220506679
65.4008,47.5164,-26.2664,24.7,84.99999999999999,107.99999999999997,35.99999999999999,458.7955603823788,34.428647760270955,58.79999999999998,463.8277029384746
61.9269,51.9628,-26.2664,26.0,84.99999999999999,107.99999999999997,39.99999999999999,458.51379425314906,34.463531787111016,58.792986900265525,463.55069825458696
58.1513,56.156,-26.2664,24.9,84.99999999999999,107.99999999999997,43.99999999999999,458.16163466053644,34.39706357422205,58.76298690026553,463.19362051606964
54.0924,60.0757,-26.2664,24.3,84.99999999999999,107.99999999999997,48.0,457.8795055876421,34.41402619946894,58.721846652086946,462.9105983995965
49.77,63.7026,-26.2664,25.3,84.99999999999999,107.99999999999997,52.0,457.4954793881731,34.62244201342003,58.68810287342545,462.542020329471
45.205,67.0192,-26.2664,26.7,84.99999999999999,107.99999999999997,56.0,457.2109083018587,34.63651868737655,58.67646821288897,462.26013349512397
40.4199,70.0093,-26.2664,25.0,84.99999999999999,107.99999999999997,59.999999999999986,456.84438961448205,34.82244201342003,58.628910226309,461.9055616728719
35.4378,72.6583,-26.2664,24.7,84.99999999999999,107.99999999999997,64.0,456.5260747495061,35.103481312623444,58.62810287342546,461.6119211772962
30.2831,74.9534,-26.2664,25.1,84.99999999999999,107.99999999999997,68.0,456.347820452618,35.36298690026552,58.59402619946894,461.45111765020926
24.9809,76.8832,-26.2664,25.5,84.99999999999999,107.99999999999997,71.99999999999999,456.15163466053644,35.58597380053105,58.544076673956525,461.2679094066893
19.5569,78.4385,-26.2664,25.5,84.99999999999999,107.99999999999997,75.99999999999999,456.02940463866685,35.98353178711102,58.48298690026553,461.1701336944399
14.0377,79.6117,-26.2664,25.0,84.99999999999999,107.99999999999997,79.99999999999999,455.87,36.258910226309006,58.42755798657997,461.02705452399937
8.4501,80.397,-26.2664,25.6,84.99999999999999,107.99999999999997,83.99999999999999,455.69701309973436,36.682986900265526,58.38054488684549,460.88360493429303
2.8213,80.7906,-26.2664,24.9,84.99999999999999,107.99999999999997,87.99999999999999,455.6714027142166,37.12592332604348,58.34298690026552,460.888994829338
-2.8213,80.7906,-26.2664,24.4,84.99999999999999,107.99999999999997,91.99999999999999,455.7089102263089,37.462442013420024,58.311897126574536,460.9493711545327
-8.4501,80.397,-26.2664,25.1,84.99999999999999,107.99999999999997,96.0,455.70085782737107,37.81999999999999,58.33407667395651,460.9734143375352
-14.0377,79.6117,-26.2664,25.0,84.99999999999999,107.99999999999997,100.0,455.8376589355551,38.065973800531054,58.376468212888966,461.1342556200316
-19.5569,78.4385,-26.2664,25.6,84.99999999999999,107.99999999999997,104.0,456.05810287342536,38.472986900265525,58.406468212888974,461.3897262040401
-24.9809,76.8832,-26.2664,26.0,84.99999999999999,107.99999999999997,107.99999999999997,456.21402619946895,38.797013099734464,58.46298690026553,461.5781263923707
-30.2831,74.9534,-26.2664,25.4,84.99999999999999,107.99999999999997,112.0,456.520262466038,39.12646821288897,58.554076673956516,461.9201342786586
-35.4378,72.6583,-26.2664,26.4,84.99999999999999,107.99999999999997,115.99999999999997,456.7632188465854,39.39457108631443,58.634076673956514,462.19316878289726
-40.4199,70.0093,-26.2664,24.3,84.99999999999999,107.99999999999997,119.99999999999997,457.1020785984068,39.629999999999995,58.699999999999996,462.55652320444483
-45.205,67.0192,-26.2664,24.5,84.99999999999999,107.99999999999997,124.0,457.43914217262886,39.80054488684549,58.83054488684548,462.920819554061
-49.77,63.7026,-26.2664,25.3,84.99999999999999,107.99999999999997,128.0,457.8290111752841,39.81,58.87462156080201,463.31248702972175
-54.0924,60.0757,-26.2664,25.0,84.99999999999999,107.99999999999997,131.99999999999997,458.1647225097771,39.78999999999999,58.96701309973447,463.6542523113158
-58.1513,56.156,-26.2664,26.3,84.99999999999999,107.99999999999997,136.0,458.56438961448214,39.67244201342003,59.05244201342003,464.0499897484743
-61.9269,51.9628,-26.2664,25.7,84.99999999999999,107.99999999999997,139.99999999999997,459.03288595129027,39.63402619946894,59.15592332604347,464.52284086157397
-65.4008,47.5164,-26.2664,24.2,84.99999999999999,107.99999999999997,143.99999999999997,459.40140271421654,39.49651868737655,59.24999999999999,464.8872834399883
-68.556,42.8386,-26.2664,24.7,84.99999999999999,107.99999999999997,147.99999999999997,459.76810287342545,39.35,59.30646821288897,465.2444390766161
-71.3773,37.952,-26.2664,24.7,84.99999999999999,107.99999999999997,151.99999999999997,460.17234106444477,39.107013099734466,59.39646821288897,465.6349239377124
-73.8508,32.8805,-26.2664,25.5,84.99999999999999,107.99999999999997,155.99999999999997,460.44947506792386,38.88054488684549,59.4894551131545,465.9017183169479
-75.9646,27.6488,-26.2664,25.7,84.99999999999999,107.99999999999997,159.99999999999997,460.65787092710553,38.61646821288897,59.59537843919799,466.0992542320166
-77.7082,22.2825,-26.2664,25.5,84.99999999999999,107.99999999999997,163.99999999999997,460.84891022630893,38.13,59.605923326043474,466.2493764632042
-79.0733,16.8075,-26.2664,23.8,84.99999999999999,107.99999999999997,167.99999999999997,461.04135223972906,37.74646821288897,59.67999999999999,466.41786708656923
-80.0531,11.2507,-26.2664,25.1,84.99999999999999,107.99999999999997,171.99999999999997,461.2410392992034,37.31,59.76701309973447,466.5912861259554
-80.6429,5.6391,-26.2664,25.5,84.99999999999999,107.99999999999997,175.99999999999997,461.34493450132754,36.89298690026552,59.779999999999994,466.6625006066561
-80.8398,0.0,-26.2664,24.6,84.99999999999999,107.99999999999997,180.0,461.46369330417394,36.537013099734466,59.842442013420026,466.75990769378257
-80.6429,-5.6391,-26.2664,24.9,84.99999999999999,107.99999999999997,183.99999999999997,461.50447013733924,36.08353178711102,59.82999999999999,466.7633513066099
-80.0531,-11.2507,-26.2664,26.8,84.99999999999999,107.99999999999997,188.0,461.3730373747531,35.727013099734464,59.813531787111025,466.6038551772603
-79.0733,-16.8075,-26.2664,25.1,84.99999999999999,107.99999999999997,192.0,461.25729552054185,35.249455113154504,59.82999999999999,466.4551914779155
-77.7082,-22.2825,-26.2664,24.0,84.99999999999999,107.99999999999997,196.0,461.18226054158765,34.792986900265525,59.759999999999984,466.3377391716125
-75.9646,-27.6488,-26.2664,25.1,84.99999999999999,107.99999999999997,200.0,460.9859738005311,34.489999999999995,59.78999999999999,466.12495346293565
-73.8508,-32.8805,-26.2664,24.7,84.99999999999999,107.99999999999997,204.0,460.6640261994689,34.20402619946894,59.72999999999999,465.77777248657856
-71.3773,-37.952,-26.2664,25.5,84.99999999999999,107.99999999999997,208.0,460.4640766739565,33.89298690026553,59.665923326043476,465.54905528265243
-68.556,-42.8386,-26.2664,25.1,84.99999999999999,107.99999999999997,212.0,460.0610897736909,33.59810287342546,59.56706357422205,465.1164089809182
-65.4008,-47.5164,-26.2664,23.8,84.99999999999999,107.99999999999997,215.99999999999994,459.7333197955605,33.266468212888974,59.52402619946894,464.76283514562704
-61.9269,-51.9628,-26.2664,24.9,84.99999999999999,107.99999999999997,220.0,459.31701309973437,32.98298690026553,59.44054488684549,464.32012052480536
-58.1513,-56.156,-26.2664,25.0,84.99999999999999,107.99999999999997,224.0,458.9604439378703,32.89353178711102,59.36407667395652,463.95125512539363
-54.0924,-60.0757,-26.2664,24.4,84.99999999999999,107.99999999999997,228.0,458.4580523989378,32.987608461067545,59.30651868737655,463.45359129067504
-49.77,-63.7026,-26.2664,25.1,84.99999999999999,107.99999999999997,231.99999999999994,457.9521290728944,32.970544886845495,59.156518687376554,462.9327197938621
-45.205,-67.0192,-26.2664,24.9,84.99999999999999,107.99999999999997,236.0,457.5232188465854,33.02054488684549,59.00701309973447,462.4928969868801
-40.4199,-70.0093,-26.2664,25.0,84.99999999999999,107.99999999999997,239.99999999999994,457.11249248790756,32.95706357422205,58.87298690026552,462.0649601674006
-35.4378,-72.6583,-26.2664,24.3,84.99999999999999,107.99999999999997,243.99999999999994,456.7072755657725,32.97163466053649,58.839999999999996,461.66092518957925
-30.2831,-74.9534,-26.2664,23.6,84.99999999999999,107.99999999999997,248.0,456.3131178976102,33.33701309973447,58.70402619946895,461.279937456506
-24.9809,-76.8832,-26.2664,25.3,84.99999999999999,107.99999999999997,252.0,455.81412714844413,33.52402619946894,58.65402619946893,460.7935260288806
-19.5569,-78.4385,-26.2664,25.2,84.99999999999999,107.99999999999997,256.0,455.5153784391979,33.88298690026553,58.49353178711101,460.50386540920476
-14.0377,-79.6117,-26.2664,24.9,84.99999999999999,107.99999999999997,259.99999999999994,455.1624924879075,34.31244201342003,58.4205448868455,460.1773552768592
-8.4501,-80.397,-26.2664,25.9,84.99999999999999,107.99999999999997,263.99999999999994,454.9850960183905,34.63,58.4194551131545,460.02555063233376
-2.8213,-80.7906,-26.2664,24.2,84.99999999999999,107.99999999999997,267.99999999999994,454.73574185421114,34.99298690026553,58.32760846106754,459.7947519934188
2.8213,-80.7906,-26.2664,25.4,84.99999999999999,107.99999999999997,272.0,454.62438961448214,35.46597380053105,58.34407667395652,459.72296245988946
8.4501,-80.397,-26.2664,25.5,84.99999999999999,107.99999999999997,276.0,454.5100504744875,35.91701309973447,58.34945511315449,459.6455990481468
14.0377,-79.6117,-26.2664,26.5,84.99999999999999,107.99999999999997,279.99999999999994,454.53651868737643,36.44,58.31701309973447,459.7088148353415
19.5569,-78.4385,-26.2664,25.5,84.99999999999999,107.99999999999997,283.99999999999994,454.5341776229316,36.71,58.30298690026552,459.7262022213301
24.9809,-76.8832,-26.2664,25.0,84.99999999999999,107.99999999999997,287.99999999999994,454.71945511315454,37.10293642577795,58.35999999999999,459.94814963191175
30.2831,-74.9534,-26.2664,26.7,84.99999999999999,107.99999999999997,291.99999999999994,454.8236327360862,37.6394551131545,58.33999999999999,460.0921875846898
35.4378,-72.6583,-26.2664,25.0,84.99999999999999,107.99999999999997,295.99999999999994,455.0651159731599,37.86706357422206,58.413531787111026,460.3588980081122
40.4199,-70.0093,-26.2664,25.4,84.99999999999999,107.99999999999997,300.0,455.39405671918706,38.271089773690996,58.343531787111026,460.70857481603025
45.205,-67.0192,-26.2664,24.2,84.99999999999999,107.99999999999997,303.99999999999994,455.67488402684006,38.50999999999999,58.33353178711102,461.00479494646476
49.77,-63.7026,-26.2664,25.6,84.99999999999999,107.99999999999997,308.0,455.9929869002655,38.81,58.362986900265525,461.3480881526944
54.0924,-60.0757,-26.2664,25.1,84.99999999999999,107.99999999999997,311.99999999999994,456.44140271421657,38.92,58.42298690026553,461.80814837989834
58.1513,-56.156,-26.2664,24.9,84.99999999999999,107.99999999999997,315.99999999999994,456.79597380053104,38.947557986579966,58.40701309973446,462.1589046342459
61.9269,-51.9628,-26.2664,25.2,84.99999999999999,107.99999999999997,319.99999999999994,457.1694551131545,38.932986900265526,58.43701309973446,462.53061807566144
65.4008,-47.5164,-26.2664,26.1,84.99999999999999,107.99999999999997,323.99999999999994,457.54005047448754,39.002986900265526,58.43353178711102,462.9023746023066
68.556,-42.8386,-26.2664,24.9,84.99999999999999,107.99999999999997,327.99999999999994,457.94924312160396,38.93407667395652,58.429999999999986,463.3005897925271
71.3773,-37.952,-26.2664,24.2,84.99999999999999,107.99999999999997,331.99999999999994,458.36174617446045,38.822986900265526,58.44407667395652,463.7007922855319
73.8508,-32.8805,-26.2664,24.0,84.99999999999999,107.99999999999997,335.99999999999994,458.66438961448205,38.58298690026553,58.49760846106755,463.98668016898483
75.9646,-27.6488,-26.2664,24.8,84.99999999999999,107.99999999999997,339.99999999999994,458.98272443422746,38.45,58.51646821288898,464.2927103467984
77.7082,-22.2825,-26.2664,25.1,84.99999999999999,107.99999999999997,343.99999999999994,459.28049441235777,38.072986900265526,58.54054488684549,464.559060050298
79.0733,-16.8075,-26.2664,25.5,84.99999999999999,107.99999999999997,347.99999999999994,459.6383148649759,37.8505448868455,58.60353178711102,464.90258998855745
80.0531,-11.2507,-26.2664,26.7,84.99999999999999,107.99999999999997,351.99999999999994,459.6626739597399,37.649455113154495,58.60000000000001,464.90990019802285
80.6429,-5.6391,-26.2664,25.2,84.99999999999999,107.99999999999997,356.0,459.8950654986724,37.353531787111024,58.629455113154506,465.119522933476
78.6186,-5.4976,-31.8416,24.7,84.99999999999999,112.0,356.0,459.7737132589433,37.29999999999999,58.611897126574526,464.993023483894
78.0436,-10.9683,-31.8416,25.5,84.99999999999999,112.0,351.99999999999994,459.678910226309,37.549455113154494,58.55298690026552,464.911942588147
77.0884,-16.3857,-31.8416,24.8,84.99999999999999,112.0,347.99999999999994,459.49896070079654,37.787013099734466,58.59,464.75793844119727
75.7576,-21.7232,-31.8416,24.9,84.99999999999999,112.0,343.99999999999994,459.20054488684536,38.311089773690995,58.46054488684548,464.489521230017
74.0578,-26.9548,-31.8416,25.1,84.99999999999999,112.0,339.99999999999994,458.8853784391979,38.63054488684549,58.45244201342003,464.203401022518
71.9971,-32.0552,-31.8416,25.5,84.99999999999999,112.0,335.99999999999994,458.5743896144821,38.62054488684549,58.46,463.89609709249726
69.5857,-36.9993,-31.8416,26.1,84.99999999999999,112.0,331.99999999999994,458.28130176524144,38.767557986579966,58.39999999999999,463.611081726793
66.8352,-41.7633,-31.8416,24.2,84.99999999999999,112.0,327.99999999999994,457.95298690026544,38.85646821288898,58.35706357422206,463.28858198951946
63.7591,-46.3237,-31.8416,25.3,84.99999999999999,112.0,323.99999999999994,457.51277490871496,38.94,58.29298690026552,462.8523902135831
60.3724,-50.6585,-31.8416,25.3,84.99999999999999,112.0,319.99999999999994,457.13303737475303,38.80054488684549,58.29054488684549,462.4650081532535
56.6916,-54.7465,-31.8416,25.6,84.99999999999999,112.0,315.99999999999994,456.74407667395644,38.827013099734465,58.25999999999999,462.0789068146175
52.7346,-58.5677,-31.8416,25.9,84.99999999999999,112.0,311.99999999999994,456.4132493663036,38.63,58.223531787111014,461.73077734852416
48.5207,-62.1036,-31.8416,25.4,84.99999999999999,112.0,308.0,456.0658728515558,38.52298690026553,58.19950558764208,461.3754256028549
44.0703,-65.337,-31.8416,24.0,84.99999999999999,112.0,303.99999999999994,455.7404944123579,38.339999999999996,58.24298690026552,461.0440319213393
39.4053,-68.252,-31.8416,24.4,84.99999999999999,112.0,300.0,455.45244201341995,38.07293642577795,58.25701309973447,460.7389228178705
34.5483,-70.8345,-31.8416,25.9,84.99999999999999,112.0,295.99999999999994,455.19945511315456,37.89108977369099,58.158910226309004,460.4614397083241
29.523,-73.0719,-31.8416,25.1,84.99999999999999,112.0,291.99999999999994,454.9595560621297,37.42651868737655,58.16348131262344,460.1868452180164
24.3538,-74.9534,-31.8416,24.4,84.99999999999999,112.0,287.99999999999994,454.8153279647104,37.069455113154504,58.12810287342547,460.01087312986067
19.066,-76.4696,-31.8416,24.8,84.99999999999999,112.0,283.99999999999994,454.77215959261247,36.699999999999996,58.20298690026552,459.9480349176862
13.6853,-77.6133,-31.8416,25.8,84.99999999999999,112.0,279.99999999999994,454.6602319463198,36.35293642577795,58.14239153893244,459.8021315676174
8.238,-78.3789,-31.8416,25.5,84.99999999999999,112.0,276.0,454.6549345013275,35.89999999999999,58.09755798657996,459.75563695338246
2.7505,-78.7626,-31.8416,24.8,84.99999999999999,112.0,272.0,454.70473260337724,35.463531787111016,58.133481312623445,459.7755513163454
-2.7505,-78.7626,-31.8416,25.2,84.99999999999999,112.0,267.99999999999994,454.8658728515558,35.04646821288897,58.1394551131545,459.90370020261776
-8.238,-78.3789,-31.8416,25.4,84.99999999999999,112.0,263.99999999999994,455.0362562213385,34.6194551131545,58.19651868737654,460.0471018663127
-13.6853,-77.6133,-31.8416,26.1,84.99999999999999,112.0,259.99999999999994,455.24973753396193,34.3105448868455,58.262936425777944,460.2435298579739
-19.066,-76.4696,-31.8416,25.0,84.99999999999999,112.0,256.0,455.570857827371,34.01,58.353531787111024,460.55034607911875
-24.3538,-74.9534,-31.8416,24.6,84.99999999999999,112.0,252.0,455.84701309973445,33.73,58.4194551131545,460.8112899958804
-29.523,-73.0719,-31.8416,25.5,84.99999999999999,112.0,248.0,456.1813217200108,33.50298690026552,58.556518687376546,461.14283502862804
-34.5483,-70.8345,-31.8416,25.6,84.99999999999999,112.0,243.99999999999994,456.6394551131544,33.32651868737655,58.593531787111026,461.58796646050666
-39.4053,-68.252,-31.8416,25.5,84.99999999999999,112.0,239.99999999999994,457.07189712657447,33.18353178711102,58.75239153893244,462.02565885056225
-44.0703,-65.337,-31.8416,24.8,84.99999999999999,112.0,236.0,457.5015642312794,33.13542891368556,58.81,462.454596715571
-48.5207,-62.1036,-31.8416,25.1,84.99999999999999,112.0,231.99999999999994,457.95506549867235,33.13298690026552,58.87597380053106,462.91145711441106
-52.7346,-58.5677,-31.8416,25.8,84.99999999999999,112.0,228.0,458.33358226159856,33.18999999999999,58.97950558764209,463.3031737513917
-56.6916,-54.7465,-31.8416,25.6,84.99999999999999,112.0,224.0,458.73358226159854,33.199999999999996,59.09298690026553,463.7140504614387
-60.3724,-50.6585,-31.8416,25.6,84.99999999999999,112.0,220.0,459.16566086000535,33.43,59.169455113154505,464.1677427734429
-63.7591,-46.3237,-31.8416,25.3,84.99999999999999,112.0,215.99999999999994,459.55298690026547,33.51402619946894,59.25353178711102,464.5676686450537
-66.8352,-41.7633,-31.8416,26.3,84.99999999999999,112.0,212.0,459.9291926471164,33.736468212888965,59.35402619946893,464.9687214884404
-69.5857,-36.9993,-31.8416,25.1,84.99999999999999,112.0,208.0,460.2,33.99,59.45298690026552,465.2676839748954
-71.9971,-32.0552,-31.8416,24.7,84.99999999999999,112.0,204.0,460.4821290728944,34.28999999999999,59.50891022630899,465.5758860721082
-74.0578,-26.9548,-31.8416,23.8,84.99999999999999,112.0,200.0,460.785216922135,34.72999999999999,59.51244201342004,465.90870327606
-75.7576,-21.7232,-31.8416,25.4,84.99999999999999,112.0,196.0,461.0194551131545,34.98,59.53592332604348,466.1620582577634
-77.0884,-16.3857,-31.8416,25.7,84.99999999999999,112.0,192.0,461.08194760106215,35.33701309973448,59.595973800531056,466.2584551422451
-78.0436,-10.9683,-31.8416,25.6,84.99999999999999,112.0,188.0,461.1310897736909,35.859455113154496,59.55108977369098,466.34119994926283
-78.6186,-5.4976,-31.8416,25.1,84.99999999999999,112.0,183.99999999999997,461.1995560621296,36.1405448868455,59.58239153893245,466.43459442683087
-78.8106,0.0,-31.8416,25.1,84.99999999999999,112.0,180.0,461.20569137972365,36.73244201342003,59.593531787111026,466.4883182762239
-78.6186,5.4976,-31.8416,26.0,84.99999999999999,112.0,175.99999999999997,461.1615841860488,37.01,59.52353178711102,466.4577126229101
-78.0436,10.9683,-31.8416,26.5,84.99999999999999,112.0,171.99999999999997,461.06896070079654,37.3394551131545,59.532936425777955,466.39360196012086
-77.0884,16.3857,-31.8416,25.1,84.99999999999999,112.0,167.99999999999997,460.9738952021242,37.65999999999999,59.502986900265526,466.32157692720176
-75.7576,21.7232,-31.8416,25.9,84.99999999999999,112.0,163.99999999999997,460.78732604026004,38.22,59.425923326043474,466.17289561115166
-74.0578,26.9548,-31.8416,25.1,84.99999999999999,112.0,159.99999999999997,460.6253279647104,38.42646821288897,59.39298690026552,466.02554985198856
-71.9971,32.0552,-31.8416,25.6,84.99999999999999,112.0,155.99999999999997,460.24221006710013,38.74755798657997,59.34810287342547,465.6677597730455
-69.5857,36.9993,-31.8416,26.1,84.99999999999999,112.0,151.99999999999997,459.94272443422744,39.06646821288897,59.256518687376555,465.38675712310055
-66.8352,41.7633,-31.8416,25.1,84.99999999999999,112.0,147.99999999999997,459.71737651474774,39.269999999999996,59.16646821288897,465.16972185471093
-63.7591,46.3237,-31.8416,26.8,84.99999999999999,112.0,143.99999999999997,459.3286477602709,39.509455113154495,59.05462156080201,464.791622153742
-60.3724,50.6585,-31.8416,25.9,84.99999999999999,112.0,139.99999999999997,458.995973800531,39.66054488684549,58.992442013420025,464.46783634663655
-56.6916,54.7465,-31.8416,25.6,84.99999999999999,112.0,136.0,458.667063574222,39.687013099734465,58.899999999999984,464.1333259060137
-52.7346,58.5677,-31.8416,25.5,84.99999999999999,112.0,131.99999999999997,458.3000504744876,39.6394551131545,58.799455113154494,463.7538124783337
-48.5207,62.1036,-31.8416,25.2,84.99999999999999,112.0,128.0,457.8975579865799,39.71646821288898,58.7294551131545,463.3537745128087
-44.0703,65.337,-31.8416,26.6,84.99999999999999,112.0,124.0,457.48542891368555,39.65402619946894,58.63701309973446,462.9294317360103
-39.4053,68.252,-31.8416,25.8,84.99999999999999,112.0,119.99999999999997,457.15028242080734,39.37701309973447,58.59298690026554,462.56898727862773
-34.5483,70.8345,-31.8416,26.0,84.99999999999999,112.0,115.99999999999997,456.851352239729,39.22999999999999,58.508910226309006,462.2504121351751
-29.523,73.0719,-31.8416,25.3,84.99999999999999,112.0,112.0,456.528415813951,39.07402619946893,58.429999999999986,461.9080415721646
-24.3538,74.9534,-31.8416,25.8,84.99999999999999,112.0,107.99999999999997,456.3476185546676,38.8683653394635,58.387557986579964,461.7066229894419
-19.066,76.4696,-31.8416,25.2,84.99999999999999,112.0,104.0,456.0307768331653,38.44353178711103,58.33646821288898,461.35140411499805
-13.6853,77.6133,-31.8416,26.2,84.99999999999999,112.0,100.0,455.9070130997344,38.12597380053105,58.277013099734454,461.1951915703229
-8.238,78.3789,-31.8416,25.5,84.99999999999999,112.0,96.0,455.86249248790756,37.88298690026553,58.26592332604348,461.12975459713033
-2.7505,78.7626,-31.8416,25.5,84.99999999999999,112.0,91.99999999999999,455.76462156080197,37.45298690026553,58.250544886845496,460.99592457398893
2.7505,78.7626,-31.8416,26.0,84.99999999999999,112.0,87.99999999999999,455.66891022630904,37.14646821288897,58.29651868737654,460.8823059508695
8.238,78.3789,-31.8416,25.9,84.99999999999999,112.0,83.99999999999999,455.7413017652414,36.83348131262344,58.33646821288898,460.9338162945279
13.6853,77.6133,-31.8416,25.4,84.99999999999999,112.0,79.99999999999999,455.822179547382,36.3094551131545,58.37298690026553,460.9768340140299
19.066,76.4696,-31.8416,25.3,84.99999999999999,112.0,75.99999999999999,455.93189712657454,35.93244201342002,58.439455113154516,461.06420932491335
24.3538,74.9534,-31.8416,25.1,84.99999999999999,112.0,71.99999999999999,456.1040261994689,35.644571086314436,58.51348131262345,461.22147137640485
29.523,73.0719,-31.8416,25.5,84.99999999999999,112.0,68.0,456.29412714844403,35.50353178711102,58.51054488684549,461.39821748948526
34.5483,70.8345,-31.8416,25.2,84.99999999999999,112.0,64.0,456.67184665208697,35.14402619946894,58.56651868737654,461.75135648235516
39.4053,68.252,-31.8416,25.6,84.99999999999999,112.0,59.999999999999986,456.88023194631984,34.91810287342546,58.61646821288897,461.94665341071016
44.0703,65.337,-31.8416,24.6,84.99999999999999,112.0,56.0,457.13272443422744,34.929455113154496,58.62,462.1976838790532
48.5207,62.1036,-31.8416,26.5,84.99999999999999,112.0,52.0,457.42864776027085,34.73353178711102,58.646518687376556,462.47897268561843
52.7346,58.5677,-31.8416,26.8,84.99999999999999,112.0,48.0,457.8105953613331,34.6005448868455,58.66293642577795,462.8488727885807
56.6916,54.7465,-31.8416,24.6,84.99999999999999,112.0,43.99999999999999,458.13919264711643,34.59701309973447,58.70597380053105,463.17908471199723
60.3724,50.6585,-31.8416,24.7,84.99999999999999,112.0,39.99999999999999,458.43348131262337,34.5794551131545,58.72701309973446,463.47152832935757
63.7591,46.3237,-31.8416,24.2,84.99999999999999,112.0,35.99999999999999,458.725216922135,34.63407667395652,58.7005448868455,463.76081968761645
66.8352,41.7633,-31.8416,26.3,84.99999999999999,112.0,32.0,458.95940463866697,34.77298690026553,58.69353178711103,464.00196809700094
69.5857,36.9993,-31.8416,25.5,84.99999999999999,112.0,28.0,459.2072755657724,34.8994551131545,58.71108977369099,464.25885663296583
71.9971,32.0552,-31.8416,24.7,84.99999999999999,112.0,24.0,459.4599999999999,35.16701309973447,58.71597380053106,464.5296287533245
74.0578,26.9548,-31.8416,25.1,84.99999999999999,112.0,19.999999999999996,459.67210911812504,35.37592332604348,58.757013099734465,464.76046566019136
75.7576,21.7232,-31.8416,25.5,84.99999999999999,112.0,16.0,459.811089773691,35.69244201342003,58.69244201342002,464.9139613361265
77.0884,16.3857,-31.8416,24.0,84.99999999999999,112.0,12.0,459.8710897736909,35.85646821288898,58.74646821288898,464.99274515827875
78.0436,10.9683,-31.8416,26.2,84.99999999999999,112.0,8.0,459.93641773840136,36.15706357422205,58.719455113154496,465.0772151128556
78.6186,5.4976,-31.8416,24.2,84.99999999999999,112.0,4.0,459.9083653394635,36.638910226309,58.668910226308995,465.08080510695305
78.8106,0.0,-31.8416,24.5,84.99999999999999,112.0,0.0,459.8043391399945,36.89646821288897,58.71,465.0034878993402
76.3975,0.0,-37.2615,25.1,84.99999999999999,115.99999999999997,0.0,459.76592332604343,36.83646821288897,58.728910226309,464.96313245097
76.2114,5.3292,-37.2615,24.9,84.99999999999999,115.99999999999997,4.0,459.7510392992033,36.62244201342003,58.719455113154496,464.93031284753806
75.654,10.6325,-37.2615,25.0,84.99999999999999,115.99999999999997,8.0,459.70137219449845,36.36054488684549,58.730000000000004,464.86197276393034
74.728,15.8839,-37.2615,24.7,84.99999999999999,115.99999999999997,12.0,459.709505587642,36.05,58.76108977369099,464.8497582004599
73.438,21.058,-37.2615,25.1,84.99999999999999,115.99999999999997,16.0,459.61433913999457,35.843531787111026,58.773531787111025,464.74124795718114
71.7902,26.1295,-37.2615,25.5,84.99999999999999,115.99999999999997,19.999999999999996,459.41896070079656,35.572986900265526,58.797013099734464,464.53020095345454
69.7926,31.0737,-37.2615,24.3,84.99999999999999,115.99999999999997,24.0,459.3076589355551,35.27,58.78407667395653,464.3953769443337
67.455,35.8665,-37.2615,25.5,84.99999999999999,115.99999999999997,28.0,459.1054289136855,35.045378439197975,58.81244201342003,464.18194357767476
64.7887,40.4845,-37.2615,24.7,84.99999999999999,115.99999999999997,32.0,458.88896070079653,34.98298690026553,58.81402619946894,463.96333616279765
61.8069,44.9053,-37.2615,26.0,84.99999999999999,115.99999999999997,35.99999999999999,458.6869626252469,34.7805448868455,58.790544886845495,463.7453440769974
58.5239,49.1074,-37.2615,24.8,84.99999999999999,115.99999999999997,39.99999999999999,458.33158418604893,34.69701309973447,58.757557986579954,463.383398926939
54.9558,53.0702,-37.2615,24.7,84.99999999999999,115.99999999999997,43.99999999999999,458.0675075120923,34.829455113154495,58.74646821288898,463.1307373834174
51.1199,56.7744,-37.2615,24.1,84.99999999999999,115.99999999999997,48.0,457.7699999999999,34.72706357422204,58.737557986579965,462.8276596776762
47.035,60.202,-37.2615,25.3,84.99999999999999,115.99999999999997,52.0,457.5421795473819,34.777557986579964,58.74298690026552,462.6068126545948
42.7209,63.3364,-37.2615,24.7,84.99999999999999,115.99999999999997,56.0,457.2437437786615,35.039455113154496,58.72298690026552,462.32888059242174
38.1987,66.1622,-37.2615,27.2,84.99999999999999,115.99999999999997,59.999999999999986,456.8981028734254,35.129999999999995,58.65755798657995,461.9856084536446
33.4905,68.6656,-37.2615,24.2,84.99999999999999,115.99999999999997,64.0,456.69000000000005,35.29054488684549,58.64407667395651,461.79032729946977
28.619,70.8345,-37.2615,24.8,84.99999999999999,115.99999999999997,68.0,456.4715841860488,35.58,58.63701309973446,461.5956486737927
23.6081,72.6583,-37.2615,23.8,84.99999999999999,115.99999999999997,71.99999999999999,456.2487487092461,35.81646821288897,58.60298690026553,461.38926100163013
18.4822,74.1282,-37.2615,25.1,84.99999999999999,115.99999999999997,75.99999999999999,456.11207859840675,36.065923326043475,58.55592332604348,461.2675744351479
13.2663,75.2368,-37.2615,25.0,84.99999999999999,115.99999999999997,79.99999999999999,456.00981852816767,36.41054488684549,58.52896070079658,461.19011439293104
7.9857,75.979,-37.2615,25.9,84.99999999999999,115.99999999999997,83.99999999999999,455.8724420134199,36.67,58.527275565772506,461.07462982952205
2.6662,76.351,-37.2615,25.7,84.99999999999999,115.99999999999997,87.99999999999999,455.8599999999999,37.13,58.449999999999996,461.0893394994076
-2.6662,76.351,-37.2615,24.5,84.99999999999999,115.99999999999997,91.99999999999999,455.821089773691,37.47706357422205,58.42407667395652,461.0756650614148
-7.9857,75.979,-37.2615,24.4,84.99999999999999,115.99999999999997,96.0,455.85462156080195,37.739455113154506,58.48353178711102,461.1377516110276
-13.2663,75.2368,-37.2615,24.2,84.99999999999999,115.99999999999997,100.0,455.9862867410566,38.17244201342003,58.48402619946894,461.30359888653066
-18.4822,74.1282,-37.2615,26.0,84.99999999999999,115.99999999999997,104.0,456.1761857920814,38.42999999999999,58.44108977369099,461.5072462678654
-23.6081,72.6583,-37.2615,24.5,84.99999999999999,115.99999999999997,107.99999999999997,456.35722509128493,38.71701309973447,58.558910226309,461.72510215849826
-28.619,70.8345,-37.2615,24.6,84.99999999999999,115.99999999999997,112.0,456.61701309973444,38.86651868737655,58.652986900265525,462.00635904641183
-33.4905,68.6656,-37.2615,25.0,84.99999999999999,115.99999999999997,115.99999999999997,456.87293642577794,39.16298690026552,58.67646821288897,462.2872997424886
-38.1987,66.1622,-37.2615,24.2,84.99999999999999,115.99999999999997,119.99999999999997,457.08750751209243,39.28592332604347,58.73108977369098,462.5167177532097
-42.7209,63.3364,-37.2615,24.7,84.99999999999999,115.99999999999997,124.0,457.39597380053107,39.538910226309,58.84701309973447,462.85783262420927
-47.035,60.202,-37.2615,24.2,84.99999999999999,115.99999999999997,128.0,457.7699999999999,39.477820452618005,58.93945511315451,463.23399117155105
-51.1199,56.7744,-37.2615,25.2,84.99999999999999,115.99999999999997,131.99999999999997,458.09452061182685,39.54999999999999,58.99706357422204,463.5681673982374
-54.9558,53.0702,-37.2615,24.4,84.99999999999999,115.99999999999997,136.0,458.4751664476475,39.537063574222046,59.03755798657997,463.9483709404409
-58.5239,49.1074,-37.2615,25.4,84.99999999999999,115.99999999999997,139.99999999999997,458.81223002186954,39.37,59.09298690026554,464.2743159151019
-61.8069,44.9053,-37.2615,24.8,84.99999999999999,115.99999999999997,143.99999999999997,459.1231178976102,39.20950558764208,59.20755798657996,464.5825627799481
-64.7887,40.4845,-37.2615,25.3,84.99999999999999,115.99999999999997,147.99999999999997,459.41506549867233,39.072986900265526,59.34,464.87647425144854
-67.455,35.8665,-37.2615,25.8,84.99999999999999,115.99999999999997,151.99999999999997,459.711846652087,38.925973800531054,59.400544886845495,465.16517294553097
-69.7926,31.0737,-37.2615,25.6,84.99999999999999,115.99999999999997,155.99999999999997,459.9845710863144,38.68244201342002,59.459999999999994,465.42198976582773
-71.7902,26.1295,-37.2615,25.1,84.99999999999999,115.99999999999997,159.99999999999997,460.24815334791305,38.33651868737655,59.459999999999994,465.6538874799948
-73.438,21.058,-37.2615,25.4,84.99999999999999,115.99999999999997,163.99999999999997,460.5054289136855,38.16353178711102,59.53402619946894,465.90342936381387
-74.728,15.8839,-37.2615,24.9,84.99999999999999,115.99999999999997,167.99999999999997,460.7278709271055,37.609455113154496,59.586518687376554,466.08496582942155
-75.654,10.6325,-37.2615,25.2,84.99999999999999,115.99999999999997,171.99999999999997,460.79358226159854,37.36592332604347,59.58646821288897,466.13033035146935
-76.2114,5.3292,-37.2615,26.3,84.99999999999999,115.99999999999997,175.99999999999997,460.96049441235783,36.95597380053106,59.609455113154496,466.2655987174242
-76.3975,0.0,-37.2615,25.6,84.99999999999999,115.99999999999997,180.0,460.9711402481786,36.69293642577795,59.6605448868455,466.2618838608271
-76.2114,-5.3292,-37.2615,26.0,84.99999999999999,115.99999999999997,183.99999999999997,460.99701309973443,36.1594551131545,59.63244201342003,466.24219073507373
-75.654,-10.6325,-37.2615,25.6,84.99999999999999,115.99999999999997,188.0,460.92999999999995,35.881089773690995,59.63054488684549,466.1541798448768
-74.728,-15.8839,-37.2615,24.4,84.99999999999999,115.99999999999997,192.0,460.8805448868454,35.40108977369099,59.64054488684549,466.069853569999
-73.438,-21.058,-37.2615,26.3,84.99999999999999,115.99999999999997,196.0,460.72706357422203,35.02054488684549,59.61597380053106,465.88617709273404
-71.7902,-26.1295,-37.2615,24.8,84.99999999999999,115.99999999999997,200.0,460.617658935555,34.72,59.517557986579966,465.7428967058512
-69.7926,-31.0737,-37.2615,25.1,84.99999999999999,115.99999999999997,204.0,460.36384472763666,34.58,59.51950558764208,465.4817047723884
-67.455,-35.8665,-37.2615,25.3,84.99999999999999,115.99999999999997,208.0,460.09353178711103,34.186468212888975,59.47945511315449,465.18015669390496
-64.7887,-40.4845,-37.2615,26.3,84.99999999999999,115.99999999999997,212.0,459.8354289136856,33.86244201342003,59.44298690026552,464.89649961574304
-61.8069,-44.9053,-37.2615,24.4,84.99999999999999,115.99999999999997,215.99999999999994,459.49098929606447,33.69701309973447,59.36407667395652,464.5336925729619
-58.5239,-49.1074,-37.2615,24.7,84.99999999999999,115.99999999999997,220.0,459.16,33.547013099734464,59.285973800531046,464.185452569758
-54.9558,-53.0702,-37.2615,25.1,84.99999999999999,115.99999999999997,224.0,458.73973753396206,33.38999999999999,59.19,463.7461536150229
-51.1199,-56.7744,-37.2615,26.7,84.99999999999999,115.99999999999997,228.0,458.4126035304829,33.23462156080202,59.108910226309,463.4010341097949
-47.035,-60.202,-37.2615,25.2,84.99999999999999,115.99999999999997,231.99999999999994,457.9407263586777,33.211089773690986,59.029455113154505,462.92241457162714
-42.7209,-63.3364,-37.2615,25.5,84.99999999999999,115.99999999999997,236.0,457.5228354768028,33.30755798657996,58.90402619946895,462.4999704911025
-38.1987,-66.1622,-37.2615,25.8,84.99999999999999,115.99999999999997,239.99999999999994,457.09620574685084,33.472391538932456,58.787013099734466,462.07494545007665
-33.4905,-68.6656,-37.2615,26.6,84.99999999999999,115.99999999999997,243.99999999999994,456.70792140159324,33.49999999999999,58.76999999999999,461.69068473488164
-28.619,-70.8345,-37.2615,25.4,84.99999999999999,115.99999999999997,248.0,456.3918971265745,33.6630373747531,58.6594551131545,461.37587228013996
-23.6081,-72.6583,-37.2615,26.3,84.99999999999999,115.99999999999997,252.0,455.94353178711094,33.89298690026553,58.58597380053105,460.9398605736787
-18.4822,-74.1282,-37.2615,25.6,84.99999999999999,115.99999999999997,256.0,455.70805239893787,34.06298690026553,58.429999999999986,460.6996646382551
-13.2663,-75.2368,-37.2615,26.3,84.99999999999999,115.99999999999997,259.99999999999994,455.453037374753,34.55701309973447,58.407013099734456,460.4813086190317
-7.9857,-75.979,-37.2615,25.7,84.99999999999999,115.99999999999997,263.99999999999994,455.16293642577796,34.91701309973447,58.41701309973446,460.2228198590748
-2.6662,-76.351,-37.2615,25.3,84.99999999999999,115.99999999999997,267.99999999999994,455.02082730765295,35.19353178711102,58.358910226309,460.09596864805684
2.6662,-76.351,-37.2615,27.3,84.99999999999999,115.99999999999997,272.0,454.9922100671002,35.57353178711102,58.32755798657997,460.09291605743147
7.9857,-75.979,-37.2615,27.6,84.99999999999999,115.99999999999997,276.0,454.97026246603804,35.977013099734464,58.33755798657996,460.10385335468726
13.2663,-75.2368,-37.2615,25.9,84.99999999999999,115.99999999999997,279.99999999999994,454.98288595129026,36.343531787111026,58.28348131262344,460.1382868282583
18.4822,-74.1282,-37.2615,25.9,84.99999999999999,115.99999999999997,283.99999999999994,454.9780523989378,36.58244201342003,58.24701309973446,460.1478216436936
23.6081,-72.6583,-37.2615,26.3,84.99999999999999,115.99999999999997,287.99999999999994,455.11080735288357,37.072986900265526,58.34108977369099,460.3302467610429
28.619,-70.8345,-37.2615,26.7,84.99999999999999,115.99999999999997,291.99999999999994,455.1797880084495,37.38755798657997,58.29005047448757,460.4174180978987
33.4905,-68.6656,-37.2615,26.1,84.99999999999999,115.99999999999997,295.99999999999994,455.45628674105666,37.719455113154496,58.32760846106754,460.72258066516827
38.1987,-66.1622,-37.2615,24.8,84.99999999999999,115.99999999999997,300.0,455.6983653394634,38.1494551131545,58.283531787111016,460.9917040208737
42.7209,-63.3364,-37.2615,25.8,84.99999999999999,115.99999999999997,303.99999999999994,455.921089773691,38.41353178711102,58.35244201342003,461.2425034769876
47.035,-60.202,-37.2615,25.7,84.99999999999999,115.99999999999997,308.0,456.2057418542111,38.60891022630901,58.39298690026552,461.5453041346525
51.1199,-56.7744,-37.2615,25.1,84.99999999999999,115.99999999999997,311.99999999999994,456.54999999999995,38.6394551131545,58.37,461.8852312982538
54.9558,-53.0702,-37.2615,25.6,84.99999999999999,115.99999999999997,315.99999999999994,456.9642381910194,38.4905448868455,58.38348131262344,462.2839689210155
58.5239,-49.1074,-37.2615,25.7,84.99999999999999,115.99999999999997,319.99999999999994,457.28776997813037,38.582442013420035,58.38353178711102,462.61144191127283
61.8069,-44.9053,-37.2615,26.3,84.99999999999999,115.99999999999997,323.99999999999994,457.6275579865799,38.699999999999996,58.39,462.9579504974081
64.7887,-40.4845,-37.2615,26.6,84.99999999999999,115.99999999999997,327.99999999999994,457.968910226309,38.70293642577794,58.46994952551242,463.305703633537
67.455,-35.8665,-37.2615,24.6,84.99999999999999,115.99999999999997,331.99999999999994,458.35298690026553,38.6394551131545,58.48940463866692,463.6825191300856
69.7926,-31.0737,-37.2615,27.1,84.99999999999999,115.99999999999997,335.99999999999994,458.68135223972905,38.50999999999999,58.47999999999999,463.99516526841785
71.7902,-26.1295,-37.2615,26.0,84.99999999999999,115.99999999999997,339.99999999999994,458.9799999999999,38.22597380053105,58.49298690026552,464.26855912231815
73.438,-21.058,-37.2615,26.8,84.99999999999999,115.99999999999997,343.99999999999994,459.262179547382,37.939455113154494,58.542179547381984,464.5302343260907
74.728,-15.8839,-37.2615,26.3,84.99999999999999,115.99999999999997,347.99999999999994,459.47706357422203,37.69353178711102,58.593531787111026,464.72914289579774
75.654,-10.6325,-37.2615,28.0,84.99999999999999,115.99999999999997,351.99999999999994,459.60935416417925,37.49407667395652,58.55298690026552,464.8386994386216
76.2114,-5.3292,-37.2615,25.1,84.99999999999999,115.99999999999997,356.0,459.6923915389324,37.15999999999999,58.64646821288896,464.9057632172659
73.4328,-5.1349,-42.5,26.2,84.99999999999999,119.99999999999997,356.0,459.5683348197452,37.12,58.641897126574534,464.7793249140899
72.8958,-10.2448,-42.5,27.2,84.99999999999999,119.99999999999997,351.99999999999994,459.39028242080747,37.45244201342003,58.53353178711102,464.6162839794905
72.0036,-15.3048,-42.5,26.1,84.99999999999999,119.99999999999997,347.99999999999994,459.23514649287813,37.77,58.52407667395652,464.48741664858306
70.7605,-20.2903,-42.5,25.6,84.99999999999999,119.99999999999997,343.99999999999994,459.08455113154497,37.844833552352476,58.51244201342003,464.3431515427262
69.1728,-25.1768,-42.5,26.1,84.99999999999999,119.99999999999997,339.99999999999994,458.76244201341996,38.01298690026553,58.45760846106754,464.0315262589211
67.2481,-29.9408,-42.5,24.9,84.99999999999999,119.99999999999997,335.99999999999994,458.54244201342004,38.38,58.41701309973447,463.8391347731724
64.9957,-34.5588,-42.5,27.3,84.99999999999999,119.99999999999997,331.99999999999994,458.2749039816094,38.42836533946351,58.39163466053648,463.5754629834782
62.4267,-39.0085,-42.5,25.1,84.99999999999999,119.99999999999997,327.99999999999994,457.92140271421664,38.58592332604348,58.37244201342003,463.2366852153326
59.5535,-43.2681,-42.5,27.2,84.99999999999999,119.99999999999997,323.99999999999994,457.598153347913,38.47353178711102,58.355923326043474,462.9057100348072
56.3902,-47.317,-42.5,26.3,84.99999999999999,119.99999999999997,319.99999999999994,457.22587285155583,38.63298690026553,58.33,462.5477222749056
52.9522,-51.1353,-42.5,27.0,84.99999999999999,119.99999999999997,315.99999999999994,456.9220785984068,38.472936425777945,58.33994952551242,462.2353323346777
49.2561,-54.7045,-42.5,25.5,84.99999999999999,119.99999999999997,311.99999999999994,456.60625622133847,38.31,58.295923326043464,461.90404197939483
45.3202,-58.0072,-42.5,26.7,84.99999999999999,119.99999999999997,308.0,456.32244201342,38.239455113154506,58.25999999999999,461.6131005641435
41.1634,-61.0272,-42.5,25.6,84.99999999999999,119.99999999999997,303.99999999999994,456.0521290728944,38.187013099734465,58.30891022630902,461.34772288717215
36.8061,-63.75,-42.5,25.8,84.99999999999999,119.99999999999997,300.0,455.70108977369097,38.04,58.29597380053105,460.98692539190495
32.2694,-66.1622,-42.5,26.7,84.99999999999999,119.99999999999997,295.99999999999994,455.4721290728944,37.69353178711102,58.236468212888965,460.72459119379783
27.5756,-68.252,-42.5,25.4,84.99999999999999,119.99999999999997,291.99999999999994,455.3661047978757,37.25,58.29,460.5904645113595
22.7474,-70.0093,-42.5,26.5,84.99999999999999,119.99999999999997,287.99999999999994,455.14599375530037,36.87755798657997,58.209999999999994,460.3327427139563
17.8084,-71.4256,-42.5,26.0,84.99999999999999,119.99999999999997,283.99999999999994,455.07181660371737,36.688960700796585,58.23,460.24685876637113
12.7826,-72.4938,-42.5,25.9,84.99999999999999,119.99999999999997,279.99999999999994,455.1515337115612,36.378910226309,58.25353178711102,460.30404920542713
7.6946,-73.2089,-42.5,26.9,84.99999999999999,119.99999999999997,276.0,455.135640905236,35.90054488684549,58.25701309973446,460.2512143609129
2.569,-73.5673,-42.5,26.6,84.99999999999999,119.99999999999997,272.0,455.1638952021242,35.54999999999999,58.22402619946893,460.2477715561986
-2.569,-73.5673,-42.5,26.0,84.99999999999999,119.99999999999997,267.99999999999994,455.3218466520869,35.22592332604347,58.2394551131545,460.3810202915798
-7.6946,-73.2089,-42.5,26.0,84.99999999999999,119.99999999999997,263.99999999999994,455.4599495255124,34.89701309973447,58.28298690026553,460.4980713391554
-12.7826,-72.4938,-42.5,26.1,84.99999999999999,119.99999999999997,259.99999999999994,455.61176612922975,34.61646821288897,58.36511597315994,460.637458387277
-17.8084,-71.4256,-42.5,26.0,84.99999999999999,119.99999999999997,256.0,455.85950558764205,34.292986900265525,58.40999999999999,460.8639993372787
-22.7474,-70.0093,-42.5,25.7,84.99999999999999,119.99999999999997,252.0,456.16534791947987,33.96298690026553,58.46119072266614,461.1485877050906
-27.5756,-68.252,-42.5,26.4,84.99999999999999,119.99999999999997,248.0,456.49462156080193,33.853531787111024,58.63298690026552,461.48805865509394
-32.2694,-66.1622,-42.5,26.6,84.99999999999999,119.99999999999997,243.99999999999994,456.82217954738195,33.63755798657997,58.66755798657996,461.80068362209005
-36.8061,-63.75,-42.5,26.8,84.99999999999999,119.99999999999997,239.99999999999994,457.2608073528835,33.55353178711102,58.78999999999999,462.24403677754407
-41.1634,-61.0272,-42.5,26.4,84.99999999999999,119.99999999999997,236.0,457.5794046386669,33.41054488684549,58.87597380053106,462.55978678444757
-45.3202,-58.0072,-42.5,26.4,84.99999999999999,119.99999999999997,231.99999999999994,457.95765893555506,33.41755798657997,58.921089773690994,462.9402179327693
-49.2561,-54.7045,-42.5,25.7,84.99999999999999,119.99999999999997,228.0,458.31815334791304,33.4794551131545,59.01348131262344,463.3130632515667
-52.9522,-51.1353,-42.5,25.5,84.99999999999999,119.99999999999997,224.0,458.7473765147477,33.586468212888974,59.12,463.75896832964764
-56.3902,-47.317,-42.5,25.9,84.99999999999999,119.99999999999997,220.0,459.06618579208134,33.718910226309006,59.209999999999994,464.09541254416604
-59.5535,-43.2681,-42.5,27.4,84.99999999999999,119.99999999999997,215.99999999999994,459.41966710470496,33.9194551131545,59.309999999999995,464.4724276615042
-62.4267,-39.0085,-42.5,25.8,84.99999999999999,119.99999999999997,212.0,459.6894046386669,34.076518687376556,59.36999999999998,464.7583832088488
-64.9957,-34.5588,-42.5,25.5,84.99999999999999,119.99999999999997,208.0,459.98673067892696,34.408910226309,59.43049441235791,465.08466881821334
-67.2481,-29.9408,-42.5,25.9,84.99999999999999,119.99999999999997,204.0,460.2191926471165,34.55646821288897,59.47999999999999,465.3318441457796
-69.1728,-25.1768,-42.5,26.1,84.99999999999999,119.99999999999997,200.0,460.468153347913,34.80407667395652,59.53999999999999,465.60418340127035
-70.7605,-20.2903,-42.5,25.7,84.99999999999999,119.99999999999997,196.0,460.66999999999996,35.11,59.599999999999994,465.83443518056924
-72.0036,-15.3048,-42.5,25.6,84.99999999999999,119.99999999999997,192.0,460.80407667395656,35.419999999999995,59.57646821288897,465.9874773468263
-72.8958,-10.2448,-42.5,25.4,84.99999999999999,119.99999999999997,188.0,460.88597380053096,35.883531787111025,59.597013099734475,466.1065464783672
-73.4328,-5.1349,-42.5,25.4,84.99999999999999,119.99999999999997,183.99999999999997,460.90148323707376,36.25054488684549,59.64651868737654,466.15661150116847
-73.6122,0.0,-42.5,26.1,84.99999999999999,119.99999999999997,180.0,460.92239153893246,36.65701309973446,59.70646821288898,466.21674141735815
-73.4328,5.1349,-42.5,27.4,84.99999999999999,119.99999999999997,175.99999999999997,460.82755798657985,36.977013099734464,59.63,466.1384714842281
-72.8958,10.2448,-42.5,27.2,84.99999999999999,119.99999999999997,171.99999999999997,460.6976589355552,37.3294551131545,59.61646821288897,466.036419660443
-72.0036,15.3048,-42.5,25.1,84.99999999999999,119.99999999999997,167.99999999999997,460.62130176524136,37.59402619946894,59.62402619946894,465.9831745310413
-70.7605,20.2903,-42.5,26.3,84.99999999999999,119.99999999999997,163.99999999999997,460.4734308381358,37.867013099734464,59.597013099734475,465.85565914706757
-69.1728,25.1768,-42.5,25.4,84.99999999999999,119.99999999999997,159.99999999999997,460.277820452618,38.239455113154506,59.53701309973446,465.6850693943294
-67.2481,29.9408,-42.5,27.0,84.99999999999999,119.99999999999997,155.99999999999997,459.9953784391979,38.58353178711103,59.45298690026552,465.42356489755764
-64.9957,34.5588,-42.5,25.5,84.99999999999999,119.99999999999997,151.99999999999997,459.7286477602709,38.828910226309006,59.37701309973447,465.1706606456345
-62.4267,39.0085,-42.5,25.7,84.99999999999999,119.99999999999997,147.99999999999997,459.4883148649759,38.87298690026552,59.36244201342002,464.9349633333679
-59.5535,43.2681,-42.5,25.7,84.99999999999999,119.99999999999997,143.99999999999997,459.1160242750186,39.1094551131545,59.28298690026553,464.57673829106466
-56.3902,47.317,-42.5,25.5,84.99999999999999,119.99999999999997,139.99999999999997,458.8553784391979,39.14,59.18353178711103,464.30904401850233
-52.9522,51.1353,-42.5,25.9,84.99999999999999,119.99999999999997,136.0,458.5161857920814,39.220544886845495,59.14706357422205,463.97598957703906
-49.2561,54.7045,-42.5,25.4,84.99999999999999,119.99999999999997,131.99999999999997,458.1094551131545,39.35646821288897,59.05646821288897,463.57401878453396
-45.3202,58.0072,-42.5,25.9,84.99999999999999,119.99999999999997,128.0,457.84293642577796,39.367013099734464,58.970544886845495,463.30059499165884
-41.1634,61.0272,-42.5,25.8,84.99999999999999,119.99999999999997,124.0,457.46924312160394,39.23353178711101,58.896468212888976,462.91054469162316
-36.8061,63.75,-42.5,25.2,84.99999999999999,119.99999999999997,119.99999999999997,457.16358226159855,39.11,58.859999999999985,462.593377218327
-32.2694,66.1622,-42.5,26.3,84.99999999999999,119.99999999999997,115.99999999999997,456.8829364257779,39.07646821288897,58.74298690026553,462.2983089683534
-27.5756,68.252,-42.5,25.8,84.99999999999999,119.99999999999997,112.0,456.67859728578344,38.760544886845494,58.66701309973447,462.0601037580288
-22.7474,70.0093,-42.5,26.2,84.99999999999999,119.99999999999997,107.99999999999997,456.4386477602709,38.529999999999994,58.55592332604348,461.7895583767461
-17.8084,71.4256,-42.5,24.6,84.99999999999999,119.99999999999997,104.0,456.28485350712185,38.13646821288898,58.549455113154494,461.60404725458767
-12.7826,72.4938,-42.5,27.0,84.99999999999999,119.99999999999997,100.0,456.12488402684,38.00108977369099,58.51054488684549,461.42981754048134
-7.6946,73.2089,-42.5,26.4,84.99999999999999,119.99999999999997,96.0,456.0129869002655,37.78646821288898,58.429999999999986,461.29136811965753
-2.569,73.5673,-42.5,26.6,84.99999999999999,119.99999999999997,91.99999999999999,455.9794551131545,37.35646821288897,58.40348131262344,461.2198346039162
2.569,73.5673,-42.5,27.3,84.99999999999999,119.99999999999997,87.99999999999999,455.9040766739564,37.05542891368555,58.43646821288897,461.12520290817537
7.6946,73.2089,-42.5,25.7,84.99999999999999,119.99999999999997,83.99999999999999,455.9621290728944,36.79701309973447,58.47054488684549,461.16622593281204
12.7826,72.4938,-42.5,25.1,84.99999999999999,119.99999999999997,79.99999999999999,456.0338952021242,36.46999999999999,58.51701309973447,461.21710212798536
17.8084,71.4256,-42.5,26.2,84.99999999999999,119.99999999999997,75.99999999999999,456.2094551131544,36.0794551131545,58.55244201342003,461.3644789985877
22.7474,70.0093,-42.5,25.0,84.99999999999999,119.99999999999997,71.99999999999999,456.35784040738747,35.867013099734464,58.54945511315451,461.4942684628254
27.5756,68.252,-42.5,25.6,84.99999999999999,119.99999999999997,68.0,456.53135223972896,35.65592332604347,58.58945511315451,461.6545729184587
32.2694,66.1622,-42.5,25.9,84.99999999999999,119.99999999999997,64.0,456.72661963635176,35.576518687376556,58.62244201342003,461.8457366632053
36.8061,63.75,-42.5,25.0,84.99999999999999,119.99999999999997,59.999999999999986,456.93901117528424,35.28651868737655,58.638910226309,462.03562646991867
41.1634,61.0272,-42.5,26.5,84.99999999999999,119.99999999999997,56.0,457.2040261994689,35.147013099734465,58.63,462.28596236835654
45.3202,58.0072,-42.5,26.1,84.99999999999999,119.99999999999997,52.0,457.43994952551236,35.14353178711103,58.65433913999456,462.5221148748722
49.2561,54.7045,-42.5,25.9,84.99999999999999,119.99999999999997,48.0,457.7738142079184,34.89,58.69646821288897,462.83847339556
52.9522,51.1353,-42.5,25.5,84.99999999999999,119.99999999999997,43.99999999999999,458.05750751209234,34.99701309973447,58.69005047448758,463.12632524916074
56.3902,47.317,-42.5,26.4,84.99999999999999,119.99999999999997,39.99999999999999,458.382109118125,34.8105448868455,58.71646821288897,463.43667920687386
59.5535,43.2681,-42.5,25.9,84.99999999999999,119.99999999999997,35.99999999999999,458.5168011081839,34.94891022630901,58.69646821288897,463.5777805343513
62.4267,39.0085,-42.5,26.3,84.99999999999999,119.99999999999997,32.0,458.8404944123579,35.042986900265525,58.69592332604347,463.90497050426825
64.9957,34.5588,-42.5,26.9,84.99999999999999,119.99999999999997,28.0,458.94435909476397,35.2794551131545,58.66163466053648,464.0212840797618
67.2481,29.9408,-42.5,26.1,84.99999999999999,119.99999999999997,24.0,459.09805239893785,35.49298690026553,58.652986900265525,464.18848187769913
69.1728,25.1768,-42.5,25.5,84.99999999999999,119.99999999999997,19.999999999999996,459.23976805368005,35.59402619946894,58.6594551131545,464.33719529804904
70.7605,20.2903,-42.5,25.8,84.99999999999999,119.99999999999997,16.0,459.3362562213385,35.90244201342002,58.64353178711102,464.454352377527
72.0036,15.3048,-42.5,26.3,84.99999999999999,119.99999999999997,12.0,459.43935416417935,36.12054488684549,58.64646821288896,464.57359175007593
72.8958,10.2448,-42.5,25.9,84.99999999999999,119.99999999999997,8.0,459.52026246603793,36.33,58.58407667395651,464.6620648994239
73.4328,5.1349,-42.5,27.2,84.99999999999999,119.99999999999997,4.0,459.47597380053105,36.487013099734476,58.60298690026553,464.6329548132797
73.6122,0.0,-42.5,26.3,84.99999999999999,119.99999999999997,0.0,459.41999999999996,36.88836533946351,58.619455113154494,464.61137353188076
70.4682,0.0,-47.5314,26.3,84.99999999999999,124.0,0.0,459.25244201341997,36.929455113154496,58.57402619946894,464.443222251612
70.2965,4.9156,-47.5314,26.3,84.99999999999999,124.0,4.0,459.2738447276366,36.63999999999999,58.57999999999999,464.4422143290866
69.7824,9.8073,-47.5314,25.6,84.99999999999999,124.0,8.0,459.22168513502396,36.389455113154504,58.554621560802005,464.36773385735154
68.9283,14.6512,-47.5314,27.2,84.99999999999999,124.0,12.0,459.2601814718322,36.16353178711102,58.633531787111025,464.3981119327336
67.7384,19.4237,-47.5314,25.8,84.99999999999999,124.0,16.0,459.2955399562609,35.925973800531054,58.6694551131545,464.419178738889
66.2184,24.1015,-47.5314,24.7,84.99999999999999,124.0,19.999999999999996,459.1029869002655,35.71,58.682986900265526,464.21379733080107
64.3759,28.662,-47.5314,28.3,84.99999999999999,124.0,24.0,458.9576084610674,35.52,58.699999999999996,464.0575899220941
62.2197,33.0828,-47.5314,25.9,84.99999999999999,124.0,28.0,458.7743896144822,35.277013099734475,58.660494412357906,463.85284501022716
59.7604,37.3425,-47.5314,26.5,84.99999999999999,124.0,32.0,458.53864776027086,35.19651868737655,58.658910226309004,463.6133671136616
57.01,41.4202,-47.5314,26.6,84.99999999999999,124.0,35.99999999999999,458.43678115341453,35.18,58.61407667395652,463.5056900391236
53.9818,45.2961,-47.5314,25.7,84.99999999999999,124.0,39.99999999999999,458.2359738005311,34.96298690026553,58.60999999999999,463.2901361327577
50.6906,48.9513,-47.5314,26.1,84.99999999999999,124.0,43.99999999999999,458.01478307786476,35.06,58.60298690026553,463.077806844051
47.1524,52.3681,-47.5314,25.8,84.99999999999999,124.0,48.0,457.65462156080196,34.99755798657996,58.63298690026552,462.7206596358451
43.3846,55.5297,-47.5314,26.5,84.99999999999999,124.0,52.0,457.51597380053096,35.099999999999994,58.619455113154494,462.5895770555269
39.4053,58.4208,-47.5314,25.9,84.99999999999999,124.0,56.0,457.277820452618,35.26891022630901,58.58054488684549,462.3619592329022
35.2341,61.0272,-47.5314,27.6,84.99999999999999,124.0,59.999999999999986,457.0045710863144,35.336518687376554,58.51158418604891,462.08814422217176
30.8912,63.3364,-47.5314,27.3,84.99999999999999,124.0,64.0,456.789667104705,35.56755798657996,58.52,461.89440519966894
26.3978,65.337,-47.5314,26.1,84.99999999999999,124.0,68.0,456.57400624469955,35.80054488684549,58.462724434227475,461.69188030633853
21.7759,67.0192,-47.5314,26.2,84.99999999999999,124.0,71.99999999999999,456.36168513502406,35.99298690026552,58.47701309973447,461.49869320112714
17.0478,68.375,-47.5314,26.2,84.99999999999999,124.0,75.99999999999999,456.23542891368555,36.326468212888976,58.42298690026553,461.3931342003533
12.2367,69.3976,-47.5314,25.9,84.99999999999999,124.0,79.99999999999999,456.17257301076467,36.568910226309,58.4110392992034,461.3486220575654
7.3659,70.0822,-47.5314,27.7,84.99999999999999,124.0,83.99999999999999,456.12433913999456,36.81646821288897,58.38298690026553,461.317069104281
2.4593,70.4253,-47.5314,26.4,84.99999999999999,124.0,87.99999999999999,456.0653479194798,37.00646821288897,58.38348131262344,461.274008754763
-2.4593,70.4253,-47.5314,26.7,84.99999999999999,124.0,91.99999999999999,456.12859728578337,37.30701309973447,58.309999999999995,461.3514566881957
-7.3659,70.0822,-47.5314,26.3,84.99999999999999,124.0,96.0,456.1176084610675,37.722986900265525,58.3205448868455,461.3757497363942
-12.2367,69.3976,-47.5314,25.8,84.99999999999999,124.0,100.0,456.2749345013276,37.951897126574536,58.33592332604348,461.5519930625356
-17.0478,68.375,-47.5314,25.9,84.99999999999999,124.0,104.0,456.37602427501855,38.173531787111024,58.391897126574534,461.6772765820453
-21.7759,67.0192,-47.5314,24.2,84.99999999999999,124.0,107.99999999999997,456.6013017652415,38.40701309973446,58.44651868737654,461.92623109716357
-26.3978,65.337,-47.5314,25.8,84.99999999999999,124.0,112.0,456.76571133449295,38.58353178711103,58.47592332604348,462.1071711030956
-30.8912,63.3364,-47.5314,25.5,84.99999999999999,124.0,115.99999999999997,457.0540261994688,38.80701309973446,58.58298690026552,462.4244084010103
-35.2341,61.0272,-47.5314,24.4,84.99999999999999,124.0,119.99999999999997,457.25864776027095,38.8794551131545,58.58950558764207,462.63356249460725
-39.4053,58.4208,-47.5314,26.5,84.99999999999999,124.0,124.0,457.4740261994689,39.11,58.62457108631444,462.8703026574579
-43.3846,55.5297,-47.5314,26.2,84.99999999999999,124.0,128.0,457.76103929920333,39.22,58.74701309973447,463.1787873472048
-47.1524,52.3681,-47.5314,26.3,84.99999999999999,124.0,131.99999999999997,458.02864776027087,39.14298690026552,58.787608461067535,463.4419041273118
-50.6906,48.9513,-47.5314,26.7,84.99999999999999,124.0,136.0,458.31618579208146,39.19701309973447,58.83945511315451,463.7372245927163
-53.9818,45.2961,-47.5314,26.5,84.99999999999999,124.0,139.99999999999997,458.7048335523524,39.05353178711102,58.912442013420026,464.11849617670134
-57.01,41.4202,-47.5314,25.9,84.99999999999999,124.0,143.99999999999997,458.9237637334309,39.033481312623444,58.984076673956515,464.34228203311403
-59.7604,37.3425,-47.5314,25.7,84.99999999999999,124.0,147.99999999999997,459.12760846106744,38.8594551131545,59.02054488684549,464.5337908286228
-62.2197,33.0828,-47.5314,26.4,84.99999999999999,124.0,151.99999999999997,459.4281833962825,38.652986900265525,59.07597380053106,464.820696371839
-64.3759,28.662,-47.5314,26.1,84.99999999999999,124.0,155.99999999999997,459.6886782799891,38.48298690026552,59.152442013420035,465.0737926563056
-66.2184,24.1015,-47.5314,26.1,84.99999999999999,124.0,159.99999999999997,459.879505587642,38.040544886845495,59.19760846106754,465.23176972594206
-67.7384,19.4237,-47.5314,26.7,84.99999999999999,124.0,163.99999999999997,460.0773260402601,37.82999999999999,59.26353178711103,465.4185439324885
-68.9283,14.6512,-47.5314,26.7,84.99999999999999,124.0,167.99999999999997,460.277820452618,37.480544886845486,59.289999999999985,465.5918463049233
-69.7824,9.8073,-47.5314,26.0,84.99999999999999,124.0,171.99999999999997,460.35103929920336,37.197557986579966,59.2994551131545,465.642741896337
-70.2965,4.9156,-47.5314,25.8,84.99999999999999,124.0,175.99999999999997,460.49103929920335,36.81805239893788,59.31701309973447,465.7532332688475
-70.4682,0.0,-47.5314,26.7,84.99999999999999,124.0,180.0,460.5009888247158,36.49950558764208,59.38760846106754,465.74699425268267
-70.2965,-4.9156,-47.5314,27.0,84.99999999999999,124.0,183.99999999999997,460.5721091181249,36.13298690026553,59.419999999999995,465.792869030702
-69.7824,-9.8073,-47.5314,26.7,84.99999999999999,124.0,188.0,460.44511597315994,35.89054488684549,59.40945511315449,465.64720485862824
-68.9283,-14.6512,-47.5314,25.9,84.99999999999999,124.0,192.0,460.3156608600054,35.478910226309,59.42244201342003,465.48929882293567
-67.7384,-19.4237,-47.5314,26.5,84.99999999999999,124.0,196.0,460.19433913999455,35.13402619946894,59.416518687376545,465.34240325421524
-66.2184,-24.1015,-47.5314,26.4,84.99999999999999,124.0,200.0,460.0047525581467,34.90353178711102,59.41,465.1367293681457
-64.3759,-28.662,-47.5314,27.1,84.99999999999999,124.0,204.0,459.78438961448205,34.69353178711102,59.36945511315449,464.89790092175934
-62.2197,-33.0828,-47.5314,25.5,84.99999999999999,124.0,208.0,459.58841581395103,34.37592332604348,59.304076673956516,464.67213125498034
-59.7604,-37.3425,-47.5314,27.2,84.99999999999999,124.0,212.0,459.2801009489751,34.297013099734464,59.21407667395651,464.3498714456733
-57.01,-41.4202,-47.5314,25.3,84.99999999999999,124.0,215.99999999999994,459.07592332604344,34.09353178711102,59.185923326043465,464.1293416789488
-53.9818,-45.2961,-47.5314,25.9,84.99999999999999,124.0,220.0,458.76651868737656,33.79,59.13298690026553,463.79434333363963
-50.6906,-48.9513,-47.5314,26.5,84.99999999999999,124.0,224.0,458.4477699781304,33.74407667395652,59.08,463.46894923877977
-47.1524,-52.3681,-47.5314,25.5,84.99999999999999,124.0,228.0,458.03194760106203,33.68402619946894,59.03597380053106,463.04764857064714
-43.3846,-55.5297,-47.5314,25.2,84.99999999999999,124.0,231.99999999999994,457.74750751209234,33.6894551131545,58.9294551131545,462.7531098753282
-39.4053,-58.4208,-47.5314,26.4,84.99999999999999,124.0,236.0,457.41750751209236,33.597013099734475,58.83054488684548,462.4073620515594
-35.2341,-61.0272,-47.5314,26.6,84.99999999999999,124.0,239.99999999999994,457.0594046386668,33.57646821288896,58.806468212888966,462.0485681072686
-30.8912,-63.3364,-47.5314,25.6,84.99999999999999,124.0,243.99999999999994,456.68407667395644,33.845973800531056,58.70402619946895,461.68393790782704
-26.3978,-65.337,-47.5314,26.4,84.99999999999999,124.0,248.0,456.3348535071218,33.89244201342003,58.6205448868455,461.3312957450752
-21.7759,-67.0192,-47.5314,25.5,84.99999999999999,124.0,252.0,456.04651868737653,34.17407667395651,58.53592332604348,461.0561235283895
-17.0478,-68.375,-47.5314,25.2,84.99999999999999,124.0,256.0,455.80108977369093,34.36,58.54592332604347,460.82845851464424
-12.2367,-69.3976,-47.5314,25.9,84.99999999999999,124.0,259.99999999999994,455.58103929920344,34.62,58.47999999999999,460.6219037007927
-7.3659,-70.0822,-47.5314,25.7,84.99999999999999,124.0,263.99999999999994,455.35488402684007,34.89298690026553,58.403531787111014,460.40912617706346
-2.4593,-70.4253,-47.5314,25.9,84.99999999999999,124.0,267.99999999999994,455.19841581395116,35.160544886845486,58.35407667395651,460.2684650730926
2.4593,-70.4253,-47.5314,26.0,84.99999999999999,124.0,272.0,455.08298690026555,35.45891022630901,58.3594551131545,460.1778843899487
7.3659,-70.0822,-47.5314,26.2,84.99999999999999,124.0,276.0,455.0489102263089,35.8594551131545,58.38597380053106,460.1785883282707
12.2367,-69.3976,-47.5314,24.6,84.99999999999999,124.0,279.99999999999994,455.02869823475845,36.20457108631444,58.398102873425465,460.1871636671084
17.0478,-68.375,-47.5314,25.4,84.99999999999999,124.0,283.99999999999994,455.14329984079114,36.516468212888974,58.43054488684549,460.329234805352
21.7759,-67.0192,-47.5314,25.0,84.99999999999999,124.0,287.99999999999994,455.21999999999997,36.92298690026553,58.40999999999999,460.4348851484183
26.3978,-65.337,-47.5314,25.6,84.99999999999999,124.0,291.99999999999994,455.3224420134201,37.25999999999999,58.46945511315451,460.570853379036
30.8912,-63.3364,-47.5314,25.5,84.99999999999999,124.0,295.99999999999994,455.4396870594743,37.586468212888974,58.449192647116455,460.7107110352983
35.2341,-61.0272,-47.5314,26.7,84.99999999999999,124.0,300.0,455.67119072266604,37.7105448868455,58.507063574222045,460.9570432679743
39.4053,-58.4208,-47.5314,28.2,84.99999999999999,124.0,303.99999999999994,455.88924312160407,37.8894551131545,58.51891022630901,461.1887635847556
43.3846,-55.5297,-47.5314,27.2,84.99999999999999,124.0,308.0,456.19168513502393,38.148910226309006,58.533481312623444,461.51095476961655
47.1524,-52.3681,-47.5314,25.0,84.99999999999999,124.0,311.99999999999994,456.445973800531,38.243531787111024,58.55646821288898,461.7730553982485
50.6906,-48.9513,-47.5314,27.2,84.99999999999999,124.0,315.99999999999994,456.7940062446996,38.239999999999995,58.578365339463495,462.119558801536
53.9818,-45.2961,-47.5314,26.8,84.99999999999999,124.0,319.99999999999994,457.1598185281677,38.38,58.52651868737655,462.486191649406
57.01,-41.4202,-47.5314,25.8,84.99999999999999,124.0,323.99999999999994,457.3884662884387,38.42999999999999,58.58701309973446,462.72401288201877
59.7604,-37.3425,-47.5314,26.0,84.99999999999999,124.0,327.99999999999994,457.6905448868455,38.3994551131545,58.60646821288898,463.0225384883473
62.2197,-33.0828,-47.5314,26.5,84.99999999999999,124.0,331.99999999999994,457.99459104108377,38.19488402684006,58.64402619946893,463.31092842452716
64.3759,-28.662,-47.5314,25.9,84.99999999999999,124.0,335.99999999999994,458.3301009489752,38.05054488684549,58.69402619946894,463.6370499793859
66.2184,-24.1015,-47.5314,25.6,84.99999999999999,124.0,339.99999999999994,458.51467203528955,37.98348131262344,58.68135223972903,463.8124086577877
67.7384,-19.4237,-47.5314,27.0,84.99999999999999,124.0,343.99999999999994,458.70005047448757,37.832986900265524,58.75493450132764,463.99268693735723
68.9283,-14.6512,-47.5314,25.1,84.99999999999999,124.0,347.99999999999994,458.8610392992033,37.594076673956515,58.69,464.1242119171465
69.7824,-9.8073,-47.5314,24.7,84.99999999999999,124.0,351.99999999999994,459.0422300218695,37.359455113154496,58.72701309973446,464.28909086626095
70.2965,-4.9156,-47.5314,26.5,84.99999999999999,124.0,356.0,459.12033289529506,37.0894551131545,58.782442013420024,464.3516805693055
66.8178,-4.6724,-52.3312,25.8,84.99999999999999,128.0,356.0,458.9337637334309,37.086468212888974,58.78348131262343,464.16710707919594
66.3291,-9.3219,-52.3312,24.8,84.99999999999999,128.0,351.99999999999994,458.84587285155595,37.31646821288897,58.697557986579966,464.08776879635354
65.5172,-13.9261,-52.3312,27.1,84.99999999999999,128.0,347.99999999999994,458.7070130997344,37.469455113154496,58.67244201342002,463.959631202085
64.3862,-18.4624,-52.3312,27.0,84.99999999999999,128.0,343.99999999999994,458.4619476010621,37.78701309973447,58.65597380053106,463.74102581036226
62.9415,-22.9088,-52.3312,25.6,84.99999999999999,128.0,339.99999999999994,458.3059233260434,37.95646821288898,58.669949525512415,463.60238978273117
61.1901,-27.2436,-52.3312,26.0,84.99999999999999,128.0,335.99999999999994,458.0385972857833,38.00755798657997,58.62651868737655,463.3368102806343
59.1406,-31.4456,-52.3312,26.0,84.99999999999999,128.0,331.99999999999994,457.7948335523525,38.13402619946894,58.59298690026552,463.10198843807893
56.803,-35.4945,-52.3312,25.5,84.99999999999999,128.0,327.99999999999994,457.5261857920815,38.281089773690994,58.609455113154496,462.85064626548
54.1887,-39.3704,-52.3312,23.5,84.99999999999999,128.0,323.99999999999994,457.28831486497586,38.269999999999996,58.5894551131545,462.61206216710957
51.3104,-43.0545,-52.3312,25.6,84.99999999999999,128.0,319.99999999999994,456.9815337115613,38.22348131262344,58.599455113154505,462.30623272522075
48.182,-46.5289,-52.3312,25.1,84.99999999999999,128.0,315.99999999999994,456.7476084610675,38.13298690026553,58.54348131262344,462.06043081943506
44.819,-49.7765,-52.3312,25.9,84.99999999999999,128.0,311.99999999999994,456.52930368969174,38.07353178711102,58.51353178711103,461.8359366185574
41.2376,-52.7817,-52.3312,25.1,84.99999999999999,128.0,308.0,456.2465186873765,37.92701309973447,58.557063574222035,461.5498606125383
37.4553,-55.5297,-52.3312,24.0,84.99999999999999,128.0,303.99999999999994,455.9610392992034,37.94701309973447,58.50597380053105,461.2628254394121
33.4905,-58.0072,-52.3312,26.9,84.99999999999999,128.0,300.0,455.7300504744876,37.65353178711102,58.46493450132764,461.00522331939635
29.3625,-60.202,-52.3312,25.7,84.99999999999999,128.0,295.99999999999994,455.5700504744876,37.432986900265526,58.58298690026552,460.84407965358446
25.0915,-62.1036,-52.3312,25.7,84.99999999999999,128.0,291.99999999999994,455.4663672639138,37.21353178711102,58.47999999999999,460.71072166453513
20.6982,-63.7026,-52.3312,25.5,84.99999999999999,128.0,287.99999999999994,455.30810287342547,37.0094551131545,58.53298690026552,460.5445460163838
16.2041,-64.9913,-52.3312,24.7,84.99999999999999,128.0,283.99999999999994,455.26706357422205,36.71999999999999,58.512986900265524,460.47825921696386
11.6311,-65.9633,-52.3312,24.5,84.99999999999999,128.0,279.99999999999994,455.25031294052565,36.347013099734475,58.46,460.4253733165873
7.0014,-66.614,-52.3312,24.4,84.99999999999999,128.0,276.0,455.2286982347585,36.09298690026553,58.43298690026552,460.3805875120955
2.3376,-66.9401,-52.3312,24.7,84.99999999999999,128.0,272.0,455.3963167894262,35.69,58.45457108631444,460.517663424825
-2.3376,-66.9401,-52.3312,25.0,84.99999999999999,128.0,267.99999999999994,455.42592332604346,35.377557986579966,58.449999999999996,460.5222532587031
-7.0014,-66.614,-52.3312,26.5,84.99999999999999,128.0,263.99999999999994,455.58114024817854,35.102442013420024,58.454026199468935,460.65521810141723
-11.6311,-65.9633,-52.3312,25.4,84.99999999999999,128.0,259.99999999999994,455.7454793881731,34.72999999999999,58.517013099734484,460.7975213744864
-16.2041,-64.9913,-52.3312,24.7,84.99999999999999,128.0,256.0,455.9615841860488,34.542986900265525,58.61244201342003,461.0093302268618
-20.6982,-63.7026,-52.3312,24.6,84.99999999999999,128.0,252.0,456.16509601839056,34.41108977369099,58.688910226309,461.21047918323825
-25.0915,-62.1036,-52.3312,25.5,84.99999999999999,128.0,248.0,456.36765893555514,34.24891022630901,58.69348131262344,461.3993419182609
-29.3625,-60.202,-52.3312,25.6,84.99999999999999,128.0,243.99999999999994,456.73163466053643,34.09108977369099,58.81244201342003,461.7628090667605
-33.4905,-58.0072,-52.3312,25.8,84.99999999999999,128.0,239.99999999999994,456.9913017652414,33.99,58.8,462.01061674932316
-37.4553,-55.5297,-52.3312,25.9,84.99999999999999,128.0,236.0,457.2833503152787,34.06,58.897013099734465,462.31699539129664
-41.2376,-52.7817,-52.3312,25.5,84.99999999999999,128.0,231.99999999999994,457.5700504744876,33.88701309973447,58.98054488684549,462.5985142898709
-44.819,-49.7765,-52.3312,24.7,84.99999999999999,128.0,228.0,457.9439757249814,33.92,59.016468212888974,462.9753717241613
-48.182,-46.5289,-52.3312,25.4,84.99999999999999,128.0,224.0,458.1525124426769,33.98592332604347,59.04755798657996,463.19043788277776
-51.3104,-43.0545,-52.3312,25.8,84.99999999999999,128.0,220.0,458.5010897736909,34.12592332604348,59.15542891368556,463.5592656138795
-54.1887,-39.3704,-52.3312,25.1,84.99999999999999,128.0,215.99999999999994,458.78438961448217,34.23701309973447,59.17402619946895,463.8500345980151
-56.803,-35.4945,-52.3312,25.5,84.99999999999999,128.0,212.0,459.00087778214044,34.58,59.26945511315449,464.101767411185
-59.1406,-31.4456,-52.3312,25.5,84.99999999999999,128.0,208.0,459.28999999999996,34.76701309973447,59.27701309973447,464.40264166120244
-61.1901,-27.2436,-52.3312,25.4,84.99999999999999,128.0,204.0,459.4877699781305,34.93760846106755,59.33755798657996,464.61876095597444
-62.9415,-22.9088,-52.3312,25.5,84.99999999999999,128.0,200.0,459.6950150241847,35.12,59.36701309973445,464.84122394907
-64.3862,-18.4624,-52.3312,26.1,84.99999999999999,128.0,196.0,459.7601309973447,35.39,59.379999999999995,464.92775197303024
-65.5172,-13.9261,-52.3312,24.7,84.99999999999999,128.0,192.0,459.8758728515559,35.829455113154495,59.41542891368555,465.0803817381284
-66.3291,-9.3219,-52.3312,26.7,84.99999999999999,128.0,188.0,460.0145710863144,36.07,59.419999999999995,465.2366998762305
-66.8178,-4.6724,-52.3312,25.2,84.99999999999999,128.0,183.99999999999997,460.05935416417924,36.3405448868455,59.447557986579966,465.3055519840724
-66.9809,0.0,-52.3312,25.3,84.99999999999999,128.0,180.0,460.01945511315444,36.730544886845486,59.451089773690995,465.2971782480177
-66.8178,4.6724,-52.3312,25.7,84.99999999999999,128.0,175.99999999999997,460.0691421726288,36.9205448868455,59.44597380053105,465.3606837876332
-66.3291,9.3219,-52.3312,25.4,84.99999999999999,128.0,171.99999999999997,459.9420785984068,37.19701309973447,59.435973800531045,465.25580966881245
-65.5172,13.9261,-52.3312,26.7,84.99999999999999,128.0,167.99999999999997,459.82696262524684,37.497013099734474,59.42701309973447,465.1649507803848
-64.3862,18.4624,-52.3312,25.4,84.99999999999999,128.0,163.99999999999997,459.63308784924067,37.78,59.41244201342002,464.99434632243197
-62.9415,22.9088,-52.3312,25.9,84.99999999999999,128.0,159.99999999999997,459.52542891368546,37.95244201342004,59.3894551131545,464.8990374820387
-61.1901,27.2436,-52.3312,25.1,84.99999999999999,128.0,155.99999999999997,459.22363273608613,38.29999999999999,59.35999999999998,464.6254883918097
-59.1406,31.4456,-52.3312,24.9,84.99999999999999,128.0,151.99999999999997,459.0650654986723,38.45,59.32,464.4760481029138
-56.803,35.4945,-52.3312,25.2,84.99999999999999,128.0,147.99999999999997,458.78199807554967,38.58755798657997,59.26353178711103,464.2004821081547
-54.1887,39.3704,-52.3312,25.3,84.99999999999999,128.0,143.99999999999997,458.5380523989379,38.849455113154505,59.203531787111025,463.97358096821375
-51.3104,43.0545,-52.3312,26.7,84.99999999999999,128.0,139.99999999999997,458.3595055876421,38.90353178711102,59.16646821288897,463.7969298182614
-48.182,46.5289,-52.3312,25.8,84.99999999999999,128.0,136.0,458.1213017652414,38.92646821288897,59.09348131262344,463.5541355572764
-44.819,49.7765,-52.3312,25.5,84.99999999999999,128.0,131.99999999999997,457.80194760106207,39.037013099734466,58.984026199468936,463.2338793371811
-41.2376,52.7817,-52.3312,26.0,84.99999999999999,128.0,128.0,457.54724504605434,39.042986900265525,58.94755798657997,462.97802417383656
-37.4553,55.5297,-52.3312,25.1,84.99999999999999,128.0,124.0,457.38338036364826,38.90999999999999,58.9194551131545,462.80130393475423
-33.4905,58.0072,-52.3312,26.1,84.99999999999999,128.0,119.99999999999997,457.0676084610675,38.84701309973447,58.82054488684549,462.4713457414157
-29.3625,60.202,-52.3312,25.5,84.99999999999999,128.0,115.99999999999997,456.8459233260434,38.682936425777946,58.81,462.2371505300563
-25.0915,62.1036,-52.3312,25.7,84.99999999999999,128.0,112.0,456.60353178711097,38.59651868737655,58.72701309973447,461.979803198002
-20.6982,63.7026,-52.3312,25.9,84.99999999999999,128.0,107.99999999999997,456.3943590947639,38.374026199468936,58.706468212888964,461.7519099151716
-16.2041,64.9913,-52.3312,25.4,84.99999999999999,128.0,104.0,456.2928859512904,38.084026199468944,58.67,461.62296273183716
-11.6311,65.9633,-52.3312,25.4,84.99999999999999,128.0,100.0,456.10599375530046,37.87891022630901,58.6005448868455,461.41251959659496
-7.0014,66.614,-52.3312,24.7,84.99999999999999,128.0,96.0,456.10054488684546,37.57353178711102,58.6005448868455,461.38216393578716
-2.3376,66.9401,-52.3312,24.8,84.99999999999999,128.0,91.99999999999999,456.05467203528957,37.442986900265524,58.59641773840139,461.32567815481747
2.3376,66.9401,-52.3312,26.1,84.99999999999999,128.0,87.99999999999999,456.00516644764747,37.182986900265526,58.60000000000001,461.2561613049434
7.0014,66.614,-52.3312,24.9,84.99999999999999,128.0,83.99999999999999,456.063269321073,36.89402619946894,58.62,461.29294292567783
11.6311,65.9633,-52.3312,23.5,84.99999999999999,128.0,79.99999999999999,456.066236266569,36.692986900265524,58.60353178711102,461.27774831216374
16.2041,64.9913,-52.3312,27.4,84.99999999999999,128.0,75.99999999999999,456.1986477602709,36.4,58.7005448868455,461.3977895355723
20.6982,63.7026,-52.3312,24.0,84.99999999999999,128.0,71.99999999999999,456.27805239893786,36.10054488684549,58.72755798657996,461.45621299226445
25.0915,62.1036,-52.3312,24.7,84.99999999999999,128.0,68.0,456.3632188465854,35.97,58.70896070079659,461.5278653370608
29.3625,60.202,-52.3312,25.9,84.99999999999999,128.0,64.0,456.60444008896974,35.68701309973447,58.79054488684548,461.75481132418577
33.4905,58.0072,-52.3312,25.1,84.99999999999999,128.0,59.999999999999986,456.83701309973446,35.68,58.76701309973447,461.9812558606153
37.4553,55.5297,-52.3312,26.2,84.99999999999999,128.0,56.0,457.0227549539456,35.42701309973447,58.82945511315449,462.1534123987116
41.2376,52.7817,-52.3312,25.8,84.99999999999999,128.0,52.0,457.139505587642,35.35646821288898,58.790544886845495,462.2585159642762
44.819,49.7765,-52.3312,24.8,84.99999999999999,128.0,48.0,457.3975075120923,35.43353178711102,58.78701309973446,462.5191109158314
48.182,46.5289,-52.3312,24.9,84.99999999999999,128.0,43.99999999999999,457.61576180898055,35.27298690026553,58.81217954738198,462.7258816232278
51.3104,43.0545,-52.3312,26.0,84.99999999999999,128.0,39.99999999999999,457.8645206118269,35.27194760106211,58.85298690026551,462.97700114557847
54.1887,39.3704,-52.3312,25.5,84.99999999999999,128.0,35.99999999999999,458.13841581395104,35.292986900265525,58.83348131262345,463.24699836288397
56.803,35.4945,-52.3312,25.1,84.99999999999999,128.0,32.0,458.2837637334309,35.332986900265524,58.86999999999999,463.3984300415501
59.1406,31.4456,-52.3312,24.2,84.99999999999999,128.0,28.0,458.4700000000001,35.477013099734464,58.80701309973447,463.58561684783876
61.1901,27.2436,-52.3312,25.3,84.99999999999999,128.0,24.0,458.58132172001086,35.65646821288897,58.818910226309,463.71098386397904
62.9415,22.9088,-52.3312,25.0,84.99999999999999,128.0,19.999999999999996,458.6440261994689,35.73353178711102,58.797013099734464,463.7761494642539
64.3862,18.4624,-52.3312,24.7,84.99999999999999,128.0,16.0,458.8315841860488,35.98353178711102,58.77701309973446,463.9784202691754
65.5172,13.9261,-52.3312,24.9,84.99999999999999,128.0,12.0,458.871352239729,36.181089773690985,58.73994952551241,464.02841597663934
66.3291,9.3219,-52.3312,24.8,84.99999999999999,128.0,8.0,458.87402619946886,36.42646821288898,58.74999999999999,464.05152947380253
66.8178,4.6724,-52.3312,25.1,84.99999999999999,128.0,4.0,458.78896070079657,36.612986900265525,58.752986900265526,463.98247244953
66.9809,0.0,-52.3312,25.6,84.99999999999999,128.0,0.0,458.8326739597399,36.902986900265525,58.7494551131545,464.0482212133764
63.1673,0.0,-56.8761,24.5,84.99999999999999,131.99999999999997,0.0,458.6781028734254,36.85,58.757557986579954,463.89220210746265
63.0134,4.4063,-56.8761,25.6,84.99999999999999,131.99999999999997,4.0,458.69108977369086,36.611089773690985,58.771089773690996,463.8878406742093
62.5526,8.7912,-56.8761,25.0,84.99999999999999,131.99999999999997,8.0,458.7075579865799,36.374076673956516,58.7594551131545,463.88400573105474
61.787,13.1332,-56.8761,25.9,84.99999999999999,131.99999999999997,12.0,458.6813017652414,36.29755798657996,58.76706357422204,463.8530123497984
60.7203,17.4113,-56.8761,25.9,84.99999999999999,131.99999999999997,16.0,458.66239153893247,36.228910226309004,58.80293642577794,463.83349240939145
59.3579,21.6045,-56.8761,24.6,84.99999999999999,131.99999999999997,19.999999999999996,458.5269626252468,36.01,58.818910226309,463.68454767713047
57.7062,25.6925,-56.8761,25.9,84.99999999999999,131.99999999999997,24.0,458.4384662884387,35.82244201342003,58.849404638666925,463.58637507052157
55.7734,29.6553,-56.8761,25.8,84.99999999999999,131.99999999999997,28.0,458.1975579865799,35.83701309973447,58.86054488684549,463.35068511566067
53.5689,33.4736,-56.8761,26.0,84.99999999999999,131.99999999999997,32.0,458.1554289136855,35.572986900265526,58.859999999999985,463.28860771671214
51.1034,37.1288,-56.8761,24.7,84.99999999999999,131.99999999999997,35.99999999999999,457.84054488684546,35.56999999999999,58.88999999999999,462.98080040351954
48.389,40.6032,-56.8761,25.1,84.99999999999999,131.99999999999997,39.99999999999999,457.7757618089806,35.46755798657996,58.92054488684549,462.912763249283
45.4388,43.8797,-56.8761,24.2,84.99999999999999,131.99999999999997,43.99999999999999,457.5484357687205,35.38298690026553,58.897013099734465,462.67848987007983
42.2672,46.9425,-56.8761,25.5,84.99999999999999,131.99999999999997,48.0,457.3540261994689,35.430544886845496,58.87054488684549,462.48650774602856
38.8897,49.7765,-56.8761,24.3,84.99999999999999,131.99999999999997,52.0,457.1589607007965,35.49457108631444,58.85298690026551,462.29628377558544
35.3227,52.3681,-56.8761,24.4,84.99999999999999,131.99999999999997,56.0,456.9810897736909,35.722986900265525,58.82054488684549,462.1338601580846
31.5837,54.7045,-56.8761,25.5,84.99999999999999,131.99999999999997,59.999999999999986,456.84000000000003,35.839999999999996,58.82999999999999,462.0046104748307
27.6907,56.7744,-56.8761,24.6,84.99999999999999,131.99999999999997,64.0,456.68732604026,35.7994551131545,58.802986900265516,461.847059123033
23.6629,58.5677,-56.8761,24.9,84.99999999999999,131.99999999999997,68.0,456.51176612922984,35.99,58.80945511315451,461.68909963863643
19.5198,60.0757,-56.8761,25.3,84.99999999999999,131.99999999999997,71.99999999999999,456.34836533946344,36.17646821288897,58.81402619946894,461.5426925845001
15.2816,61.291,-56.8761,26.4,84.99999999999999,131.99999999999997,75.99999999999999,456.217063574222,36.43054488684549,58.714076673956505,461.42013013815665
10.9689,62.2077,-56.8761,26.8,84.99999999999999,131.99999999999997,79.99999999999999,456.18,36.63298690026552,58.69005047448758,461.39645659013564
6.6028,62.8213,-56.8761,26.2,84.99999999999999,131.99999999999997,83.99999999999999,456.1077094100426,36.91,58.69353178711101,461.34750606990445
2.2045,63.1288,-56.8761,25.5,84.99999999999999,131.99999999999997,87.99999999999999,456.1173260402601,37.12891022630901,58.6794551131545,461.3727880370568
-2.2045,63.1288,-56.8761,26.3,84.99999999999999,131.99999999999997,91.99999999999999,456.08885975182136,37.32701309973447,58.69348131262344,461.3624157267902
-6.6028,62.8213,-56.8761,25.5,84.99999999999999,131.99999999999997,96.0,456.172936425778,37.507013099734465,58.69348131262345,461.460126888094
-10.9689,62.2077,-56.8761,25.2,84.99999999999999,131.99999999999997,100.0,456.278910226309,37.72999999999999,58.69945511315451,461.5838199589424
-15.2816,61.291,-56.8761,24.0,84.99999999999999,131.99999999999997,104.0,456.3640766739565,37.91348131262344,58.755378439197976,461.6901526340462
-19.5198,60.0757,-56.8761,25.3,84.99999999999999,131.99999999999997,107.99999999999997,456.40999999999997,38.07402619946893,58.82103929920341,461.75711606349523
-23.6629,58.5677,-56.8761,25.5,84.99999999999999,131.99999999999997,112.0,456.5680523989378,38.34298690026553,58.819999999999986,461.93545384154396
-27.6907,56.7744,-56.8761,24.9,84.99999999999999,131.99999999999997,115.99999999999997,456.7272755657725,38.41353178711102,58.87005047448757,462.1050600382571
-31.5837,54.7045,-56.8761,24.5,84.99999999999999,131.99999999999997,119.99999999999997,456.94080735288344,38.47511597315993,58.9494551131545,462.3313467975007
-35.3227,52.3681,-56.8761,25.0,84.99999999999999,131.99999999999997,124.0,457.16077683316536,38.71,59.033481312623444,462.5790655559232
-38.8897,49.7765,-56.8761,24.4,84.99999999999999,131.99999999999997,128.0,457.3449039816095,38.6894551131545,59.060544886845506,462.76277194393185
-42.2672,46.9425,-56.8761,24.3,84.99999999999999,131.99999999999997,131.99999999999997,457.6699495255124,38.695428913685554,59.14592332604348,463.0954104324392
-45.4388,43.8797,-56.8761,24.9,84.99999999999999,131.99999999999997,136.0,457.86716452319723,38.65999999999999,59.21999999999999,463.2968209997912
-48.389,40.6032,-56.8761,25.1,84.99999999999999,131.99999999999997,139.99999999999997,458.1439252504938,38.559455113154506,59.2794551131545,463.569565028881
-51.1034,37.1288,-56.8761,25.5,84.99999999999999,131.99999999999997,143.99999999999997,458.3713017652414,38.557557986579965,59.29999999999999,463.796750268747
-53.5689,33.4736,-56.8761,24.7,84.99999999999999,131.99999999999997,147.99999999999997,458.6053784391979,38.44701309973447,59.363531787111015,464.02704108261884
-55.7734,29.6553,-56.8761,24.8,84.99999999999999,131.99999999999997,151.99999999999997,458.76771950364287,38.34103929920341,59.41239153893244,464.1849717747135
-57.7062,25.6925,-56.8761,25.3,84.99999999999999,131.99999999999997,155.99999999999997,458.9483653394634,38.2105448868455,59.4194551131545,464.3536577160337
-59.3579,21.6045,-56.8761,24.9,84.99999999999999,131.99999999999997,159.99999999999997,459.0834308381359,37.85651868737655,59.473481312623434,464.4650766814273
-60.7203,17.4113,-56.8761,25.0,84.99999999999999,131.99999999999997,163.99999999999997,459.30561038551787,37.64244201342003,59.51511597315993,464.67262260826766
-61.787,13.1332,-56.8761,23.6,84.99999999999999,131.99999999999997,167.99999999999997,459.4196365849868,37.46054488684549,59.55348131262343,464.77555017401
-62.5526,8.7912,-56.8761,25.0,84.99999999999999,131.99999999999997,171.99999999999997,459.4317356095117,37.11646821288897,59.568365339463504,464.76181216509434
-63.0134,4.4063,-56.8761,24.7,84.99999999999999,131.99999999999997,175.99999999999997,459.51547938817305,36.73755798657996,59.57646821288897,464.815532796486
-63.1673,0.0,-56.8761,24.1,84.99999999999999,131.99999999999997,180.0,459.5888597518215,36.680544886845496,59.580544886845495,464.88409707172036
-63.0134,-4.4063,-56.8761,23.9,84.99999999999999,131.99999999999997,183.99999999999997,459.5151664476474,36.269999999999996,59.567557986579956,464.7773607437153
-62.5526,-8.7912,-56.8761,24.8,84.99999999999999,131.99999999999997,188.0,459.48493402997894,35.96597380053105,59.55859728578338,464.72269406884436
-61.787,-13.1332,-56.8761,25.1,84.99999999999999,131.99999999999997,192.0,459.43005047448753,35.69,59.502986900265526,464.64002499681766
-60.7203,-17.4113,-56.8761,24.3,84.99999999999999,131.99999999999997,196.0,459.3445710863144,35.36646821288897,59.45701309973447,464.5248738948921
-59.3579,-21.6045,-56.8761,24.7,84.99999999999999,131.99999999999997,200.0,459.2456608600054,35.15755798657997,59.38651868737655,464.40218507682425
-57.7062,-25.6925,-56.8761,25.5,84.99999999999999,131.99999999999997,204.0,459.1529364257779,34.83755798657996,59.3105448868455,464.27665804954836
-55.7734,-29.6553,-56.8761,23.4,84.99999999999999,131.99999999999997,208.0,458.9200504744876,34.632442013420025,59.312936425777956,464.0312954906894
-53.5689,-33.4736,-56.8761,24.1,84.99999999999999,131.99999999999997,212.0,458.67815334791305,34.557557986579965,59.258102873425464,463.7794690677941
-51.1034,-37.1288,-56.8761,23.5,84.99999999999999,131.99999999999997,215.99999999999994,458.45706357422205,34.5,59.20706357422204,463.5500032555067
-48.389,-40.6032,-56.8761,25.2,84.99999999999999,131.99999999999997,220.0,458.12999999999994,34.367013099734464,59.16651868737654,463.21146944239297
-45.4388,-43.8797,-56.8761,25.9,84.99999999999999,131.99999999999997,224.0,457.9254488684549,34.112179547381984,59.10054488684549,462.9818915689584
-42.2672,-46.9425,-56.8761,24.5,84.99999999999999,131.99999999999997,228.0,457.63729552054195,34.177063574222046,58.98,462.68629364388164
-38.8897,-49.7765,-56.8761,24.8,84.99999999999999,131.99999999999997,231.99999999999994,457.34805239893785,34.086468212888974,58.896468212888976,462.38287415980466
-35.3227,-52.3681,-56.8761,25.1,84.99999999999999,131.99999999999997,236.0,457.1128859512903,34.08,58.91701309973446,462.1524113702228
-31.5837,-54.7045,-56.8761,24.8,84.99999999999999,131.99999999999997,239.99999999999994,456.81462156080204,34.13999999999999,58.78488402684006,461.8449963589384
-27.6907,-56.7744,-56.8761,25.5,84.99999999999999,131.99999999999997,243.99999999999994,456.5113017652414,34.25,58.77054488684549,461.5513060166681
-23.6629,-58.5677,-56.8761,25.2,84.99999999999999,131.99999999999997,248.0,456.3661857920815,34.41701309973447,58.653531787111,461.40531327263847
-19.5198,-60.0757,-56.8761,24.7,84.99999999999999,131.99999999999997,252.0,456.113794253149,34.53402619946894,58.64402619946893,461.16321848390464
-15.2816,-61.291,-56.8761,24.4,84.99999999999999,131.99999999999997,256.0,455.8678709271056,34.79597380053105,58.5694551131545,460.9302079584189
-10.9689,-62.2077,-56.8761,23.9,84.99999999999999,131.99999999999997,259.99999999999994,455.6199495255123,35.074076673956526,58.46054488684548,460.69226666900744
-6.6028,-62.8213,-56.8761,25.1,84.99999999999999,131.99999999999997,263.99999999999994,455.5256409052359,35.300544886845486,58.42108977369099,460.6112913528931
-2.2045,-63.1288,-56.8761,26.2,84.99999999999999,131.99999999999997,267.99999999999994,455.37732604026013,35.55592332604348,58.41298690026552,460.48323508435726
2.2045,-63.1288,-56.8761,25.6,84.99999999999999,131.99999999999997,272.0,455.29800192445026,35.832936425777945,58.390544886845504,460.4234199315596
6.6028,-62.8213,-56.8761,25.7,84.99999999999999,131.99999999999997,276.0,455.2176589355551,36.14646821288897,58.414026199468935,460.37146156974694
10.9689,-62.2077,-56.8761,25.0,84.99999999999999,131.99999999999997,279.99999999999994,455.22379425314904,36.469455113154496,58.40293642577794,460.401593170177
15.2816,-61.291,-56.8761,24.7,84.99999999999999,131.99999999999997,283.99999999999994,455.2894551131544,36.607013099734466,58.44701309973446,460.4830232327764
19.5198,-60.0757,-56.8761,25.4,84.99999999999999,131.99999999999997,287.99999999999994,455.43559043074833,36.81244201342003,58.482986900265516,460.64844803252333
23.6629,-58.5677,-56.8761,25.7,84.99999999999999,131.99999999999997,291.99999999999994,455.4873765147477,37.02054488684549,58.39999999999999,460.70579647754215
27.6907,-56.7744,-56.8761,24.8,84.99999999999999,131.99999999999997,295.99999999999994,455.56506549867225,37.32,58.45298690026553,460.8134795992541
31.5837,-54.7045,-56.8761,24.7,84.99999999999999,131.99999999999997,300.0,455.6908578273711,37.467013099734466,58.39999999999999,460.9430496038106
35.3227,-52.3681,-56.8761,25.9,84.99999999999999,131.99999999999997,303.99999999999994,455.9383653394635,37.619455113154494,58.48244201342003,461.21059443088006
38.8897,-49.7765,-56.8761,25.8,84.99999999999999,131.99999999999997,308.0,456.0570130997345,37.81701309973447,58.43701309973446,461.338281716633
42.2672,-46.9425,-56.8761,25.5,84.99999999999999,131.99999999999997,311.99999999999994,456.29597380053104,37.980544886845486,58.43298690026552,461.58742558107366
45.4388,-43.8797,-56.8761,25.6,84.99999999999999,131.99999999999997,315.99999999999994,456.50103929920334,38.07353178711102,58.472442013420014,461.80279251971797
48.389,-40.6032,-56.8761,27.0,84.99999999999999,131.99999999999997,319.99999999999994,456.8769121507592,38.02,58.55054488684549,462.1798346563371
51.1034,-37.1288,-56.8761,25.2,84.99999999999999,131.99999999999997,323.99999999999994,457.0731988918159,38.11244201342003,58.542986900265525,462.3805236995049
53.5689,-33.4736,-56.8761,25.8,84.99999999999999,131.99999999999997,327.99999999999994,457.24,38.080544886845495,58.53,462.54114022309307
55.7734,-29.6553,-56.8761,25.6,84.99999999999999,131.99999999999997,331.99999999999994,457.48145318870417,37.99701309973447,58.5605448868455,462.77682573092846
57.7062,-25.6925,-56.8761,25.1,84.99999999999999,131.99999999999997,335.99999999999994,457.66493450132754,37.88402619946894,58.559455113154506,462.9488108812205
59.3579,-21.6045,-56.8761,25.6,84.99999999999999,131.99999999999997,339.99999999999994,457.88506549867236,37.77,58.559999999999995,463.157186824002
60.7203,-17.4113,-56.8761,24.8,84.99999999999999,131.99999999999997,343.99999999999994,458.1022300218695,37.55402619946894,58.60646821288898,463.36020130260283
61.787,-13.1332,-56.8761,24.8,84.99999999999999,131.99999999999997,347.99999999999994,458.24706357422207,37.3905448868455,58.63701309973446,463.4940381780447
62.5526,-8.7912,-56.8761,26.1,84.99999999999999,131.99999999999997,351.99999999999994,458.36044393787034,37.32244201342003,58.67244201342002,463.60513014480847
63.0134,-4.4063,-56.8761,25.9,84.99999999999999,131.99999999999997,356.0,458.5318266973175,37.06000000000001,58.690544886845494,463.75581910472414
58.9021,-4.1188,-61.1439,26.6,84.99999999999999,136.0,356.0,458.30899122051466,37.01054488684549,58.69701309973446,463.5323626384865
58.4713,-8.2176,-61.1439,25.7,84.99999999999999,136.0,351.99999999999994,458.19472250977714,37.160544886845486,58.70108977369099,463.431901979911
57.7557,-12.2763,-61.1439,24.0,84.99999999999999,136.0,347.99999999999994,458.1675075120923,37.30706357422205,58.69945511315451,463.4165598713057
56.7586,-16.2753,-61.1439,24.8,84.99999999999999,136.0,343.99999999999994,457.9465691618641,37.545378439197975,58.67896070079658,463.2147839590077
55.4851,-20.1949,-61.1439,25.5,84.99999999999999,136.0,339.99999999999994,457.854621560802,37.59402619946894,58.67348131262344,463.1271344888079
53.9412,-24.0162,-61.1439,24.9,84.99999999999999,136.0,335.99999999999994,457.684288665507,37.7705448868455,58.61810287342546,462.96609393861644
52.1345,-27.7204,-61.1439,25.5,84.99999999999999,136.0,331.99999999999994,457.40818339628265,37.79298690026552,58.62999999999999,462.6964804239719
50.0738,-31.2896,-61.1439,25.5,84.99999999999999,136.0,327.99999999999994,457.219505587642,37.85701309973447,58.569999999999986,462.507594132941
47.7692,-34.7063,-61.1439,24.1,84.99999999999999,136.0,323.99999999999994,457.05805239893783,37.827013099734465,58.58298690026552,462.3471774942661
45.2318,-37.954,-61.1439,24.2,84.99999999999999,136.0,319.99999999999994,456.863198891816,37.91298690026552,58.54054488684549,462.15622085287515
42.4741,-41.0168,-61.1439,24.6,84.99999999999999,136.0,315.99999999999994,456.61005047448754,37.76353178711102,58.593531787111026,461.9004486841698
39.5095,-43.8797,-61.1439,25.9,84.99999999999999,136.0,311.99999999999994,456.45544886845494,37.75163466053649,58.6294551131545,461.751205443051
36.3523,-46.5289,-61.1439,24.4,84.99999999999999,136.0,308.0,456.25217954738196,37.603531787111024,58.53755798657996,461.52651347418055
33.0181,-48.9513,-61.1439,24.9,84.99999999999999,136.0,303.99999999999994,456.0111402481786,37.502986900265526,58.54999999999999,461.28162390982527
29.523,-51.1353,-61.1439,24.6,84.99999999999999,136.0,300.0,455.9226234852522,37.17646821288897,58.53,461.16514319109046
25.884,-53.0702,-61.1439,25.3,84.99999999999999,136.0,295.99999999999994,455.7879209302445,37.14103929920341,58.55031294052563,461.03169610296135
22.119,-54.7465,-61.1439,25.5,84.99999999999999,136.0,291.99999999999994,455.6810897736909,36.91542891368555,58.538910226309,460.906507308916
18.2462,-56.156,-61.1439,25.9,84.99999999999999,136.0,287.99999999999994,455.5951159731599,36.7405448868455,58.59,460.81402478351214
14.2845,-57.292,-61.1439,24.6,84.99999999999999,136.0,283.99999999999994,455.47293642577796,36.64646821288897,58.54054488684549,460.67944912319217
10.2532,-58.1489,-61.1439,24.9,84.99999999999999,136.0,279.99999999999994,455.50326932107293,36.37348131262344,58.484571086314425,460.68069588396673
6.172,-58.7225,-61.1439,27.2,84.99999999999999,136.0,276.0,455.55329984079117,36.11646821288897,58.49353178711101,460.7110824941551
2.0607,-59.01,-61.1439,25.0,84.99999999999999,136.0,272.0,455.54054488684545,35.89244201342002,58.49945511315449,460.6817140695154
-2.0607,-59.01,-61.1439,24.9,84.99999999999999,136.0,267.99999999999994,455.59864776027086,35.64163466053649,58.508647760270954,460.7208654109319
-6.172,-58.7225,-61.1439,24.7,84.99999999999999,136.0,263.99999999999994,455.73696262524686,35.322986900265526,58.548910226309005,460.83822258481376
-10.2532,-58.1489,-61.1439,24.7,84.99999999999999,136.0,259.99999999999994,455.82363273608615,35.1294551131545,58.554076673956516,460.90979884616155
-14.2845,-57.292,-61.1439,25.1,84.99999999999999,136.0,256.0,456.07537843919795,34.99,58.61646821288897,461.1560920818571
-18.2462,-56.156,-61.1439,25.4,84.99999999999999,136.0,252.0,456.2208273076529,34.867013099734464,58.705923326043475,461.3020022776181
-22.119,-54.7465,-61.1439,25.5,84.99999999999999,136.0,248.0,456.51602427501865,34.558102873425455,58.719999999999985,461.5725092486333
-25.884,-53.0702,-61.1439,24.5,84.99999999999999,136.0,243.99999999999994,456.73701309973444,34.50597380053106,58.80597380053104,461.798120305636
-29.523,-51.1353,-61.1439,25.3,84.99999999999999,136.0,239.99999999999994,456.9533503152786,34.507013099734465,58.857013099734466,462.01866445896457
-33.0181,-48.9513,-61.1439,26.1,84.99999999999999,136.0,236.0,457.059505587642,34.37701309973446,58.95407667395652,462.12633968878873
-36.3523,-46.5289,-61.1439,26.0,84.99999999999999,136.0,231.99999999999994,457.31836533946347,34.4394551131545,58.998365339463504,462.39265830890827
-39.5095,-43.8797,-61.1439,26.4,84.99999999999999,136.0,228.0,457.57186660685625,34.399455113154495,59.08298690026553,462.65120227145366
-42.4741,-41.0168,-61.1439,25.1,84.99999999999999,136.0,224.0,457.84678115341455,34.42,59.14054488684549,462.9319771435709
-45.2318,-37.954,-61.1439,25.4,84.99999999999999,136.0,220.0,458.02724504605436,34.6894551131545,59.163481312623446,463.1334937375562
-47.7692,-34.7063,-61.1439,25.2,84.99999999999999,136.0,215.99999999999994,458.26049441235784,34.68,59.230544886845486,463.3720325900683
-50.0738,-31.2896,-61.1439,25.5,84.99999999999999,136.0,212.0,458.5075075120922,34.83592332604347,59.27293642577794,463.63342954478986
-52.1345,-27.7204,-61.1439,26.0,84.99999999999999,136.0,208.0,458.67945511315446,34.98,59.34407667395652,463.82341723891506
-53.9412,-24.0162,-61.1439,25.7,84.99999999999999,136.0,204.0,458.79114024817846,35.09298690026552,59.378910226308996,463.9468537229992
-55.4851,-20.1949,-61.1439,25.5,84.99999999999999,136.0,200.0,458.9129869002656,35.33,59.41701309973446,464.0902066316605
-56.7586,-16.2753,-61.1439,25.3,84.99999999999999,136.0,196.0,459.00244201342,35.56298690026553,59.44701309973448,464.2002964001978
-57.7557,-12.2763,-61.1439,24.8,84.99999999999999,136.0,192.0,459.114551131545,35.91646821288897,59.485428913685546,464.34327819260255
-58.4713,-8.2176,-61.1439,25.1,84.99999999999999,136.0,188.0,459.1718971265745,36.187013099734465,59.49108977369098,464.42170577004606
-58.9021,-4.1188,-61.1439,24.9,84.99999999999999,136.0,183.99999999999997,459.20917269234707,36.349455113154505,59.52,464.4749482715005
-59.046,0.0,-61.1439,26.2,84.99999999999999,136.0,180.0,459.15701309973446,36.66298690026552,59.52298690026553,464.44840752945635
-58.9021,4.1188,-61.1439,25.9,84.99999999999999,136.0,175.99999999999997,459.2240261994689,36.78,59.52646821288897,464.5243535669046
-58.4713,8.2176,-61.1439,25.5,84.99999999999999,136.0,171.99999999999997,459.14571133449294,37.040544886845495,59.497013099734474,464.4638637936884
-57.7557,12.2763,-61.1439,26.3,84.99999999999999,136.0,167.99999999999997,459.10189712657444,37.38755798657997,59.49298690026552,464.44784091190996
-56.7586,16.2753,-61.1439,25.5,84.99999999999999,136.0,163.99999999999997,458.9975579865799,37.512442013420035,59.47353178711102,464.35228278397267
-55.4851,20.1949,-61.1439,25.0,84.99999999999999,136.0,159.99999999999997,458.87896070079654,37.78,59.46537843919798,464.25570562650086
-53.9412,24.0162,-61.1439,26.4,84.99999999999999,136.0,155.99999999999997,458.76199807554957,37.952986900265536,59.44298690026552,464.1513425430841
-52.1345,27.7204,-61.1439,24.6,84.99999999999999,136.0,151.99999999999997,458.5490111752841,37.94407667395652,59.419999999999995,463.9371563094186
-50.0738,31.2896,-61.1439,25.4,84.99999999999999,136.0,147.99999999999997,458.4018971265745,38.26592332604347,59.33298690026553,463.807054184975
-47.7692,34.7063,-61.1439,24.9,84.99999999999999,136.0,143.99999999999997,458.1389806555659,38.51755798657996,59.30298690026552,463.56420496481775
-45.2318,37.954,-61.1439,24.9,84.99999999999999,136.0,139.99999999999997,457.98493450132764,38.48298690026552,59.23,463.3997555145572
-42.4741,41.0168,-61.1439,24.7,84.99999999999999,136.0,136.0,457.8223915389324,38.5605448868455,59.18651868737655,463.24000454486776
-39.5095,43.8797,-61.1439,25.2,84.99999999999999,136.0,131.99999999999997,457.59706357422203,38.63,59.187557986579954,463.02323539123324
-36.3523,46.5289,-61.1439,25.7,84.99999999999999,136.0,128.0,457.39033289529505,38.459505587642084,59.11054488684549,462.79488622167645
-33.0181,48.9513,-61.1439,26.0,84.99999999999999,136.0,124.0,457.20651868737656,38.4794551131545,59.06,462.60842274653373
-29.523,51.1353,-61.1439,25.0,84.99999999999999,136.0,119.99999999999997,457.00896070079665,38.40701309973446,59.00701309973447,462.4003853923759
-25.884,53.0702,-61.1439,25.3,84.99999999999999,136.0,115.99999999999997,456.8499495255124,38.34298690026553,58.93511597315994,462.22874090721245
-22.119,54.7465,-61.1439,24.2,84.99999999999999,136.0,112.0,456.645378439198,38.13298690026553,58.92755798657996,462.0082071025102
-18.2462,56.156,-61.1439,24.7,84.99999999999999,136.0,107.99999999999997,456.538647760271,38.06646821288898,58.85755798657997,461.8883036331655
-14.2845,57.292,-61.1439,24.7,84.99999999999999,136.0,104.0,456.4696365849868,37.88646821288898,58.81244201342003,461.79954193703793
-10.2532,58.1489,-61.1439,23.2,84.99999999999999,136.0,100.0,456.34810287342543,37.75348131262344,58.799455113154494,461.66686286650565
-6.172,58.7225,-61.1439,25.2,84.99999999999999,136.0,96.0,456.3117961775994,37.56891022630901,58.77054488684549,461.61223477364223
-2.0607,59.01,-61.1439,25.0,84.99999999999999,136.0,91.99999999999999,456.1941776229317,37.26701309973446,58.781039299203414,461.47282535760786
2.0607,59.01,-61.1439,24.1,84.99999999999999,136.0,87.99999999999999,456.2264682128891,37.107013099734466,58.75353178711103,461.48835111695854
6.172,58.7225,-61.1439,22.8,84.99999999999999,136.0,83.99999999999999,456.2364177384013,36.942986900265524,58.7605448868455,461.48592046484066
10.2532,58.1489,-61.1439,26.3,84.99999999999999,136.0,79.99999999999999,456.3304944123579,36.82646821288897,58.76999999999999,461.5708199092117
14.2845,57.292,-61.1439,24.8,84.99999999999999,136.0,75.99999999999999,456.3399999999999,36.542986900265525,58.797013099734464,461.5611273071458
18.2462,56.156,-61.1439,24.2,84.99999999999999,136.0,71.99999999999999,456.4632493663036,36.262442013420035,58.82298690026552,461.6641707027845
22.119,54.7465,-61.1439,24.0,84.99999999999999,136.0,68.0,456.55212907289433,36.08945511315451,58.84701309973447,461.7415578893863
25.884,53.0702,-61.1439,25.6,84.99999999999999,136.0,64.0,456.6502319463199,36.0494551131545,58.836468212888974,461.8340909269793
29.523,51.1353,-61.1439,25.5,84.99999999999999,136.0,59.999999999999986,456.8847830778649,35.80298690026552,58.86646821288897,462.0506681728177
33.0181,48.9513,-61.1439,25.7,84.99999999999999,136.0,56.0,456.8757618089806,35.796468212888975,58.86402619946894,462.04093156934107
36.3523,46.5289,-61.1439,24.8,84.99999999999999,136.0,52.0,457.0964177384014,35.77244201342003,58.896468212888976,462.2613943266672
39.5095,43.8797,-61.1439,24.9,84.99999999999999,136.0,48.0,457.28727556577246,35.682986900265526,58.899999999999984,462.44365921535916
42.4741,41.0168,-61.1439,24.6,84.99999999999999,136.0,43.99999999999999,457.460494412358,35.62701309973447,58.87646821288899,462.60763776620786
45.2318,37.954,-61.1439,24.4,84.99999999999999,136.0,39.99999999999999,457.6139757249813,35.70054488684549,58.83402619946895,462.759680960735
47.7692,34.7063,-61.1439,25.2,84.99999999999999,136.0,35.99999999999999,457.79277490871505,35.74293642577794,58.879999999999995,462.9456087522147
50.0738,31.2896,-61.1439,25.1,84.99999999999999,136.0,32.0,457.963299840791,35.81049441235791,58.85049441235792,463.1157049849452
52.1345,27.7204,-61.1439,24.6,84.99999999999999,136.0,28.0,458.0575579865798,35.84646821288897,58.86701309973446,463.21379614952195
53.9412,24.0162,-61.1439,23.7,84.99999999999999,136.0,24.0,458.2094551131544,35.88,58.819999999999986,463.36062797252623
55.4851,20.1949,-61.1439,25.1,84.99999999999999,136.0,19.999999999999996,458.29755798657993,36.08353178711102,58.81701309973446,463.4631743220473
56.7586,16.2753,-61.1439,25.3,84.99999999999999,136.0,16.0,458.3327244342273,36.16646821288897,58.806468212888966,463.50307487002584
57.7557,12.2763,-61.1439,25.5,84.99999999999999,136.0,12.0,458.3349849758152,36.288910226309,58.750544886845496,463.5077884811593
58.4713,8.2176,-61.1439,25.3,84.99999999999999,136.0,8.0,458.3804944123579,36.43,58.77244201342003,463.5666322093713
58.9021,4.1188,-61.1439,24.2,84.99999999999999,136.0,4.0,458.34620574685084,36.79999999999999,58.717013099734466,463.55492873001464
59.046,0.0,-61.1439,25.4,84.99999999999999,136.0,0.0,458.34173560951166,36.796518687376555,58.690544886845494,463.5468805289976
54.6369,0.0,-65.1138,25.5,84.99999999999999,139.99999999999997,0.0,458.23226054158766,36.80298690026552,58.71298690026553,463.4419912746204
54.5039,3.8113,-65.1138,26.3,84.99999999999999,139.99999999999997,4.0,458.23,36.66701309973447,58.71054488684549,463.42866854626766
54.1052,7.604,-65.1138,24.1,84.99999999999999,139.99999999999997,8.0,458.2236327360862,36.568597285783376,58.68244201342003,463.41103666827337
53.443,11.3597,-65.1138,24.6,84.99999999999999,139.99999999999997,12.0,458.1733197955605,36.41108977369099,58.68298690026552,463.3489520680169
52.5204,15.06,-65.1138,25.4,84.99999999999999,139.99999999999997,16.0,458.1707263586777,36.2894551131545,58.72054488684549,463.34160339457543
51.3419,18.6869,-65.1138,25.1,84.99999999999999,139.99999999999997,19.999999999999996,458.1321290728943,36.13,58.733531787111026,463.2926206460132
49.9133,22.2228,-65.1138,25.3,84.99999999999999,139.99999999999997,24.0,458.0531484173283,36.04353178711102,58.67407667395652,463.2002485235266
48.2416,25.6505,-65.1138,24.0,84.99999999999999,139.99999999999997,28.0,457.899576016899,36.02298690026553,58.71298690026553,463.0517164771375
46.3348,28.9532,-65.1138,23.3,84.99999999999999,139.99999999999997,32.0,457.8402319463199,35.95,58.72054488684549,462.98831829806244
44.2022,32.1148,-65.1138,23.2,84.99999999999999,139.99999999999997,35.99999999999999,457.7508578273711,35.7194551131545,58.71298690026553,462.8811317671368
41.8543,35.12,-65.1138,24.8,84.99999999999999,139.99999999999997,39.99999999999999,457.63820382240056,35.82353178711102,58.698102873425455,462.7758834559494
39.3025,37.954,-65.1138,25.5,84.99999999999999,139.99999999999997,43.99999999999999,457.48514649287813,35.870544886845494,58.67646821288897,462.62542426246694
36.5593,40.6032,-65.1138,24.7,84.99999999999999,139.99999999999997,48.0,457.27516644764745,35.84646821288897,58.69592332604347,462.4183804177318
33.6379,43.0545,-65.1138,24.7,84.99999999999999,139.99999999999997,52.0,457.171352239729,35.896468212888976,58.662986900265516,462.31542021754154
30.5526,45.2961,-65.1138,24.4,84.99999999999999,139.99999999999997,56.0,457.0924119650504,35.97597380053106,58.629455113154506,462.2392851908947
27.3185,47.317,-65.1138,25.9,84.99999999999999,139.99999999999997,59.999999999999986,457.04293642577795,35.883531787111025,58.682986900265526,462.1899680237024
23.9513,49.1074,-65.1138,24.0,84.99999999999999,139.99999999999997,64.0,456.8794551131545,36.08407667395651,58.63706357422205,462.0380961766165
20.4674,50.6585,-65.1138,25.5,84.99999999999999,139.99999999999997,68.0,456.79887970659075,36.24701309973447,58.631089773690995,461.97041804416364
16.8837,51.9628,-65.1138,25.1,84.99999999999999,139.99999999999997,71.99999999999999,456.6605953613331,36.336468212888974,58.665923326043476,461.84513512394034
13.2179,53.014,-65.1138,26.2,84.99999999999999,139.99999999999997,75.99999999999999,456.617820452618,36.6294551131545,58.63049441235791,461.82148695337185
9.4876,53.8069,-65.1138,25.9,84.99999999999999,139.99999999999997,79.99999999999999,456.53859728578334,36.809999999999995,58.56217954738198,461.7488449200609
5.7111,54.3376,-65.1138,25.2,84.99999999999999,139.99999999999997,83.99999999999999,456.5504944123579,36.987557986579965,58.58755798657996,461.7780152246423
1.9068,54.6037,-65.1138,26.6,84.99999999999999,139.99999999999997,87.99999999999999,456.5276084610675,37.21348131262344,58.59402619946894,461.77436090026777
-1.9068,54.6037,-65.1138,23.6,84.99999999999999,139.99999999999997,91.99999999999999,456.53566086000535,37.346518687376545,58.61597380053106,461.7958471874048
-5.7111,54.3376,-65.1138,25.1,84.99999999999999,139.99999999999997,96.0,456.5060747495062,37.557557986579965,58.629455113154506,461.78542576827004
-9.4876,53.8069,-65.1138,24.1,84.99999999999999,139.99999999999997,100.0,456.5470835289914,37.65054488684549,58.64999999999999,461.83614573688817
-13.2179,53.014,-65.1138,24.7,84.99999999999999,139.99999999999997,104.0,456.65005047448744,37.84298690026553,58.690544886845494,461.95880802837866
-16.8837,51.9628,-65.1138,25.2,84.99999999999999,139.99999999999997,107.99999999999997,456.7005448868455,37.84108977369099,58.77054488684549,462.0187363316544
-20.4674,50.6585,-65.1138,26.3,84.99999999999999,139.99999999999997,112.0,456.81158418604883,38.002986900265526,58.78701309973446,462.1438773467606
-23.9513,49.1074,-65.1138,24.8,84.99999999999999,139.99999999999997,115.99999999999997,457.0186278055015,38.05,58.82407667395651,462.35711377437144
-27.3185,47.317,-65.1138,25.4,84.99999999999999,139.99999999999997,119.99999999999997,457.15054488684547,38.00054488684549,58.9194551131545,462.49558299822485
-30.5526,45.2961,-65.1138,26.0,84.99999999999999,139.99999999999997,124.0,457.2529364257779,38.307557986579965,58.927013099734474,462.6230752370097
-33.6379,43.0545,-65.1138,24.7,84.99999999999999,139.99999999999997,128.0,457.38239153893244,38.245923326043474,59.02516644764752,462.7584391614132
-36.5593,40.6032,-65.1138,24.7,84.99999999999999,139.99999999999997,131.99999999999997,457.54407667395645,38.30108977369099,59.060544886845506,462.9273199321971
-39.3025,37.954,-65.1138,23.7,84.99999999999999,139.99999999999997,136.0,457.77103929920344,38.28298690026553,59.06298690026552,463.15045927717665
-41.8543,35.12,-65.1138,25.5,84.99999999999999,139.99999999999997,139.99999999999997,457.955973800531,38.25298690026552,59.169999999999995,463.34442248330186
-44.2022,32.1148,-65.1138,25.1,84.99999999999999,139.99999999999997,143.99999999999997,458.15085782737106,38.09940463866692,59.21005047448759,463.5295063304689
-46.3348,28.9532,-65.1138,24.7,84.99999999999999,139.99999999999997,147.99999999999997,458.26407667395654,38.02,59.25402619946893,463.6405115934988
-48.2416,25.6505,-65.1138,23.7,84.99999999999999,139.99999999999997,151.99999999999997,458.43792140159314,37.952986900265536,59.26597380053106,463.80837923024876
-49.9133,22.2228,-65.1138,25.5,84.99999999999999,139.99999999999997,155.99999999999997,458.60493450132753,37.85,59.302936425777936,463.96976918511274
-51.3419,18.6869,-65.1138,25.8,84.99999999999999,139.99999999999997,159.99999999999997,458.69059536133307,37.70298690026553,59.3505448868455,464.04855852863204
-52.5204,15.06,-65.1138,26.3,84.99999999999999,139.99999999999997,163.99999999999997,458.8225429623952,37.28755798657997,59.379999999999995,464.1491918673149
-53.443,11.3597,-65.1138,25.3,84.99999999999999,139.99999999999997,167.99999999999997,458.85108977369094,37.23646821288897,59.41646821288898,464.1779764770906
-54.1052,7.604,-65.1138,25.6,84.99999999999999,139.99999999999997,171.99999999999997,458.90059536133293,36.993531787111024,59.414076673956515,464.2071846967565
-54.5039,3.8113,-65.1138,24.4,84.99999999999999,139.99999999999997,175.99999999999997,458.9500504744875,36.75999999999999,59.45701309973447,464.243021312412
-54.6369,0.0,-65.1138,25.9,84.99999999999999,139.99999999999997,180.0,458.9762362665691,36.60646821288898,59.46592332604347,464.257918628714
-54.5039,-3.8113,-65.1138,24.9,84.99999999999999,139.99999999999997,183.99999999999997,458.9799495255123,36.32,59.453531787111025,464.237502694906
-54.1052,-7.604,-65.1138,25.0,84.99999999999999,139.99999999999997,188.0,458.8999999999999,36.23,59.47999999999999,464.15481609049357
-53.443,-11.3597,-65.1138,25.4,84.99999999999999,139.99999999999997,192.0,458.84587285155595,35.883531787111025,59.44353178711102,464.0697106661327
-52.5204,-15.06,-65.1138,23.0,84.99999999999999,139.99999999999997,196.0,458.78701309973445,35.63054488684549,59.40701309973446,463.9873406929778
-51.3419,-18.6869,-65.1138,25.1,84.99999999999999,139.99999999999997,200.0,458.6253983939674,35.507013099734465,59.39651868737654,463.81672076744917
-49.9133,-22.2228,-65.1138,24.6,84.99999999999999,139.99999999999997,204.0,458.58348131262346,35.28298690026553,59.33,463.7496602666244
-48.2416,-25.6505,-65.1138,24.9,84.99999999999999,139.99999999999997,208.0,458.5020785984067,35.01,59.28298690026553,463.6424578431925
-46.3348,-28.9532,-65.1138,24.1,84.99999999999999,139.99999999999997,212.0,458.22358226159855,34.917557986579965,59.2594551131545,463.35706557330724
-44.2022,-32.1148,-65.1138,25.2,84.99999999999999,139.99999999999997,215.99999999999994,458.12511597315995,34.939455113154494,59.24298690026552,463.2592351004893
-41.8543,-35.12,-65.1138,25.9,84.99999999999999,139.99999999999997,220.0,457.94940463866686,34.75999999999999,59.12810287342547,463.05728302049175
-39.3025,-37.954,-65.1138,25.0,84.99999999999999,139.99999999999997,224.0,457.68516644764753,34.68701309973447,59.08407667395653,462.7848620908056
-36.5593,-40.6032,-65.1138,24.2,84.99999999999999,139.99999999999997,228.0,457.4599999999999,34.5794551131545,59.06999999999999,462.552327003035
-33.6379,-43.0545,-65.1138,24.4,84.99999999999999,139.99999999999997,231.99999999999994,457.2901009489751,34.64353178711102,59.0,462.3801582254676
-30.5526,-45.2961,-65.1138,25.6,84.99999999999999,139.99999999999997,236.0,457.0805448868454,34.75999999999999,58.935428913685556,462.17341647404993
-27.3185,-47.317,-65.1138,25.1,84.99999999999999,139.99999999999997,239.99999999999994,456.8970130997344,34.677063574222046,58.86353178711102,461.97650880974646
-23.9513,-49.1074,-65.1138,25.5,84.99999999999999,139.99999999999997,243.99999999999994,456.73999999999995,34.7105448868455,58.846468212888965,461.8215633201553
-20.4674,-50.6585,-65.1138,24.7,84.99999999999999,139.99999999999997,248.0,456.50054488684555,34.78,58.75836533946351,461.57874883854083
-16.8837,-51.9628,-65.1138,25.0,84.99999999999999,139.99999999999997,252.0,456.3108073528835,34.88651868737656,58.74810287342546,461.39783450336176
-13.2179,-53.014,-65.1138,24.8,84.99999999999999,139.99999999999997,256.0,456.1157113344929,35.074076673956526,58.69353178711101,461.212167721479
-9.4876,-53.8069,-65.1138,26.1,84.99999999999999,139.99999999999997,259.99999999999994,456.01880927733373,35.27701309973447,58.61755798657996,461.12215320050086
-5.7111,-54.3376,-65.1138,26.7,84.99999999999999,139.99999999999997,263.99999999999994,455.93498497581527,35.42646821288898,58.586468212888974,461.04676490850204
-1.9068,-54.6037,-65.1138,25.1,84.99999999999999,139.99999999999997,267.99999999999994,455.7805448868454,35.58,58.55945511315449,460.90243141092157
1.9068,-54.6037,-65.1138,25.3,84.99999999999999,139.99999999999997,272.0,455.7018666068563,35.773531787111025,58.502986900265526,460.83243840006435
5.7111,-54.3376,-65.1138,24.4,84.99999999999999,139.99999999999997,276.0,455.69994952551247,36.00353178711102,58.47755798657996,460.84522682433624
9.4876,-53.8069,-65.1138,25.8,84.99999999999999,139.99999999999997,279.99999999999994,455.6755599110303,36.243481312623445,58.4894551131545,460.8414284733124
13.2179,-53.014,-65.1138,24.1,84.99999999999999,139.99999999999997,283.99999999999994,455.72343083813587,36.37353178711102,58.53353178711102,460.9046035493917
16.8837,-51.9628,-65.1138,25.5,84.99999999999999,139.99999999999997,287.99999999999994,455.7238142079184,36.62891022630901,58.538910226309,460.92588982510426
20.4674,-50.6585,-65.1138,24.7,84.99999999999999,139.99999999999997,291.99999999999994,455.842704479458,36.80836533946351,58.502986900265526,461.05317097094405
23.9513,-49.1074,-65.1138,25.7,84.99999999999999,139.99999999999997,295.99999999999994,455.9348335523524,37.01298690026553,58.562986900265514,461.1682524636439
27.3185,-47.317,-65.1138,25.1,84.99999999999999,139.99999999999997,300.0,456.0070130997345,37.18,58.54999999999999,461.2513966332692
30.5526,-45.2961,-65.1138,24.1,84.99999999999999,139.99999999999997,303.99999999999994,456.1694046386669,37.34701309973447,58.55353178711103,461.4258783386686
33.6379,-43.0545,-65.1138,25.1,84.99999999999999,139.99999999999997,308.0,456.2627244342274,37.4594551131545,58.54999999999999,461.5267998562143
36.5593,-40.6032,-65.1138,25.1,84.99999999999999,139.99999999999997,311.99999999999994,456.4120180303191,37.50407667395652,58.58755798657996,461.68277845345847
39.3025,-37.954,-65.1138,25.5,84.99999999999999,139.99999999999997,315.99999999999994,456.63353178711094,37.74701309973447,58.5894551131545,461.9217938144707
41.8543,-35.12,-65.1138,27.1,84.99999999999999,139.99999999999997,319.99999999999994,456.815378439198,37.728910226309,58.569999999999986,462.0976147367703
44.2022,-32.1148,-65.1138,24.6,84.99999999999999,139.99999999999997,323.99999999999994,457.0378709271056,37.61298690026552,58.65054488684548,462.31833043982266
46.3348,-28.9532,-65.1138,24.4,84.99999999999999,139.99999999999997,327.99999999999994,457.2309083018587,37.67,58.63701309973446,462.5120881791103
48.2416,-25.6505,-65.1138,23.7,84.99999999999999,139.99999999999997,331.99999999999994,457.31592332604333,37.63999999999999,58.59244201342003,462.5880430670982
49.9133,-22.2228,-65.1138,25.4,84.99999999999999,139.99999999999997,335.99999999999994,457.5913522397291,37.491089773690994,58.57651868737655,462.8462336441071
51.3419,-18.6869,-65.1138,24.4,84.99999999999999,139.99999999999997,339.99999999999994,457.6571140487096,37.31,58.637557986579964,462.9043457843349
52.5204,-15.06,-65.1138,25.4,84.99999999999999,139.99999999999997,343.99999999999994,457.8034007897662,37.31,58.66054488684547,463.05188629471854
53.443,-11.3597,-65.1138,23.9,84.99999999999999,139.99999999999997,347.99999999999994,457.99909169814117,37.16701309973446,58.682986900265526,463.2367081855829
54.1052,-7.604,-65.1138,25.2,84.99999999999999,139.99999999999997,351.99999999999994,458.0675075120923,37.06457108631443,58.71706357422204,463.30046128072485
54.5039,-3.8113,-65.1138,25.3,84.99999999999999,139.99999999999997,356.0,458.16782045261795,36.86999999999999,58.77646821288897,463.39165056556976
49.84,-3.4852,-68.7664,24.7,84.99999999999999,143.99999999999997,356.0,458.0261857920815,36.92407667395652,58.82054488684549,463.2615144928963
49.4755,-6.9533,-68.7664,26.0,84.99999999999999,143.99999999999997,351.99999999999994,457.94706357422194,37.04542891368556,58.812986900265535,463.1920166278583
48.87,-10.3876,-68.7664,25.7,84.99999999999999,143.99999999999997,347.99999999999994,457.89955606212965,37.17054488684549,58.79054488684548,463.15222229540535
48.0263,-13.7713,-68.7664,24.8,84.99999999999999,143.99999999999997,343.99999999999994,457.7808073528835,37.14,58.79651868737655,463.03312817811735
46.9487,-17.0879,-68.7664,25.2,84.99999999999999,143.99999999999997,339.99999999999994,457.69587285155586,37.27298690026552,58.8,462.9602872577895
45.6423,-20.3213,-68.7664,25.4,84.99999999999999,143.99999999999997,335.99999999999994,457.5715337115613,37.529999999999994,58.79348131262344,462.8573028569478
44.1136,-23.4556,-68.7664,24.8,84.99999999999999,143.99999999999997,331.99999999999994,457.47945511315453,37.38163466053649,58.8094551131545,462.75629706275066
42.37,-26.4757,-68.7664,24.9,84.99999999999999,143.99999999999997,327.99999999999994,457.27880927733383,37.447557986579966,58.74755798657996,462.55540704075776
40.4199,-29.3668,-68.7664,24.8,84.99999999999999,143.99999999999997,323.99999999999994,457.0812712455233,37.41701309973447,58.76407667395651,462.35974965395934
38.2729,-32.1148,-68.7664,24.7,84.99999999999999,143.99999999999997,319.99999999999994,456.9551159731599,37.447557986579966,58.77597380053105,462.2390211886086
35.9395,-34.7063,-68.7664,24.0,84.99999999999999,143.99999999999997,315.99999999999994,456.7524924879076,37.57646821288897,58.74999999999999,462.04587743780417
33.4309,-37.1288,-68.7664,25.8,84.99999999999999,143.99999999999997,311.99999999999994,456.69755798658,37.402986900265525,58.78999999999999,461.9825830049949
30.7595,-39.3704,-68.7664,25.1,84.99999999999999,143.99999999999997,308.0,456.5534813126234,37.31298690026553,58.8005448868455,461.8342174082441
27.9383,-41.4202,-68.7664,24.5,84.99999999999999,143.99999999999997,303.99999999999994,456.43130176524147,37.23353178711102,58.79651868737655,461.7065082172979
24.9809,-43.2681,-68.7664,24.6,84.99999999999999,143.99999999999997,300.0,456.3384158139511,37.13244201342003,58.779999999999994,461.60443715097296
21.9018,-44.9053,-68.7664,25.6,84.99999999999999,143.99999999999997,295.99999999999994,456.23288595129026,36.89999999999999,58.8,461.4840151331821
18.716,-46.3237,-68.7664,26.3,84.99999999999999,143.99999999999997,291.99999999999994,456.098910226309,36.75244201342003,58.76298690026553,461.3350696977385
15.439,-47.5164,-68.7664,25.6,84.99999999999999,143.99999999999997,287.99999999999994,456.006306695826,36.61,58.790544886845495,461.23570114905453
12.0868,-48.4777,-68.7664,25.6,84.99999999999999,143.99999999999997,283.99999999999994,455.9960242750186,36.50592332604347,58.85891022630899,461.226005235545
8.6758,-49.2027,-68.7664,24.9,84.99999999999999,143.99999999999997,279.99999999999994,455.9200504744876,36.2405448868455,58.84701309973446,461.128442485513
5.2224,-49.6881,-68.7664,23.2,84.99999999999999,143.99999999999997,276.0,455.95973753396186,36.15701309973447,58.799455113154494,461.15505827209313
1.7436,-49.9313,-68.7664,25.2,84.99999999999999,143.99999999999997,272.0,456.0670130997344,35.88706357422205,58.787063574222046,461.23846393527634
-1.7436,-49.9313,-68.7664,23.8,84.99999999999999,143.99999999999997,267.99999999999994,456.0815841860489,35.74298690026553,58.83945511315451,461.24836479300546
-5.2224,-49.6881,-68.7664,25.1,84.99999999999999,143.99999999999997,263.99999999999994,456.15782045261795,35.58836533946351,58.859455113154496,461.3143444158608
-8.6758,-49.2027,-68.7664,25.4,84.99999999999999,143.99999999999997,259.99999999999994,456.3418971265745,35.37597380053106,58.90646821288897,461.4860329335364
-12.0868,-48.4777,-68.7664,24.0,84.99999999999999,143.99999999999997,256.0,456.4204944123579,35.181089773690985,59.012986900265524,461.56246535022393
-15.439,-47.5164,-68.7664,24.7,84.99999999999999,143.99999999999997,252.0,456.5195560621296,35.184571086314435,59.017557986579966,461.66127329503297
-18.716,-46.3237,-68.7664,25.2,84.99999999999999,143.99999999999997,248.0,456.71732604026005,35.00054488684549,59.01402619946893,461.84240746818915
-21.9018,-44.9053,-68.7664,24.5,84.99999999999999,143.99999999999997,243.99999999999994,456.86564090523603,34.99,59.15,462.00566710783113
-24.9809,-43.2681,-68.7664,23.5,84.99999999999999,143.99999999999997,239.99999999999994,457.0146720352895,34.989455113154506,59.175973800531054,462.1563245265392
-27.9383,-41.4202,-68.7664,25.1,84.99999999999999,143.99999999999997,236.0,457.1385468112958,34.889455113154504,59.225973800531044,462.27766659385276
-30.7595,-39.3704,-68.7664,25.0,84.99999999999999,143.99999999999997,231.99999999999994,457.32787092710566,34.919999999999995,59.2594551131545,462.4714812256291
-33.4309,-37.1288,-68.7664,25.4,84.99999999999999,143.99999999999997,228.0,457.52919264711636,34.99298690026552,59.31108977369099,462.6826954043852
-35.9395,-34.7063,-68.7664,25.2,84.99999999999999,143.99999999999997,224.0,457.68907174337187,34.99999999999999,59.35298690026553,462.8466954049607
-38.2729,-32.1148,-68.7664,26.1,84.99999999999999,143.99999999999997,220.0,457.8124924879076,35.04592332604347,59.41646821288898,462.9803578065258
-40.4199,-29.3668,-68.7664,25.9,84.99999999999999,143.99999999999997,215.99999999999994,458.0214027142166,35.14353178711103,59.41108977369099,463.1936428308012
-42.37,-26.4757,-68.7664,25.0,84.99999999999999,143.99999999999997,212.0,458.19864776027094,35.19651868737655,59.42646821288896,463.37490314140797
-44.1136,-23.4556,-68.7664,23.8,84.99999999999999,143.99999999999997,208.0,458.33189712657446,35.39353178711102,59.517557986579966,463.53335341126854
-45.6423,-20.3213,-68.7664,24.1,84.99999999999999,143.99999999999997,204.0,458.4989607007965,35.35597380053105,59.55402619946893,463.70036002106076
-46.9487,-17.0879,-68.7664,24.7,84.99999999999999,143.99999999999997,200.0,458.463370270048,35.542986900265525,59.55298690026552,463.67933320982377
-48.0263,-13.7713,-68.7664,25.0,84.99999999999999,143.99999999999997,196.0,458.61298690026547,35.7894551131545,59.55,463.8458357589077
-48.87,-10.3876,-68.7664,25.4,84.99999999999999,143.99999999999997,192.0,458.7383653394634,36.012442013420035,59.549949525512424,463.98704755907147
-49.4755,-6.9533,-68.7664,25.4,84.99999999999999,143.99999999999997,188.0,458.7819476010621,36.13810287342546,59.555973800531056,464.0406791858269
-49.84,-3.4852,-68.7664,25.3,84.99999999999999,143.99999999999997,183.99999999999997,458.7241271484441,36.344026199468935,59.582442013420035,464.0029961808136
-49.9617,0.0,-68.7664,28.3,84.99999999999999,143.99999999999997,180.0,458.81532796471043,36.53298690026553,59.56353178711102,464.1055684067731
-49.84,3.4852,-68.7664,25.5,84.99999999999999,143.99999999999997,175.99999999999997,458.71729552054194,36.7005448868455,59.56298690026553,464.02180618280516
-49.4755,6.9533,-68.7664,25.8,84.99999999999999,143.99999999999997,171.99999999999997,458.7660242750186,36.80407667395652,59.53054488684549,464.07401442383537
-48.87,10.3876,-68.7664,24.5,84.99999999999999,143.99999999999997,167.99999999999997,458.5799999999999,37.12298690026553,59.495973800531054,463.9110943433782
-48.0263,13.7713,-68.7664,23.8,84.99999999999999,143.99999999999997,163.99999999999997,458.5428859512903,37.36999999999999,59.47701309973447,463.8918087698941
-46.9487,17.0879,-68.7664,25.5,84.99999999999999,143.99999999999997,159.99999999999997,458.4823915389324,37.50755798657997,59.459999999999994,463.8409337880558
-45.6423,20.3213,-68.7664,25.2,84.99999999999999,143.99999999999997,155.99999999999997,458.3775885062982,37.6,59.42298690026553,463.74008347025426
-44.1136,23.4556,-68.7664,26.9,84.99999999999999,143.99999999999997,151.99999999999997,458.21168513502397,37.87353178711103,59.38054488684549,463.59292694708614
-42.37,26.4757,-68.7664,25.4,84.99999999999999,143.99999999999997,147.99999999999997,458.1370130997344,37.952986900265536,59.32402619946894,463.51838374665704
-40.4199,29.3668,-68.7664,24.7,84.99999999999999,143.99999999999997,143.99999999999997,458.03103929920337,38.03298690026552,59.29999999999999,463.41712425639184
-38.2729,32.1148,-68.7664,24.2,84.99999999999999,143.99999999999997,139.99999999999997,457.82348131262347,37.962442013420024,59.26353178711103,463.2015255207114
-35.9395,34.7063,-68.7664,24.2,84.99999999999999,143.99999999999997,136.0,457.6678709271056,37.99999999999999,59.20810287342545,463.04371232619053
-33.4309,37.1288,-68.7664,24.3,84.99999999999999,143.99999999999997,131.99999999999997,457.5035822615986,38.0994551131545,59.127557986579966,462.87921143163356
-30.7595,39.3704,-68.7664,25.9,84.99999999999999,143.99999999999997,128.0,457.3756608600055,37.95706357422205,59.07353178711102,462.7341742081593
-27.9383,41.4202,-68.7664,25.5,84.99999999999999,143.99999999999997,124.0,457.29973753396195,37.977013099734464,59.019999999999996,462.65393532597113
-24.9809,43.2681,-68.7664,25.6,84.99999999999999,143.99999999999997,119.99999999999997,457.1770635742221,37.970544886845495,59.0,462.5295987689353
-21.9018,44.9053,-68.7664,25.2,84.99999999999999,143.99999999999997,115.99999999999997,457.0770130997345,37.88402619946894,58.92597380053104,462.414171207585
-18.716,46.3237,-68.7664,24.8,84.99999999999999,143.99999999999997,112.0,456.9759233260435,37.87646821288897,58.86353178711102,462.30567454707307
-15.439,47.5164,-68.7664,26.0,84.99999999999999,143.99999999999997,107.99999999999997,456.83511597315993,37.62298690026552,58.859999999999985,462.1453363710468
-12.0868,48.4777,-68.7664,25.2,84.99999999999999,143.99999999999997,104.0,456.7483653394635,37.58158418604891,58.81298690026552,462.0502268567086
-8.6758,49.2027,-68.7664,24.5,84.99999999999999,143.99999999999997,100.0,456.690262466038,37.53701309973446,58.74244201342004,461.9801918669764
-5.2224,49.6881,-68.7664,25.5,84.99999999999999,143.99999999999997,96.0,456.61755798657987,37.38348131262344,58.713531787111016,461.89219278051775
-1.7436,49.9313,-68.7664,26.1,84.99999999999999,143.99999999999997,91.99999999999999,456.5961552723634,37.133531787111025,58.69755798657997,461.84884053776346
1.7436,49.9313,-68.7664,25.5,84.99999999999999,143.99999999999997,87.99999999999999,456.59534791947976,36.980544886845486,58.68135223972903,461.83370767249323
5.2224,49.6881,-68.7664,25.8,84.99999999999999,143.99999999999997,83.99999999999999,456.56140271421657,36.874076673956516,58.68457108631443,461.7920428748362
8.6758,49.2027,-68.7664,23.5,84.99999999999999,143.99999999999997,79.99999999999999,456.5748535071219,36.77298690026553,58.73348131262344,461.8034985226045
12.0868,48.4777,-68.7664,24.8,84.99999999999999,143.99999999999997,75.99999999999999,456.6233197955605,36.56701309973447,58.78945511315449,461.8421837171833
15.439,47.5164,-68.7664,25.4,84.99999999999999,143.99999999999997,71.99999999999999,456.7228859512904,36.44,58.81054488684549,461.93327260716245
18.716,46.3237,-68.7664,25.6,84.99999999999999,143.99999999999997,68.0,456.70127124552323,36.39592332604347,58.78755798657996,461.90550047174986
21.9018,44.9053,-68.7664,25.2,84.99999999999999,143.99999999999997,64.0,456.8817961775993,36.09298690026552,58.83054488684548,462.0657013818871
24.9809,43.2681,-68.7664,24.7,84.99999999999999,143.99999999999997,59.999999999999986,456.95249248790753,36.18999999999999,58.859999999999985,462.1469420984101
27.9383,41.4202,-68.7664,25.1,84.99999999999999,143.99999999999997,56.0,457.1027044794581,36.16592332604348,58.83353178711101,462.29021286958374
30.7595,39.3704,-68.7664,25.2,84.99999999999999,143.99999999999997,52.0,457.20732604026,36.04755798657997,58.86999999999999,462.38905947446517
33.4309,37.1288,-68.7664,25.5,84.99999999999999,143.99999999999997,48.0,457.3413721944983,36.06701309973447,58.8405448868455,462.5193724345651
35.9395,34.7063,-68.7664,25.5,84.99999999999999,143.99999999999997,43.99999999999999,457.4370130997344,36.11999999999999,58.84701309973446,462.6188996402621
38.2729,32.1148,-68.7664,23.5,84.99999999999999,143.99999999999997,39.99999999999999,457.598647760271,35.899455113154495,58.907013099734456,462.769196794452
40.4199,29.3668,-68.7664,24.9,84.99999999999999,143.99999999999997,35.99999999999999,457.65537843919793,36.0394551131545,58.85298690026551,462.82930093746376
42.37,26.4757,-68.7664,24.9,84.99999999999999,143.99999999999997,32.0,457.745973800531,36.039455113154496,58.877557986579966,462.9220082151124
44.1136,23.4556,-68.7664,25.1,84.99999999999999,143.99999999999997,28.0,457.8381028734254,36.19244201342002,58.89760846106754,463.02759052141295
45.6423,20.3213,-68.7664,23.3,84.99999999999999,143.99999999999997,24.0,457.93864776027095,36.21646821288897,58.88891022630901,463.1277808876973
46.9487,17.0879,-68.7664,25.9,84.99999999999999,143.99999999999997,19.999999999999996,458.0229869002655,36.18646821288897,58.87298690026552,463.2068065101397
48.0263,13.7713,-68.7664,25.5,84.99999999999999,143.99999999999997,16.0,458.07402619946885,36.39407667395652,58.87135223972904,463.2733301303624
48.87,10.3876,-68.7664,25.0,84.99999999999999,143.99999999999997,12.0,458.1509083018587,36.49999999999999,58.85298690026553,463.35534835037885
49.4755,6.9533,-68.7664,25.2,84.99999999999999,143.99999999999997,8.0,458.08239153893237,36.457557986579964,58.83353178711101,463.28178836958136
49.84,3.4852,-68.7664,24.6,84.99999999999999,143.99999999999997,4.0,458.1183653394635,36.63298690026552,58.817013099734474,463.3290983960661
49.9617,0.0,-68.7664,24.2,84.99999999999999,143.99999999999997,0.0,458.095378439198,36.75,58.82353178711102,463.31646435159337
45.0431,0.0,-72.0841,25.2,84.99999999999999,147.99999999999997,0.0,457.935973800531,36.778910226309,58.752986900265526,463.1521972395016
44.9334,3.1421,-72.0841,25.9,84.99999999999999,147.99999999999997,4.0,457.9864682128889,36.7405448868455,58.77244201342003,463.20154646214064
44.6048,6.2688,-72.0841,24.8,84.99999999999999,147.99999999999997,8.0,457.975973800531,36.58407667395652,58.74701309973447,463.17555936466573
44.0588,9.365,-72.0841,25.6,84.99999999999999,147.99999999999997,12.0,457.89597380053095,36.52,58.78701309973446,463.09647605215577
43.2982,12.4156,-72.0841,24.7,84.99999999999999,147.99999999999997,16.0,457.95680110818387,36.4,58.83163466053648,463.15283969557123
42.3267,15.4057,-72.0841,24.6,84.99999999999999,147.99999999999997,19.999999999999996,457.9711402481785,36.252986900265526,58.86597380053105,463.1598506249137
41.149,18.3207,-72.0841,26.0,84.99999999999999,147.99999999999997,24.0,457.7638142079184,36.28298690026553,58.82108977369099,462.9514935052604
39.7707,21.1465,-72.0841,24.9,84.99999999999999,147.99999999999997,28.0,457.8621795473819,36.3105448868455,58.86646821288897,463.05668358173784
38.1987,23.8692,-72.0841,25.5,84.99999999999999,147.99999999999997,32.0,457.73727556577245,36.169455113154505,58.9294551131545,462.93014981257346
36.4407,26.4757,-72.0841,25.1,84.99999999999999,147.99999999999997,35.99999999999999,457.6103634150131,36.21,58.879999999999995,462.80153759988787
34.505,28.9532,-72.0841,24.7,84.99999999999999,147.99999999999997,39.99999999999999,457.531352239729,36.21,58.87189712657453,462.7223818377461
32.4013,31.2896,-72.0841,24.1,84.99999999999999,147.99999999999997,43.99999999999999,457.4848335523524,36.13049441235792,58.879999999999995,462.6712006997032
30.1397,33.4736,-72.0841,25.4,84.99999999999999,147.99999999999997,48.0,457.3258728515558,36.23353178711102,58.82999999999999,462.5157204952119
27.7313,35.4945,-72.0841,24.7,84.99999999999999,147.99999999999997,52.0,457.37184665208696,36.22407667395652,58.89407667395652,462.56859178731395
25.1878,37.3425,-72.0841,23.4,84.99999999999999,147.99999999999997,56.0,457.1865691618641,36.345428913685566,58.82054488684549,462.38555959902243
22.5216,39.0085,-72.0841,25.1,84.99999999999999,147.99999999999997,59.999999999999986,457.07085782737107,36.35597380053106,58.859999999999985,462.27700084044176
19.7456,40.4845,-72.0841,25.5,84.99999999999999,147.99999999999997,64.0,456.9597375339618,36.44402619946894,58.85646821288897,462.17361740284315
16.8735,41.7633,-72.0841,24.6,84.99999999999999,147.99999999999997,68.0,456.94135223972904,36.565923326043475,58.799455113154494,462.1578107713447
13.9191,42.8386,-72.0841,25.0,84.99999999999999,147.99999999999997,71.99999999999999,456.92945511315446,36.63999999999999,58.81,462.15325666926145
10.8969,43.7052,-72.0841,23.8,84.99999999999999,147.99999999999997,75.99999999999999,456.829505587642,36.76701309973447,58.82488402684006,462.066420992152
7.8217,44.3588,-72.0841,25.1,84.99999999999999,147.99999999999997,79.99999999999999,456.8776084610675,36.834026199468944,58.82353178711102,462.1191431774677
4.7083,44.7964,-72.0841,25.2,84.99999999999999,147.99999999999997,83.99999999999999,456.8138142079185,36.92646821288897,58.792986900265525,462.0595634921097
1.572,45.0157,-72.0841,24.1,84.99999999999999,147.99999999999997,87.99999999999999,456.7979214015932,37.00054488684549,58.77592332604348,462.04760629351665
-1.572,45.0157,-72.0841,25.1,84.99999999999999,147.99999999999997,91.99999999999999,456.9049345013276,37.11402619946894,58.78999999999999,462.1642935281752
-4.7083,44.7964,-72.0841,25.0,84.99999999999999,147.99999999999997,96.0,456.9401615170629,37.26646821288897,58.81054488684549,462.2139991932195
-7.8217,44.3588,-72.0841,25.2,84.99999999999999,147.99999999999997,100.0,456.9543896144821,37.330544886845495,58.83054488684548,462.2357805072816
-10.8969,43.7052,-72.0841,25.1,84.99999999999999,147.99999999999997,104.0,457.0221290728944,37.49,58.848910226308995,462.3179866684245
-13.9191,42.8386,-72.0841,25.3,84.99999999999999,147.99999999999997,107.99999999999997,457.07335031527873,37.48244201342003,58.87651868737655,462.37152321533375
-16.8735,41.7633,-72.0841,24.7,84.99999999999999,147.99999999999997,112.0,457.2200000000001,37.58592332604348,58.893531787111016,462.527056634129
-19.7456,40.4845,-72.0841,25.1,84.99999999999999,147.99999999999997,115.99999999999997,457.2910392992033,37.71999999999999,58.94701309973447,462.6150055680488
-22.5216,39.0085,-72.0841,23.8,84.99999999999999,147.99999999999997,119.99999999999997,457.30402619946886,37.78999999999999,58.99701309973447,462.63992913813087
-25.1878,37.3425,-72.0841,24.9,84.99999999999999,147.99999999999997,124.0,457.379505587642,37.94402619946894,59.0305448868455,462.7314193843548
-27.7313,35.4945,-72.0841,25.8,84.99999999999999,147.99999999999997,128.0,457.5605754065636,37.85244201342003,59.08462156080202,462.90979686948526
-30.1397,33.4736,-72.0841,25.2,84.99999999999999,147.99999999999997,131.99999999999997,457.68717461679734,37.85,59.1,463.036696503319
-32.4013,31.2896,-72.0841,24.4,84.99999999999999,147.99999999999997,136.0,457.77714409707914,37.83,59.21298690026552,463.13842463709375
-34.505,28.9532,-72.0841,25.2,84.99999999999999,147.99999999999997,139.99999999999997,457.90272443422737,37.89,59.180544886845496,463.26330961710306
-36.4407,26.4757,-72.0841,24.4,84.99999999999999,147.99999999999997,143.99999999999997,458.08441966285164,37.7805448868455,59.24,463.44156342498945
-38.1987,23.8692,-72.0841,24.4,84.99999999999999,147.99999999999997,147.99999999999997,458.17488402684,37.633481312623445,59.29646821288895,463.52623918311036
-39.7707,21.1465,-72.0841,24.9,84.99999999999999,147.99999999999997,151.99999999999997,458.2750654986723,37.58891022630901,59.34135223972904,463.6273912480296
-41.149,18.3207,-72.0841,26.3,84.99999999999999,147.99999999999997,155.99999999999997,458.31217954738196,37.467013099734466,59.34054488684549,463.6541073467969
-42.3267,15.4057,-72.0841,24.7,84.99999999999999,147.99999999999997,159.99999999999997,458.4562057468509,37.272442013420026,59.39005047448757,463.787133949191
-43.2982,12.4156,-72.0841,26.3,84.99999999999999,147.99999999999997,163.99999999999997,458.5933298891607,37.26244201342002,59.40646821288896,463.923981131781
-44.0588,9.365,-72.0841,24.4,84.99999999999999,147.99999999999997,167.99999999999997,458.611685135024,37.06810287342546,59.41353178711101,463.92746173560295
-44.6048,6.2688,-72.0841,24.9,84.99999999999999,147.99999999999997,171.99999999999997,458.6379214015932,36.84896070079659,59.43,463.9380494767624
-44.9334,3.1421,-72.0841,25.7,84.99999999999999,147.99999999999997,175.99999999999997,458.70259343688275,36.718910226309006,59.487557986579965,463.99904865111154
-45.0431,0.0,-72.0841,25.4,84.99999999999999,147.99999999999997,180.0,458.70212907289437,36.70402619946894,59.51,464.0002897146267
-44.9334,-3.1421,-72.0841,24.7,84.99999999999999,147.99999999999997,183.99999999999997,458.6248535071219,36.48348131262344,59.48597380053105,463.9034185497182
-44.6048,-6.2688,-72.0841,24.4,84.99999999999999,147.99999999999997,188.0,458.63217954738195,36.31298690026553,59.467013099734466,463.8948531520962
-44.0588,-9.365,-72.0841,27.4,84.99999999999999,147.99999999999997,192.0,458.5680523989378,36.21,59.46945511315451,463.8237152975368
-43.2982,-12.4156,-72.0841,24.9,84.99999999999999,147.99999999999997,196.0,458.4978709271055,36.040544886845495,59.46402619946893,463.7404327123963
-42.3267,-15.4057,-72.0841,24.7,84.99999999999999,147.99999999999997,200.0,458.44244201341996,35.819455113154504,59.419999999999995,463.66285424199253
-41.149,-18.3207,-72.0841,24.6,84.99999999999999,147.99999999999997,204.0,458.3970130997344,35.638365339463505,59.38646821288897,463.599684328654
-39.7707,-21.1465,-72.0841,25.6,84.99999999999999,147.99999999999997,208.0,458.29956615572985,35.57379425314907,59.42,463.5026683591968
-38.1987,-23.8692,-72.0841,25.0,84.99999999999999,147.99999999999997,212.0,458.1614027142166,35.332986900265524,59.42298690026553,463.3480142101637
-36.4407,-26.4757,-72.0841,25.2,84.99999999999999,147.99999999999997,215.99999999999994,457.96348131262334,35.25701309973447,59.32810287342546,463.13435521374583
-34.505,-28.9532,-72.0841,25.9,84.99999999999999,147.99999999999997,220.0,457.92415719681355,35.22,59.29950558764208,463.08899091573187
-32.4013,-31.2896,-72.0841,25.5,84.99999999999999,147.99999999999997,224.0,457.78742698923514,35.25701309973447,59.30646821288897,462.95749529954213
-30.1397,-33.4736,-72.0841,24.9,84.99999999999999,147.99999999999997,228.0,457.5710392992034,35.11,59.209999999999994,462.71999330626846
-27.7313,-35.4945,-72.0841,24.4,84.99999999999999,147.99999999999997,231.99999999999994,457.45103929920333,35.16701309973447,59.209999999999994,462.60565957009015
-25.1878,-37.3425,-72.0841,24.8,84.99999999999999,147.99999999999997,236.0,457.2845206118269,35.299455113154494,59.13108977369099,462.4409909386259
-22.5216,-39.0085,-72.0841,24.7,84.99999999999999,147.99999999999997,239.99999999999994,457.1920281239192,35.2321290728944,59.07488402684005,462.3372096444934
-19.7456,-40.4845,-72.0841,25.7,84.99999999999999,147.99999999999997,243.99999999999994,456.9900504744875,35.209999999999994,59.1,462.1390054222589
-16.8735,-41.7633,-72.0841,24.5,84.99999999999999,147.99999999999997,248.0,456.96353178711104,35.222986900265525,59.01701309973446,462.10316599731334
-13.9191,-42.8386,-72.0841,25.4,84.99999999999999,147.99999999999997,252.0,456.75163466053647,35.376468212888966,58.949999999999996,461.89679882879653
-10.8969,-43.7052,-72.0841,24.7,84.99999999999999,147.99999999999997,256.0,456.589243121604,35.510544886845494,58.94005047448756,461.7452385054501
-7.8217,-44.3588,-72.0841,24.8,84.99999999999999,147.99999999999997,259.99999999999994,456.57542891368547,35.64353178711102,58.93348131262344,461.74098677245445
-4.7083,-44.7964,-72.0841,25.1,84.99999999999999,147.99999999999997,263.99999999999994,456.445973800531,35.717013099734466,58.89891022630899,461.6142476671712
-1.572,-45.0157,-72.0841,24.3,84.99999999999999,147.99999999999997,267.99999999999994,456.3265186873765,35.773531787111025,58.8505448868455,461.49433784971035
1.572,-45.0157,-72.0841,25.9,84.99999999999999,147.99999999999997,272.0,456.3113017652414,35.957013099734475,58.79755798657995,461.4867969237353
4.7083,-44.7964,-72.0841,25.3,84.99999999999999,147.99999999999997,276.0,456.1843391399945,36.15244201342003,58.81298690026552,461.37849729723865
7.8217,-44.3588,-72.0841,25.5,84.99999999999999,147.99999999999997,279.99999999999994,456.20506549867235,36.37298690026552,58.8194551131545,461.41714777682813
10.8969,-43.7052,-72.0841,25.9,84.99999999999999,147.99999999999997,283.99999999999994,456.17326932107295,36.48054488684549,58.78298690026553,461.3895548744402
13.9191,-42.8386,-72.0841,25.4,84.99999999999999,147.99999999999997,287.99999999999994,456.1683653394635,36.53298690026552,58.75407667395652,461.38517335751305
16.8735,-41.7633,-72.0841,25.4,84.99999999999999,147.99999999999997,291.99999999999994,456.27026246603805,36.6594551131545,58.716518687376556,461.4911674417894
19.7456,-40.4845,-72.0841,25.1,84.99999999999999,147.99999999999997,295.99999999999994,456.32298690026545,36.815973800531054,58.79896070079659,461.56624885270264
22.5216,-39.0085,-72.0841,25.6,84.99999999999999,147.99999999999997,300.0,456.42615527236336,36.866468212888975,58.752936425777946,461.66641553599607
25.1878,-37.3425,-72.0841,25.1,84.99999999999999,147.99999999999997,303.99999999999994,456.5059233260435,37.06353178711102,58.74298690026552,461.75978812610185
27.7313,-35.4945,-72.0841,23.6,84.99999999999999,147.99999999999997,308.0,456.58488402684,37.10293642577795,58.758910226309006,461.8430401599678
30.1397,-33.4736,-72.0841,25.2,84.99999999999999,147.99999999999997,311.99999999999994,456.6786982347586,37.28353178711102,58.73348131262344,461.94709328127016
32.4013,-31.2896,-72.0841,25.4,84.99999999999999,147.99999999999997,315.99999999999994,456.7905953613331,37.25999999999999,58.719999999999985,462.05410290415244
34.505,-28.9532,-72.0841,25.2,84.99999999999999,147.99999999999997,319.99999999999994,456.94994952551235,37.23244201342003,58.73298690026552,462.21107176254196
36.4407,-26.4757,-72.0841,24.8,84.99999999999999,147.99999999999997,323.99999999999994,457.0372755657724,37.268910226308996,58.690544886845494,462.29495236824215
38.1987,-23.8692,-72.0841,24.8,84.99999999999999,147.99999999999997,327.99999999999994,457.22166518025466,37.222986900265525,58.717013099734466,462.47690698167474
39.7707,-21.1465,-72.0841,24.8,84.99999999999999,147.99999999999997,331.99999999999994,457.26353178711094,37.2,58.72298690026552,462.5172069154952
41.149,-18.3207,-72.0841,25.3,84.99999999999999,147.99999999999997,335.99999999999994,457.365711334493,37.26054488684549,58.692936425777944,462.6192850455457
42.3267,-15.4057,-72.0841,24.4,84.99999999999999,147.99999999999997,339.99999999999994,457.47999999999996,37.082986900265524,58.70701309973447,462.71979826298514
43.2982,-12.4156,-72.0841,23.3,84.99999999999999,147.99999999999997,343.99999999999994,457.5987487092461,37.06592332604348,58.743531787111024,462.8404692970389
44.0588,-9.365,-72.0841,24.6,84.99999999999999,147.99999999999997,347.99999999999994,457.63090830185865,37.05054488684549,58.748365339463504,462.8716469386037
44.6048,-6.2688,-72.0841,25.1,84.99999999999999,147.99999999999997,351.99999999999994,457.6580019244503,36.98701309973446,58.71,462.88848545143145
44.9334,-3.1421,-72.0841,25.6,84.99999999999999,147.99999999999997,356.0,457.813531787111,36.88,58.712442013420024,463.0340323718844
39.8079,-2.7836,-75.0505,26.1,84.99999999999999,151.99999999999997,356.0,457.7309083018586,36.79597380053105,58.81597380053106,462.95879608975855
39.5167,-5.5537,-75.0505,24.9,84.99999999999999,151.99999999999997,351.99999999999994,457.776730678927,36.78,58.779455113154505,462.9981942669822
39.0331,-8.2967,-75.0505,24.7,84.99999999999999,151.99999999999997,347.99999999999994,457.6452774902227,36.94,58.76810287342546,462.87952376881447
38.3592,-10.9993,-75.0505,24.6,84.99999999999999,151.99999999999997,343.99999999999994,457.542179547382,37.03,58.72646821288897,462.77949936630534
37.4985,-13.6483,-75.0505,24.8,84.99999999999999,151.99999999999997,339.99999999999994,457.45488402684003,37.05592332604348,58.68542891368556,462.69006034314
36.4551,-16.2309,-75.0505,26.1,84.99999999999999,151.99999999999997,335.99999999999994,457.3867811534146,37.192986900265524,58.687063574222044,462.6339344226812
35.2341,-18.7343,-75.0505,23.8,84.99999999999999,151.99999999999997,331.99999999999994,457.3016346605364,37.173531787111024,58.65701309973446,462.5443781028027
33.8414,-21.1465,-75.0505,24.2,84.99999999999999,151.99999999999997,327.99999999999994,457.1617356095116,37.107013099734466,58.63,462.3972965174914
32.2839,-23.4556,-75.0505,24.4,84.99999999999999,151.99999999999997,323.99999999999994,457.124389614482,37.17054488684549,58.63999999999999,462.36674468174914
30.5691,-25.6505,-75.0505,25.8,84.99999999999999,151.99999999999997,319.99999999999994,456.9918971265746,37.06646821288898,58.599455113154505,462.2222552459817
28.7053,-27.7204,-75.0505,25.9,84.99999999999999,151.99999999999997,315.99999999999994,456.904026199469,37.11,58.60000000000001,462.1389415070808
26.7017,-29.6553,-75.0505,23.9,84.99999999999999,151.99999999999997,311.99999999999994,456.8680523989379,36.96999999999999,58.58103929920341,462.08974925675795
24.568,-31.4456,-75.0505,24.8,84.99999999999999,151.99999999999997,308.0,456.76239153893243,36.980544886845486,58.6205448868455,461.9911376934883
22.3146,-33.0828,-75.0505,26.3,84.99999999999999,151.99999999999997,303.99999999999994,456.6689607007966,36.81244201342003,58.62701309973448,461.886157207091
19.9525,-34.5588,-75.0505,24.0,84.99999999999999,151.99999999999997,300.0,456.5905448868455,36.8094551131545,58.57999999999999,461.80242319177347
17.4932,-35.8665,-75.0505,25.5,84.99999999999999,151.99999999999997,295.99999999999994,456.54194760106196,36.83945511315449,58.583531787111006,461.75721496156007
14.9487,-36.9993,-75.0505,24.5,84.99999999999999,151.99999999999997,291.99999999999994,456.5367811534145,36.67353178711103,58.6294551131545,461.74472762179573
12.3313,-37.952,-75.0505,24.4,84.99999999999999,151.99999999999997,287.99999999999994,456.51696262524683,36.53407667395652,58.609455113154496,461.7115378151822
9.6539,-38.7197,-75.0505,24.7,84.99999999999999,151.99999999999997,283.99999999999994,456.5330373747531,36.44,58.62646821288897,461.7221573519454
6.9294,-39.2988,-75.0505,24.8,84.99999999999999,151.99999999999997,279.99999999999994,456.4325429623951,36.4205448868455,58.653531787111,461.62469513239324
4.1712,-39.6865,-75.0505,25.1,84.99999999999999,151.99999999999997,276.0,456.44,36.25,58.699999999999996,461.62455101521624
1.3927,-39.8808,-75.0505,25.2,84.99999999999999,151.99999999999997,272.0,456.5199999999999,36.21,58.690544886845494,461.69931184604854
-1.3927,-39.8808,-75.0505,25.2,84.99999999999999,151.99999999999997,267.99999999999994,456.5595055876421,36.07244201342003,58.713531787111016,461.73052967088915
-4.1712,-39.6865,-75.0505,25.9,84.99999999999999,151.99999999999997,263.99999999999994,456.64587285155585,35.985973800531056,58.731634660536486,461.8114857954818
-6.9294,-39.2988,-75.0505,26.4,84.99999999999999,151.99999999999997,259.99999999999994,456.698980655566,35.805973800531056,58.74646821288898,461.8518964117451
-9.6539,-38.7197,-75.0505,24.7,84.99999999999999,151.99999999999997,256.0,456.8410392992033,35.71701309973447,58.74999999999999,461.98593345765715
-12.3313,-37.952,-75.0505,23.9,84.99999999999999,151.99999999999997,252.0,456.91537843919804,35.652986900265525,58.844026199468935,462.0664648603162
-14.9487,-36.9993,-75.0505,25.5,84.99999999999999,151.99999999999997,248.0,457.04488402684007,35.55353178711101,58.86244201342003,462.1892109487499
-17.4932,-35.8665,-75.0505,24.4,84.99999999999999,151.99999999999997,243.99999999999994,457.07381420791836,35.533481312623444,58.96537843919798,462.229397359414
-19.9525,-34.5588,-75.0505,24.9,84.99999999999999,151.99999999999997,239.99999999999994,457.26867827998905,35.52,58.96298690026552,462.4207481938165
-22.3146,-33.0828,-75.0505,25.4,84.99999999999999,151.99999999999997,236.0,457.315711334493,35.408960700796584,59.04651868737655,462.4693997448724
-24.568,-31.4456,-75.0505,25.0,84.99999999999999,151.99999999999997,231.99999999999994,457.3964682128888,35.42298690026553,59.09597380053105,462.55664653531204
-26.7017,-29.6553,-75.0505,25.5,84.99999999999999,151.99999999999997,228.0,457.44999999999993,35.5205448868455,59.097013099734475,462.617194412798
-28.7053,-27.7204,-75.0505,25.4,84.99999999999999,151.99999999999997,224.0,457.64028242080747,35.516468212888974,59.149455113154495,462.811738883854
-30.5691,-25.6505,-75.0505,24.7,84.99999999999999,151.99999999999997,220.0,457.75864776027095,35.44,59.14407667395652,462.92223429527195
-32.2839,-23.4556,-75.0505,24.8,84.99999999999999,151.99999999999997,215.99999999999994,457.97618579208154,35.507013099734465,59.227063574222036,463.1530846184152
-33.8414,-21.1465,-75.0505,26.4,84.99999999999999,151.99999999999997,212.0,458.0177699781304,35.59402619946894,59.25701309973447,463.2047127548792
-35.2341,-18.7343,-75.0505,25.7,84.99999999999999,151.99999999999997,208.0,458.0924924879076,35.77701309973447,59.25999999999999,463.2930756444804
-36.4551,-16.2309,-75.0505,24.7,84.99999999999999,151.99999999999997,204.0,458.1399999999999,35.75407667395652,59.363531787111015,463.35153232189316
-37.4985,-13.6483,-75.0505,25.4,84.99999999999999,151.99999999999997,200.0,458.24896070079654,35.82348131262344,59.35597380053105,463.463659225322
-38.3592,-10.9993,-75.0505,25.3,84.99999999999999,151.99999999999997,196.0,458.3075075120923,36.160544886845486,59.349999999999994,463.54695441611966
-39.0331,-8.2967,-75.0505,24.9,84.99999999999999,151.99999999999997,192.0,458.3808578273712,36.16,59.406518687376554,463.62667188710174
-39.5167,-5.5537,-75.0505,26.2,84.99999999999999,151.99999999999997,188.0,458.4245710863144,36.367013099734464,59.36108977369098,463.68026267740555
-39.8079,-2.7836,-75.0505,25.6,84.99999999999999,151.99999999999997,183.99999999999997,458.5192231668346,36.4594551131545,59.3994551131545,463.7860122388398
-39.9051,0.0,-75.0505,25.1,84.99999999999999,151.99999999999997,180.0,458.47628626970805,36.6415841860489,59.464571086314436,463.7662622246318
-39.8079,2.7836,-75.0505,24.8,84.99999999999999,151.99999999999997,175.99999999999997,458.400595361333,36.78701309973447,59.43646821288898,463.69934646713307
-39.5167,5.5537,-75.0505,24.7,84.99999999999999,151.99999999999997,171.99999999999997,458.37462156080204,36.88353178711103,59.4194551131545,463.6791565878754
-39.0331,8.2967,-75.0505,25.7,84.99999999999999,151.99999999999997,167.99999999999997,458.3176589355552,36.90646821288896,59.43999999999999,463.6273045109799
-38.3592,10.9993,-75.0505,25.1,84.99999999999999,151.99999999999997,163.99999999999997,458.3109888247158,37.01945511315451,59.41298690026552,463.6262563172785
-37.4985,13.6483,-75.0505,24.9,84.99999999999999,151.99999999999997,159.99999999999997,458.22620574685084,37.1405448868455,59.38298690026553,463.548287496399
-36.4551,16.2309,-75.0505,25.1,84.99999999999999,151.99999999999997,155.99999999999997,458.19506549867225,37.12,59.39244201342003,463.51707046844564
-35.2341,18.7343,-75.0505,24.6,84.99999999999999,151.99999999999997,151.99999999999997,458.0712008162662,37.339999999999996,59.325428913685556,463.40371937765974
-33.8414,21.1465,-75.0505,23.8,84.99999999999999,151.99999999999997,147.99999999999997,457.9551159731598,37.374076673956516,59.289999999999985,463.28718302282124
-32.2839,23.4556,-75.0505,25.0,84.99999999999999,151.99999999999997,143.99999999999997,457.95831486497593,37.367013099734464,59.279999999999994,463.2884956719346
-30.5691,25.6505,-75.0505,26.0,84.99999999999999,151.99999999999997,139.99999999999997,457.89493450132767,37.467013099734466,59.234026199468936,463.22804100398565
-28.7053,27.7204,-75.0505,24.9,84.99999999999999,151.99999999999997,136.0,457.66217954738204,37.527557986579964,59.2394551131545,463.0035650387583
-26.7017,29.6553,-75.0505,24.6,84.99999999999999,151.99999999999997,131.99999999999997,457.5651159731599,37.62701309973446,59.12298690026552,462.900804763124
-24.568,31.4456,-75.0505,25.1,84.99999999999999,151.99999999999997,128.0,457.45506549867235,37.65348131262344,59.129999999999995,462.79507182483553
-22.3146,33.0828,-75.0505,25.0,84.99999999999999,151.99999999999997,124.0,457.353531787111,37.510544886845494,59.06054488684549,462.6742287810972
-19.9525,34.5588,-75.0505,24.5,84.99999999999999,151.99999999999997,119.99999999999997,457.3243896144821,37.52054488684551,59.03537843919798,462.643020624243
-17.4932,35.8665,-75.0505,25.5,84.99999999999999,151.99999999999997,115.99999999999997,457.206306695826,37.37457108631443,59.03488402684007,462.5144138060847
-14.9487,36.9993,-75.0505,24.6,84.99999999999999,151.99999999999997,112.0,457.18103929920335,37.39651868737655,58.95646821288897,462.4812076709414
-12.3313,37.952,-75.0505,25.6,84.99999999999999,151.99999999999997,107.99999999999997,457.12880927733374,37.37353178711103,58.94592332604348,462.42637362753754
-9.6539,38.7197,-75.0505,24.9,84.99999999999999,151.99999999999997,104.0,456.99254296239513,37.33706357422205,58.92298690026552,462.2857979917087
-6.9294,39.2988,-75.0505,25.1,84.99999999999999,151.99999999999997,100.0,456.9975579865799,37.1694551131545,58.91353178711102,462.27604375171467
-4.1712,39.6865,-75.0505,24.6,84.99999999999999,151.99999999999997,96.0,456.9472755657724,37.1494551131545,58.916468212888965,462.22510196750085
-1.3927,39.8808,-75.0505,24.9,84.99999999999999,151.99999999999997,91.99999999999999,456.9431683720978,36.96999999999999,58.90353178711102,462.2050043854204
1.3927,39.8808,-75.0505,25.1,84.99999999999999,151.99999999999997,87.99999999999999,456.9216851350241,36.96293642577795,58.87457108631443,462.1795107276433
4.1712,39.6865,-75.0505,23.8,84.99999999999999,151.99999999999997,83.99999999999999,456.855216922135,36.82163466053648,58.881089773691,462.10334854984825
6.9294,39.2988,-75.0505,25.5,84.99999999999999,151.99999999999997,79.99999999999999,456.885973800531,36.71,58.895973800531046,462.1267714443433
9.6539,38.7197,-75.0505,24.4,84.99999999999999,151.99999999999997,75.99999999999999,456.853531787111,36.78,58.840544886845485,462.09320231846925
12.3313,37.952,-75.0505,23.5,84.99999999999999,151.99999999999997,71.99999999999999,456.9440261994689,36.71,58.83353178711101,462.1762127608105
14.9487,36.9993,-75.0505,25.1,84.99999999999999,151.99999999999997,68.0,456.95186660685636,36.55244201342003,58.899455113154495,462.17987323688294
17.4932,35.8665,-75.0505,25.5,84.99999999999999,151.99999999999997,64.0,456.99277490871503,36.3294551131545,58.89457108631444,462.2021161040126
19.9525,34.5588,-75.0505,26.3,84.99999999999999,151.99999999999997,59.999999999999986,457.08319889181587,36.38,58.92999999999999,462.30001082541116
22.3146,33.0828,-75.0505,23.5,84.99999999999999,151.99999999999997,56.0,457.1120785984068,36.36999999999999,58.93945511315449,462.32898315981834
24.568,31.4456,-75.0505,25.1,84.99999999999999,151.99999999999997,52.0,457.1410392992033,36.34701309973447,58.95298690026553,462.35753463882355
26.7017,29.6553,-75.0505,24.0,84.99999999999999,151.99999999999997,48.0,457.205973800531,36.39402619946894,58.91402619946894,462.42046895107404
28.7053,27.7204,-75.0505,24.5,84.99999999999999,151.99999999999997,43.99999999999999,457.22386468240603,36.376468212888966,58.93646821288896,462.4396362339277
30.5691,25.6505,-75.0505,25.3,84.99999999999999,151.99999999999997,39.99999999999999,457.2378404073874,36.50402619946894,58.92353178711101,462.46185705142176
32.2839,23.4556,-75.0505,25.1,84.99999999999999,151.99999999999997,35.99999999999999,457.3808273076529,36.277557986579964,58.98646821288898,462.5934347073387
33.8414,21.1465,-75.0505,26.7,84.99999999999999,151.99999999999997,32.0,457.3969626252469,36.29999999999999,58.92945511315449,462.60388249422937
35.2341,18.7343,-75.0505,24.2,84.99999999999999,151.99999999999997,28.0,457.4133503152787,36.36999999999999,58.96597380053105,462.63023681217896
36.4551,16.2309,-75.0505,25.7,84.99999999999999,151.99999999999997,24.0,457.5254289136854,36.334076673956524,58.963481312623436,462.73791216941027
37.4985,13.6483,-75.0505,24.7,84.99999999999999,151.99999999999997,19.999999999999996,457.54244201342,36.35999999999999,58.932986900265526,462.75288522989314
38.3592,10.9993,-75.0505,24.9,84.99999999999999,151.99999999999997,16.0,457.6559233260435,36.35646821288898,58.937063574222044,462.8653307378725
39.0331,8.2967,-75.0505,24.6,84.99999999999999,151.99999999999997,12.0,457.6375579865799,36.539455113154496,58.93054488684548,462.8607516095386
39.5167,5.5537,-75.0505,25.5,84.99999999999999,151.99999999999997,8.0,457.67999999999995,36.67891022630901,58.90999999999999,462.9111285715538
39.8079,2.7836,-75.0505,27.7,84.99999999999999,151.99999999999997,4.0,457.64706357422205,36.77646821288897,58.94054488684548,462.8901935058464
39.9051,0.0,-75.0505,24.6,84.99999999999999,151.99999999999997,0.0,457.6154793881731,36.75999999999999,58.94646821288898,462.85841322205715
34.5726,0.0,-77.6514,24.1,84.99999999999999,155.99999999999997,0.0,457.45488402684015,36.70701309973447,58.97706357422204,462.69932975805324
34.4884,2.4117,-77.6514,25.5,84.99999999999999,155.99999999999997,4.0,457.491089773691,36.59706357422205,58.96646821288897,462.72506594961624
34.2362,4.8116,-77.6514,25.2,84.99999999999999,155.99999999999997,8.0,457.5101814718322,36.633531787111025,58.99836533946351,462.75089293735016
33.8171,7.1881,-77.6514,25.3,84.99999999999999,155.99999999999997,12.0,457.5445710863144,36.52,59.02407667395653,462.77919849294494
33.2333,9.5295,-77.6514,24.4,84.99999999999999,155.99999999999997,16.0,457.50308784924067,36.572986900265526,58.98054488684549,462.7368187615356
32.4876,11.8245,-77.6514,24.9,84.99999999999999,155.99999999999997,19.999999999999996,457.52215959261247,36.41054488684549,59.069455113154504,462.75420562606445
31.5837,14.0619,-77.6514,25.1,84.99999999999999,155.99999999999997,24.0,457.52891022630894,36.40108977369099,59.01945511315451,462.7537564530836
30.5258,16.2309,-77.6514,24.1,84.99999999999999,155.99999999999997,28.0,457.4575579865799,36.37701309973447,59.064076673956514,462.68701040168656
29.3192,18.3207,-77.6514,26.6,84.99999999999999,155.99999999999997,32.0,457.440262466038,36.36646821288897,59.03597380053106,462.6654946479733
27.9698,20.3213,-77.6514,26.1,84.99999999999999,155.99999999999997,35.99999999999999,457.4105448868454,36.3405448868455,59.10407667395652,462.6427711051309
26.4842,22.2228,-77.6514,25.4,84.99999999999999,155.99999999999997,39.99999999999999,457.32620574685086,36.38,59.09646821288897,462.5615152799117
24.8695,24.0162,-77.6514,26.0,84.99999999999999,155.99999999999997,43.99999999999999,457.2640766739565,36.32244201342003,59.13891022630901,462.5009906076523
23.1336,25.6925,-77.6514,25.4,84.99999999999999,155.99999999999997,48.0,457.1783653394635,36.43646821288897,59.09244201342003,462.4192801488734
21.285,27.2436,-77.6514,26.0,84.99999999999999,155.99999999999997,52.0,457.14488402684003,36.39755798657996,59.08298690026553,462.38190552870515
19.3328,28.662,-77.6514,25.5,84.99999999999999,155.99999999999997,56.0,457.10805239893784,36.46298690026552,59.072986900265526,462.3493687277598
17.2863,29.9408,-77.6514,25.5,84.99999999999999,155.99999999999997,59.999999999999986,457.0535822615985,36.60244201342003,59.027013099734475,462.3006641731999
15.1556,31.0737,-77.6514,24.7,84.99999999999999,155.99999999999997,64.0,457.05103929920335,36.537013099734466,59.10402619946894,462.3028139258073
12.9511,32.0552,-77.6514,24.9,84.99999999999999,155.99999999999997,68.0,457.06488402684,36.563531787111025,59.12646821288897,462.32146749912613
10.6835,32.8805,-77.6514,25.5,84.99999999999999,155.99999999999997,71.99999999999999,456.9696870594744,36.71646821288897,59.09402619946894,462.2353273622923
8.3639,33.5457,-77.6514,25.9,84.99999999999999,155.99999999999997,75.99999999999999,456.96428866550696,36.73651868737655,59.1,462.2323473328546
6.0035,34.0474,-77.6514,24.7,84.99999999999999,155.99999999999997,79.99999999999999,456.9201009489752,36.94244201342003,59.09407667395652,462.2043190744587
3.6138,34.3832,-77.6514,23.9,84.99999999999999,155.99999999999997,83.99999999999999,456.9319476010621,36.87646821288898,59.10298690026552,462.21190130381643
1.2066,34.5516,-77.6514,24.7,84.99999999999999,155.99999999999997,87.99999999999999,456.98210911812504,36.89298690026552,59.07810287342546,462.25962702316554
-1.2066,34.5516,-77.6514,25.4,84.99999999999999,155.99999999999997,91.99999999999999,456.9389607007966,36.93,59.117013099734464,462.22490190832247
-3.6138,34.3832,-77.6514,24.2,84.99999999999999,155.99999999999997,96.0,456.91999999999996,37.077013099734465,59.109999999999985,462.2170306256552
-6.0035,34.0474,-77.6514,25.6,84.99999999999999,155.99999999999997,100.0,456.96924312160394,37.272442013420026,59.10646821288897,462.28097373499656
-8.3639,33.5457,-77.6514,24.4,84.99999999999999,155.99999999999997,104.0,457.02971757919244,37.24407667395652,59.09,462.33636250873883
-10.6835,32.8805,-77.6514,24.4,84.99999999999999,155.99999999999997,107.99999999999997,457.14808291865603,37.26407667395651,59.08651868737655,462.45453594613883
-12.9511,32.0552,-77.6514,24.4,84.99999999999999,155.99999999999997,112.0,457.1805448868455,37.2194551131545,59.160000000000004,462.49242595090476
-15.1556,31.0737,-77.6514,25.1,84.99999999999999,155.99999999999997,115.99999999999997,457.2622905899573,37.20701309973447,59.166518687376545,462.57306574525285
-17.2863,29.9408,-77.6514,24.7,84.99999999999999,155.99999999999997,119.99999999999997,457.31983848293703,37.33353178711102,59.15646821288897,462.63886023245107
-19.3328,28.662,-77.6514,25.5,84.99999999999999,155.99999999999997,124.0,457.33739646951705,37.2805448868455,59.19353178711102,462.6566842076401
-21.285,27.2436,-77.6514,24.5,84.99999999999999,155.99999999999997,128.0,457.4234813126235,37.332986900265524,59.26945511315449,462.75572549290587
-23.1336,25.6925,-77.6514,24.7,84.99999999999999,155.99999999999997,131.99999999999997,457.415448868455,37.35272443422748,59.21108977369098,462.74190650769634
-24.8695,24.0162,-77.6514,25.2,84.99999999999999,155.99999999999997,136.0,457.593198891816,37.33353178711102,59.285973800531046,462.92564733142785
-26.4842,22.2228,-77.6514,24.8,84.99999999999999,155.99999999999997,139.99999999999997,457.62054488684555,37.244026199468934,59.26108977369098,462.9422829589512
-27.9698,20.3213,-77.6514,24.2,84.99999999999999,155.99999999999997,143.99999999999997,457.70460160603255,37.18999999999999,59.3194551131545,463.02850472326054
-29.3192,18.3207,-77.6514,24.9,84.99999999999999,155.99999999999997,147.99999999999997,457.72566086000535,37.2294551131545,59.30244201342002,463.0503132128366
-30.5258,16.2309,-77.6514,24.9,84.99999999999999,155.99999999999997,151.99999999999997,457.84885975182135,37.1405448868455,59.34646821288897,463.1705967997949
-31.5837,14.0619,-77.6514,24.9,84.99999999999999,155.99999999999997,155.99999999999997,457.87059536133296,36.98646821288897,59.309505587642086,463.17501916711257
-32.4876,11.8245,-77.6514,24.9,84.99999999999999,155.99999999999997,159.99999999999997,457.99919264711633,36.96,59.36999999999998,463.3077799534672
-33.2333,9.5295,-77.6514,24.5,84.99999999999999,155.99999999999997,163.99999999999997,458.1,36.834026199468944,59.327013099734465,463.39189674550767
-33.8171,7.1881,-77.6514,24.3,84.99999999999999,155.99999999999997,167.99999999999997,458.07103929920333,36.727013099734464,59.36701309973445,463.35989552427213
-34.2362,4.8116,-77.6514,24.8,84.99999999999999,155.99999999999997,171.99999999999997,458.14561038551784,36.78755798657997,59.34,463.4349580449609
-34.4884,2.4117,-77.6514,25.6,84.99999999999999,155.99999999999997,175.99999999999997,458.1070130997345,36.73646821288897,59.313531787111025,463.3893596113074
-34.5726,0.0,-77.6514,25.2,84.99999999999999,155.99999999999997,180.0,458.0691926471164,36.62353178711101,59.34348131262344,463.3468647862465
-34.4884,-2.4117,-77.6514,24.3,84.99999999999999,155.99999999999997,183.99999999999997,458.09324936630355,36.512986900265524,59.28706357422205,463.35470131920664
-34.2362,-4.8116,-77.6514,25.1,84.99999999999999,155.99999999999997,188.0,458.0722300218695,36.309999999999995,59.316468212888964,463.32173208091496
-33.8171,-7.1881,-77.6514,24.6,84.99999999999999,155.99999999999997,192.0,458.04516644764743,36.259455113154495,59.31054488684549,463.29025818155344
-33.2333,-9.5295,-77.6514,25.1,84.99999999999999,155.99999999999997,196.0,457.96435909476395,36.19054488684549,59.309999999999995,463.20490696913464
-32.4876,-11.8245,-77.6514,24.0,84.99999999999999,155.99999999999997,200.0,457.99457108631435,36.009455113154495,59.32651868737655,463.2227799036301
-31.5837,-14.0619,-77.6514,25.0,84.99999999999999,155.99999999999997,204.0,457.83163466053645,35.9794551131545,59.25054488684549,463.04962364261405
-30.5258,-16.2309,-77.6514,26.8,84.99999999999999,155.99999999999997,208.0,457.7665186873765,35.85,59.25701309973447,462.9760271684294
-29.3192,-18.3207,-77.6514,25.5,84.99999999999999,155.99999999999997,212.0,457.75701309973437,35.85999999999999,59.16646821288897,462.955822517416
-27.9698,-20.3213,-77.6514,25.7,84.99999999999999,155.99999999999997,215.99999999999994,457.6383148649759,35.85999999999999,59.17537843919797,462.8395966702472
-26.4842,-22.2228,-77.6514,25.8,84.99999999999999,155.99999999999997,220.0,457.49976805368004,35.73298690026552,59.06945511315449,462.67924596782007
-24.8695,-24.0162,-77.6514,24.8,84.99999999999999,155.99999999999997,224.0,457.46917269234706,35.65945511315449,59.129999999999995,462.65105382219497
-23.1336,-25.6925,-77.6514,25.9,84.99999999999999,155.99999999999997,228.0,457.3950654986724,35.72,59.010000000000005,462.56712425607464
-21.285,-27.2436,-77.6514,25.7,84.99999999999999,155.99999999999997,231.99999999999994,457.24493450132763,35.69701309973447,58.99701309973447,462.41524026145186
-19.3328,-28.662,-77.6514,24.5,84.99999999999999,155.99999999999997,236.0,457.15542891368557,35.667557986579965,58.97950558764206,462.32222849149764
-17.2863,-29.9408,-77.6514,26.0,84.99999999999999,155.99999999999997,239.99999999999994,457.05537843919797,35.697326040260094,58.88348131262343,462.21335162251336
-15.1556,-31.0737,-77.6514,25.2,84.99999999999999,155.99999999999997,243.99999999999994,456.9084662884385,35.76353178711102,58.82999999999999,462.0663866501661
-12.9511,-32.0552,-77.6514,25.7,84.99999999999999,155.99999999999997,248.0,456.91483355235255,35.6305448868455,58.854076673956506,462.0654750035448
-10.6835,-32.8805,-77.6514,24.4,84.99999999999999,155.99999999999997,252.0,456.8162867410566,35.739999999999995,58.81348131262344,461.97131189717567
-8.3639,-33.5457,-77.6514,26.3,84.99999999999999,155.99999999999997,256.0,456.69298690026545,35.882986900265536,58.75706357422204,461.8532944048747
-6.0035,-34.0474,-77.6514,25.1,84.99999999999999,155.99999999999997,259.99999999999994,456.61516644764754,35.972986900265525,58.7405448868455,461.78124434643627
-3.6138,-34.3832,-77.6514,25.0,84.99999999999999,155.99999999999997,263.99999999999994,456.6229869002654,36.04353178711102,58.739999999999995,461.7944087463689
-1.2066,-34.5516,-77.6514,25.4,84.99999999999999,155.99999999999997,267.99999999999994,456.5904944123578,36.00054488684549,58.72298690026553,461.7567628203835
1.2066,-34.5516,-77.6514,26.0,84.99999999999999,155.99999999999997,272.0,456.43417762293166,36.1494551131545,58.70244201342004,461.6112198654175
3.6138,-34.3832,-77.6514,24.8,84.99999999999999,155.99999999999997,276.0,456.45765893555506,36.21244201342003,58.69298690026554,461.63817223966385
6.0035,-34.0474,-77.6514,25.5,84.99999999999999,155.99999999999997,279.99999999999994,456.4314531887041,36.3905448868455,58.68646821288897,461.62543773975034
8.3639,-33.5457,-77.6514,23.7,84.99999999999999,155.99999999999997,283.99999999999994,456.4515841860488,36.36054488684549,58.703481312623445,461.64514147626795
10.6835,-32.8805,-77.6514,25.7,84.99999999999999,155.99999999999997,287.99999999999994,456.4869626252468,36.4,58.72646821288897,461.6861543468495
12.9511,-32.0552,-77.6514,25.2,84.99999999999999,155.99999999999997,291.99999999999994,456.4965186873765,36.3994551131545,58.72244201342003,461.69504773416
15.1556,-31.0737,-77.6514,25.2,84.99999999999999,155.99999999999997,295.99999999999994,456.50810287342546,36.67651868737656,58.691089773691,461.7244405821972
17.2863,-29.9408,-77.6514,24.0,84.99999999999999,155.99999999999997,300.0,456.56950558764197,36.71407667395652,58.697557986579966,461.78895631246195
19.3328,-28.662,-77.6514,24.6,84.99999999999999,155.99999999999997,303.99999999999994,456.6729364257779,36.68348131262344,58.768910226308996,461.89786043468973
21.285,-27.2436,-77.6514,22.8,84.99999999999999,155.99999999999997,308.0,456.6905448868455,36.722442013420036,58.74298690026553,461.91506800107487
23.1336,-25.6925,-77.6514,25.8,84.99999999999999,155.99999999999997,311.99999999999994,456.7199495255124,36.932986900265526,58.74755798657996,461.9615063891669
24.8695,-24.0162,-77.6514,25.9,84.99999999999999,155.99999999999997,315.99999999999994,456.79534791947975,36.781089773690994,58.745973800531054,462.0237308662744
26.4842,-22.2228,-77.6514,24.9,84.99999999999999,155.99999999999997,319.99999999999994,456.8499495255124,36.8105448868455,58.712442013420024,462.07579837458366
27.9698,-20.3213,-77.6514,25.4,84.99999999999999,155.99999999999997,323.99999999999994,457.01592332604343,36.77194760106212,58.78999999999999,462.2466813336049
29.3192,-18.3207,-77.6514,25.0,84.99999999999999,155.99999999999997,327.99999999999994,457.14120081626623,36.78353178711102,58.74298690026552,462.36548768743114
30.5258,-16.2309,-77.6514,24.2,84.99999999999999,155.99999999999997,331.99999999999994,457.1814531887041,36.89348131262345,58.81,462.4225623854227
31.5837,-14.0619,-77.6514,24.9,84.99999999999999,155.99999999999997,335.99999999999994,457.2541877165317,36.90592332604347,58.80244201342003,462.4945043431269
32.4876,-11.8245,-77.6514,25.5,84.99999999999999,155.99999999999997,339.99999999999994,457.2195560621295,36.911584186048906,58.87108977369098,462.4694505628632
33.2333,-9.5295,-77.6514,25.5,84.99999999999999,155.99999999999997,343.99999999999994,457.3429364257779,36.90701309973446,58.82592332604347,462.58532009744823
33.8171,-7.1881,-77.6514,24.4,84.99999999999999,155.99999999999997,347.99999999999994,457.3242076713012,36.86,58.864026199468945,462.5679021533976
34.2362,-4.8116,-77.6514,25.5,84.99999999999999,155.99999999999997,351.99999999999994,457.399505587642,36.75646821288897,58.91353178711102,462.64041100506495
34.4884,-2.4117,-77.6514,25.9,84.99999999999999,155.99999999999997,356.0,457.4665186873765,36.73701309973447,58.89244201342002,462.7024352407732
29.0009,-2.0279,-79.8739,24.2,84.99999999999999,159.99999999999997,356.0,457.21815334791296,36.809999999999995,58.92348131262344,462.46663933831456
28.7888,-4.046,-79.8739,25.0,84.99999999999999,159.99999999999997,351.99999999999994,457.23841581395106,36.69701309973447,58.96,462.4823469782319
28.4364,-6.0443,-79.8739,24.6,84.99999999999999,159.99999999999997,347.99999999999994,457.3064682128889,36.78651868737654,58.91353178711102,462.5508167262421
27.9455,-8.0132,-79.8739,24.9,84.99999999999999,159.99999999999997,343.99999999999994,457.2273260402601,36.749455113154504,58.99651868737655,462.48020427502627
27.3185,-9.9431,-79.8739,24.4,84.99999999999999,159.99999999999997,339.99999999999994,457.19836533946346,36.73755798657996,58.91701309973446,462.44049116452715
26.5583,-11.8245,-79.8739,25.1,84.99999999999999,159.99999999999997,335.99999999999994,457.18283547680284,36.7105448868455,58.89651868737655,462.42038133498284
25.6688,-13.6483,-79.8739,24.7,84.99999999999999,159.99999999999997,331.99999999999994,457.0429869002655,36.827013099734465,58.84701309973447,462.2850762455182
24.6542,-15.4057,-79.8739,24.9,84.99999999999999,159.99999999999997,327.99999999999994,457.02348131262335,36.839999999999996,58.84407667395652,462.2664528502152
23.5195,-17.0879,-79.8739,24.2,84.99999999999999,159.99999999999997,323.99999999999994,456.99800192445014,36.766468212888974,58.8905448868455,462.24132574322977
22.2702,-18.6869,-79.8739,26.0,84.99999999999999,159.99999999999997,319.99999999999994,456.88303737475314,36.89999999999999,58.81054488684549,462.1281207962439
20.9124,-20.1949,-79.8739,24.3,84.99999999999999,159.99999999999997,315.99999999999994,456.89407667395653,36.78,58.836468212888974,462.13276846758396
19.4528,-21.6045,-79.8739,24.5,84.99999999999999,159.99999999999997,311.99999999999994,456.8389607007965,36.63999999999999,58.82298690026552,462.06543844141027
17.8983,-22.9088,-79.8739,24.3,84.99999999999999,159.99999999999997,308.0,456.76462156080197,36.815923326043475,58.80353178711102,462.0034491976976
16.2567,-24.1015,-79.8739,24.6,84.99999999999999,159.99999999999997,303.99999999999994,456.818153347913,36.603531787111024,58.859949525512405,462.04668316700776
14.5359,-25.1768,-79.8739,24.7,84.99999999999999,159.99999999999997,300.0,456.74841581395106,36.55353178711102,58.814621560802024,461.96800294393296
12.7442,-26.1295,-79.8739,24.7,84.99999999999999,159.99999999999997,295.99999999999994,456.72615527236337,36.502986900265526,58.77054488684549,461.93638729679293
10.8905,-26.9548,-79.8739,23.3,84.99999999999999,159.99999999999997,291.99999999999994,456.6649039816095,36.57108977369099,58.78999999999999,461.8836901599449
8.9837,-27.6488,-79.8739,25.1,84.99999999999999,159.99999999999997,287.99999999999994,456.6456608600053,36.45054488684549,58.8,461.8564082101914
7.0331,-28.2082,-79.8739,25.3,84.99999999999999,159.99999999999997,283.99999999999994,456.65103929920343,36.33244201342003,58.828960700796586,461.85610816880734
5.0482,-28.63,-79.8739,24.3,84.99999999999999,159.99999999999997,279.99999999999994,456.6394551131544,36.29706357422205,58.810544886845506,461.83952730362665
3.0388,-28.9125,-79.8739,25.1,84.99999999999999,159.99999999999997,276.0,456.7118971265745,36.2194551131545,58.830494412357915,461.9076022089819
1.0146,-29.054,-79.8739,25.5,84.99999999999999,159.99999999999997,272.0,456.678153347913,36.10293642577795,58.798647760270946,461.8610599977661
-1.0146,-29.054,-79.8739,25.1,84.99999999999999,159.99999999999997,267.99999999999994,456.71516644764756,36.01706357422204,58.84407667395652,461.8967389919769
-3.0388,-28.9125,-79.8739,25.8,84.99999999999999,159.99999999999997,263.99999999999994,456.8734308381359,35.97651868737655,58.83103929920342,462.0484096798695
-5.0482,-28.63,-79.8739,25.9,84.99999999999999,159.99999999999997,259.99999999999994,456.8501814718323,35.96646821288898,58.867063574222044,462.02922669502885
-7.0331,-28.2082,-79.8739,24.7,84.99999999999999,159.99999999999997,256.0,456.8829869002655,35.90407667395652,58.8730373747531,462.05757322053125
-8.9837,-27.6488,-79.8739,25.4,84.99999999999999,159.99999999999997,252.0,456.9695560621296,35.968910226309006,58.95348131262345,462.1584691741199
-10.8905,-26.9548,-79.8739,25.3,84.99999999999999,159.99999999999997,248.0,456.98353178711096,35.96755798657996,58.927063574222046,462.168813718126
-12.7442,-26.1295,-79.8739,25.0,84.99999999999999,159.99999999999997,243.99999999999994,457.07999999999987,35.86353178711102,58.94706357422205,462.25866743228124
-14.5359,-25.1768,-79.8739,25.9,84.99999999999999,159.99999999999997,239.99999999999994,457.1445710863144,35.82999999999999,58.99298690026553,462.3257728886691
-16.2567,-24.1015,-79.8739,25.1,84.99999999999999,159.99999999999997,236.0,457.2202119915505,35.72999999999999,59.06348131262344,462.4018273951402
-17.8983,-22.9088,-79.8739,24.8,84.99999999999999,159.99999999999997,231.99999999999994,457.25571133449296,35.94,59.04163466053649,462.45041222968047
-19.4528,-21.6045,-79.8739,24.5,84.99999999999999,159.99999999999997,228.0,457.34407667395647,35.89,59.091897126574544,462.5403213502272
-20.9124,-20.1949,-79.8739,25.5,84.99999999999999,159.99999999999997,224.0,457.4709083018586,35.87701309973447,59.167013099734476,462.67432114893757
-22.2702,-18.6869,-79.8739,25.4,84.99999999999999,159.99999999999997,220.0,457.45602427501865,35.89999999999999,59.127557986579966,462.6563435844826
-23.5195,-17.0879,-79.8739,24.8,84.99999999999999,159.99999999999997,215.99999999999994,457.5457923286987,35.90353178711102,59.19,462.7533595474859
-24.6542,-15.4057,-79.8739,25.1,84.99999999999999,159.99999999999997,212.0,457.5759233260435,36.1394551131545,59.22298690026551,462.80573462409257
-25.6688,-13.6483,-79.8739,26.1,84.99999999999999,159.99999999999997,208.0,457.71303737475307,36.07999999999999,59.220544886845495,462.93634974963567
-26.5583,-11.8245,-79.8739,24.1,84.99999999999999,159.99999999999997,204.0,457.7276084610675,36.15701309973447,59.269999999999996,462.96309360874835
-27.3185,-9.9431,-79.8739,24.7,84.99999999999999,159.99999999999997,200.0,457.86691215075933,36.109455113154496,59.2594551131545,463.0957622472355
-27.9455,-8.0132,-79.8739,25.1,84.99999999999999,159.99999999999997,196.0,457.8093440705792,36.15,59.328910226309006,463.0509017451272
-28.4364,-6.0443,-79.8739,25.1,84.99999999999999,159.99999999999997,192.0,457.95374377866136,36.2805448868455,59.266468212888974,463.19588041411555
-28.7888,-4.046,-79.8739,25.1,84.99999999999999,159.99999999999997,188.0,457.93986900265526,36.35,59.30298690026552,463.19228229479614
-29.0009,-2.0279,-79.8739,25.3,84.99999999999999,159.99999999999997,183.99999999999997,457.9529364257779,36.502986900265526,59.260544886845494,463.2118005987319
-29.0717,0.0,-79.8739,24.2,84.99999999999999,159.99999999999997,180.0,457.9145710863145,36.529455113154505,59.30298690026552,463.1813896944915
-29.0009,2.0279,-79.8739,24.6,84.99999999999999,159.99999999999997,175.99999999999997,457.930928256628,36.62353178711101,59.258102873425464,463.1992453477186
-28.7888,4.046,-79.8739,24.2,84.99999999999999,159.99999999999997,171.99999999999997,457.941422668986,36.63999999999999,59.32945511315451,463.220056172138
-28.4364,6.0443,-79.8739,25.8,84.99999999999999,159.99999999999997,167.99999999999997,457.9548335523523,36.76054488684549,59.262986900265524,463.2343562935304
-27.9455,8.0132,-79.8739,25.1,84.99999999999999,159.99999999999997,163.99999999999997,457.9518466520869,36.71999999999999,59.327013099734465,463.2363832163797
-27.3185,9.9431,-79.8739,25.0,84.99999999999999,159.99999999999997,159.99999999999997,457.88999999999993,36.78,59.23701309973447,463.16848362229706
-26.5583,11.8245,-79.8739,24.9,84.99999999999999,159.99999999999997,155.99999999999997,457.8613017652415,36.8694551131545,59.28298690026551,463.1531074173199
-25.6688,13.6483,-79.8739,24.5,84.99999999999999,159.99999999999997,151.99999999999997,457.7878709271056,36.94244201342003,59.26701309973446,463.0842878263646
-24.6542,15.4057,-79.8739,25.3,84.99999999999999,159.99999999999997,147.99999999999997,457.6929869002655,36.94597380053106,59.30945511315449,462.99620592784066
-23.5195,17.0879,-79.8739,25.9,84.99999999999999,159.99999999999997,143.99999999999997,457.64670015920876,36.985923326043476,59.27592332604346,462.94934472039995
-22.2702,18.6869,-79.8739,25.8,84.99999999999999,159.99999999999997,139.99999999999997,457.594621560802,37.037013099734466,59.247063574222054,462.8982529270244
-20.9124,20.1949,-79.8739,26.0,84.99999999999999,159.99999999999997,136.0,457.5914531887042,37.02651868737655,59.289999999999985,462.89977880471787
-19.4528,21.6045,-79.8739,25.5,84.99999999999999,159.99999999999997,131.99999999999997,457.45615527236333,37.13,59.24646821288897,462.76874882847636
-17.8983,22.9088,-79.8739,23.8,84.99999999999999,159.99999999999997,128.0,457.4610897736909,37.029455113154505,59.26592332604348,462.76806163627856
-16.2567,24.1015,-79.8739,24.7,84.99999999999999,159.99999999999997,124.0,457.3919476010621,37.0094551131545,59.24755798657996,462.695760327927
-14.5359,25.1768,-79.8739,23.8,84.99999999999999,159.99999999999997,119.99999999999997,457.313794253149,37.17755798657997,59.19,462.62461384156484
-12.7442,26.1295,-79.8739,24.8,84.99999999999999,159.99999999999997,115.99999999999997,457.21239153893254,37.10054488684549,59.18353178711103,462.5173638280481
-10.8905,26.9548,-79.8739,23.9,84.99999999999999,159.99999999999997,112.0,457.1770635742221,37.109455113154496,59.14054488684549,462.47765693777734
-8.9837,27.6488,-79.8739,25.2,84.99999999999999,159.99999999999997,107.99999999999997,457.14321884658534,36.99646821288897,59.164076673956515,462.43815712625417
-7.0331,28.2082,-79.8739,25.1,84.99999999999999,159.99999999999997,104.0,457.14506549867235,37.02298690026552,59.129999999999995,462.4377464792452
-5.0482,28.63,-79.8739,26.0,84.99999999999999,159.99999999999997,100.0,457.05805239893783,37.01701309973447,59.09298690026553,462.3465189901737
-3.0388,28.9125,-79.8739,24.9,84.99999999999999,159.99999999999997,96.0,457.05999999999995,36.89059536133308,59.097013099734475,462.3388547195917
-1.0146,29.054,-79.8739,25.1,84.99999999999999,159.99999999999997,91.99999999999999,457.01532796471037,36.87298690026553,59.1,462.29366982215856
1.0146,29.054,-79.8739,24.7,84.99999999999999,159.99999999999997,87.99999999999999,456.99270447945804,36.82999999999999,59.08353178711103,462.2657726631811
3.0388,28.9125,-79.8739,24.8,84.99999999999999,159.99999999999997,83.99999999999999,456.93836533946353,36.85755798657997,59.10298690026552,462.2167374299292
5.0482,28.63,-79.8739,24.8,84.99999999999999,159.99999999999997,79.99999999999999,456.8970635742221,36.81298690026553,59.08353178711103,462.16986751161573
7.0331,28.2082,-79.8739,25.0,84.99999999999999,159.99999999999997,75.99999999999999,456.96787092710554,36.65755798657996,59.124076673956516,462.23269903776725
8.9837,27.6488,-79.8739,24.6,84.99999999999999,159.99999999999997,71.99999999999999,456.88488402684004,36.71244201342003,59.10701309973446,462.15283148367706
10.8905,26.9548,-79.8739,24.6,84.99999999999999,159.99999999999997,68.0,456.9872755657725,36.728910226309,59.0805448868455,462.2519806983699
12.7442,26.1295,-79.8739,26.4,84.99999999999999,159.99999999999997,64.0,457.0356913797236,36.76353178711102,59.0805448868455,462.3025970601186
14.5359,25.1768,-79.8739,24.3,84.99999999999999,159.99999999999997,59.999999999999986,456.9809083018586,36.597013099734475,59.071947601062114,462.2341256480275
16.2567,24.1015,-79.8739,24.2,84.99999999999999,159.99999999999997,56.0,457.03244201341994,36.45054488684549,59.0894551131545,462.2757391220823
17.8983,22.9088,-79.8739,25.3,84.99999999999999,159.99999999999997,52.0,457.08506549867235,36.45054488684549,59.07945511315451,462.32648782104275
19.4528,21.6045,-79.8739,25.0,84.99999999999999,159.99999999999997,48.0,457.1498180568191,36.518647760270966,59.04054488684549,462.39091007950964
20.9124,20.1949,-79.8739,24.7,84.99999999999999,159.99999999999997,43.99999999999999,457.1548335523525,36.54402619946894,59.057013099734476,462.3999767381145
22.2702,18.6869,-79.8739,25.3,84.99999999999999,159.99999999999997,39.99999999999999,457.1778709271055,36.459999999999994,59.03298690026551,462.41305215987154
23.5195,17.0879,-79.8739,25.5,84.99999999999999,159.99999999999997,35.99999999999999,457.17085782737104,36.5694551131545,59.06755798657996,462.41917639776284
24.6542,15.4057,-79.8739,25.1,84.99999999999999,159.99999999999997,32.0,457.2378709271055,36.66646821288897,59.091897126574544,462.49621923554884
25.6688,13.6483,-79.8739,24.5,84.99999999999999,159.99999999999997,28.0,457.2201009489751,36.70054488684549,58.994026199468934,462.46885931271737
26.5583,11.8245,-79.8739,23.9,84.99999999999999,159.99999999999997,24.0,457.3742886655069,36.682936425777946,59.020050474487576,462.6232204668365
27.3185,9.9431,-79.8739,24.5,84.99999999999999,159.99999999999997,19.999999999999996,457.31488402683993,36.60407667395652,59.0,462.55568484414385
27.9455,8.0132,-79.8739,25.0,84.99999999999999,159.99999999999997,16.0,457.335973800531,36.67597380053106,59.065973800531054,462.5906497620788
28.4364,6.0443,-79.8739,23.8,84.99999999999999,159.99999999999997,12.0,457.39701309973447,36.59,58.99298690026553,462.6348756805669
28.7888,4.046,-79.8739,25.1,84.99999999999999,159.99999999999997,8.0,457.37864776027095,36.59,59.02244201342003,462.62047532317627
29.0009,2.0279,-79.8739,24.7,84.99999999999999,159.99999999999997,4.0,457.3386477602709,36.6,58.94701309973447,462.57210150264507
29.0717,0.0,-79.8739,24.7,84.99999999999999,159.99999999999997,0.0,457.3675075120924,36.67054488684549,58.94646821288898,462.60615203961044
23.4292,0.0,-81.7072,24.9,84.99999999999999,163.99999999999997,0.0,457.19729552054184,36.68,58.9694551131545,462.44154881199853
23.3721,1.6343,-81.7072,24.7,84.99999999999999,163.99999999999997,4.0,457.26592332604343,36.686468212888975,58.92298690026552,462.50398913998913
23.2012,3.2607,-81.7072,25.3,84.99999999999999,163.99999999999997,8.0,457.31836533946347,36.617013099734464,58.95244201342003,462.55408693951756
22.9172,4.8712,-81.7072,25.1,84.99999999999999,163.99999999999997,12.0,457.2839757249814,36.63701309973447,58.9194551131545,462.5174671021047
22.5216,6.458,-81.7072,25.7,84.99999999999999,163.99999999999997,16.0,457.3322300218695,36.47353178711102,58.878365339463514,462.5470236017619
22.0162,8.0132,-81.7072,23.6,84.99999999999999,163.99999999999997,19.999999999999996,457.3501009489752,36.51945511315451,58.867063574222044,462.5668779902545
21.4036,9.5295,-81.7072,25.3,84.99999999999999,163.99999999999997,24.0,457.30402619946886,36.63999999999999,58.82402619946894,462.525380964721
20.6867,10.9993,-81.7072,25.8,84.99999999999999,163.99999999999997,28.0,457.2589607007966,36.54755798657997,58.8505448868455,462.47688349736325
19.8691,12.4156,-81.7072,24.4,84.99999999999999,163.99999999999997,32.0,457.26701309973436,36.650544886845495,58.857013099734466,462.493818013471
18.9546,13.7713,-81.7072,25.5,84.99999999999999,163.99999999999997,35.99999999999999,457.30478307786484,36.744339139994565,58.817063574222054,462.53352100385337
17.9478,15.06,-81.7072,25.7,84.99999999999999,163.99999999999997,39.99999999999999,457.2308073528836,36.58701309973447,58.82945511315449,462.4494842780566
16.8535,16.2753,-81.7072,24.9,84.99999999999999,163.99999999999997,43.99999999999999,457.17755798657987,36.652986900265525,58.7894551131545,462.39697339816706
15.6772,17.4113,-81.7072,25.3,84.99999999999999,163.99999999999997,48.0,457.16999999999996,36.630544886845485,58.73755798657998,462.3811268174059
14.4244,18.4624,-81.7072,24.7,84.99999999999999,163.99999999999997,52.0,457.11282538320256,36.54402619946893,58.738102873425454,462.3178189404458
13.1014,19.4237,-81.7072,25.5,84.99999999999999,163.99999999999997,56.0,457.1384158139511,36.647013099734465,58.779999999999994,462.35659742456465
11.7146,20.2903,-81.7072,25.1,84.99999999999999,163.99999999999997,59.999999999999986,457.114621560802,36.55353178711102,58.80298690026553,462.3285943992426
10.2707,21.058,-81.7072,24.6,84.99999999999999,163.99999999999997,64.0,457.104288665507,36.67298690026553,58.771089773690996,462.3237822973997
8.7767,21.7232,-81.7072,24.9,84.99999999999999,163.99999999999997,68.0,457.1224420134199,36.72755798657996,58.73108977369098,462.3409795962017
7.24,22.2825,-81.7072,25.1,84.99999999999999,163.99999999999997,71.99999999999999,457.0959937553004,36.80054488684549,58.76999999999999,462.325578473779
5.668,22.7332,-81.7072,24.4,84.99999999999999,163.99999999999997,75.99999999999999,457.0978709271054,36.782986900265534,58.750544886845496,462.3235644609726
4.0684,23.0732,-81.7072,24.7,84.99999999999999,163.99999999999997,79.99999999999999,457.1081028734254,36.77054488684549,58.78999999999999,462.3377064266093
2.449,23.3008,-81.7072,23.9,84.99999999999999,163.99999999999997,83.99999999999999,457.07597380053096,36.75646821288897,58.832986900265524,462.310289879855
0.8177,23.4149,-81.7072,25.9,84.99999999999999,163.99999999999997,87.99999999999999,457.090595361333,36.800544886845486,58.81646821288897,462.3261504660799
-0.8177,23.4149,-81.7072,23.1,84.99999999999999,163.99999999999997,91.99999999999999,457.15194760106203,36.86999999999999,58.838910226309004,462.39519618186324
-2.449,23.3008,-81.7072,25.2,84.99999999999999,163.99999999999997,96.0,457.2027044794581,36.86348131262344,58.82999999999999,462.44372429282333
-4.0684,23.0732,-81.7072,25.3,84.99999999999999,163.99999999999997,100.0,457.17244201342004,36.8805448868455,58.86701309973446,462.41987582601683
-5.668,22.7332,-81.7072,25.2,84.99999999999999,163.99999999999997,104.0,457.2219476010621,36.91701309973447,58.83706357422204,462.46791810281434
-7.24,22.2825,-81.7072,26.3,84.99999999999999,163.99999999999997,107.99999999999997,457.2899999999999,37.078910226309,58.84945511315449,462.54972494931377
-8.7767,21.7232,-81.7072,26.7,84.99999999999999,163.99999999999997,112.0,457.3103634150132,36.99701309973447,58.85542891368556,462.5640593233409
-10.2707,21.058,-81.7072,24.2,84.99999999999999,163.99999999999997,115.99999999999997,457.3284158139511,36.95651868737655,58.86597380053105,462.5800115178707
-11.7146,20.2903,-81.7072,24.5,84.99999999999999,163.99999999999997,119.99999999999997,457.2970130997344,36.87407667395652,58.904076673956524,462.5472364735377
-13.1014,19.4237,-81.7072,25.1,84.99999999999999,163.99999999999997,124.0,457.3875075120923,37.03298690026553,58.91755798657996,462.65111346022024
-14.4244,18.4624,-81.7072,25.5,84.99999999999999,163.99999999999997,128.0,457.39701309973447,36.96402619946894,58.89298690026553,462.65186774881664
-15.6772,17.4113,-81.7072,24.6,84.99999999999999,163.99999999999997,131.99999999999997,457.46433913999454,36.89,58.91701309973446,462.71558015414416
-16.8535,16.2753,-81.7072,24.1,84.99999999999999,163.99999999999997,136.0,457.49597380053103,36.83701309973447,58.97999999999999,462.75065853849003
-17.9478,15.06,-81.7072,25.6,84.99999999999999,163.99999999999997,139.99999999999997,457.52353178711104,36.91054488684549,58.98298690026552,462.7841432098472
-18.9546,13.7713,-81.7072,25.5,84.99999999999999,163.99999999999997,143.99999999999997,457.6266496847212,37.01,58.98054488684549,462.8937192021639
-19.8691,12.4156,-81.7072,25.1,84.99999999999999,163.99999999999997,147.99999999999997,457.61846628843875,36.90999999999999,59.05787092710559,462.8875035109779
-20.6867,10.9993,-81.7072,24.9,84.99999999999999,163.99999999999997,151.99999999999997,457.70202812391915,36.830494412357915,59.09054488684551,462.96795176602876
-21.4036,9.5295,-81.7072,24.9,84.99999999999999,163.99999999999997,155.99999999999997,457.70641773840134,36.84348131262344,59.07353178711102,462.9711536499401
-22.0162,8.0132,-81.7072,23.5,84.99999999999999,163.99999999999997,159.99999999999997,457.76217954738195,36.79244201342003,59.13542891368556,463.03012403739564
-22.5216,6.458,-81.7072,24.5,84.99999999999999,163.99999999999997,163.99999999999997,457.76597380053096,36.71999999999999,59.12298690026552,463.026535686193
-22.9172,4.8712,-81.7072,24.2,84.99999999999999,163.99999999999997,167.99999999999997,457.7729364257778,36.63999999999999,59.14,463.02925450113753
-23.2012,3.2607,-81.7072,24.2,84.99999999999999,163.99999999999997,171.99999999999997,457.8119476010622,36.75,59.161634660536485,463.0793030162161
-23.3721,1.6343,-81.7072,24.9,84.99999999999999,163.99999999999997,175.99999999999997,457.7102119915504,36.76701309973447,59.14,462.97731155384497
-23.4292,0.0,-81.7072,26.4,84.99999999999999,163.99999999999997,180.0,457.75171565474227,36.610544886845496,59.19298690026552,463.01271567846464
-23.3721,-1.6343,-81.7072,25.4,84.99999999999999,163.99999999999997,183.99999999999997,457.77407667395653,36.539455113154496,59.16994952551241,463.0262627341038
-23.2012,-3.2607,-81.7072,23.1,84.99999999999999,163.99999999999997,188.0,457.7443391399945,36.47402619946894,59.17701309973446,462.9926062922776
-22.9172,-4.8712,-81.7072,26.0,84.99999999999999,163.99999999999997,192.0,457.62277490871503,36.33244201342003,59.15353178711103,462.85828369026706
-22.5216,-6.458,-81.7072,24.9,84.99999999999999,163.99999999999997,196.0,457.6406458358207,36.35651868737655,59.109999999999985,462.87228181442515
-22.0162,-8.0132,-81.7072,25.8,84.99999999999999,163.99999999999997,200.0,457.67792140159315,36.26701309973446,59.15244201342003,462.9075365273396
-21.4036,-9.5295,-81.7072,25.2,84.99999999999999,163.99999999999997,204.0,457.60244201342,36.21,59.12701309973446,462.82519671550034
-20.6867,-10.9993,-81.7072,24.8,84.99999999999999,163.99999999999997,208.0,457.51457108631445,36.18054488684549,59.11054488684549,462.73390960834405
-19.8691,-12.4156,-81.7072,23.5,84.99999999999999,163.99999999999997,212.0,457.4760747495062,36.21293642577795,59.120544886845494,462.69965913161286
-18.9546,-13.7713,-81.7072,24.7,84.99999999999999,163.99999999999997,215.99999999999994,457.45005047448757,36.13999999999999,59.0494551131545,462.6591471356334
-17.9478,-15.06,-81.7072,24.2,84.99999999999999,163.99999999999997,220.0,457.3829364257779,36.05244201342003,59.05597380053105,462.5867887760385
-16.8535,-16.2753,-81.7072,23.6,84.99999999999999,163.99999999999997,224.0,457.34,36.019999999999996,59.07353178711102,462.5440499647604
-15.6772,-17.4113,-81.7072,23.6,84.99999999999999,163.99999999999997,228.0,457.2948335523524,36.03646821288897,59.01108977369099,462.4927032410466
-14.4244,-18.4624,-81.7072,25.0,84.99999999999999,163.99999999999997,231.99999999999994,457.2448535071219,36.12244201342003,58.97407667395651,462.4452709189575
-13.1014,-19.4237,-81.7072,25.4,84.99999999999999,163.99999999999997,236.0,457.2052673966226,36.03999999999999,58.99244201342004,462.4020397337407
-11.7146,-20.2903,-81.7072,27.0,84.99999999999999,163.99999999999997,239.99999999999994,457.132774908715,36.147013099734465,58.98298690026552,462.3375100459092
-10.2707,-21.058,-81.7072,24.5,84.99999999999999,163.99999999999997,243.99999999999994,457.1221290728944,36.077013099734465,58.92054488684549,462.3135541730278
-8.7767,-21.7232,-81.7072,24.8,84.99999999999999,163.99999999999997,248.0,456.98737651474767,36.12701309973447,58.90348131262345,462.18204582186735
-7.24,-22.2825,-81.7072,25.0,84.99999999999999,163.99999999999997,252.0,457.03646821288896,36.097557986579965,58.897013099734465,462.22746037116383
-5.668,-22.7332,-81.7072,24.8,84.99999999999999,163.99999999999997,256.0,456.9816346605365,36.12701309973447,58.8805448868455,462.1734458606382
-4.0684,-23.0732,-81.7072,25.2,84.99999999999999,163.99999999999997,259.99999999999994,456.8994551131544,36.13054488684549,58.888365339463505,462.09346233080583
-2.449,-23.3008,-81.7072,25.1,84.99999999999999,163.99999999999997,263.99999999999994,456.8497880084496,36.150544886845495,58.87353178711102,462.0440276035057
-0.8177,-23.4149,-81.7072,26.6,84.99999999999999,163.99999999999997,267.99999999999994,456.8521290728943,36.24353178711103,58.87298690026552,462.0535575248811
0.8177,-23.4149,-81.7072,25.1,84.99999999999999,163.99999999999997,272.0,456.8715841860489,36.288102873425466,58.83701309973446,462.0717097565275
2.449,-23.3008,-81.7072,25.3,84.99999999999999,163.99999999999997,276.0,456.86592332604346,36.249455113154504,58.857013099734466,462.0656261653545
4.0684,-23.0732,-81.7072,25.0,84.99999999999999,163.99999999999997,279.99999999999994,456.883198891816,36.31108977369099,58.85646821288897,462.0874771303227
5.668,-22.7332,-81.7072,25.3,84.99999999999999,163.99999999999997,283.99999999999994,456.82239153893244,36.297013099734464,58.80945511315451,462.02026209033096
7.24,-22.2825,-81.7072,25.8,84.99999999999999,163.99999999999997,287.99999999999994,456.81103929920334,36.37298690026552,58.817013099734474,462.01597464983774
8.7767,-21.7232,-81.7072,26.2,84.99999999999999,163.99999999999997,291.99999999999994,456.8111402481785,36.46054488684549,58.83353178711101,462.0250790280022
10.2707,-21.058,-81.7072,25.0,84.99999999999999,163.99999999999997,295.99999999999994,456.84194760106203,36.41298690026553,58.86353178711102,462.055609291114
11.7146,-20.2903,-81.7072,24.4,84.99999999999999,163.99999999999997,300.0,456.863531787111,36.51353178711103,58.90054488684549,462.0896004764966
13.1014,-19.4237,-81.7072,25.4,84.99999999999999,163.99999999999997,303.99999999999994,456.9562362665691,36.54646821288897,58.899455113154495,462.18372106162576
14.4244,-18.4624,-81.7072,25.1,84.99999999999999,163.99999999999997,308.0,456.95706357422205,36.55,58.867063574222044,462.1806915311663
15.6772,-17.4113,-81.7072,24.7,84.99999999999999,163.99999999999997,311.99999999999994,456.8910392992034,36.62108977369098,58.897557986579955,462.1249272057303
16.8535,-16.2753,-81.7072,25.7,84.99999999999999,163.99999999999997,315.99999999999994,456.9575579865798,36.50760846106755,58.94054488684549,462.1871948768846
17.9478,-15.06,-81.7072,25.1,84.99999999999999,163.99999999999997,319.99999999999994,456.9730373747531,36.692986900265524,58.91407667395652,462.21380399714957
18.9546,-13.7713,-81.7072,24.9,84.99999999999999,163.99999999999997,323.99999999999994,457.03358226159855,36.75,58.9194551131545,462.27887687596154
19.8691,-12.4156,-81.7072,25.9,84.99999999999999,163.99999999999997,327.99999999999994,457.11506549867227,36.62701309973446,58.96999999999999,462.35612042500696
20.6867,-10.9993,-81.7072,25.3,84.99999999999999,163.99999999999997,331.99999999999994,457.0754289136855,36.69,58.92298690026552,462.3159333203631
21.4036,-9.5295,-81.7072,24.6,84.99999999999999,163.99999999999997,335.99999999999994,457.0516346605364,36.65755798657996,58.911089773690975,462.2883189111875
22.0162,-8.0132,-81.7072,25.2,84.99999999999999,163.99999999999997,339.99999999999994,457.1961552723632,36.591089773690996,58.96701309973446,462.4330663788668
22.5216,-6.458,-81.7072,25.9,84.99999999999999,163.99999999999997,343.99999999999994,457.153531787111,36.76298690026552,58.96592332604348,462.40442141587596
22.9172,-4.8712,-81.7072,25.2,84.99999999999999,163.99999999999997,347.99999999999994,457.221089773691,36.62108977369098,59.01945511315451,462.46678284165233
23.2012,-3.2607,-81.7072,25.5,84.99999999999999,163.99999999999997,351.99999999999994,457.25244201342,36.68755798657997,59.011089773691,462.50197983850114
23.3721,-1.6343,-81.7072,25.2,84.99999999999999,163.99999999999997,356.0,457.2651159731599,36.652986900265525,59.012442013420035,462.51194151831976
17.6294,-1.2328,-83.1425,24.3,84.99999999999999,167.99999999999997,356.0,457.2730678944713,36.578910226309,59.041897126574526,462.51769794384205
17.5005,-2.4595,-83.1425,24.6,84.99999999999999,167.99999999999997,351.99999999999994,457.2015841860489,36.67298690026553,59.01755798657996,462.45136901204984
17.2863,-3.6743,-83.1425,25.0,84.99999999999999,167.99999999999997,347.99999999999994,457.18402619946886,36.597557986579965,59.05054488684549,462.432245754955
16.9879,-4.8712,-83.1425,24.5,84.99999999999999,167.99999999999997,343.99999999999994,457.1961857920814,36.59,59.05244201342003,462.4439115293613
16.6067,-6.0443,-83.1425,25.5,84.99999999999999,167.99999999999997,339.99999999999994,457.13298690026545,36.572986900265526,59.00701309973447,462.3742841877319
16.1446,-7.1881,-83.1425,25.8,84.99999999999999,167.99999999999997,335.99999999999994,457.131352239729,36.70646821288898,59.045923326043464,462.3882125126159
15.6039,-8.2967,-83.1425,24.7,84.99999999999999,167.99999999999997,331.99999999999994,457.1071140487095,36.629999999999995,59.059455113154506,462.3599137600519
14.9871,-9.365,-83.1425,25.1,84.99999999999999,167.99999999999997,327.99999999999994,457.1189607007965,36.65140271421661,59.029999999999994,462.3695604741904
14.2973,-10.3876,-83.1425,25.2,84.99999999999999,167.99999999999997,323.99999999999994,457.0686982347584,36.616468212888975,59.060544886845506,462.32100169982897
13.5379,-11.3597,-83.1425,24.7,84.99999999999999,167.99999999999997,319.99999999999994,457.1111402481785,36.61,59.07353178711102,462.36410846517134
12.7125,-12.2763,-83.1425,25.1,84.99999999999999,167.99999999999997,315.99999999999994,457.1380523989378,36.467013099734466,59.085428913685554,462.3809359234271
11.8252,-13.1332,-83.1425,23.4,84.99999999999999,167.99999999999997,311.99999999999994,457.0576589355551,36.49646821288898,59.08293642577796,462.30346003502626
10.8803,-13.9261,-83.1425,23.5,84.99999999999999,167.99999999999997,308.0,456.98861724055274,36.53891022630901,59.033531787111016,462.23224262617003
9.8823,-14.6512,-83.1425,26.4,84.99999999999999,167.99999999999997,303.99999999999994,457.00374377866143,36.56,59.04244201342003,462.2500031223586
8.8362,-15.3048,-83.1425,25.6,84.99999999999999,167.99999999999997,300.0,457.0476084610674,36.470544886845495,59.09864776027095,462.2934860144767
7.7471,-15.8839,-83.1425,24.1,84.99999999999999,167.99999999999997,295.99999999999994,456.9993541641793,36.442986900265524,59.12298690026552,462.2467183017083
6.6202,-16.3857,-83.1425,25.1,84.99999999999999,167.99999999999997,291.99999999999994,457.033299840791,36.40353178711102,59.127557986579966,462.27775460581483
5.4611,-16.8075,-83.1425,24.3,84.99999999999999,167.99999999999997,287.99999999999994,456.9704944123579,36.49646821288898,59.11646821288896,462.221572159343
4.2754,-17.1475,-83.1425,23.0,84.99999999999999,167.99999999999997,283.99999999999994,457.0228559029208,36.37298690026553,59.13542891368556,462.2660315732861
3.0688,-17.404,-83.1425,24.7,84.99999999999999,167.99999999999997,279.99999999999994,456.925711334493,36.49999999999999,59.120544886845494,462.1780982546121
1.8473,-17.5757,-83.1425,24.8,84.99999999999999,167.99999999999997,276.0,456.947063574222,36.507013099734465,59.077013099734465,462.19419554052655
0.6168,-17.6617,-83.1425,24.9,84.99999999999999,167.99999999999997,272.0,457.04818386763117,36.55701309973447,59.063531787111025,462.2963966662959
-0.6168,-17.6617,-83.1425,23.5,84.99999999999999,167.99999999999997,267.99999999999994,456.9889607007965,36.51592332604348,59.102936425777955,462.2396347706427
-1.8473,-17.5757,-83.1425,25.3,84.99999999999999,167.99999999999997,263.99999999999994,456.95782045261797,36.369455113154494,59.06217954738197,462.19208992682036
-3.0688,-17.404,-83.1425,24.7,84.99999999999999,167.99999999999997,259.99999999999994,457.07402619946885,36.19103929920341,59.06999999999999,462.29397752052665
-4.2754,-17.1475,-83.1425,23.8,84.99999999999999,167.99999999999997,256.0,457.11750751209235,36.2194551131545,59.09353178711103,462.34220021736706
-5.4611,-16.8075,-83.1425,25.8,84.99999999999999,167.99999999999997,252.0,457.1152169221351,36.25244201342003,59.11054488684549,462.34469566604395
-6.6202,-16.3857,-83.1425,25.3,84.99999999999999,167.99999999999997,248.0,457.1252474418532,36.17810287342546,59.12,462.3499987847904
-7.7471,-15.8839,-83.1425,24.8,84.99999999999999,167.99999999999997,243.99999999999994,457.15184665208693,36.17999999999999,59.12353178711101,462.37689746395716
-8.8362,-15.3048,-83.1425,24.5,84.99999999999999,167.99999999999997,239.99999999999994,457.21511597316,36.29353178711102,59.0905448868455,462.44413199753814
-9.8823,-14.6512,-83.1425,25.1,84.99999999999999,167.99999999999997,236.0,457.29132172001084,36.28999999999999,59.03706357422205,462.51236945178147
-10.8803,-13.9261,-83.1425,25.1,84.99999999999999,167.99999999999997,231.99999999999994,457.291089773691,36.250544886845496,59.062986900265535,462.51235574045376
-11.8252,-13.1332,-83.1425,24.8,84.99999999999999,167.99999999999997,228.0,457.3339757249813,36.19353178711101,59.11402619946893,462.55681293129163
-12.7125,-12.2763,-83.1425,24.4,84.99999999999999,167.99999999999997,224.0,457.32566086000537,36.10054488684549,59.118910226309005,462.5419494148765
-13.5379,-11.3597,-83.1425,25.8,84.99999999999999,167.99999999999997,220.0,457.33675063369634,36.37108977369099,59.06,462.5665825062524
-14.2973,-10.3876,-83.1425,25.0,84.99999999999999,167.99999999999997,215.99999999999994,457.4199495255123,36.3205448868455,59.02054488684549,462.63983499428554
-14.9871,-9.365,-83.1425,25.4,84.99999999999999,167.99999999999997,212.0,457.44776997813034,36.23353178711102,59.01353178711102,462.6596243651702
-15.6039,-8.2967,-83.1425,25.4,84.99999999999999,167.99999999999997,208.0,457.452704479458,36.31755798657997,59.06999999999999,462.6782972581261
-16.1446,-7.1881,-83.1425,25.6,84.99999999999999,167.99999999999997,204.0,457.513037374753,36.34,59.05348131262344,462.7376023439337
-16.6067,-6.0443,-83.1425,24.5,84.99999999999999,167.99999999999997,200.0,457.5446215608019,36.40701309973446,59.01701309973446,462.7694449261704
-16.9879,-4.8712,-83.1425,25.4,84.99999999999999,167.99999999999997,196.0,457.56447013733924,36.3405448868455,59.046518687376555,462.7876088486332
-17.2863,-3.6743,-83.1425,25.4,84.99999999999999,167.99999999999997,192.0,457.569172692347,36.36244201342002,59.0305448868455,462.79194052746436
-17.5005,-2.4595,-83.1425,24.6,84.99999999999999,167.99999999999997,188.0,457.5831484173284,36.618910226309,58.99646821288896,462.82163471824833
-17.6294,-1.2328,-83.1425,25.2,84.99999999999999,167.99999999999997,183.99999999999997,457.5945206118268,36.46402619946894,58.99701309973447,462.82071912926864
-17.6725,0.0,-83.1425,25.1,84.99999999999999,167.99999999999997,180.0,457.59914217262883,36.46298690026552,58.9894551131545,462.82424325586226
-17.6294,1.2328,-83.1425,25.4,84.99999999999999,167.99999999999997,175.99999999999997,457.5409083018587,36.5821290728944,58.94353178711101,462.7702182257777
-17.5005,2.4595,-83.1425,25.9,84.99999999999999,167.99999999999997,171.99999999999997,457.64555991103026,36.57755798657997,58.90999999999999,462.869057460684
-17.2863,3.6743,-83.1425,24.9,84.99999999999999,167.99999999999997,167.99999999999997,457.65371325894324,36.556518687376546,58.94701309973447,462.88016880356827
-16.9879,4.8712,-83.1425,24.8,84.99999999999999,167.99999999999997,163.99999999999997,457.57433913999455,36.58810287342546,58.904076673956524,462.7987201366167
-16.6067,6.0443,-83.1425,24.8,84.99999999999999,167.99999999999997,159.99999999999997,457.6576084610675,36.65646821288897,58.91189712657453,462.8874537802882
-16.1446,7.1881,-83.1425,25.5,84.99999999999999,167.99999999999997,155.99999999999997,457.60810287342537,36.65701309973446,58.93244201342004,462.8411662184714
-15.6039,8.2967,-83.1425,25.5,84.99999999999999,167.99999999999997,151.99999999999997,457.5899999999999,36.68108977369099,58.91592332604348,462.8230725324157
-14.9871,9.365,-83.1425,25.7,84.99999999999999,167.99999999999997,147.99999999999997,457.557063574222,36.74701309973447,58.859999999999985,462.7886223735591
-14.2973,10.3876,-83.1425,24.8,84.99999999999999,167.99999999999997,143.99999999999997,457.55293642577794,36.90244201342002,58.82244201342003,462.7921342706982
-13.5379,11.3597,-83.1425,26.1,84.99999999999999,167.99999999999997,139.99999999999997,457.58145318870424,36.84646821288897,58.86999999999999,462.82191545134265
-12.7125,12.2763,-83.1425,25.8,84.99999999999999,167.99999999999997,136.0,457.4997375339619,36.806468212888966,58.883481312623445,462.739657169606
-11.8252,13.1332,-83.1425,24.6,84.99999999999999,167.99999999999997,131.99999999999997,457.5240766739565,36.79999999999999,58.859455113154496,462.760149745604
-10.8803,13.9261,-83.1425,25.9,84.99999999999999,167.99999999999997,128.0,457.47135223972896,36.82054488684549,58.8505448868455,462.7085230242566
-9.8823,14.6512,-83.1425,25.1,84.99999999999999,167.99999999999997,124.0,457.4280523989379,36.85891022630901,58.8494551131545,462.668629530544
-8.8362,15.3048,-83.1425,25.1,84.99999999999999,167.99999999999997,119.99999999999997,457.39244201342,36.88,58.873481312623454,462.6381601347511
-7.7471,15.8839,-83.1425,26.2,84.99999999999999,167.99999999999997,115.99999999999997,457.3449345013276,36.832986900265524,58.864026199468945,462.5862423574987
-6.6202,16.3857,-83.1425,24.3,84.99999999999999,167.99999999999997,112.0,457.32114024817855,36.82646821288897,58.84298690026553,462.55952177668325
-5.4611,16.8075,-83.1425,25.3,84.99999999999999,167.99999999999997,107.99999999999997,457.34407667395647,36.7794551131545,58.85054488684548,462.5794195818194
-4.2754,17.1475,-83.1425,24.4,84.99999999999999,167.99999999999997,104.0,457.300595361333,36.89054488684549,58.810544886845506,462.54018961574104
-3.0688,17.404,-83.1425,25.8,84.99999999999999,167.99999999999997,100.0,457.29244201342004,36.82,58.80293642577794,462.52554011091235
-1.8473,17.5757,-83.1425,25.5,84.99999999999999,167.99999999999997,96.0,457.23701309973444,36.813531787111025,58.826468212888976,462.4732161254416
-0.6168,17.6617,-83.1425,25.1,84.99999999999999,167.99999999999997,91.99999999999999,457.20760846106754,36.78646821288898,58.85298690026551,462.4453649301175
0.6168,17.6617,-83.1425,25.3,84.99999999999999,167.99999999999997,87.99999999999999,457.15732604026005,36.82999999999999,58.82054488684549,462.39498932521536
1.8473,17.5757,-83.1425,27.2,84.99999999999999,167.99999999999997,83.99999999999999,457.2389607007965,36.75999999999999,58.82999999999999,462.4713328226351
3.0688,17.404,-83.1425,25.5,84.99999999999999,167.99999999999997,79.99999999999999,457.19085782737113,36.74646821288897,58.86999999999999,462.4277892893639
4.2754,17.1475,-83.1425,26.3,84.99999999999999,167.99999999999997,75.99999999999999,457.1683148649759,36.76706357422205,58.88891022630901,462.40954664452477
5.4611,16.8075,-83.1425,24.6,84.99999999999999,167.99999999999997,71.99999999999999,457.1608273076529,36.74348131262344,58.86701309973446,462.3974812592225
6.6202,16.3857,-83.1425,25.0,84.99999999999999,167.99999999999997,68.0,457.2118971265745,36.654571086314434,58.90542891368555,462.4458087290967
7.7471,15.8839,-83.1425,25.5,84.99999999999999,167.99999999999997,64.0,457.22516644764744,36.70108977369099,58.93402619946893,462.4662606804253
8.8362,15.3048,-83.1425,25.5,84.99999999999999,167.99999999999997,59.999999999999986,457.33324936630356,36.617013099734464,58.93701309973448,462.56683640032605
9.8823,14.6512,-83.1425,24.7,84.99999999999999,167.99999999999997,56.0,457.20999999999987,36.63999999999999,58.90298690026552,462.44246730352603
10.8803,13.9261,-83.1425,25.2,84.99999999999999,167.99999999999997,52.0,457.26321884658535,36.6294551131545,58.90999999999999,462.4951420197047
11.8252,13.1332,-83.1425,24.7,84.99999999999999,167.99999999999997,48.0,457.1918971265744,36.61,58.914571086314425,462.4236689276194
12.7125,12.2763,-83.1425,24.5,84.99999999999999,167.99999999999997,43.99999999999999,457.224288665507,36.540544886845495,58.95298690026553,462.4550964480436
13.5379,11.3597,-83.1425,25.0,84.99999999999999,167.99999999999997,39.99999999999999,457.18537843919796,36.628910226309,58.96945511315449,462.42571723391643
14.2973,10.3876,-83.1425,25.3,84.99999999999999,167.99999999999997,35.99999999999999,457.2354289136856,36.65353178711102,58.93701309973448,462.4730158176465
14.9871,9.365,-83.1425,25.4,84.99999999999999,167.99999999999997,32.0,457.1895055876421,36.6,58.94701309973447,462.42464723763686
15.6039,8.2967,-83.1425,24.5,84.99999999999999,167.99999999999997,28.0,457.19114024817856,36.52402619946894,58.99457108631444,462.42632129768236
16.1446,7.1881,-83.1425,23.5,84.99999999999999,167.99999999999997,24.0,457.1749039816094,36.53999999999999,59.00298690026553,462.41260460085505
16.6067,6.0443,-83.1425,25.7,84.99999999999999,167.99999999999997,19.999999999999996,457.26597380053096,36.529999999999994,58.96701309973447,462.49726521316006
16.9879,4.8712,-83.1425,24.9,84.99999999999999,167.99999999999997,16.0,457.21848624320813,36.667557986579965,59.00189712657453,462.465650438781
17.2863,3.6743,-83.1425,25.5,84.99999999999999,167.99999999999997,12.0,457.24212907289444,36.41,59.03651868737655,462.4730946096631
17.5005,2.4595,-83.1425,24.9,84.99999999999999,167.99999999999997,8.0,457.2569325768773,36.45646821288897,59.00054488684549,462.4868006344797
17.6294,1.2328,-83.1425,24.8,84.99999999999999,167.99999999999997,4.0,457.2415841860489,36.52298690026553,58.9894551131545,462.4754595604306
17.6725,0.0,-83.1425,25.5,84.99999999999999,167.99999999999997,0.0,457.2049345013276,36.577013099734465,59.029999999999994,462.4486684159242
11.8297,0.0,-84.1728,25.5,84.99999999999999,171.99999999999997,0.0,457.2063672639138,36.66293642577795,58.97945511315449,462.45043983055103
11.8009,0.8252,-84.1728,25.1,84.99999999999999,171.99999999999997,4.0,457.21407667395647,36.523531787111025,58.95244201342003,462.4435865079851
11.7146,1.6464,-84.1728,24.5,84.99999999999999,171.99999999999997,8.0,457.19140271421657,36.6994551131545,58.90646821288897,462.42923860706674
11.5712,2.4595,-84.1728,24.2,84.99999999999999,171.99999999999997,12.0,457.196468212889,36.61999999999999,58.899999999999984,462.42712393018127
11.3715,3.2607,-84.1728,24.9,84.99999999999999,171.99999999999997,16.0,457.22189712657445,36.599455113154505,58.94054488684549,462.4558045458635
11.1163,4.046,-84.1728,24.5,84.99999999999999,171.99999999999997,19.999999999999996,457.1797175791925,36.55701309973447,58.97353178711102,462.41495090882364
10.807,4.8116,-84.1728,24.6,84.99999999999999,171.99999999999997,24.0,457.18787092710556,36.663481312623446,58.93054488684548,462.4259608904774
10.445,5.5537,-84.1728,25.1,84.99999999999999,171.99999999999997,28.0,457.18724504605433,36.62701309973447,58.92646821288897,462.42193263020476
10.0322,6.2688,-84.1728,24.7,84.99999999999999,171.99999999999997,32.0,457.27397572498137,36.56999999999999,58.909455113154486,462.50100289303117
9.5704,6.9533,-84.1728,24.8,84.99999999999999,171.99999999999997,35.99999999999999,457.2070130997344,36.59298690026553,58.92,462.4379589932727
9.0621,7.604,-84.1728,24.7,84.99999999999999,171.99999999999997,39.99999999999999,457.21353178711104,36.53999999999999,58.92597380053107,462.4409753012642
8.5096,8.2176,-84.1728,24.8,84.99999999999999,171.99999999999997,43.99999999999999,457.29480303263426,36.53457108631443,58.95348131262344,462.52440446315325
7.9156,8.7912,-84.1728,24.5,84.99999999999999,171.99999999999997,48.0,457.25891022630896,36.59,58.92,462.48903282278127
7.2831,9.3219,-84.1728,25.5,84.99999999999999,171.99999999999997,52.0,457.29869823475855,36.53999999999999,58.89891022630899,462.5217320656961
6.6151,9.8073,-84.1728,25.4,84.99999999999999,171.99999999999997,56.0,457.2365186873766,36.57108977369099,58.864621560802014,462.4583465568369
5.9149,10.2448,-84.1728,25.1,84.99999999999999,171.99999999999997,59.999999999999986,457.29532796471034,36.632442013420025,58.8894551131545,462.5245082260429
5.1858,10.6325,-84.1728,24.8,84.99999999999999,171.99999999999997,64.0,457.2699999999999,36.597013099734475,58.88298690026553,462.49583826680964
4.4315,10.9683,-84.1728,24.7,84.99999999999999,171.99999999999997,68.0,457.30184665208685,36.57244201342003,58.9194551131545,462.5300256816467
3.6556,11.2507,-84.1728,24.9,84.99999999999999,171.99999999999997,71.99999999999999,457.27415719681363,36.48701309973447,58.95402619946894,462.50030721084295
2.8619,11.4783,-84.1728,26.2,84.99999999999999,171.99999999999997,75.99999999999999,457.22272443422753,36.65054488684549,58.9383653394635,462.46039083195905
2.0542,11.65,-84.1728,25.5,84.99999999999999,171.99999999999997,79.99999999999999,457.26506549867236,36.629999999999995,58.90646821288897,462.4965610929677
1.2365,11.7649,-84.1728,25.3,84.99999999999999,171.99999999999997,83.99999999999999,457.2951969673656,36.69945511315451,58.907013099734456,462.5319268627372
0.4129,11.8225,-84.1728,24.2,84.99999999999999,171.99999999999997,87.99999999999999,457.2440261994689,36.69,58.91402619946894,462.4814786325311
-0.4129,11.8225,-84.1728,24.2,84.99999999999999,171.99999999999997,91.99999999999999,457.23103929920336,36.660544886845486,58.93348131262344,462.46878172440506
-1.2365,11.7649,-84.1728,24.9,84.99999999999999,171.99999999999997,96.0,457.2498690026552,36.68,58.93701309973448,462.4893908146041
-2.0542,11.65,-84.1728,25.0,84.99999999999999,171.99999999999997,100.0,457.32940463866686,36.70701309973446,58.92353178711101,462.56845088713976
-2.8619,11.4783,-84.1728,25.1,84.99999999999999,171.99999999999997,104.0,457.33234106444485,36.673481312623444,58.90407667395652,462.5662165181158
-3.6556,11.2507,-84.1728,24.7,84.99999999999999,171.99999999999997,107.99999999999997,457.28651868737643,36.572986900265526,58.94810287342546,462.5185643586679
-4.4315,10.9683,-84.1728,23.6,84.99999999999999,171.99999999999997,112.0,457.31592332604333,36.63293642577794,58.95108977369099,462.55276103838406
-5.1858,10.6325,-84.1728,25.1,84.99999999999999,171.99999999999997,115.99999999999997,457.30402619946886,36.647013099734465,58.91597380053105,462.5376394589326
-5.9149,10.2448,-84.1728,23.8,84.99999999999999,171.99999999999997,119.99999999999997,457.2804138895008,36.6994551131545,58.90597380053105,462.5171787965766
-6.6151,9.8073,-84.1728,24.5,84.99999999999999,171.99999999999997,124.0,457.3894046386669,36.66542891368556,58.8694551131545,462.6175892661869
-7.2831,9.3219,-84.1728,24.3,84.99999999999999,171.99999999999997,128.0,457.36493450132764,36.69701309973447,58.91896070079658,462.60220277459536
-7.9156,8.7912,-84.1728,25.0,84.99999999999999,171.99999999999997,131.99999999999997,457.34836533946344,36.6705448868455,58.91108977369099,462.58271978025874
-8.5096,8.2176,-84.1728,25.9,84.99999999999999,171.99999999999997,136.0,457.4144400889698,36.65646821288897,58.94706357422205,462.65151352586287
-9.0621,7.604,-84.1728,23.2,84.99999999999999,171.99999999999997,139.99999999999997,457.4229869002654,36.65217954738198,58.94841581395109,462.6597961108231
-9.5704,6.9533,-84.1728,24.7,84.99999999999999,171.99999999999997,143.99999999999997,457.3640261994689,36.71402619946894,58.96999999999999,462.6091580169634
-10.0322,6.2688,-84.1728,24.2,84.99999999999999,171.99999999999997,147.99999999999997,457.49511597315984,36.61999999999999,58.978910226309004,462.73244687484146
-10.445,5.5537,-84.1728,25.5,84.99999999999999,171.99999999999997,151.99999999999997,457.366801108184,36.626518687376546,59.008102873425464,462.60982353578555
-10.807,4.8116,-84.1728,22.9,84.99999999999999,171.99999999999997,155.99999999999997,457.42566086000534,36.739999999999995,59.04054488684549,462.68115236493935
-11.1163,4.046,-84.1728,24.8,84.99999999999999,171.99999999999997,159.99999999999997,457.49080735288345,36.56651868737655,59.0994551131545,462.7393377442414
-11.3715,3.2607,-84.1728,25.1,84.99999999999999,171.99999999999997,163.99999999999997,457.44994952551235,36.58108977369099,59.09945511315451,462.7000951421951
-11.5712,2.4595,-84.1728,23.8,84.99999999999999,171.99999999999997,167.99999999999997,457.45108977369097,36.507013099734465,59.06999999999999,462.69161051460793
-11.7146,1.6464,-84.1728,24.7,84.99999999999999,171.99999999999997,171.99999999999997,457.467063574222,36.57402619946894,59.06999999999999,462.71269546843075
-11.8009,0.8252,-84.1728,25.1,84.99999999999999,171.99999999999997,175.99999999999997,457.40789088187495,36.59891022630901,59.12353178711101,462.66299925727816
-11.8297,0.0,-84.1728,24.7,84.99999999999999,171.99999999999997,180.0,457.4353983939673,36.577013099734465,59.14760846106754,462.69153998945075
-11.8009,-0.8252,-84.1728,24.8,84.99999999999999,171.99999999999997,183.99999999999997,457.49592332604334,36.58,59.12646821288897,462.7489119417556
-11.7146,-1.6464,-84.1728,24.7,84.99999999999999,171.99999999999997,188.0,457.5048335523524,36.54646821288897,59.08,462.7491366416597
-11.5712,-2.4595,-84.1728,25.9,84.99999999999999,171.99999999999997,192.0,457.44246196818943,36.45462156080201,59.079455113154495,462.6801567618034
-11.3715,-3.2607,-84.1728,24.8,84.99999999999999,171.99999999999997,196.0,457.467820452618,36.46189712657453,59.09353178711103,462.7075990199556
-11.1163,-4.046,-84.1728,24.8,84.99999999999999,171.99999999999997,200.0,457.42994952551237,36.3905448868455,59.12,462.66792073805414
-10.807,-4.8116,-84.1728,25.2,84.99999999999999,171.99999999999997,204.0,457.3422300218695,36.37353178711102,59.10701309973446,462.57819682040434
-10.445,-5.5537,-84.1728,24.2,84.99999999999999,171.99999999999997,208.0,457.37343083813573,36.36298690026552,59.0805448868455,462.6048344289999
-10.0322,-6.2688,-84.1728,24.7,84.99999999999999,171.99999999999997,212.0,457.3122300218695,36.4994551131545,59.063531787111025,462.5529015564593
-9.5704,-6.9533,-84.1728,24.8,84.99999999999999,171.99999999999997,215.99999999999994,457.3340261994689,36.42760846106754,59.07244201342002,462.5699250745104
-9.0621,-7.604,-84.1728,25.4,84.99999999999999,171.99999999999997,220.0,457.234621560802,36.36298690026552,59.09,462.46880334802984
-8.5096,-8.2176,-84.1728,25.8,84.99999999999999,171.99999999999997,224.0,457.3104944123579,36.357013099734466,59.09407667395652,462.54386883749413
-7.9156,-8.7912,-84.1728,24.7,84.99999999999999,171.99999999999997,228.0,457.2937437786614,36.4205448868455,59.1,462.5330628062806
-7.2831,-9.3219,-84.1728,24.5,84.99999999999999,171.99999999999997,231.99999999999994,457.1601814718323,36.45891022630901,59.027013099734475,462.39471443099876
-6.6151,-9.8073,-84.1728,24.4,84.99999999999999,171.99999999999997,236.0,457.17955606212973,36.41701309973447,58.9905448868455,462.4059144413263
-5.9149,-10.2448,-84.1728,26.4,84.99999999999999,171.99999999999997,239.99999999999994,457.1375579865799,36.48054488684549,59.00298690026553,462.3709869145422
-5.1858,-10.6325,-84.1728,24.2,84.99999999999999,171.99999999999997,243.99999999999994,457.15750751209237,36.48054488684549,59.012986900265524,462.39198679562
-4.4315,-10.9683,-84.1728,23.0,84.99999999999999,171.99999999999997,248.0,457.1188597518214,36.529999999999994,59.01244201342002,462.3576117608454
-3.6556,-11.2507,-84.1728,24.2,84.99999999999999,171.99999999999997,252.0,457.07641773840135,36.463531787111016,58.97597380053105,462.30574978976864
-2.8619,-11.4783,-84.1728,24.8,84.99999999999999,171.99999999999997,256.0,457.098314864976,36.40597380053106,58.96999999999999,462.32210122463937
-2.0542,-11.65,-84.1728,25.0,84.99999999999999,171.99999999999997,259.99999999999994,457.06147314347356,36.44,58.97945511315451,462.2895628905403
-1.2365,-11.7649,-84.1728,25.2,84.99999999999999,171.99999999999997,263.99999999999994,457.0116851350241,36.444076673956516,58.992442013420025,462.2423166362837
-0.4129,-11.8225,-84.1728,24.7,84.99999999999999,171.99999999999997,267.99999999999994,457.03254296239515,36.510544886845494,58.992442013420025,462.2681834490826
0.4129,-11.8225,-84.1728,24.3,84.99999999999999,171.99999999999997,272.0,457.101947601062,36.53298690026553,58.96896070079658,462.33557937787043
1.2365,-11.7649,-84.1728,24.9,84.99999999999999,171.99999999999997,276.0,457.10732604026003,36.527557986579964,58.9494551131545,462.3379805621396
2.0542,-11.65,-84.1728,24.9,84.99999999999999,171.99999999999997,279.99999999999994,457.09610479787574,36.45597380053105,58.92999999999999,462.3187557812636
2.8619,-11.4783,-84.1728,23.2,84.99999999999999,171.99999999999997,283.99999999999994,457.0423915389324,36.56999999999999,58.92348131262344,462.2738249280678
3.6556,-11.2507,-84.1728,25.0,84.99999999999999,171.99999999999997,287.99999999999994,457.0105448868455,36.50353178711102,58.9194551131545,462.236571640037
4.4315,-10.9683,-84.1728,23.5,84.99999999999999,171.99999999999997,291.99999999999994,457.0434813126234,36.53298690026553,58.88298690026553,462.2668159066949
5.1858,-10.6325,-84.1728,24.4,84.99999999999999,171.99999999999997,295.99999999999994,457.0227549539456,36.560050474487575,58.898859751821426,462.2504856854734
5.9149,-10.2448,-84.1728,24.4,84.99999999999999,171.99999999999997,300.0,457.001089773691,36.5494551131545,58.879999999999995,462.22582481229847
6.6151,-9.8073,-84.1728,24.4,84.99999999999999,171.99999999999997,303.99999999999994,457.0104944123579,36.56407667395652,58.85950558764207,462.2336693752073
7.2831,-9.3219,-84.1728,25.1,84.99999999999999,171.99999999999997,308.0,456.96701309973446,36.5605448868455,58.85298690026551,462.1895699502519
7.9156,-8.7912,-84.1728,25.1,84.99999999999999,171.99999999999997,311.99999999999994,456.9917961775993,36.56701309973447,58.879999999999995,462.2180249846004
8.5096,-8.2176,-84.1728,24.7,84.99999999999999,171.99999999999997,315.99999999999994,457.00379425314907,36.53646821288898,58.8894551131545,462.2286765171221
9.0621,-7.604,-84.1728,25.2,84.99999999999999,171.99999999999997,319.99999999999994,457.01407667395654,36.63298690026552,58.85597380053106,462.24221752171536
9.5704,-6.9533,-84.1728,23.4,84.99999999999999,171.99999999999997,323.99999999999994,457.0519471297135,36.664026199468935,58.84298690026553,462.28046714041744
10.0322,-6.2688,-84.1728,24.9,84.99999999999999,171.99999999999997,327.99999999999994,457.07140271421656,36.74646821288897,58.81537843919798,462.30273506243554
10.445,-5.5537,-84.1728,24.7,84.99999999999999,171.99999999999997,331.99999999999994,457.0711402481785,36.53646821288898,58.79755798657995,462.28356404097553
10.807,-4.8116,-84.1728,24.9,84.99999999999999,171.99999999999997,335.99999999999994,457.01999999999987,36.60163466053649,58.82054488684549,462.24108056360444
11.1163,-4.046,-84.1728,24.6,84.99999999999999,171.99999999999997,339.99999999999994,457.0734813126234,36.57646821288897,58.79651868737655,462.28890961813545
11.3715,-3.2607,-84.1728,24.3,84.99999999999999,171.99999999999997,343.99999999999994,456.99924312160397,36.56,58.76701309973447,462.21045384368284
11.5712,-2.4595,-84.1728,25.1,84.99999999999999,171.99999999999997,347.99999999999994,457.0853279647104,36.647013099734465,58.72054488684549,462.2965530928681
11.7146,-1.6464,-84.1728,24.9,84.99999999999999,171.99999999999997,351.99999999999994,457.0833803636483,36.655378439197975,58.687063574222044,462.2910390697025
11.8009,-0.8252,-84.1728,25.1,84.99999999999999,171.99999999999997,356.0,457.0141776229317,36.512986900265524,58.72348131262344,462.2159711847023
5.9149,-0.4136,-84.7929,23.8,84.99999999999999,175.99999999999997,356.0,457.1466802044394,36.63298690026552,58.738102873425454,462.3583325520847
5.8716,-0.8252,-84.7929,25.1,84.99999999999999,175.99999999999997,351.99999999999994,457.1132188465854,36.60239153893245,58.733531787111026,462.3222443997727
5.7997,-1.2328,-84.7929,24.1,84.99999999999999,175.99999999999997,347.99999999999994,457.13673067892705,36.69054488684549,58.681634660536496,462.3458887741343
5.6996,-1.6343,-84.7929,23.3,84.99999999999999,175.99999999999997,343.99999999999994,457.1223410644448,36.67298690026553,58.67298690026552,462.3291706784511
5.5717,-2.0279,-84.7929,25.1,84.99999999999999,175.99999999999997,339.99999999999994,457.00412714844407,36.70298690026553,58.6694551131545,462.21422137509654
5.4167,-2.4117,-84.7929,26.2,84.99999999999999,175.99999999999997,335.99999999999994,457.0319476010621,36.6594551131545,58.69244201342002,462.2411919406491
5.2353,-2.7836,-84.7929,26.3,84.99999999999999,175.99999999999997,331.99999999999994,457.11989905102473,36.557557986579965,58.713531787111016,462.3227616820064
5.0283,-3.1421,-84.7929,24.6,84.99999999999999,175.99999999999997,327.99999999999994,457.0923410644449,36.607013099734466,58.71,462.2989787657539
4.7969,-3.4852,-84.7929,25.5,84.99999999999999,175.99999999999997,323.99999999999994,457.0750654986723,36.49999999999999,58.73597380053105,462.27673542902005
4.5421,-3.8113,-84.7929,24.7,84.99999999999999,175.99999999999997,319.99999999999994,457.054127148444,36.5694551131545,58.752986900265526,462.26368412455014
4.2652,-4.1188,-84.7929,25.3,84.99999999999999,175.99999999999997,315.99999999999994,457.08701309973435,36.55244201342003,58.757013099734465,462.2953657024733
3.9675,-4.4063,-84.7929,23.9,84.99999999999999,175.99999999999997,311.99999999999994,457.10430862027636,36.46054488684549,58.77701309973446,462.30775200248684
3.6504,-4.6724,-84.7929,24.9,84.99999999999999,175.99999999999997,308.0,457.16800192445027,36.367013099734464,58.77945511315449,462.3636728472402
3.3156,-4.9156,-84.7929,25.3,84.99999999999999,175.99999999999997,303.99999999999994,457.13999999999993,36.595428913685566,58.773531787111025,462.3532556996945
2.9647,-5.1349,-84.7929,24.2,84.99999999999999,175.99999999999997,300.0,457.12488402684,36.497063574222054,58.76054488684549,462.3288838927238
2.5992,-5.3292,-84.7929,25.5,84.99999999999999,175.99999999999997,295.99999999999994,457.1224420134199,36.482442013420034,58.773531787111025,462.3269661249553
2.2212,-5.4976,-84.7929,25.2,84.99999999999999,175.99999999999997,291.99999999999994,457.15566086000547,36.36298690026552,58.77298690026552,462.3503315256041
1.8323,-5.6391,-84.7929,25.1,84.99999999999999,175.99999999999997,287.99999999999994,457.1443896144821,36.48,58.76646821288898,462.3475761180261
1.4344,-5.7532,-84.7929,25.1,84.99999999999999,175.99999999999997,283.99999999999994,457.1923915389324,36.43353178711102,58.759455113154495,462.3904829089432
1.0296,-5.8392,-84.7929,25.7,84.99999999999999,175.99999999999997,279.99999999999994,457.0629869002654,36.52298690026552,58.76402619946894,462.27017353651644
0.6198,-5.8968,-84.7929,25.9,84.99999999999999,175.99999999999997,276.0,457.16885975182134,36.53353178711102,58.7694551131545,462.37637712789507
0.2069,-5.9257,-84.7929,25.6,84.99999999999999,175.99999999999997,272.0,457.1405953613331,36.52646821288898,58.78999999999999,462.3504849217975
-0.2069,-5.9257,-84.7929,25.9,84.99999999999999,175.99999999999997,267.99999999999994,457.12021199155043,36.55353178711102,58.785428913685564,462.3318889606008
-0.6198,-5.8968,-84.7929,24.5,84.99999999999999,175.99999999999997,263.99999999999994,457.2109383502283,36.46054488684549,58.78755798657996,462.41452232230705
-1.0296,-5.8392,-84.7929,24.5,84.99999999999999,175.99999999999997,259.99999999999994,457.1749345013276,36.48402619946894,58.81,462.3836296886133
-1.4344,-5.7532,-84.7929,26.4,84.99999999999999,175.99999999999997,256.0,457.1421290728943,36.45646821288897,58.810544886845506,462.34908936618854
-1.8323,-5.6391,-84.7929,23.8,84.99999999999999,175.99999999999997,252.0,457.12914217262886,36.46999999999999,58.8094551131545,462.3371773221246
-2.2212,-5.4976,-84.7929,25.6,84.99999999999999,175.99999999999997,248.0,457.17080735288357,36.4294551131545,58.81,462.37524630491276
-2.5992,-5.3292,-84.7929,24.3,84.99999999999999,175.99999999999997,243.99999999999994,457.1953279647104,36.42646821288898,58.819999999999986,462.400527572389
-2.9647,-5.1349,-84.7929,26.2,84.99999999999999,175.99999999999997,239.99999999999994,457.19564090523596,36.440544886845494,58.832986900265524,462.4035983013178
-3.3156,-4.9156,-84.7929,24.8,84.99999999999999,175.99999999999997,236.0,457.1945710863144,36.48,58.854076673956506,462.40833531840985
-3.6504,-4.6724,-84.7929,24.4,84.99999999999999,175.99999999999997,231.99999999999994,457.226468212889,36.36755798657996,58.893531787111016,462.43603946351186
-3.9675,-4.4063,-84.7929,24.8,84.99999999999999,175.99999999999997,228.0,457.2416346605365,36.41217954738198,58.90108977369099,462.4555088470227
-4.2652,-4.1188,-84.7929,25.1,84.99999999999999,175.99999999999997,224.0,457.2289607007967,36.48298690026553,58.93054488684548,462.45231100877436
-4.5421,-3.8113,-84.7929,25.1,84.99999999999999,175.99999999999997,220.0,457.2150654986723,36.477013099734464,58.899455113154495,462.43414062573265
-4.7969,-3.4852,-84.7929,24.0,84.99999999999999,175.99999999999997,215.99999999999994,457.2113522397291,36.452442013420026,58.8905448868455,462.42739692052515
-5.0283,-3.1421,-84.7929,25.9,84.99999999999999,175.99999999999997,212.0,457.2283653394635,36.53298690026552,58.86651868737655,462.4475151033078
-5.2353,-2.7836,-84.7929,24.9,84.99999999999999,175.99999999999997,208.0,457.2590111752841,36.47755798657997,58.88701309973447,462.4760489468306
-5.4167,-2.4117,-84.7929,25.6,84.99999999999999,175.99999999999997,204.0,457.25680110818394,36.557557986579965,58.87353178711102,462.4784643101984
-5.5717,-2.0279,-84.7929,26.0,84.99999999999999,175.99999999999997,200.0,457.26379425314906,36.63457108631443,58.87054488684549,462.4910922263677
-5.6996,-1.6343,-84.7929,24.8,84.99999999999999,175.99999999999997,196.0,457.284288665507,36.6494551131545,58.87353178711102,462.51291437699103
-5.7997,-1.2328,-84.7929,24.2,84.99999999999999,175.99999999999997,192.0,457.245711334493,36.64537843919798,58.89592332604348,462.4773011501924
-5.8716,-0.8252,-84.7929,25.1,84.99999999999999,175.99999999999997,188.0,457.2205448868455,36.52217954738198,58.9183653394635,462.4455319708361
-5.9149,-0.4136,-84.7929,24.4,84.99999999999999,175.99999999999997,183.99999999999997,457.28701309973445,36.62298690026552,58.90298690026552,462.5172617156538
-5.9293,0.0,-84.7929,25.4,84.99999999999999,175.99999999999997,180.0,457.3143391399945,36.602936425777955,58.89298690026553,462.5414183011877
-5.9149,0.4136,-84.7929,24.9,84.99999999999999,175.99999999999997,175.99999999999997,457.249243121604,36.57755798657997,58.88701309973447,462.47428944250476
-5.8716,0.8252,-84.7929,25.2,84.99999999999999,175.99999999999997,171.99999999999997,457.347820452618,36.56,58.87701309973446,462.56909229249896
-5.7997,1.2328,-84.7929,24.1,84.99999999999999,175.99999999999997,167.99999999999997,457.333794253149,36.53298690026553,58.86298690026552,462.55130496481945
-5.6996,1.6343,-84.7929,26.2,84.99999999999999,175.99999999999997,163.99999999999997,457.2483653394635,36.597013099734475,58.85298690026553,462.4706293814953
-5.5717,2.0279,-84.7929,25.0,84.99999999999999,175.99999999999997,159.99999999999997,457.25239153893233,36.662442013420026,58.84353178711102,462.4785891861819
-5.4167,2.4117,-84.7929,24.8,84.99999999999999,175.99999999999997,155.99999999999997,457.2460242750186,36.6394551131545,58.855973800531046,462.47205541341475
-5.2353,2.7836,-84.7929,25.4,84.99999999999999,175.99999999999997,151.99999999999997,457.2326739597399,36.6094551131545,58.885973800531055,462.46029910738577
-5.0283,3.1421,-84.7929,25.5,84.99999999999999,175.99999999999997,147.99999999999997,457.17321884658537,36.67054488684549,58.871089773691,462.40446159610957
-4.7969,3.4852,-84.7929,25.1,84.99999999999999,175.99999999999997,143.99999999999997,457.13,36.71353178711102,58.883481312623445,462.3667209994436
-4.5421,3.8113,-84.7929,24.2,84.99999999999999,175.99999999999997,139.99999999999997,457.2069626252469,36.66836533946351,58.899999999999984,462.44133215973704
-4.2652,4.1188,-84.7929,25.7,84.99999999999999,175.99999999999997,136.0,457.24630669582604,36.667557986579965,58.90999999999999,462.48144059591476
-3.9675,4.4063,-84.7929,25.8,84.99999999999999,175.99999999999997,131.99999999999997,457.2588597518214,36.6410392992034,58.89244201342002,462.48951372843646
-3.6504,4.6724,-84.7929,24.2,84.99999999999999,175.99999999999997,128.0,457.166306695826,36.762986900265524,58.879455113154506,462.40603306850693
-3.3156,4.9156,-84.7929,24.1,84.99999999999999,175.99999999999997,124.0,457.1709587763462,36.65994952551242,58.862442013420015,462.4002860374115
-2.9647,5.1349,-84.7929,26.3,84.99999999999999,175.99999999999997,119.99999999999997,457.21049441235783,36.64755798657996,58.859999999999985,462.4380815927387
-2.5992,5.3292,-84.7929,27.1,84.99999999999999,175.99999999999997,115.99999999999997,457.11005047448754,36.63999999999999,58.852442013420024,462.33721219011943
-2.2212,5.4976,-84.7929,24.1,84.99999999999999,175.99999999999997,112.0,457.18815334791293,36.67054488684549,58.840544886845485,462.4153394369112
-1.8323,5.6391,-84.7929,24.7,84.99999999999999,175.99999999999997,107.99999999999997,457.1443896144821,36.69701309973448,58.87537843919798,462.3786045145237
-1.4344,5.7532,-84.7929,25.2,84.99999999999999,175.99999999999997,104.0,457.11145318870405,36.672673959739896,58.849999999999994,462.3408787373729
-1.0296,5.8392,-84.7929,25.5,84.99999999999999,175.99999999999997,100.0,457.07891022630895,36.75651868737655,58.870544886845494,462.3179781221575
-0.6198,5.8968,-84.7929,24.4,84.99999999999999,175.99999999999997,96.0,457.1191421726288,36.699999999999996,58.87701309973446,462.35408813179794
-0.2069,5.9257,-84.7929,24.9,84.99999999999999,175.99999999999997,91.99999999999999,457.20106981892155,36.74537843919798,58.88457108631444,462.4396542168777
0.2069,5.9257,-84.7929,25.3,84.99999999999999,175.99999999999997,87.99999999999999,457.1672450460544,36.73189712657454,58.891089773690986,462.40597170046294
0.6198,5.8968,-84.7929,24.2,84.99999999999999,175.99999999999997,83.99999999999999,457.17867827998913,36.77054488684549,58.89,462.42020819284414
1.0296,5.8392,-84.7929,24.4,84.99999999999999,175.99999999999997,79.99999999999999,457.13,36.82244201342002,58.87701309973446,462.3745579153096
1.4344,5.7532,-84.7929,24.8,84.99999999999999,175.99999999999997,75.99999999999999,457.19945511315444,36.7405448868455,58.86,462.4345456325118
1.8323,5.6391,-84.7929,24.4,84.99999999999999,175.99999999999997,71.99999999999999,457.15435909476383,36.71244201342003,58.87244201342002,462.3893120159207
2.2212,5.4976,-84.7929,24.8,84.99999999999999,175.99999999999997,68.0,457.079505587642,36.6294551131545,58.879455113154506,462.30961664727664
2.5992,5.3292,-84.7929,25.2,84.99999999999999,175.99999999999997,64.0,457.1323915389324,36.65244201342003,58.897013099734465,462.36596225470703
2.9647,5.1349,-84.7929,25.9,84.99999999999999,175.99999999999997,59.999999999999986,457.08763898078564,36.69353178711102,58.89293642577795,462.3244563560222
3.3156,4.9156,-84.7929,24.0,84.99999999999999,175.99999999999997,56.0,457.0350654986723,36.67298690026553,58.92597380053107,462.2750582195665
3.6504,4.6724,-84.7929,25.1,84.99999999999999,175.99999999999997,52.0,457.0777699781304,36.722442013420036,58.94348131262345,462.323436075721
3.9675,4.4063,-84.7929,24.2,84.99999999999999,175.99999999999997,48.0,457.0856608600053,36.619455113154494,58.9494551131545,462.32383035568256
4.2652,4.1188,-84.7929,25.1,84.99999999999999,175.99999999999997,43.99999999999999,457.0916851350239,36.72651868737655,58.95646821288897,462.33917305221655
4.5421,3.8113,-84.7929,24.7,84.99999999999999,175.99999999999997,39.99999999999999,457.0742280974192,36.66298690026552,58.95592332604347,462.3168020897867
4.7969,3.4852,-84.7929,24.6,84.99999999999999,175.99999999999997,35.99999999999999,457.054621560802,36.75755798657996,58.93999999999998,462.3028971996874
5.0283,3.1421,-84.7929,25.1,84.99999999999999,175.99999999999997,32.0,457.0318166037174,36.76163466053649,58.960544886845504,462.28329520366884
5.2353,2.7836,-84.7929,24.6,84.99999999999999,175.99999999999997,28.0,457.05737651474766,36.712986900265534,58.96353178711102,462.3050799142191
5.4167,2.4117,-84.7929,25.0,84.99999999999999,175.99999999999997,24.0,457.10145318870417,36.743531787111024,58.959455113154505,462.3505628661607
5.5717,2.0279,-84.7929,24.7,84.99999999999999,175.99999999999997,19.999999999999996,457.06836533946347,36.76782045261802,58.96108977369099,462.3199901823698
5.6996,1.6343,-84.7929,24.6,84.99999999999999,175.99999999999997,16.0,457.14940463866697,36.599455113154505,58.99701309973447,462.3913340783515
5.7997,1.2328,-84.7929,25.5,84.99999999999999,175.99999999999997,12.0,457.10376373343087,36.61407667395652,59.021634660536485,462.35051074694013
5.8716,0.8252,-84.7929,26.3,84.99999999999999,175.99999999999997,8.0,457.1364177384013,36.6294551131545,59.052986900265516,462.3880152711872
5.9149,0.4136,-84.7929,25.5,84.99999999999999,175.99999999999997,4.0,457.12732604026,36.57755798657997,59.077013099734465,462.3779876224278
5.9293,0.0,-84.7929,23.9,84.99999999999999,175.99999999999997,0.0,457.1470130997344,36.65,59.09,462.40484662902134
0.0,0.0,-85.0,24.4,84.99999999999999,180.0,0.0,457.23831486497596,36.65,59.0305448868455,462.48751800475736
0.0,0.0,0.0,24.5,0.0,0.0,0.0,457.0878204526179,36.432986900265526,58.92701309973446,462.3083722078326
